ISO-10303-21;
HEADER;
/* Generated by software containing ST-Developer
 * from STEP Tools, Inc. (www.steptools.com) 
 */
/* OPTION: using custom renumber hook */

FILE_DESCRIPTION(
/* description */ ('STEP AP242 Edition 2',
'CAx-IF Rec.Pracs.---Representation and Presentation of Product Manufa
cturing Information (PMI)---4.0---2014-10-13',
'CAx-IF Rec.Pracs.---3D Tessellated Geometry---0.4---2014-09-14','2;1',
'CAx-IF Rec.Pracs.---User Defined Attributes---1.5---2016-08-15'),
/* implementation_level */ '2;1');

FILE_NAME(
/* name */ 'All - Gimbal Y axis ring',
/* time_stamp */ '2026-09-01T00:16:56Z',
/* author */ (''),
/* organization */ (''),
/* preprocessor_version */ 'ST-DEVELOPER v20',
/* originating_system */ 'ONSHAPE BY PTC INC, 1.220',
/* authorisation */ '  ');

FILE_SCHEMA (('AP242_MANAGED_MODEL_BASED_3D_ENGINEERING_MIM_LF { 1 0 10303 442 3 1 4 }'));
ENDSEC;

DATA;
#10=SHAPE_REPRESENTATION_RELATIONSHIP('','',#1210,#11);
#11=ADVANCED_BREP_SHAPE_REPRESENTATION('',(#1208),#2117);
#12=(
BOUNDED_SURFACE()
B_SPLINE_SURFACE(3,2,((#2056,#2057,#2058),(#2059,#2060,#2061),(#2062,#2063,
#2064),(#2065,#2066,#2067),(#2068,#2069,#2070),(#2071,#2072,#2073),(#2074,
#2075,#2076),(#2077,#2078,#2079),(#2080,#2081,#2082)),.UNSPECIFIED.,.F.,
 .F.,.F.)
B_SPLINE_SURFACE_WITH_KNOTS((4,1,1,1,1,1,4),(3,3),(6.28318530717959,6.47953484802895,
6.67588438887831,6.87223392972767,7.06858347057703,7.46128255227576,7.85398163397448),
(0.,1.),.UNSPECIFIED.)
GEOMETRIC_REPRESENTATION_ITEM()
RATIONAL_B_SPLINE_SURFACE(((1.,0.707106781186548,1.),(1.,0.707106781206651,
1.),(1.,0.716400177592378,1.),(1.,0.75456389624665,1.),(1.,0.808034956512628,
1.),(1.,0.886299164406281,1.),(1.,0.973513794546894,1.),(1.,0.999999999996435,
1.),(1.,1.,1.)))
REPRESENTATION_ITEM('')
SURFACE()
);
#13=(
BOUNDED_SURFACE()
B_SPLINE_SURFACE(3,2,((#2086,#2087,#2088),(#2089,#2090,#2091),(#2092,#2093,
#2094),(#2095,#2096,#2097),(#2098,#2099,#2100),(#2101,#2102,#2103),(#2104,
#2105,#2106),(#2107,#2108,#2109),(#2110,#2111,#2112)),.UNSPECIFIED.,.F.,
 .F.,.F.)
B_SPLINE_SURFACE_WITH_KNOTS((4,1,1,1,1,1,4),(3,3),(6.28318530717959,6.47953484802895,
6.67588438887831,6.87223392972767,7.06858347057703,7.46128255227576,7.85398163397448),
(0.,1.),.UNSPECIFIED.)
GEOMETRIC_REPRESENTATION_ITEM()
RATIONAL_B_SPLINE_SURFACE(((1.,0.707106781186548,1.),(1.,0.70710678120664,
1.),(1.,0.716400177592383,1.),(1.,0.754563896246649,1.),(1.,0.808034956512627,
1.),(1.,0.886299164406282,1.),(1.,0.973513794546901,1.),(1.,0.999999999996419,
1.),(1.,1.,1.)))
REPRESENTATION_ITEM('')
SURFACE()
);
#14=TOROIDAL_SURFACE('',#1315,0.313847763108502,0.289705627484772);
#15=TOROIDAL_SURFACE('',#1318,0.313847390593274,0.289706);
#16=TOROIDAL_SURFACE('',#1328,2.09247120989959,0.448847);
#17=B_SPLINE_CURVE_WITH_KNOTS('',3,(#1910,#1911,#1912,#1913,#1914,#1915,
#1916,#1917,#1918,#1919,#1920),.UNSPECIFIED.,.T.,.F.,(1,1,1,1,1,1,1,1,1,
1,1,1,1,1,1),(-0.00314447231527591,-0.00209631487685061,-0.0010481574384253,
0.,0.0010481574384253,0.00209631487685061,0.00314447231527591,0.00419262975370122,
0.00524078719212652,0.00628894463055183,0.00733710206897713,0.00838525950740244,
0.00943341694582774,0.010481574384253,0.0115297318226784),.UNSPECIFIED.);
#18=B_SPLINE_CURVE_WITH_KNOTS('',3,(#1923,#1924,#1925,#1926,#1927,#1928,
#1929,#1930,#1931,#1932,#1933),.UNSPECIFIED.,.T.,.F.,(1,1,1,1,1,1,1,1,1,
1,1,1,1,1,1),(-0.00314484967301492,-0.00209656644867662,-0.00104828322433831,
0.,0.00104828322433831,0.00209656644867662,0.00314484967301492,0.00419313289735323,
0.00524141612169154,0.00628969934602985,0.00733798257036816,0.00838626579470646,
0.00943454901904477,0.0104828322433831,0.0115311154677214),
 .UNSPECIFIED.);
#19=B_SPLINE_CURVE_WITH_KNOTS('',3,(#1941,#1942,#1943,#1944,#1945,#1946,
#1947,#1948,#1949,#1950,#1951),.UNSPECIFIED.,.T.,.F.,(1,1,1,1,1,1,1,1,1,
1,1,1,1,1,1),(-0.00314484967301493,-0.00209656644867662,-0.00104828322433831,
0.,0.00104828322433831,0.00209656644867662,0.00314484967301493,0.00419313289735325,
0.00524141612169156,0.00628969934602987,0.00733798257036818,0.00838626579470649,
0.0094345490190448,0.0104828322433831,0.0115311154677214),.UNSPECIFIED.);
#20=B_SPLINE_CURVE_WITH_KNOTS('',3,(#1959,#1960,#1961,#1962,#1963,#1964,
#1965,#1966,#1967,#1968,#1969),.UNSPECIFIED.,.T.,.F.,(1,1,1,1,1,1,1,1,1,
1,1,1,1,1,1),(-0.00314447231527591,-0.00209631487685061,-0.0010481574384253,
0.,0.0010481574384253,0.00209631487685061,0.00314447231527591,0.00419262975370122,
0.00524078719212652,0.00628894463055183,0.00733710206897713,0.00838525950740244,
0.00943341694582774,0.010481574384253,0.0115297318226783),.UNSPECIFIED.);
#21=B_SPLINE_CURVE_WITH_KNOTS('',3,(#2013,#2014,#2015,#2016),
 .UNSPECIFIED.,.F.,.F.,(4,4),(0.,0.00355323498567554),.UNSPECIFIED.);
#22=B_SPLINE_CURVE_WITH_KNOTS('',3,(#2026,#2027,#2028,#2029),
 .UNSPECIFIED.,.F.,.F.,(4,4),(0.,0.00423907593967837),.UNSPECIFIED.);
#23=B_SPLINE_CURVE_WITH_KNOTS('',3,(#2031,#2032,#2033,#2034,#2035,#2036,
#2037,#2038),.UNSPECIFIED.,.F.,.F.,(4,1,1,1,1,4),(-0.010184696368448,-0.00764979115579702,
-0.00511488594314607,-4.50755178441854E-5,0.0050247349074577,0.0100945453327596),
 .UNSPECIFIED.);
#24=ELLIPSE('',#1264,2.81786491208288,2.5);
#25=ELLIPSE('',#1265,0.627895188336918,0.289705627484772);
#26=ELLIPSE('',#1266,0.62789599570998,0.289706);
#27=ELLIPSE('',#1291,0.225002244342911,0.225);
#28=ELLIPSE('',#1293,0.240102340738048,0.240101749712292);
#29=ELLIPSE('',#1322,0.47622419855568,0.448847);
#30=ELLIPSE('',#1323,0.47622419855568,0.448847);
#31=ELLIPSE('',#1325,0.476224323040131,0.448847);
#32=ELLIPSE('',#1326,0.476224323040131,0.448847);
#33=CYLINDRICAL_SURFACE('',#1216,0.289705627484772);
#34=CYLINDRICAL_SURFACE('',#1220,0.289706);
#35=CYLINDRICAL_SURFACE('',#1238,2.01406024003902);
#36=CYLINDRICAL_SURFACE('',#1245,0.0193820025221246);
#37=CYLINDRICAL_SURFACE('',#1248,0.0193817572105487);
#38=CYLINDRICAL_SURFACE('',#1259,0.603553390593274);
#39=CYLINDRICAL_SURFACE('',#1275,2.5);
#40=CYLINDRICAL_SURFACE('',#1278,2.);
#41=CYLINDRICAL_SURFACE('',#1280,2.);
#42=CYLINDRICAL_SURFACE('',#1282,2.5);
#43=CYLINDRICAL_SURFACE('',#1296,0.402727403669449);
#44=CYLINDRICAL_SURFACE('',#1300,0.240101749712292);
#45=CYLINDRICAL_SURFACE('',#1301,0.451338409886775);
#46=CYLINDRICAL_SURFACE('',#1305,0.225);
#47=CYLINDRICAL_SURFACE('',#1307,2.54131820989959);
#48=CYLINDRICAL_SURFACE('',#1311,0.134088204897367);
#49=CYLINDRICAL_SURFACE('',#1312,0.134088204897367);
#50=CYLINDRICAL_SURFACE('',#1317,0.289705627484772);
#51=CYLINDRICAL_SURFACE('',#1320,0.289706);
#52=CYLINDRICAL_SURFACE('',#1321,0.448847);
#53=CYLINDRICAL_SURFACE('',#1324,0.448847);
#54=CYLINDRICAL_SURFACE('',#1327,0.448847);
#55=CIRCLE('',#1213,0.313847763108502);
#56=CIRCLE('',#1214,0.0193817572105487);
#57=CIRCLE('',#1215,0.0193820025221246);
#58=CIRCLE('',#1217,0.289705627484772);
#59=CIRCLE('',#1218,0.289705627484772);
#60=CIRCLE('',#1221,0.289706);
#61=CIRCLE('',#1222,0.289706);
#62=CIRCLE('',#1224,0.313847390593274);
#63=CIRCLE('',#1227,2.);
#64=CIRCLE('',#1229,2.);
#65=CIRCLE('',#1230,2.01406024003902);
#66=CIRCLE('',#1234,0.448847);
#67=CIRCLE('',#1235,0.448847);
#68=CIRCLE('',#1239,2.01406024003902);
#69=CIRCLE('',#1246,0.0193820025221246);
#70=CIRCLE('',#1249,0.0193817572105487);
#71=CIRCLE('',#1260,0.603553390593274);
#72=CIRCLE('',#1261,0.603553390593274);
#73=CIRCLE('',#1268,2.);
#74=CIRCLE('',#1269,2.5);
#75=CIRCLE('',#1270,2.5);
#76=CIRCLE('',#1271,2.5);
#77=CIRCLE('',#1272,2.5);
#78=CIRCLE('',#1273,2.);
#79=CIRCLE('',#1274,2.);
#80=CIRCLE('',#1276,2.5);
#81=CIRCLE('',#1277,2.5);
#82=CIRCLE('',#1279,2.);
#83=CIRCLE('',#1281,2.);
#84=CIRCLE('',#1283,2.5);
#85=CIRCLE('',#1284,2.5);
#86=CIRCLE('',#1286,2.54131820989959);
#87=CIRCLE('',#1289,0.451338409886775);
#88=CIRCLE('',#1295,0.402727403669449);
#89=CIRCLE('',#1297,0.402727403669449);
#90=CIRCLE('',#1299,0.240101749712292);
#91=CIRCLE('',#1302,0.451338409886775);
#92=CIRCLE('',#1304,0.225);
#93=CIRCLE('',#1308,2.54131820989959);
#94=CIRCLE('',#1316,0.289705627484772);
#95=CIRCLE('',#1319,0.289706);
#96=ORIENTED_EDGE('',*,*,#422,.F.);
#97=ORIENTED_EDGE('',*,*,#423,.T.);
#98=ORIENTED_EDGE('',*,*,#424,.T.);
#99=ORIENTED_EDGE('',*,*,#425,.T.);
#100=ORIENTED_EDGE('',*,*,#426,.T.);
#101=ORIENTED_EDGE('',*,*,#427,.T.);
#102=ORIENTED_EDGE('',*,*,#428,.T.);
#103=ORIENTED_EDGE('',*,*,#429,.F.);
#104=ORIENTED_EDGE('',*,*,#430,.F.);
#105=ORIENTED_EDGE('',*,*,#431,.T.);
#106=ORIENTED_EDGE('',*,*,#432,.T.);
#107=ORIENTED_EDGE('',*,*,#433,.F.);
#108=ORIENTED_EDGE('',*,*,#434,.F.);
#109=ORIENTED_EDGE('',*,*,#435,.F.);
#110=ORIENTED_EDGE('',*,*,#436,.T.);
#111=ORIENTED_EDGE('',*,*,#437,.F.);
#112=ORIENTED_EDGE('',*,*,#438,.F.);
#113=ORIENTED_EDGE('',*,*,#424,.F.);
#114=ORIENTED_EDGE('',*,*,#439,.T.);
#115=ORIENTED_EDGE('',*,*,#440,.T.);
#116=ORIENTED_EDGE('',*,*,#441,.F.);
#117=ORIENTED_EDGE('',*,*,#440,.F.);
#118=ORIENTED_EDGE('',*,*,#442,.T.);
#119=ORIENTED_EDGE('',*,*,#443,.T.);
#120=ORIENTED_EDGE('',*,*,#444,.T.);
#121=ORIENTED_EDGE('',*,*,#443,.F.);
#122=ORIENTED_EDGE('',*,*,#445,.T.);
#123=ORIENTED_EDGE('',*,*,#446,.T.);
#124=ORIENTED_EDGE('',*,*,#447,.F.);
#125=ORIENTED_EDGE('',*,*,#446,.F.);
#126=ORIENTED_EDGE('',*,*,#448,.T.);
#127=ORIENTED_EDGE('',*,*,#449,.T.);
#128=ORIENTED_EDGE('',*,*,#450,.F.);
#129=ORIENTED_EDGE('',*,*,#451,.T.);
#130=ORIENTED_EDGE('',*,*,#452,.T.);
#131=ORIENTED_EDGE('',*,*,#453,.F.);
#132=ORIENTED_EDGE('',*,*,#454,.F.);
#133=ORIENTED_EDGE('',*,*,#455,.T.);
#134=ORIENTED_EDGE('',*,*,#456,.T.);
#135=ORIENTED_EDGE('',*,*,#457,.T.);
#136=ORIENTED_EDGE('',*,*,#458,.T.);
#137=ORIENTED_EDGE('',*,*,#459,.T.);
#138=ORIENTED_EDGE('',*,*,#460,.T.);
#139=ORIENTED_EDGE('',*,*,#461,.F.);
#140=ORIENTED_EDGE('',*,*,#462,.F.);
#141=ORIENTED_EDGE('',*,*,#463,.F.);
#142=ORIENTED_EDGE('',*,*,#464,.T.);
#143=ORIENTED_EDGE('',*,*,#465,.T.);
#144=ORIENTED_EDGE('',*,*,#466,.T.);
#145=ORIENTED_EDGE('',*,*,#467,.F.);
#146=ORIENTED_EDGE('',*,*,#468,.T.);
#147=ORIENTED_EDGE('',*,*,#469,.F.);
#148=ORIENTED_EDGE('',*,*,#470,.F.);
#149=ORIENTED_EDGE('',*,*,#471,.F.);
#150=ORIENTED_EDGE('',*,*,#430,.T.);
#151=ORIENTED_EDGE('',*,*,#472,.T.);
#152=ORIENTED_EDGE('',*,*,#473,.F.);
#153=ORIENTED_EDGE('',*,*,#474,.F.);
#154=ORIENTED_EDGE('',*,*,#475,.T.);
#155=ORIENTED_EDGE('',*,*,#476,.T.);
#156=ORIENTED_EDGE('',*,*,#477,.F.);
#157=ORIENTED_EDGE('',*,*,#478,.T.);
#158=ORIENTED_EDGE('',*,*,#479,.T.);
#159=ORIENTED_EDGE('',*,*,#480,.F.);
#160=ORIENTED_EDGE('',*,*,#481,.F.);
#161=ORIENTED_EDGE('',*,*,#482,.T.);
#162=ORIENTED_EDGE('',*,*,#483,.T.);
#163=ORIENTED_EDGE('',*,*,#436,.F.);
#164=ORIENTED_EDGE('',*,*,#484,.T.);
#165=ORIENTED_EDGE('',*,*,#485,.T.);
#166=ORIENTED_EDGE('',*,*,#422,.T.);
#167=ORIENTED_EDGE('',*,*,#483,.F.);
#168=ORIENTED_EDGE('',*,*,#486,.T.);
#169=ORIENTED_EDGE('',*,*,#487,.T.);
#170=ORIENTED_EDGE('',*,*,#472,.F.);
#171=ORIENTED_EDGE('',*,*,#488,.F.);
#172=ORIENTED_EDGE('',*,*,#489,.F.);
#173=ORIENTED_EDGE('',*,*,#490,.T.);
#174=ORIENTED_EDGE('',*,*,#433,.T.);
#175=ORIENTED_EDGE('',*,*,#491,.F.);
#176=ORIENTED_EDGE('',*,*,#449,.F.);
#177=ORIENTED_EDGE('',*,*,#492,.T.);
#178=ORIENTED_EDGE('',*,*,#451,.F.);
#179=ORIENTED_EDGE('',*,*,#493,.T.);
#180=ORIENTED_EDGE('',*,*,#494,.T.);
#181=ORIENTED_EDGE('',*,*,#468,.F.);
#182=ORIENTED_EDGE('',*,*,#494,.F.);
#183=ORIENTED_EDGE('',*,*,#495,.T.);
#184=ORIENTED_EDGE('',*,*,#496,.T.);
#185=ORIENTED_EDGE('',*,*,#469,.T.);
#186=ORIENTED_EDGE('',*,*,#496,.F.);
#187=ORIENTED_EDGE('',*,*,#497,.T.);
#188=ORIENTED_EDGE('',*,*,#431,.F.);
#189=ORIENTED_EDGE('',*,*,#471,.T.);
#190=ORIENTED_EDGE('',*,*,#450,.T.);
#191=ORIENTED_EDGE('',*,*,#491,.T.);
#192=ORIENTED_EDGE('',*,*,#432,.F.);
#193=ORIENTED_EDGE('',*,*,#497,.F.);
#194=ORIENTED_EDGE('',*,*,#495,.F.);
#195=ORIENTED_EDGE('',*,*,#493,.F.);
#196=ORIENTED_EDGE('',*,*,#476,.F.);
#197=ORIENTED_EDGE('',*,*,#498,.F.);
#198=ORIENTED_EDGE('',*,*,#499,.T.);
#199=ORIENTED_EDGE('',*,*,#488,.T.);
#200=ORIENTED_EDGE('',*,*,#500,.F.);
#201=ORIENTED_EDGE('',*,*,#501,.T.);
#202=ORIENTED_EDGE('',*,*,#434,.T.);
#203=ORIENTED_EDGE('',*,*,#490,.F.);
#204=ORIENTED_EDGE('',*,*,#502,.T.);
#205=ORIENTED_EDGE('',*,*,#500,.T.);
#206=ORIENTED_EDGE('',*,*,#489,.T.);
#207=ORIENTED_EDGE('',*,*,#499,.F.);
#208=ORIENTED_EDGE('',*,*,#435,.T.);
#209=ORIENTED_EDGE('',*,*,#501,.F.);
#210=ORIENTED_EDGE('',*,*,#502,.F.);
#211=ORIENTED_EDGE('',*,*,#498,.T.);
#212=ORIENTED_EDGE('',*,*,#503,.T.);
#213=ORIENTED_EDGE('',*,*,#481,.T.);
#214=ORIENTED_EDGE('',*,*,#504,.F.);
#215=ORIENTED_EDGE('',*,*,#438,.T.);
#216=ORIENTED_EDGE('',*,*,#504,.T.);
#217=ORIENTED_EDGE('',*,*,#505,.F.);
#218=ORIENTED_EDGE('',*,*,#437,.T.);
#219=ORIENTED_EDGE('',*,*,#505,.T.);
#220=ORIENTED_EDGE('',*,*,#486,.F.);
#221=ORIENTED_EDGE('',*,*,#482,.F.);
#222=ORIENTED_EDGE('',*,*,#506,.F.);
#223=ORIENTED_EDGE('',*,*,#507,.T.);
#224=ORIENTED_EDGE('',*,*,#508,.T.);
#225=ORIENTED_EDGE('',*,*,#475,.F.);
#226=ORIENTED_EDGE('',*,*,#509,.T.);
#227=ORIENTED_EDGE('',*,*,#506,.T.);
#228=ORIENTED_EDGE('',*,*,#503,.F.);
#229=ORIENTED_EDGE('',*,*,#487,.F.);
#230=ORIENTED_EDGE('',*,*,#508,.F.);
#231=ORIENTED_EDGE('',*,*,#510,.T.);
#232=ORIENTED_EDGE('',*,*,#473,.T.);
#233=ORIENTED_EDGE('',*,*,#507,.F.);
#234=ORIENTED_EDGE('',*,*,#509,.F.);
#235=ORIENTED_EDGE('',*,*,#474,.T.);
#236=ORIENTED_EDGE('',*,*,#510,.F.);
#237=ORIENTED_EDGE('',*,*,#477,.T.);
#238=ORIENTED_EDGE('',*,*,#511,.T.);
#239=ORIENTED_EDGE('',*,*,#459,.F.);
#240=ORIENTED_EDGE('',*,*,#512,.F.);
#241=ORIENTED_EDGE('',*,*,#512,.T.);
#242=ORIENTED_EDGE('',*,*,#462,.T.);
#243=ORIENTED_EDGE('',*,*,#513,.F.);
#244=ORIENTED_EDGE('',*,*,#478,.F.);
#245=ORIENTED_EDGE('',*,*,#513,.T.);
#246=ORIENTED_EDGE('',*,*,#461,.T.);
#247=ORIENTED_EDGE('',*,*,#514,.F.);
#248=ORIENTED_EDGE('',*,*,#479,.F.);
#249=ORIENTED_EDGE('',*,*,#480,.T.);
#250=ORIENTED_EDGE('',*,*,#514,.T.);
#251=ORIENTED_EDGE('',*,*,#460,.F.);
#252=ORIENTED_EDGE('',*,*,#511,.F.);
#253=ORIENTED_EDGE('',*,*,#444,.F.);
#254=ORIENTED_EDGE('',*,*,#515,.T.);
#255=ORIENTED_EDGE('',*,*,#463,.T.);
#256=ORIENTED_EDGE('',*,*,#516,.T.);
#257=ORIENTED_EDGE('',*,*,#517,.F.);
#258=ORIENTED_EDGE('',*,*,#518,.T.);
#259=ORIENTED_EDGE('',*,*,#519,.F.);
#260=ORIENTED_EDGE('',*,*,#455,.F.);
#261=ORIENTED_EDGE('',*,*,#519,.T.);
#262=ORIENTED_EDGE('',*,*,#520,.T.);
#263=ORIENTED_EDGE('',*,*,#427,.F.);
#264=ORIENTED_EDGE('',*,*,#521,.T.);
#265=ORIENTED_EDGE('',*,*,#465,.F.);
#266=ORIENTED_EDGE('',*,*,#522,.T.);
#267=ORIENTED_EDGE('',*,*,#456,.F.);
#268=ORIENTED_EDGE('',*,*,#523,.F.);
#269=ORIENTED_EDGE('',*,*,#429,.T.);
#270=ORIENTED_EDGE('',*,*,#524,.T.);
#271=ORIENTED_EDGE('',*,*,#525,.T.);
#272=ORIENTED_EDGE('',*,*,#526,.T.);
#273=ORIENTED_EDGE('',*,*,#527,.T.);
#274=ORIENTED_EDGE('',*,*,#528,.T.);
#275=ORIENTED_EDGE('',*,*,#529,.T.);
#276=ORIENTED_EDGE('',*,*,#530,.T.);
#277=ORIENTED_EDGE('',*,*,#531,.T.);
#278=ORIENTED_EDGE('',*,*,#532,.T.);
#279=ORIENTED_EDGE('',*,*,#452,.F.);
#280=ORIENTED_EDGE('',*,*,#533,.F.);
#281=ORIENTED_EDGE('',*,*,#534,.T.);
#282=ORIENTED_EDGE('',*,*,#535,.F.);
#283=ORIENTED_EDGE('',*,*,#536,.T.);
#284=ORIENTED_EDGE('',*,*,#518,.F.);
#285=ORIENTED_EDGE('',*,*,#537,.F.);
#286=ORIENTED_EDGE('',*,*,#453,.T.);
#287=ORIENTED_EDGE('',*,*,#532,.F.);
#288=ORIENTED_EDGE('',*,*,#538,.T.);
#289=ORIENTED_EDGE('',*,*,#539,.T.);
#290=ORIENTED_EDGE('',*,*,#540,.F.);
#291=ORIENTED_EDGE('',*,*,#524,.F.);
#292=ORIENTED_EDGE('',*,*,#428,.F.);
#293=ORIENTED_EDGE('',*,*,#520,.F.);
#294=ORIENTED_EDGE('',*,*,#541,.T.);
#295=ORIENTED_EDGE('',*,*,#542,.F.);
#296=ORIENTED_EDGE('',*,*,#533,.T.);
#297=ORIENTED_EDGE('',*,*,#467,.T.);
#298=ORIENTED_EDGE('',*,*,#470,.T.);
#299=ORIENTED_EDGE('',*,*,#523,.T.);
#300=ORIENTED_EDGE('',*,*,#543,.F.);
#301=ORIENTED_EDGE('',*,*,#544,.F.);
#302=ORIENTED_EDGE('',*,*,#545,.T.);
#303=ORIENTED_EDGE('',*,*,#546,.F.);
#304=ORIENTED_EDGE('',*,*,#547,.F.);
#305=ORIENTED_EDGE('',*,*,#548,.F.);
#306=ORIENTED_EDGE('',*,*,#549,.T.);
#307=ORIENTED_EDGE('',*,*,#535,.T.);
#308=ORIENTED_EDGE('',*,*,#550,.T.);
#309=ORIENTED_EDGE('',*,*,#551,.T.);
#310=ORIENTED_EDGE('',*,*,#552,.T.);
#311=ORIENTED_EDGE('',*,*,#530,.F.);
#312=ORIENTED_EDGE('',*,*,#553,.F.);
#313=ORIENTED_EDGE('',*,*,#526,.F.);
#314=ORIENTED_EDGE('',*,*,#554,.F.);
#315=ORIENTED_EDGE('',*,*,#555,.F.);
#316=ORIENTED_EDGE('',*,*,#553,.T.);
#317=ORIENTED_EDGE('',*,*,#556,.F.);
#318=ORIENTED_EDGE('',*,*,#544,.T.);
#319=ORIENTED_EDGE('',*,*,#557,.F.);
#320=ORIENTED_EDGE('',*,*,#548,.T.);
#321=ORIENTED_EDGE('',*,*,#539,.F.);
#322=ORIENTED_EDGE('',*,*,#558,.F.);
#323=ORIENTED_EDGE('',*,*,#551,.F.);
#324=ORIENTED_EDGE('',*,*,#559,.F.);
#325=ORIENTED_EDGE('',*,*,#560,.F.);
#326=ORIENTED_EDGE('',*,*,#525,.F.);
#327=ORIENTED_EDGE('',*,*,#540,.T.);
#328=ORIENTED_EDGE('',*,*,#559,.T.);
#329=ORIENTED_EDGE('',*,*,#554,.T.);
#330=ORIENTED_EDGE('',*,*,#561,.F.);
#331=ORIENTED_EDGE('',*,*,#536,.F.);
#332=ORIENTED_EDGE('',*,*,#549,.F.);
#333=ORIENTED_EDGE('',*,*,#557,.T.);
#334=ORIENTED_EDGE('',*,*,#543,.T.);
#335=ORIENTED_EDGE('',*,*,#562,.F.);
#336=ORIENTED_EDGE('',*,*,#534,.F.);
#337=ORIENTED_EDGE('',*,*,#545,.F.);
#338=ORIENTED_EDGE('',*,*,#556,.T.);
#339=ORIENTED_EDGE('',*,*,#547,.T.);
#340=ORIENTED_EDGE('',*,*,#563,.F.);
#341=ORIENTED_EDGE('',*,*,#531,.F.);
#342=ORIENTED_EDGE('',*,*,#552,.F.);
#343=ORIENTED_EDGE('',*,*,#558,.T.);
#344=ORIENTED_EDGE('',*,*,#538,.F.);
#345=ORIENTED_EDGE('',*,*,#564,.F.);
#346=ORIENTED_EDGE('',*,*,#563,.T.);
#347=ORIENTED_EDGE('',*,*,#565,.F.);
#348=ORIENTED_EDGE('',*,*,#564,.T.);
#349=ORIENTED_EDGE('',*,*,#562,.T.);
#350=ORIENTED_EDGE('',*,*,#565,.T.);
#351=ORIENTED_EDGE('',*,*,#566,.F.);
#352=ORIENTED_EDGE('',*,*,#560,.T.);
#353=ORIENTED_EDGE('',*,*,#567,.F.);
#354=ORIENTED_EDGE('',*,*,#566,.T.);
#355=ORIENTED_EDGE('',*,*,#561,.T.);
#356=ORIENTED_EDGE('',*,*,#567,.T.);
#357=ORIENTED_EDGE('',*,*,#568,.F.);
#358=ORIENTED_EDGE('',*,*,#569,.T.);
#359=ORIENTED_EDGE('',*,*,#570,.T.);
#360=ORIENTED_EDGE('',*,*,#527,.F.);
#361=ORIENTED_EDGE('',*,*,#571,.F.);
#362=ORIENTED_EDGE('',*,*,#572,.T.);
#363=ORIENTED_EDGE('',*,*,#568,.T.);
#364=ORIENTED_EDGE('',*,*,#555,.T.);
#365=ORIENTED_EDGE('',*,*,#573,.F.);
#366=ORIENTED_EDGE('',*,*,#574,.T.);
#367=ORIENTED_EDGE('',*,*,#571,.T.);
#368=ORIENTED_EDGE('',*,*,#529,.F.);
#369=ORIENTED_EDGE('',*,*,#570,.F.);
#370=ORIENTED_EDGE('',*,*,#575,.T.);
#371=ORIENTED_EDGE('',*,*,#573,.T.);
#372=ORIENTED_EDGE('',*,*,#528,.F.);
#373=ORIENTED_EDGE('',*,*,#546,.T.);
#374=ORIENTED_EDGE('',*,*,#550,.F.);
#375=ORIENTED_EDGE('',*,*,#542,.T.);
#376=ORIENTED_EDGE('',*,*,#541,.F.);
#377=ORIENTED_EDGE('',*,*,#454,.T.);
#378=ORIENTED_EDGE('',*,*,#537,.T.);
#379=ORIENTED_EDGE('',*,*,#517,.T.);
#380=ORIENTED_EDGE('',*,*,#576,.T.);
#381=ORIENTED_EDGE('',*,*,#577,.T.);
#382=ORIENTED_EDGE('',*,*,#484,.F.);
#383=ORIENTED_EDGE('',*,*,#578,.T.);
#384=ORIENTED_EDGE('',*,*,#441,.T.);
#385=ORIENTED_EDGE('',*,*,#516,.F.);
#386=ORIENTED_EDGE('',*,*,#579,.F.);
#387=ORIENTED_EDGE('',*,*,#425,.F.);
#388=ORIENTED_EDGE('',*,*,#521,.F.);
#389=ORIENTED_EDGE('',*,*,#426,.F.);
#390=ORIENTED_EDGE('',*,*,#579,.T.);
#391=ORIENTED_EDGE('',*,*,#466,.F.);
#392=ORIENTED_EDGE('',*,*,#447,.T.);
#393=ORIENTED_EDGE('',*,*,#458,.F.);
#394=ORIENTED_EDGE('',*,*,#580,.F.);
#395=ORIENTED_EDGE('',*,*,#515,.F.);
#396=ORIENTED_EDGE('',*,*,#522,.F.);
#397=ORIENTED_EDGE('',*,*,#464,.F.);
#398=ORIENTED_EDGE('',*,*,#580,.T.);
#399=ORIENTED_EDGE('',*,*,#457,.F.);
#400=ORIENTED_EDGE('',*,*,#492,.F.);
#401=ORIENTED_EDGE('',*,*,#448,.F.);
#402=ORIENTED_EDGE('',*,*,#581,.F.);
#403=ORIENTED_EDGE('',*,*,#578,.F.);
#404=ORIENTED_EDGE('',*,*,#581,.T.);
#405=ORIENTED_EDGE('',*,*,#445,.F.);
#406=ORIENTED_EDGE('',*,*,#582,.F.);
#407=ORIENTED_EDGE('',*,*,#582,.T.);
#408=ORIENTED_EDGE('',*,*,#442,.F.);
#409=ORIENTED_EDGE('',*,*,#583,.F.);
#410=ORIENTED_EDGE('',*,*,#576,.F.);
#411=ORIENTED_EDGE('',*,*,#583,.T.);
#412=ORIENTED_EDGE('',*,*,#439,.F.);
#413=ORIENTED_EDGE('',*,*,#584,.F.);
#414=ORIENTED_EDGE('',*,*,#584,.T.);
#415=ORIENTED_EDGE('',*,*,#423,.F.);
#416=ORIENTED_EDGE('',*,*,#485,.F.);
#417=ORIENTED_EDGE('',*,*,#577,.F.);
#418=ORIENTED_EDGE('',*,*,#569,.F.);
#419=ORIENTED_EDGE('',*,*,#572,.F.);
#420=ORIENTED_EDGE('',*,*,#574,.F.);
#421=ORIENTED_EDGE('',*,*,#575,.F.);
#422=EDGE_CURVE('',#585,#586,#692,.T.);
#423=EDGE_CURVE('',#585,#587,#693,.F.);
#424=EDGE_CURVE('',#587,#588,#694,.T.);
#425=EDGE_CURVE('',#588,#589,#55,.T.);
#426=EDGE_CURVE('',#589,#590,#695,.F.);
#427=EDGE_CURVE('',#590,#591,#696,.T.);
#428=EDGE_CURVE('',#591,#592,#697,.F.);
#429=EDGE_CURVE('',#593,#592,#698,.T.);
#430=EDGE_CURVE('',#594,#593,#699,.T.);
#431=EDGE_CURVE('',#594,#595,#700,.F.);
#432=EDGE_CURVE('',#595,#596,#701,.T.);
#433=EDGE_CURVE('',#597,#596,#702,.T.);
#434=EDGE_CURVE('',#598,#597,#703,.T.);
#435=EDGE_CURVE('',#599,#598,#704,.T.);
#436=EDGE_CURVE('',#599,#586,#705,.T.);
#437=EDGE_CURVE('',#600,#600,#56,.T.);
#438=EDGE_CURVE('',#601,#601,#57,.T.);
#439=EDGE_CURVE('',#587,#602,#58,.T.);
#440=EDGE_CURVE('',#602,#603,#706,.T.);
#441=EDGE_CURVE('',#588,#603,#59,.T.);
#442=EDGE_CURVE('',#602,#604,#707,.T.);
#443=EDGE_CURVE('',#604,#605,#708,.T.);
#444=EDGE_CURVE('',#605,#603,#709,.T.);
#445=EDGE_CURVE('',#604,#606,#60,.T.);
#446=EDGE_CURVE('',#606,#607,#710,.T.);
#447=EDGE_CURVE('',#605,#607,#61,.T.);
#448=EDGE_CURVE('',#606,#608,#711,.T.);
#449=EDGE_CURVE('',#608,#609,#712,.T.);
#450=EDGE_CURVE('',#610,#609,#713,.T.);
#451=EDGE_CURVE('',#610,#611,#714,.T.);
#452=EDGE_CURVE('',#611,#612,#715,.T.);
#453=EDGE_CURVE('',#613,#612,#716,.F.);
#454=EDGE_CURVE('',#614,#613,#717,.T.);
#455=EDGE_CURVE('',#614,#615,#718,.T.);
#456=EDGE_CURVE('',#615,#616,#719,.T.);
#457=EDGE_CURVE('',#616,#617,#720,.T.);
#458=EDGE_CURVE('',#617,#607,#62,.F.);
#459=EDGE_CURVE('',#618,#619,#721,.T.);
#460=EDGE_CURVE('',#619,#620,#722,.T.);
#461=EDGE_CURVE('',#621,#620,#723,.T.);
#462=EDGE_CURVE('',#618,#621,#724,.T.);
#463=EDGE_CURVE('',#622,#623,#725,.T.);
#464=EDGE_CURVE('',#622,#624,#726,.F.);
#465=EDGE_CURVE('',#624,#625,#727,.T.);
#466=EDGE_CURVE('',#625,#623,#728,.T.);
#467=EDGE_CURVE('',#611,#626,#63,.T.);
#468=EDGE_CURVE('',#611,#627,#729,.T.);
#469=EDGE_CURVE('',#626,#627,#730,.T.);
#470=EDGE_CURVE('',#626,#593,#64,.T.);
#471=EDGE_CURVE('',#594,#626,#65,.F.);
#472=EDGE_CURVE('',#628,#629,#731,.T.);
#473=EDGE_CURVE('',#630,#629,#732,.T.);
#474=EDGE_CURVE('',#631,#630,#733,.T.);
#475=EDGE_CURVE('',#631,#632,#734,.T.);
#476=EDGE_CURVE('',#632,#628,#735,.T.);
#477=EDGE_CURVE('',#633,#634,#736,.T.);
#478=EDGE_CURVE('',#633,#635,#737,.T.);
#479=EDGE_CURVE('',#635,#636,#738,.T.);
#480=EDGE_CURVE('',#634,#636,#739,.T.);
#481=EDGE_CURVE('',#637,#599,#740,.T.);
#482=EDGE_CURVE('',#637,#638,#741,.T.);
#483=EDGE_CURVE('',#638,#586,#742,.T.);
#484=EDGE_CURVE('',#639,#640,#743,.T.);
#485=EDGE_CURVE('',#640,#585,#66,.F.);
#486=EDGE_CURVE('',#638,#641,#744,.T.);
#487=EDGE_CURVE('',#641,#629,#745,.T.);
#488=EDGE_CURVE('',#642,#628,#746,.T.);
#489=EDGE_CURVE('',#643,#642,#747,.T.);
#490=EDGE_CURVE('',#643,#597,#748,.T.);
#491=EDGE_CURVE('',#609,#596,#749,.T.);
#492=EDGE_CURVE('',#608,#639,#67,.F.);
#493=EDGE_CURVE('',#610,#644,#750,.T.);
#494=EDGE_CURVE('',#644,#627,#751,.T.);
#495=EDGE_CURVE('',#644,#645,#752,.T.);
#496=EDGE_CURVE('',#645,#626,#753,.T.);
#497=EDGE_CURVE('',#645,#595,#68,.T.);
#498=EDGE_CURVE('',#646,#632,#754,.T.);
#499=EDGE_CURVE('',#646,#642,#755,.T.);
#500=EDGE_CURVE('',#647,#643,#756,.T.);
#501=EDGE_CURVE('',#647,#598,#757,.T.);
#502=EDGE_CURVE('',#646,#647,#758,.T.);
#503=EDGE_CURVE('',#632,#637,#759,.T.);
#504=EDGE_CURVE('',#648,#648,#69,.T.);
#505=EDGE_CURVE('',#649,#649,#70,.T.);
#506=EDGE_CURVE('',#650,#637,#760,.T.);
#507=EDGE_CURVE('',#650,#651,#761,.T.);
#508=EDGE_CURVE('',#651,#641,#762,.T.);
#509=EDGE_CURVE('',#631,#650,#763,.T.);
#510=EDGE_CURVE('',#651,#630,#764,.T.);
#511=EDGE_CURVE('',#634,#619,#765,.T.);
#512=EDGE_CURVE('',#633,#618,#766,.T.);
#513=EDGE_CURVE('',#635,#621,#767,.T.);
#514=EDGE_CURVE('',#636,#620,#768,.T.);
#515=EDGE_CURVE('',#605,#622,#71,.T.);
#516=EDGE_CURVE('',#623,#603,#72,.F.);
#517=EDGE_CURVE('',#652,#614,#769,.T.);
#518=EDGE_CURVE('',#652,#653,#770,.T.);
#519=EDGE_CURVE('',#615,#653,#771,.T.);
#520=EDGE_CURVE('',#653,#591,#24,.F.);
#521=EDGE_CURVE('',#590,#625,#25,.F.);
#522=EDGE_CURVE('',#624,#616,#26,.F.);
#523=EDGE_CURVE('',#593,#654,#73,.T.);
#524=EDGE_CURVE('',#592,#655,#74,.T.);
#525=EDGE_CURVE('',#655,#656,#772,.T.);
#526=EDGE_CURVE('',#656,#657,#75,.T.);
#527=EDGE_CURVE('',#657,#658,#773,.T.);
#528=EDGE_CURVE('',#658,#659,#774,.T.);
#529=EDGE_CURVE('',#659,#660,#775,.T.);
#530=EDGE_CURVE('',#660,#661,#76,.T.);
#531=EDGE_CURVE('',#661,#662,#776,.T.);
#532=EDGE_CURVE('',#662,#612,#77,.T.);
#533=EDGE_CURVE('',#663,#611,#78,.T.);
#534=EDGE_CURVE('',#663,#664,#777,.T.);
#535=EDGE_CURVE('',#665,#664,#79,.T.);
#536=EDGE_CURVE('',#665,#654,#778,.T.);
#537=EDGE_CURVE('',#613,#652,#80,.T.);
#538=EDGE_CURVE('',#662,#666,#779,.T.);
#539=EDGE_CURVE('',#666,#667,#81,.T.);
#540=EDGE_CURVE('',#655,#667,#780,.T.);
#541=EDGE_CURVE('',#668,#668,#17,.T.);
#542=EDGE_CURVE('',#669,#669,#18,.T.);
#543=EDGE_CURVE('',#670,#654,#781,.T.);
#544=EDGE_CURVE('',#671,#670,#82,.T.);
#545=EDGE_CURVE('',#671,#663,#782,.T.);
#546=EDGE_CURVE('',#672,#672,#19,.T.);
#547=EDGE_CURVE('',#673,#664,#783,.T.);
#548=EDGE_CURVE('',#674,#673,#83,.T.);
#549=EDGE_CURVE('',#674,#665,#784,.T.);
#550=EDGE_CURVE('',#675,#675,#20,.T.);
#551=EDGE_CURVE('',#676,#677,#84,.T.);
#552=EDGE_CURVE('',#677,#661,#785,.F.);
#553=EDGE_CURVE('',#657,#660,#85,.T.);
#554=EDGE_CURVE('',#676,#656,#786,.F.);
#555=EDGE_CURVE('',#657,#660,#86,.T.);
#556=EDGE_CURVE('',#671,#673,#787,.T.);
#557=EDGE_CURVE('',#674,#670,#788,.T.);
#558=EDGE_CURVE('',#677,#666,#789,.T.);
#559=EDGE_CURVE('',#667,#676,#790,.T.);
#560=EDGE_CURVE('',#678,#678,#87,.T.);
#561=EDGE_CURVE('',#679,#679,#27,.T.);
#562=EDGE_CURVE('',#680,#680,#28,.T.);
#563=EDGE_CURVE('',#681,#681,#88,.T.);
#564=EDGE_CURVE('',#682,#682,#89,.T.);
#565=EDGE_CURVE('',#683,#683,#90,.T.);
#566=EDGE_CURVE('',#684,#684,#91,.T.);
#567=EDGE_CURVE('',#685,#685,#92,.T.);
#568=EDGE_CURVE('',#686,#657,#791,.T.);
#569=EDGE_CURVE('',#686,#687,#21,.T.);
#570=EDGE_CURVE('',#687,#658,#792,.T.);
#571=EDGE_CURVE('',#688,#660,#793,.T.);
#572=EDGE_CURVE('',#688,#686,#93,.F.);
#573=EDGE_CURVE('',#689,#659,#794,.T.);
#574=EDGE_CURVE('',#689,#688,#22,.T.);
#575=EDGE_CURVE('',#687,#689,#23,.T.);
#576=EDGE_CURVE('',#690,#691,#795,.F.);
#577=EDGE_CURVE('',#691,#640,#796,.T.);
#578=EDGE_CURVE('',#639,#690,#797,.F.);
#579=EDGE_CURVE('',#589,#623,#94,.T.);
#580=EDGE_CURVE('',#622,#617,#95,.T.);
#581=EDGE_CURVE('',#690,#606,#29,.T.);
#582=EDGE_CURVE('',#690,#604,#30,.T.);
#583=EDGE_CURVE('',#691,#602,#31,.T.);
#584=EDGE_CURVE('',#691,#587,#32,.T.);
#585=VERTEX_POINT('',#1674);
#586=VERTEX_POINT('',#1675);
#587=VERTEX_POINT('',#1677);
#588=VERTEX_POINT('',#1679);
#589=VERTEX_POINT('',#1681);
#590=VERTEX_POINT('',#1683);
#591=VERTEX_POINT('',#1685);
#592=VERTEX_POINT('',#1687);
#593=VERTEX_POINT('',#1689);
#594=VERTEX_POINT('',#1691);
#595=VERTEX_POINT('',#1693);
#596=VERTEX_POINT('',#1695);
#597=VERTEX_POINT('',#1697);
#598=VERTEX_POINT('',#1699);
#599=VERTEX_POINT('',#1701);
#600=VERTEX_POINT('',#1704);
#601=VERTEX_POINT('',#1706);
#602=VERTEX_POINT('',#1709);
#603=VERTEX_POINT('',#1711);
#604=VERTEX_POINT('',#1715);
#605=VERTEX_POINT('',#1717);
#606=VERTEX_POINT('',#1721);
#607=VERTEX_POINT('',#1723);
#608=VERTEX_POINT('',#1727);
#609=VERTEX_POINT('',#1729);
#610=VERTEX_POINT('',#1731);
#611=VERTEX_POINT('',#1733);
#612=VERTEX_POINT('',#1735);
#613=VERTEX_POINT('',#1737);
#614=VERTEX_POINT('',#1739);
#615=VERTEX_POINT('',#1741);
#616=VERTEX_POINT('',#1743);
#617=VERTEX_POINT('',#1745);
#618=VERTEX_POINT('',#1748);
#619=VERTEX_POINT('',#1749);
#620=VERTEX_POINT('',#1751);
#621=VERTEX_POINT('',#1753);
#622=VERTEX_POINT('',#1757);
#623=VERTEX_POINT('',#1758);
#624=VERTEX_POINT('',#1760);
#625=VERTEX_POINT('',#1762);
#626=VERTEX_POINT('',#1766);
#627=VERTEX_POINT('',#1768);
#628=VERTEX_POINT('',#1775);
#629=VERTEX_POINT('',#1776);
#630=VERTEX_POINT('',#1778);
#631=VERTEX_POINT('',#1780);
#632=VERTEX_POINT('',#1782);
#633=VERTEX_POINT('',#1785);
#634=VERTEX_POINT('',#1786);
#635=VERTEX_POINT('',#1788);
#636=VERTEX_POINT('',#1790);
#637=VERTEX_POINT('',#1794);
#638=VERTEX_POINT('',#1796);
#639=VERTEX_POINT('',#1800);
#640=VERTEX_POINT('',#1801);
#641=VERTEX_POINT('',#1804);
#642=VERTEX_POINT('',#1807);
#643=VERTEX_POINT('',#1809);
#644=VERTEX_POINT('',#1815);
#645=VERTEX_POINT('',#1819);
#646=VERTEX_POINT('',#1826);
#647=VERTEX_POINT('',#1830);
#648=VERTEX_POINT('',#1838);
#649=VERTEX_POINT('',#1842);
#650=VERTEX_POINT('',#1846);
#651=VERTEX_POINT('',#1848);
#652=VERTEX_POINT('',#1868);
#653=VERTEX_POINT('',#1870);
#654=VERTEX_POINT('',#1878);
#655=VERTEX_POINT('',#1880);
#656=VERTEX_POINT('',#1882);
#657=VERTEX_POINT('',#1884);
#658=VERTEX_POINT('',#1886);
#659=VERTEX_POINT('',#1888);
#660=VERTEX_POINT('',#1890);
#661=VERTEX_POINT('',#1892);
#662=VERTEX_POINT('',#1894);
#663=VERTEX_POINT('',#1897);
#664=VERTEX_POINT('',#1899);
#665=VERTEX_POINT('',#1901);
#666=VERTEX_POINT('',#1906);
#667=VERTEX_POINT('',#1908);
#668=VERTEX_POINT('',#1921);
#669=VERTEX_POINT('',#1934);
#670=VERTEX_POINT('',#1936);
#671=VERTEX_POINT('',#1938);
#672=VERTEX_POINT('',#1952);
#673=VERTEX_POINT('',#1954);
#674=VERTEX_POINT('',#1956);
#675=VERTEX_POINT('',#1970);
#676=VERTEX_POINT('',#1972);
#677=VERTEX_POINT('',#1973);
#678=VERTEX_POINT('',#1986);
#679=VERTEX_POINT('',#1989);
#680=VERTEX_POINT('',#1992);
#681=VERTEX_POINT('',#1995);
#682=VERTEX_POINT('',#1998);
#683=VERTEX_POINT('',#2001);
#684=VERTEX_POINT('',#2005);
#685=VERTEX_POINT('',#2008);
#686=VERTEX_POINT('',#2012);
#687=VERTEX_POINT('',#2017);
#688=VERTEX_POINT('',#2021);
#689=VERTEX_POINT('',#2025);
#690=VERTEX_POINT('',#2044);
#691=VERTEX_POINT('',#2045);
#692=LINE('',#1673,#798);
#693=LINE('',#1676,#799);
#694=LINE('',#1678,#800);
#695=LINE('',#1682,#801);
#696=LINE('',#1684,#802);
#697=LINE('',#1686,#803);
#698=LINE('',#1688,#804);
#699=LINE('',#1690,#805);
#700=LINE('',#1692,#806);
#701=LINE('',#1694,#807);
#702=LINE('',#1696,#808);
#703=LINE('',#1698,#809);
#704=LINE('',#1700,#810);
#705=LINE('',#1702,#811);
#706=LINE('',#1710,#812);
#707=LINE('',#1714,#813);
#708=LINE('',#1716,#814);
#709=LINE('',#1718,#815);
#710=LINE('',#1722,#816);
#711=LINE('',#1726,#817);
#712=LINE('',#1728,#818);
#713=LINE('',#1730,#819);
#714=LINE('',#1732,#820);
#715=LINE('',#1734,#821);
#716=LINE('',#1736,#822);
#717=LINE('',#1738,#823);
#718=LINE('',#1740,#824);
#719=LINE('',#1742,#825);
#720=LINE('',#1744,#826);
#721=LINE('',#1747,#827);
#722=LINE('',#1750,#828);
#723=LINE('',#1752,#829);
#724=LINE('',#1754,#830);
#725=LINE('',#1756,#831);
#726=LINE('',#1759,#832);
#727=LINE('',#1761,#833);
#728=LINE('',#1763,#834);
#729=LINE('',#1767,#835);
#730=LINE('',#1769,#836);
#731=LINE('',#1774,#837);
#732=LINE('',#1777,#838);
#733=LINE('',#1779,#839);
#734=LINE('',#1781,#840);
#735=LINE('',#1783,#841);
#736=LINE('',#1784,#842);
#737=LINE('',#1787,#843);
#738=LINE('',#1789,#844);
#739=LINE('',#1791,#845);
#740=LINE('',#1793,#846);
#741=LINE('',#1795,#847);
#742=LINE('',#1797,#848);
#743=LINE('',#1799,#849);
#744=LINE('',#1803,#850);
#745=LINE('',#1805,#851);
#746=LINE('',#1806,#852);
#747=LINE('',#1808,#853);
#748=LINE('',#1810,#854);
#749=LINE('',#1811,#855);
#750=LINE('',#1814,#856);
#751=LINE('',#1816,#857);
#752=LINE('',#1818,#858);
#753=LINE('',#1820,#859);
#754=LINE('',#1825,#860);
#755=LINE('',#1827,#861);
#756=LINE('',#1829,#862);
#757=LINE('',#1831,#863);
#758=LINE('',#1833,#864);
#759=LINE('',#1835,#865);
#760=LINE('',#1845,#866);
#761=LINE('',#1847,#867);
#762=LINE('',#1849,#868);
#763=LINE('',#1851,#869);
#764=LINE('',#1853,#870);
#765=LINE('',#1856,#871);
#766=LINE('',#1857,#872);
#767=LINE('',#1859,#873);
#768=LINE('',#1861,#874);
#769=LINE('',#1867,#875);
#770=LINE('',#1869,#876);
#771=LINE('',#1871,#877);
#772=LINE('',#1881,#878);
#773=LINE('',#1885,#879);
#774=LINE('',#1887,#880);
#775=LINE('',#1889,#881);
#776=LINE('',#1893,#882);
#777=LINE('',#1898,#883);
#778=LINE('',#1902,#884);
#779=LINE('',#1905,#885);
#780=LINE('',#1909,#886);
#781=LINE('',#1935,#887);
#782=LINE('',#1939,#888);
#783=LINE('',#1953,#889);
#784=LINE('',#1957,#890);
#785=LINE('',#1974,#891);
#786=LINE('',#1976,#892);
#787=LINE('',#1980,#893);
#788=LINE('',#1981,#894);
#789=LINE('',#1982,#895);
#790=LINE('',#1983,#896);
#791=LINE('',#2011,#897);
#792=LINE('',#2018,#898);
#793=LINE('',#2020,#899);
#794=LINE('',#2024,#900);
#795=LINE('',#2043,#901);
#796=LINE('',#2046,#902);
#797=LINE('',#2047,#903);
#798=VECTOR('',#1333,100.);
#799=VECTOR('',#1334,100.);
#800=VECTOR('',#1335,100.);
#801=VECTOR('',#1338,100.);
#802=VECTOR('',#1339,100.);
#803=VECTOR('',#1340,100.);
#804=VECTOR('',#1341,100.);
#805=VECTOR('',#1342,100.);
#806=VECTOR('',#1343,100.);
#807=VECTOR('',#1344,100.);
#808=VECTOR('',#1345,100.);
#809=VECTOR('',#1346,100.);
#810=VECTOR('',#1347,100.);
#811=VECTOR('',#1348,100.);
#812=VECTOR('',#1357,100.);
#813=VECTOR('',#1362,100.);
#814=VECTOR('',#1363,100.);
#815=VECTOR('',#1364,100.);
#816=VECTOR('',#1369,100.);
#817=VECTOR('',#1374,100.);
#818=VECTOR('',#1375,100.);
#819=VECTOR('',#1376,100.);
#820=VECTOR('',#1377,100.);
#821=VECTOR('',#1378,100.);
#822=VECTOR('',#1379,100.);
#823=VECTOR('',#1380,100.);
#824=VECTOR('',#1381,100.);
#825=VECTOR('',#1382,100.);
#826=VECTOR('',#1383,100.);
#827=VECTOR('',#1386,100.);
#828=VECTOR('',#1387,100.);
#829=VECTOR('',#1388,100.);
#830=VECTOR('',#1389,100.);
#831=VECTOR('',#1392,100.);
#832=VECTOR('',#1393,100.);
#833=VECTOR('',#1394,100.);
#834=VECTOR('',#1395,100.);
#835=VECTOR('',#1400,100.);
#836=VECTOR('',#1401,100.);
#837=VECTOR('',#1410,100.);
#838=VECTOR('',#1411,100.);
#839=VECTOR('',#1412,100.);
#840=VECTOR('',#1413,100.);
#841=VECTOR('',#1414,100.);
#842=VECTOR('',#1415,100.);
#843=VECTOR('',#1416,100.);
#844=VECTOR('',#1417,100.);
#845=VECTOR('',#1418,100.);
#846=VECTOR('',#1421,100.);
#847=VECTOR('',#1422,100.);
#848=VECTOR('',#1423,100.);
#849=VECTOR('',#1426,100.);
#850=VECTOR('',#1429,100.);
#851=VECTOR('',#1430,100.);
#852=VECTOR('',#1431,100.);
#853=VECTOR('',#1432,100.);
#854=VECTOR('',#1433,100.);
#855=VECTOR('',#1434,100.);
#856=VECTOR('',#1439,100.);
#857=VECTOR('',#1440,100.);
#858=VECTOR('',#1443,100.);
#859=VECTOR('',#1444,100.);
#860=VECTOR('',#1453,100.);
#861=VECTOR('',#1454,100.);
#862=VECTOR('',#1457,100.);
#863=VECTOR('',#1458,100.);
#864=VECTOR('',#1461,100.);
#865=VECTOR('',#1464,100.);
#866=VECTOR('',#1479,100.);
#867=VECTOR('',#1480,100.);
#868=VECTOR('',#1481,100.);
#869=VECTOR('',#1484,100.);
#870=VECTOR('',#1487,100.);
#871=VECTOR('',#1492,100.);
#872=VECTOR('',#1493,100.);
#873=VECTOR('',#1496,100.);
#874=VECTOR('',#1499,100.);
#875=VECTOR('',#1510,100.);
#876=VECTOR('',#1511,100.);
#877=VECTOR('',#1512,100.);
#878=VECTOR('',#1527,100.);
#879=VECTOR('',#1530,100.);
#880=VECTOR('',#1531,100.);
#881=VECTOR('',#1532,100.);
#882=VECTOR('',#1535,100.);
#883=VECTOR('',#1540,100.);
#884=VECTOR('',#1543,100.);
#885=VECTOR('',#1548,100.);
#886=VECTOR('',#1551,100.);
#887=VECTOR('',#1554,100.);
#888=VECTOR('',#1557,100.);
#889=VECTOR('',#1560,100.);
#890=VECTOR('',#1563,100.);
#891=VECTOR('',#1568,100.);
#892=VECTOR('',#1571,100.);
#893=VECTOR('',#1578,100.);
#894=VECTOR('',#1579,100.);
#895=VECTOR('',#1580,100.);
#896=VECTOR('',#1581,100.);
#897=VECTOR('',#1620,100.);
#898=VECTOR('',#1621,100.);
#899=VECTOR('',#1624,100.);
#900=VECTOR('',#1629,100.);
#901=VECTOR('',#1640,100.);
#902=VECTOR('',#1641,100.);
#903=VECTOR('',#1642,100.);
#904=EDGE_LOOP('',(#96,#97,#98,#99,#100,#101,#102,#103,#104,#105,#106,#107,
#108,#109,#110));
#905=EDGE_LOOP('',(#111));
#906=EDGE_LOOP('',(#112));
#907=EDGE_LOOP('',(#113,#114,#115,#116));
#908=EDGE_LOOP('',(#117,#118,#119,#120));
#909=EDGE_LOOP('',(#121,#122,#123,#124));
#910=EDGE_LOOP('',(#125,#126,#127,#128,#129,#130,#131,#132,#133,#134,#135,
#136));
#911=EDGE_LOOP('',(#137,#138,#139,#140));
#912=EDGE_LOOP('',(#141,#142,#143,#144));
#913=EDGE_LOOP('',(#145,#146,#147));
#914=EDGE_LOOP('',(#148,#149,#150));
#915=EDGE_LOOP('',(#151,#152,#153,#154,#155));
#916=EDGE_LOOP('',(#156,#157,#158,#159));
#917=EDGE_LOOP('',(#160,#161,#162,#163));
#918=EDGE_LOOP('',(#164,#165,#166,#167,#168,#169,#170,#171,#172,#173,#174,
#175,#176,#177));
#919=EDGE_LOOP('',(#178,#179,#180,#181));
#920=EDGE_LOOP('',(#182,#183,#184,#185));
#921=EDGE_LOOP('',(#186,#187,#188,#189));
#922=EDGE_LOOP('',(#190,#191,#192,#193,#194,#195));
#923=EDGE_LOOP('',(#196,#197,#198,#199));
#924=EDGE_LOOP('',(#200,#201,#202,#203));
#925=EDGE_LOOP('',(#204,#205,#206,#207));
#926=EDGE_LOOP('',(#208,#209,#210,#211,#212,#213));
#927=EDGE_LOOP('',(#214));
#928=EDGE_LOOP('',(#215));
#929=EDGE_LOOP('',(#216));
#930=EDGE_LOOP('',(#217));
#931=EDGE_LOOP('',(#218));
#932=EDGE_LOOP('',(#219));
#933=EDGE_LOOP('',(#220,#221,#222,#223,#224));
#934=EDGE_LOOP('',(#225,#226,#227,#228));
#935=EDGE_LOOP('',(#229,#230,#231,#232));
#936=EDGE_LOOP('',(#233,#234,#235,#236));
#937=EDGE_LOOP('',(#237,#238,#239,#240));
#938=EDGE_LOOP('',(#241,#242,#243,#244));
#939=EDGE_LOOP('',(#245,#246,#247,#248));
#940=EDGE_LOOP('',(#249,#250,#251,#252));
#941=EDGE_LOOP('',(#253,#254,#255,#256));
#942=EDGE_LOOP('',(#257,#258,#259,#260));
#943=EDGE_LOOP('',(#261,#262,#263,#264,#265,#266,#267));
#944=EDGE_LOOP('',(#268,#269,#270,#271,#272,#273,#274,#275,#276,#277,#278,
#279,#280,#281,#282,#283));
#945=EDGE_LOOP('',(#284,#285,#286,#287,#288,#289,#290,#291,#292,#293));
#946=EDGE_LOOP('',(#294));
#947=EDGE_LOOP('',(#295));
#948=EDGE_LOOP('',(#296,#297,#298,#299,#300,#301,#302));
#949=EDGE_LOOP('',(#303));
#950=EDGE_LOOP('',(#304,#305,#306,#307));
#951=EDGE_LOOP('',(#308));
#952=EDGE_LOOP('',(#309,#310,#311,#312,#313,#314));
#953=EDGE_LOOP('',(#315,#316));
#954=EDGE_LOOP('',(#317,#318,#319,#320));
#955=EDGE_LOOP('',(#321,#322,#323,#324));
#956=EDGE_LOOP('',(#325));
#957=EDGE_LOOP('',(#326,#327,#328,#329));
#958=EDGE_LOOP('',(#330));
#959=EDGE_LOOP('',(#331,#332,#333,#334));
#960=EDGE_LOOP('',(#335));
#961=EDGE_LOOP('',(#336,#337,#338,#339));
#962=EDGE_LOOP('',(#340));
#963=EDGE_LOOP('',(#341,#342,#343,#344));
#964=EDGE_LOOP('',(#345));
#965=EDGE_LOOP('',(#346));
#966=EDGE_LOOP('',(#347));
#967=EDGE_LOOP('',(#348));
#968=EDGE_LOOP('',(#349));
#969=EDGE_LOOP('',(#350));
#970=EDGE_LOOP('',(#351));
#971=EDGE_LOOP('',(#352));
#972=EDGE_LOOP('',(#353));
#973=EDGE_LOOP('',(#354));
#974=EDGE_LOOP('',(#355));
#975=EDGE_LOOP('',(#356));
#976=EDGE_LOOP('',(#357,#358,#359,#360));
#977=EDGE_LOOP('',(#361,#362,#363,#364));
#978=EDGE_LOOP('',(#365,#366,#367,#368));
#979=EDGE_LOOP('',(#369,#370,#371,#372));
#980=EDGE_LOOP('',(#373));
#981=EDGE_LOOP('',(#374));
#982=EDGE_LOOP('',(#375));
#983=EDGE_LOOP('',(#376));
#984=EDGE_LOOP('',(#377,#378,#379));
#985=EDGE_LOOP('',(#380,#381,#382,#383));
#986=EDGE_LOOP('',(#384,#385,#386,#387));
#987=EDGE_LOOP('',(#388,#389,#390,#391));
#988=EDGE_LOOP('',(#392,#393,#394,#395));
#989=EDGE_LOOP('',(#396,#397,#398,#399));
#990=EDGE_LOOP('',(#400,#401,#402,#403));
#991=EDGE_LOOP('',(#404,#405,#406));
#992=EDGE_LOOP('',(#407,#408,#409,#410));
#993=EDGE_LOOP('',(#411,#412,#413));
#994=EDGE_LOOP('',(#414,#415,#416,#417));
#995=EDGE_LOOP('',(#418,#419,#420,#421));
#996=FACE_BOUND('',#904,.T.);
#997=FACE_BOUND('',#905,.T.);
#998=FACE_BOUND('',#906,.T.);
#999=FACE_BOUND('',#907,.T.);
#1000=FACE_BOUND('',#908,.T.);
#1001=FACE_BOUND('',#909,.T.);
#1002=FACE_BOUND('',#910,.T.);
#1003=FACE_BOUND('',#911,.T.);
#1004=FACE_BOUND('',#912,.T.);
#1005=FACE_BOUND('',#913,.T.);
#1006=FACE_BOUND('',#914,.T.);
#1007=FACE_BOUND('',#915,.T.);
#1008=FACE_BOUND('',#916,.T.);
#1009=FACE_BOUND('',#917,.T.);
#1010=FACE_BOUND('',#918,.T.);
#1011=FACE_BOUND('',#919,.T.);
#1012=FACE_BOUND('',#920,.T.);
#1013=FACE_BOUND('',#921,.T.);
#1014=FACE_BOUND('',#922,.T.);
#1015=FACE_BOUND('',#923,.T.);
#1016=FACE_BOUND('',#924,.T.);
#1017=FACE_BOUND('',#925,.T.);
#1018=FACE_BOUND('',#926,.T.);
#1019=FACE_BOUND('',#927,.T.);
#1020=FACE_BOUND('',#928,.T.);
#1021=FACE_BOUND('',#929,.T.);
#1022=FACE_BOUND('',#930,.T.);
#1023=FACE_BOUND('',#931,.T.);
#1024=FACE_BOUND('',#932,.T.);
#1025=FACE_BOUND('',#933,.T.);
#1026=FACE_BOUND('',#934,.T.);
#1027=FACE_BOUND('',#935,.T.);
#1028=FACE_BOUND('',#936,.T.);
#1029=FACE_BOUND('',#937,.T.);
#1030=FACE_BOUND('',#938,.T.);
#1031=FACE_BOUND('',#939,.T.);
#1032=FACE_BOUND('',#940,.T.);
#1033=FACE_BOUND('',#941,.T.);
#1034=FACE_BOUND('',#942,.T.);
#1035=FACE_BOUND('',#943,.T.);
#1036=FACE_BOUND('',#944,.T.);
#1037=FACE_BOUND('',#945,.T.);
#1038=FACE_BOUND('',#946,.T.);
#1039=FACE_BOUND('',#947,.T.);
#1040=FACE_BOUND('',#948,.T.);
#1041=FACE_BOUND('',#949,.T.);
#1042=FACE_BOUND('',#950,.T.);
#1043=FACE_BOUND('',#951,.T.);
#1044=FACE_BOUND('',#952,.T.);
#1045=FACE_BOUND('',#953,.T.);
#1046=FACE_BOUND('',#954,.T.);
#1047=FACE_BOUND('',#955,.T.);
#1048=FACE_BOUND('',#956,.T.);
#1049=FACE_BOUND('',#957,.T.);
#1050=FACE_BOUND('',#958,.T.);
#1051=FACE_BOUND('',#959,.T.);
#1052=FACE_BOUND('',#960,.T.);
#1053=FACE_BOUND('',#961,.T.);
#1054=FACE_BOUND('',#962,.T.);
#1055=FACE_BOUND('',#963,.T.);
#1056=FACE_BOUND('',#964,.T.);
#1057=FACE_BOUND('',#965,.T.);
#1058=FACE_BOUND('',#966,.T.);
#1059=FACE_BOUND('',#967,.T.);
#1060=FACE_BOUND('',#968,.T.);
#1061=FACE_BOUND('',#969,.T.);
#1062=FACE_BOUND('',#970,.T.);
#1063=FACE_BOUND('',#971,.T.);
#1064=FACE_BOUND('',#972,.T.);
#1065=FACE_BOUND('',#973,.T.);
#1066=FACE_BOUND('',#974,.T.);
#1067=FACE_BOUND('',#975,.T.);
#1068=FACE_BOUND('',#976,.T.);
#1069=FACE_BOUND('',#977,.T.);
#1070=FACE_BOUND('',#978,.T.);
#1071=FACE_BOUND('',#979,.T.);
#1072=FACE_BOUND('',#980,.T.);
#1073=FACE_BOUND('',#981,.T.);
#1074=FACE_BOUND('',#982,.T.);
#1075=FACE_BOUND('',#983,.T.);
#1076=FACE_BOUND('',#984,.T.);
#1077=FACE_BOUND('',#985,.T.);
#1078=FACE_BOUND('',#986,.T.);
#1079=FACE_BOUND('',#987,.T.);
#1080=FACE_BOUND('',#988,.T.);
#1081=FACE_BOUND('',#989,.T.);
#1082=FACE_BOUND('',#990,.T.);
#1083=FACE_BOUND('',#991,.T.);
#1084=FACE_BOUND('',#992,.T.);
#1085=FACE_BOUND('',#993,.T.);
#1086=FACE_BOUND('',#994,.T.);
#1087=FACE_BOUND('',#995,.T.);
#1088=PLANE('',#1212);
#1089=PLANE('',#1219);
#1090=PLANE('',#1223);
#1091=PLANE('',#1225);
#1092=PLANE('',#1226);
#1093=PLANE('',#1228);
#1094=PLANE('',#1231);
#1095=PLANE('',#1232);
#1096=PLANE('',#1233);
#1097=PLANE('',#1236);
#1098=PLANE('',#1237);
#1099=PLANE('',#1240);
#1100=PLANE('',#1241);
#1101=PLANE('',#1242);
#1102=PLANE('',#1243);
#1103=PLANE('',#1244);
#1104=PLANE('',#1247);
#1105=PLANE('',#1250);
#1106=PLANE('',#1251);
#1107=PLANE('',#1252);
#1108=PLANE('',#1253);
#1109=PLANE('',#1254);
#1110=PLANE('',#1255);
#1111=PLANE('',#1256);
#1112=PLANE('',#1257);
#1113=PLANE('',#1258);
#1114=PLANE('',#1262);
#1115=PLANE('',#1263);
#1116=PLANE('',#1267);
#1117=PLANE('',#1285);
#1118=PLANE('',#1287);
#1119=PLANE('',#1288);
#1120=PLANE('',#1290);
#1121=PLANE('',#1292);
#1122=PLANE('',#1294);
#1123=PLANE('',#1298);
#1124=PLANE('',#1303);
#1125=PLANE('',#1306);
#1126=PLANE('',#1309);
#1127=PLANE('',#1310);
#1128=PLANE('',#1313);
#1129=PLANE('',#1314);
#1130=ADVANCED_FACE('',(#996,#997,#998),#1088,.T.);
#1131=ADVANCED_FACE('',(#999),#33,.T.);
#1132=ADVANCED_FACE('',(#1000),#1089,.F.);
#1133=ADVANCED_FACE('',(#1001),#34,.T.);
#1134=ADVANCED_FACE('',(#1002,#1003),#1090,.F.);
#1135=ADVANCED_FACE('',(#1004),#1091,.F.);
#1136=ADVANCED_FACE('',(#1005),#1092,.F.);
#1137=ADVANCED_FACE('',(#1006),#1093,.F.);
#1138=ADVANCED_FACE('',(#1007,#1008),#1094,.F.);
#1139=ADVANCED_FACE('',(#1009),#1095,.T.);
#1140=ADVANCED_FACE('',(#1010),#1096,.F.);
#1141=ADVANCED_FACE('',(#1011),#1097,.T.);
#1142=ADVANCED_FACE('',(#1012),#1098,.T.);
#1143=ADVANCED_FACE('',(#1013),#35,.F.);
#1144=ADVANCED_FACE('',(#1014),#1099,.T.);
#1145=ADVANCED_FACE('',(#1015),#1100,.T.);
#1146=ADVANCED_FACE('',(#1016),#1101,.F.);
#1147=ADVANCED_FACE('',(#1017),#1102,.T.);
#1148=ADVANCED_FACE('',(#1018),#1103,.F.);
#1149=ADVANCED_FACE('',(#1019,#1020),#36,.F.);
#1150=ADVANCED_FACE('',(#1021),#1104,.T.);
#1151=ADVANCED_FACE('',(#1022,#1023),#37,.F.);
#1152=ADVANCED_FACE('',(#1024),#1105,.T.);
#1153=ADVANCED_FACE('',(#1025),#1106,.T.);
#1154=ADVANCED_FACE('',(#1026),#1107,.T.);
#1155=ADVANCED_FACE('',(#1027),#1108,.T.);
#1156=ADVANCED_FACE('',(#1028),#1109,.T.);
#1157=ADVANCED_FACE('',(#1029),#1110,.T.);
#1158=ADVANCED_FACE('',(#1030),#1111,.F.);
#1159=ADVANCED_FACE('',(#1031),#1112,.F.);
#1160=ADVANCED_FACE('',(#1032),#1113,.T.);
#1161=ADVANCED_FACE('',(#1033),#38,.T.);
#1162=ADVANCED_FACE('',(#1034),#1114,.T.);
#1163=ADVANCED_FACE('',(#1035),#1115,.T.);
#1164=ADVANCED_FACE('',(#1036),#1116,.T.);
#1165=ADVANCED_FACE('',(#1037,#1038),#39,.T.);
#1166=ADVANCED_FACE('',(#1039,#1040),#40,.F.);
#1167=ADVANCED_FACE('',(#1041,#1042),#41,.F.);
#1168=ADVANCED_FACE('',(#1043,#1044),#42,.T.);
#1169=ADVANCED_FACE('',(#1045),#1117,.T.);
#1170=ADVANCED_FACE('',(#1046,#1047),#1118,.F.);
#1171=ADVANCED_FACE('',(#1048,#1049),#1119,.T.);
#1172=ADVANCED_FACE('',(#1050,#1051),#1120,.T.);
#1173=ADVANCED_FACE('',(#1052,#1053),#1121,.T.);
#1174=ADVANCED_FACE('',(#1054,#1055),#1122,.T.);
#1175=ADVANCED_FACE('',(#1056,#1057),#43,.F.);
#1176=ADVANCED_FACE('',(#1058,#1059),#1123,.T.);
#1177=ADVANCED_FACE('',(#1060,#1061),#44,.F.);
#1178=ADVANCED_FACE('',(#1062,#1063),#45,.F.);
#1179=ADVANCED_FACE('',(#1064,#1065),#1124,.T.);
#1180=ADVANCED_FACE('',(#1066,#1067),#46,.F.);
#1181=ADVANCED_FACE('',(#1068),#1125,.T.);
#1182=ADVANCED_FACE('',(#1069),#47,.T.);
#1183=ADVANCED_FACE('',(#1070),#1126,.T.);
#1184=ADVANCED_FACE('',(#1071),#1127,.T.);
#1185=ADVANCED_FACE('',(#1072,#1073),#48,.F.);
#1186=ADVANCED_FACE('',(#1074,#1075),#49,.F.);
#1187=ADVANCED_FACE('',(#1076),#1128,.F.);
#1188=ADVANCED_FACE('',(#1077),#1129,.F.);
#1189=ADVANCED_FACE('',(#1078),#14,.T.);
#1190=ADVANCED_FACE('',(#1079),#50,.T.);
#1191=ADVANCED_FACE('',(#1080),#15,.T.);
#1192=ADVANCED_FACE('',(#1081),#51,.T.);
#1193=ADVANCED_FACE('',(#1082),#52,.T.);
#1194=ADVANCED_FACE('',(#1083),#12,.T.);
#1195=ADVANCED_FACE('',(#1084),#53,.T.);
#1196=ADVANCED_FACE('',(#1085),#13,.T.);
#1197=ADVANCED_FACE('',(#1086),#54,.T.);
#1198=ADVANCED_FACE('',(#1087),#16,.T.);
#1199=CLOSED_SHELL('',(#1130,#1131,#1132,#1133,#1134,#1135,#1136,#1137,
#1138,#1139,#1140,#1141,#1142,#1143,#1144,#1145,#1146,#1147,#1148,#1149,
#1150,#1151,#1152,#1153,#1154,#1155,#1156,#1157,#1158,#1159,#1160,#1161,
#1162,#1163,#1164,#1165,#1166,#1167,#1168,#1169,#1170,#1171,#1172,#1173,
#1174,#1175,#1176,#1177,#1178,#1179,#1180,#1181,#1182,#1183,#1184,#1185,
#1186,#1187,#1188,#1189,#1190,#1191,#1192,#1193,#1194,#1195,#1196,#1197,
#1198));
#1200=STYLED_ITEM('',(#1201),#1208);
#1201=PRESENTATION_STYLE_ASSIGNMENT((#1202));
#1202=SURFACE_STYLE_USAGE(.BOTH.,#1203);
#1203=SURFACE_SIDE_STYLE('',(#1204));
#1204=SURFACE_STYLE_FILL_AREA(#1205);
#1205=FILL_AREA_STYLE('',(#1206));
#1206=FILL_AREA_STYLE_COLOUR('',#1207);
#1207=COLOUR_RGB('',0.231372549019608,0.380392156862745,0.705882352941177);
#1208=MANIFOLD_SOLID_BREP('Gimbal Y axis ring',#1199);
#1209=SHAPE_DEFINITION_REPRESENTATION(#2122,#1210);
#1210=SHAPE_REPRESENTATION('Gimbal Y axis ring',(#1211),#2117);
#1211=AXIS2_PLACEMENT_3D('',#1671,#1329,#1330);
#1212=AXIS2_PLACEMENT_3D('',#1672,#1331,#1332);
#1213=AXIS2_PLACEMENT_3D('',#1680,#1336,#1337);
#1214=AXIS2_PLACEMENT_3D('',#1703,#1349,#1350);
#1215=AXIS2_PLACEMENT_3D('',#1705,#1351,#1352);
#1216=AXIS2_PLACEMENT_3D('',#1707,#1353,#1354);
#1217=AXIS2_PLACEMENT_3D('',#1708,#1355,#1356);
#1218=AXIS2_PLACEMENT_3D('',#1712,#1358,#1359);
#1219=AXIS2_PLACEMENT_3D('',#1713,#1360,#1361);
#1220=AXIS2_PLACEMENT_3D('',#1719,#1365,#1366);
#1221=AXIS2_PLACEMENT_3D('',#1720,#1367,#1368);
#1222=AXIS2_PLACEMENT_3D('',#1724,#1370,#1371);
#1223=AXIS2_PLACEMENT_3D('',#1725,#1372,#1373);
#1224=AXIS2_PLACEMENT_3D('',#1746,#1384,#1385);
#1225=AXIS2_PLACEMENT_3D('',#1755,#1390,#1391);
#1226=AXIS2_PLACEMENT_3D('',#1764,#1396,#1397);
#1227=AXIS2_PLACEMENT_3D('',#1765,#1398,#1399);
#1228=AXIS2_PLACEMENT_3D('',#1770,#1402,#1403);
#1229=AXIS2_PLACEMENT_3D('',#1771,#1404,#1405);
#1230=AXIS2_PLACEMENT_3D('',#1772,#1406,#1407);
#1231=AXIS2_PLACEMENT_3D('',#1773,#1408,#1409);
#1232=AXIS2_PLACEMENT_3D('',#1792,#1419,#1420);
#1233=AXIS2_PLACEMENT_3D('',#1798,#1424,#1425);
#1234=AXIS2_PLACEMENT_3D('',#1802,#1427,#1428);
#1235=AXIS2_PLACEMENT_3D('',#1812,#1435,#1436);
#1236=AXIS2_PLACEMENT_3D('',#1813,#1437,#1438);
#1237=AXIS2_PLACEMENT_3D('',#1817,#1441,#1442);
#1238=AXIS2_PLACEMENT_3D('',#1821,#1445,#1446);
#1239=AXIS2_PLACEMENT_3D('',#1822,#1447,#1448);
#1240=AXIS2_PLACEMENT_3D('',#1823,#1449,#1450);
#1241=AXIS2_PLACEMENT_3D('',#1824,#1451,#1452);
#1242=AXIS2_PLACEMENT_3D('',#1828,#1455,#1456);
#1243=AXIS2_PLACEMENT_3D('',#1832,#1459,#1460);
#1244=AXIS2_PLACEMENT_3D('',#1834,#1462,#1463);
#1245=AXIS2_PLACEMENT_3D('',#1836,#1465,#1466);
#1246=AXIS2_PLACEMENT_3D('',#1837,#1467,#1468);
#1247=AXIS2_PLACEMENT_3D('',#1839,#1469,#1470);
#1248=AXIS2_PLACEMENT_3D('',#1840,#1471,#1472);
#1249=AXIS2_PLACEMENT_3D('',#1841,#1473,#1474);
#1250=AXIS2_PLACEMENT_3D('',#1843,#1475,#1476);
#1251=AXIS2_PLACEMENT_3D('',#1844,#1477,#1478);
#1252=AXIS2_PLACEMENT_3D('',#1850,#1482,#1483);
#1253=AXIS2_PLACEMENT_3D('',#1852,#1485,#1486);
#1254=AXIS2_PLACEMENT_3D('',#1854,#1488,#1489);
#1255=AXIS2_PLACEMENT_3D('',#1855,#1490,#1491);
#1256=AXIS2_PLACEMENT_3D('',#1858,#1494,#1495);
#1257=AXIS2_PLACEMENT_3D('',#1860,#1497,#1498);
#1258=AXIS2_PLACEMENT_3D('',#1862,#1500,#1501);
#1259=AXIS2_PLACEMENT_3D('',#1863,#1502,#1503);
#1260=AXIS2_PLACEMENT_3D('',#1864,#1504,#1505);
#1261=AXIS2_PLACEMENT_3D('',#1865,#1506,#1507);
#1262=AXIS2_PLACEMENT_3D('',#1866,#1508,#1509);
#1263=AXIS2_PLACEMENT_3D('',#1872,#1513,#1514);
#1264=AXIS2_PLACEMENT_3D('',#1873,#1515,#1516);
#1265=AXIS2_PLACEMENT_3D('',#1874,#1517,#1518);
#1266=AXIS2_PLACEMENT_3D('',#1875,#1519,#1520);
#1267=AXIS2_PLACEMENT_3D('',#1876,#1521,#1522);
#1268=AXIS2_PLACEMENT_3D('',#1877,#1523,#1524);
#1269=AXIS2_PLACEMENT_3D('',#1879,#1525,#1526);
#1270=AXIS2_PLACEMENT_3D('',#1883,#1528,#1529);
#1271=AXIS2_PLACEMENT_3D('',#1891,#1533,#1534);
#1272=AXIS2_PLACEMENT_3D('',#1895,#1536,#1537);
#1273=AXIS2_PLACEMENT_3D('',#1896,#1538,#1539);
#1274=AXIS2_PLACEMENT_3D('',#1900,#1541,#1542);
#1275=AXIS2_PLACEMENT_3D('',#1903,#1544,#1545);
#1276=AXIS2_PLACEMENT_3D('',#1904,#1546,#1547);
#1277=AXIS2_PLACEMENT_3D('',#1907,#1549,#1550);
#1278=AXIS2_PLACEMENT_3D('',#1922,#1552,#1553);
#1279=AXIS2_PLACEMENT_3D('',#1937,#1555,#1556);
#1280=AXIS2_PLACEMENT_3D('',#1940,#1558,#1559);
#1281=AXIS2_PLACEMENT_3D('',#1955,#1561,#1562);
#1282=AXIS2_PLACEMENT_3D('',#1958,#1564,#1565);
#1283=AXIS2_PLACEMENT_3D('',#1971,#1566,#1567);
#1284=AXIS2_PLACEMENT_3D('',#1975,#1569,#1570);
#1285=AXIS2_PLACEMENT_3D('',#1977,#1572,#1573);
#1286=AXIS2_PLACEMENT_3D('',#1978,#1574,#1575);
#1287=AXIS2_PLACEMENT_3D('',#1979,#1576,#1577);
#1288=AXIS2_PLACEMENT_3D('',#1984,#1582,#1583);
#1289=AXIS2_PLACEMENT_3D('',#1985,#1584,#1585);
#1290=AXIS2_PLACEMENT_3D('',#1987,#1586,#1587);
#1291=AXIS2_PLACEMENT_3D('',#1988,#1588,#1589);
#1292=AXIS2_PLACEMENT_3D('',#1990,#1590,#1591);
#1293=AXIS2_PLACEMENT_3D('',#1991,#1592,#1593);
#1294=AXIS2_PLACEMENT_3D('',#1993,#1594,#1595);
#1295=AXIS2_PLACEMENT_3D('',#1994,#1596,#1597);
#1296=AXIS2_PLACEMENT_3D('',#1996,#1598,#1599);
#1297=AXIS2_PLACEMENT_3D('',#1997,#1600,#1601);
#1298=AXIS2_PLACEMENT_3D('',#1999,#1602,#1603);
#1299=AXIS2_PLACEMENT_3D('',#2000,#1604,#1605);
#1300=AXIS2_PLACEMENT_3D('',#2002,#1606,#1607);
#1301=AXIS2_PLACEMENT_3D('',#2003,#1608,#1609);
#1302=AXIS2_PLACEMENT_3D('',#2004,#1610,#1611);
#1303=AXIS2_PLACEMENT_3D('',#2006,#1612,#1613);
#1304=AXIS2_PLACEMENT_3D('',#2007,#1614,#1615);
#1305=AXIS2_PLACEMENT_3D('',#2009,#1616,#1617);
#1306=AXIS2_PLACEMENT_3D('',#2010,#1618,#1619);
#1307=AXIS2_PLACEMENT_3D('',#2019,#1622,#1623);
#1308=AXIS2_PLACEMENT_3D('',#2022,#1625,#1626);
#1309=AXIS2_PLACEMENT_3D('',#2023,#1627,#1628);
#1310=AXIS2_PLACEMENT_3D('',#2030,#1630,#1631);
#1311=AXIS2_PLACEMENT_3D('',#2039,#1632,#1633);
#1312=AXIS2_PLACEMENT_3D('',#2040,#1634,#1635);
#1313=AXIS2_PLACEMENT_3D('',#2041,#1636,#1637);
#1314=AXIS2_PLACEMENT_3D('',#2042,#1638,#1639);
#1315=AXIS2_PLACEMENT_3D('',#2048,#1643,#1644);
#1316=AXIS2_PLACEMENT_3D('',#2049,#1645,#1646);
#1317=AXIS2_PLACEMENT_3D('',#2050,#1647,#1648);
#1318=AXIS2_PLACEMENT_3D('',#2051,#1649,#1650);
#1319=AXIS2_PLACEMENT_3D('',#2052,#1651,#1652);
#1320=AXIS2_PLACEMENT_3D('',#2053,#1653,#1654);
#1321=AXIS2_PLACEMENT_3D('',#2054,#1655,#1656);
#1322=AXIS2_PLACEMENT_3D('',#2055,#1657,#1658);
#1323=AXIS2_PLACEMENT_3D('',#2083,#1659,#1660);
#1324=AXIS2_PLACEMENT_3D('',#2084,#1661,#1662);
#1325=AXIS2_PLACEMENT_3D('',#2085,#1663,#1664);
#1326=AXIS2_PLACEMENT_3D('',#2113,#1665,#1666);
#1327=AXIS2_PLACEMENT_3D('',#2114,#1667,#1668);
#1328=AXIS2_PLACEMENT_3D('',#2115,#1669,#1670);
#1329=DIRECTION('',(0.,0.,1.));
#1330=DIRECTION('',(1.,0.,0.));
#1331=DIRECTION('',(-1.,0.,0.));
#1332=DIRECTION('',(0.,0.,1.));
#1333=DIRECTION('',(0.,0.,-1.));
#1334=DIRECTION('',(0.,-1.,0.));
#1335=DIRECTION('',(0.,0.,-1.));
#1336=DIRECTION('',(-1.,0.,0.));
#1337=DIRECTION('',(0.,0.,1.));
#1338=DIRECTION('',(0.,1.,0.));
#1339=DIRECTION('',(0.,-0.887196539933521,-0.46139169859241));
#1340=DIRECTION('',(0.,0.,-1.));
#1341=DIRECTION('',(0.,1.,0.));
#1342=DIRECTION('',(0.,1.,0.));
#1343=DIRECTION('',(0.,0.,-1.));
#1344=DIRECTION('',(0.,1.,0.));
#1345=DIRECTION('',(0.,0.,-1.));
#1346=DIRECTION('',(0.,-1.,0.));
#1347=DIRECTION('',(0.,0.,-1.));
#1348=DIRECTION('',(0.,-1.,0.));
#1349=DIRECTION('',(-1.,0.,0.));
#1350=DIRECTION('',(0.,0.,1.));
#1351=DIRECTION('',(-1.,0.,0.));
#1352=DIRECTION('',(0.,0.,1.));
#1353=DIRECTION('',(0.,0.,-1.));
#1354=DIRECTION('',(-1.,0.,0.));
#1355=DIRECTION('',(0.,0.,-1.));
#1356=DIRECTION('',(-1.,0.,0.));
#1357=DIRECTION('',(0.,0.,-1.));
#1358=DIRECTION('',(0.,0.,-1.));
#1359=DIRECTION('',(-1.,0.,0.));
#1360=DIRECTION('',(0.,-1.,0.));
#1361=DIRECTION('',(0.,0.,-1.));
#1362=DIRECTION('',(1.,0.,0.));
#1363=DIRECTION('',(0.,0.,-1.));
#1364=DIRECTION('',(-1.,0.,0.));
#1365=DIRECTION('',(0.,0.,-1.));
#1366=DIRECTION('',(-1.,0.,0.));
#1367=DIRECTION('',(0.,0.,-1.));
#1368=DIRECTION('',(-1.,0.,0.));
#1369=DIRECTION('',(0.,0.,-1.));
#1370=DIRECTION('',(0.,0.,-1.));
#1371=DIRECTION('',(-1.,0.,0.));
#1372=DIRECTION('',(-1.,0.,0.));
#1373=DIRECTION('',(0.,0.,1.));
#1374=DIRECTION('',(0.,-1.,0.));
#1375=DIRECTION('',(0.,0.,-1.));
#1376=DIRECTION('',(0.,1.,0.));
#1377=DIRECTION('',(0.,0.,-1.));
#1378=DIRECTION('',(0.,1.,0.));
#1379=DIRECTION('',(0.,0.,-1.));
#1380=DIRECTION('',(0.,-1.,0.));
#1381=DIRECTION('',(0.,0.,-1.));
#1382=DIRECTION('',(0.,0.887196539933521,0.46139169859241));
#1383=DIRECTION('',(0.,1.,0.));
#1384=DIRECTION('',(-1.,0.,0.));
#1385=DIRECTION('',(0.,0.,1.));
#1386=DIRECTION('',(0.,1.,0.));
#1387=DIRECTION('',(0.,0.,-1.));
#1388=DIRECTION('',(0.,1.,0.));
#1389=DIRECTION('',(0.,0.,-1.));
#1390=DIRECTION('',(0.,0.,1.));
#1391=DIRECTION('',(1.,0.,0.));
#1392=DIRECTION('',(-1.,0.,0.));
#1393=DIRECTION('',(0.,1.,0.));
#1394=DIRECTION('',(-1.,0.,0.));
#1395=DIRECTION('',(0.,1.,0.));
#1396=DIRECTION('',(0.,0.,1.));
#1397=DIRECTION('',(1.,0.,0.));
#1398=DIRECTION('',(0.,0.,1.));
#1399=DIRECTION('',(1.,0.,0.));
#1400=DIRECTION('',(-1.,0.,0.));
#1401=DIRECTION('',(0.056313741158795,-0.998413122187755,0.));
#1402=DIRECTION('',(0.,0.,1.));
#1403=DIRECTION('',(1.,0.,0.));
#1404=DIRECTION('',(0.,0.,1.));
#1405=DIRECTION('',(1.,0.,0.));
#1406=DIRECTION('',(0.,0.,1.));
#1407=DIRECTION('',(1.,0.,0.));
#1408=DIRECTION('',(1.,0.,0.));
#1409=DIRECTION('',(0.,0.,-1.));
#1410=DIRECTION('',(0.,0.,1.));
#1411=DIRECTION('',(0.,-1.,0.));
#1412=DIRECTION('',(0.,0.,1.));
#1413=DIRECTION('',(0.,-1.,0.));
#1414=DIRECTION('',(0.,-1.,0.));
#1415=DIRECTION('',(0.,1.,0.));
#1416=DIRECTION('',(0.,0.,-1.));
#1417=DIRECTION('',(0.,1.,0.));
#1418=DIRECTION('',(0.,0.,-1.));
#1419=DIRECTION('',(0.,0.,-1.));
#1420=DIRECTION('',(-1.,0.,0.));
#1421=DIRECTION('',(-1.,0.,0.));
#1422=DIRECTION('',(0.,-1.,0.));
#1423=DIRECTION('',(-1.,0.,0.));
#1424=DIRECTION('',(0.,1.,0.));
#1425=DIRECTION('',(0.,0.,1.));
#1426=DIRECTION('',(-1.,0.,0.));
#1427=DIRECTION('',(0.,1.,0.));
#1428=DIRECTION('',(0.,0.,1.));
#1429=DIRECTION('',(0.,0.,1.));
#1430=DIRECTION('',(1.,0.,0.));
#1431=DIRECTION('',(-1.,0.,0.));
#1432=DIRECTION('',(0.,0.,1.));
#1433=DIRECTION('',(-1.,0.,0.));
#1434=DIRECTION('',(-1.,0.,0.));
#1435=DIRECTION('',(0.,1.,0.));
#1436=DIRECTION('',(0.,0.,1.));
#1437=DIRECTION('',(0.,-1.,0.));
#1438=DIRECTION('',(0.,0.,-1.));
#1439=DIRECTION('',(-1.,0.,0.));
#1440=DIRECTION('',(0.,0.,-1.));
#1441=DIRECTION('',(-0.998413122187755,-0.056313741158795,0.));
#1442=DIRECTION('',(0.056313741158795,-0.998413122187755,0.));
#1443=DIRECTION('',(-0.056313741158795,0.998413122187755,0.));
#1444=DIRECTION('',(0.,0.,-1.));
#1445=DIRECTION('',(0.,0.,-1.));
#1446=DIRECTION('',(-1.,0.,0.));
#1447=DIRECTION('',(0.,0.,1.));
#1448=DIRECTION('',(1.,0.,0.));
#1449=DIRECTION('',(0.,0.,1.));
#1450=DIRECTION('',(1.,0.,0.));
#1451=DIRECTION('',(0.,0.,-1.));
#1452=DIRECTION('',(-1.,0.,0.));
#1453=DIRECTION('',(-1.,0.,0.));
#1454=DIRECTION('',(0.,-1.,0.));
#1455=DIRECTION('',(0.,0.,-1.));
#1456=DIRECTION('',(-1.,0.,0.));
#1457=DIRECTION('',(0.,-1.,0.));
#1458=DIRECTION('',(-1.,0.,0.));
#1459=DIRECTION('',(-1.,0.,0.));
#1460=DIRECTION('',(0.,-1.,0.));
#1461=DIRECTION('',(0.,0.,-1.));
#1462=DIRECTION('',(0.,1.,0.));
#1463=DIRECTION('',(0.,0.,1.));
#1464=DIRECTION('',(-1.,0.,0.));
#1465=DIRECTION('',(-1.,0.,0.));
#1466=DIRECTION('',(0.,0.,1.));
#1467=DIRECTION('',(-1.,0.,0.));
#1468=DIRECTION('',(0.,0.,1.));
#1469=DIRECTION('',(-1.,0.,0.));
#1470=DIRECTION('',(0.,-1.,0.));
#1471=DIRECTION('',(-1.,0.,0.));
#1472=DIRECTION('',(0.,0.,1.));
#1473=DIRECTION('',(-1.,0.,0.));
#1474=DIRECTION('',(0.,0.,1.));
#1475=DIRECTION('',(-1.,0.,0.));
#1476=DIRECTION('',(0.,-1.,0.));
#1477=DIRECTION('',(1.,0.,0.));
#1478=DIRECTION('',(0.,0.,-1.));
#1479=DIRECTION('',(0.,-1.,0.));
#1480=DIRECTION('',(0.,0.,1.));
#1481=DIRECTION('',(0.,-1.,0.));
#1482=DIRECTION('',(0.,0.,1.));
#1483=DIRECTION('',(1.,0.,0.));
#1484=DIRECTION('',(-1.,0.,0.));
#1485=DIRECTION('',(0.,0.,-1.));
#1486=DIRECTION('',(-1.,0.,0.));
#1487=DIRECTION('',(1.,0.,0.));
#1488=DIRECTION('',(0.,-1.,0.));
#1489=DIRECTION('',(1.,0.,0.));
#1490=DIRECTION('',(0.,0.,-1.));
#1491=DIRECTION('',(-1.,0.,0.));
#1492=DIRECTION('',(1.,0.,0.));
#1493=DIRECTION('',(1.,0.,0.));
#1494=DIRECTION('',(0.,-1.,0.));
#1495=DIRECTION('',(0.,0.,-1.));
#1496=DIRECTION('',(1.,0.,0.));
#1497=DIRECTION('',(0.,0.,-1.));
#1498=DIRECTION('',(-1.,0.,0.));
#1499=DIRECTION('',(1.,0.,0.));
#1500=DIRECTION('',(0.,-1.,0.));
#1501=DIRECTION('',(0.,0.,-1.));
#1502=DIRECTION('',(-1.,0.,0.));
#1503=DIRECTION('',(0.,0.,1.));
#1504=DIRECTION('',(-1.,0.,0.));
#1505=DIRECTION('',(0.,0.,1.));
#1506=DIRECTION('',(-1.,0.,0.));
#1507=DIRECTION('',(0.,0.,1.));
#1508=DIRECTION('',(0.,-1.,0.));
#1509=DIRECTION('',(0.,0.,-1.));
#1510=DIRECTION('',(1.,0.,0.));
#1511=DIRECTION('',(0.,0.,-1.));
#1512=DIRECTION('',(-1.,0.,0.));
#1513=DIRECTION('',(0.,0.46139169859241,-0.88719653993352));
#1514=DIRECTION('',(0.,0.887196539933521,0.46139169859241));
#1515=DIRECTION('',(0.,0.46139169859241,-0.88719653993352));
#1516=DIRECTION('',(0.,-0.887196539933521,-0.46139169859241));
#1517=DIRECTION('',(0.,0.46139169859241,-0.88719653993352));
#1518=DIRECTION('',(0.,-0.887196539933521,-0.46139169859241));
#1519=DIRECTION('',(0.,0.46139169859241,-0.88719653993352));
#1520=DIRECTION('',(0.,0.887196539933521,0.46139169859241));
#1521=DIRECTION('',(0.,0.,1.));
#1522=DIRECTION('',(1.,0.,0.));
#1523=DIRECTION('',(0.,0.,1.));
#1524=DIRECTION('',(1.,0.,0.));
#1525=DIRECTION('',(0.,0.,1.));
#1526=DIRECTION('',(1.,0.,0.));
#1527=DIRECTION('',(0.0146408035911749,-0.999892817691079,0.));
#1528=DIRECTION('',(0.,0.,1.));
#1529=DIRECTION('',(1.,0.,0.));
#1530=DIRECTION('',(0.,1.,0.));
#1531=DIRECTION('',(1.,0.,0.));
#1532=DIRECTION('',(0.,-1.,0.));
#1533=DIRECTION('',(0.,0.,1.));
#1534=DIRECTION('',(1.,0.,0.));
#1535=DIRECTION('',(0.0168882057044866,0.999857384084392,0.));
#1536=DIRECTION('',(0.,0.,1.));
#1537=DIRECTION('',(1.,0.,0.));
#1538=DIRECTION('',(0.,0.,1.));
#1539=DIRECTION('',(1.,0.,0.));
#1540=DIRECTION('',(-0.0191066557673674,-0.99981745119066,0.));
#1541=DIRECTION('',(0.,0.,1.));
#1542=DIRECTION('',(1.,0.,0.));
#1543=DIRECTION('',(-0.0191066557673674,0.99981745119066,0.));
#1544=DIRECTION('',(0.,0.,-1.));
#1545=DIRECTION('',(-1.,0.,0.));
#1546=DIRECTION('',(0.,0.,1.));
#1547=DIRECTION('',(1.,0.,0.));
#1548=DIRECTION('',(0.,0.,-1.));
#1549=DIRECTION('',(0.,0.,1.));
#1550=DIRECTION('',(1.,0.,0.));
#1551=DIRECTION('',(0.,0.,-1.));
#1552=DIRECTION('',(0.,0.,-1.));
#1553=DIRECTION('',(-1.,0.,0.));
#1554=DIRECTION('',(0.,0.,1.));
#1555=DIRECTION('',(0.,0.,1.));
#1556=DIRECTION('',(1.,0.,0.));
#1557=DIRECTION('',(0.,0.,1.));
#1558=DIRECTION('',(0.,0.,-1.));
#1559=DIRECTION('',(-1.,0.,0.));
#1560=DIRECTION('',(0.,0.,1.));
#1561=DIRECTION('',(0.,0.,1.));
#1562=DIRECTION('',(1.,0.,0.));
#1563=DIRECTION('',(0.,0.,1.));
#1564=DIRECTION('',(0.,0.,-1.));
#1565=DIRECTION('',(-1.,0.,0.));
#1566=DIRECTION('',(0.,0.,1.));
#1567=DIRECTION('',(1.,0.,0.));
#1568=DIRECTION('',(0.,0.,-1.));
#1569=DIRECTION('',(0.,0.,1.));
#1570=DIRECTION('',(1.,0.,0.));
#1571=DIRECTION('',(0.,0.,-1.));
#1572=DIRECTION('',(0.,0.,1.));
#1573=DIRECTION('',(1.,0.,0.));
#1574=DIRECTION('',(0.,0.,1.));
#1575=DIRECTION('',(1.,0.,0.));
#1576=DIRECTION('',(0.,0.,1.));
#1577=DIRECTION('',(1.,0.,0.));
#1578=DIRECTION('',(-0.0191066557673674,-0.99981745119066,0.));
#1579=DIRECTION('',(-0.0191066557673674,0.99981745119066,0.));
#1580=DIRECTION('',(0.0168882057044866,0.999857384084392,0.));
#1581=DIRECTION('',(0.0146408035911749,-0.999892817691079,0.));
#1582=DIRECTION('',(-0.999892817691079,-0.0146408035911749,0.));
#1583=DIRECTION('',(0.0146408035911749,-0.999892817691079,0.));
#1584=DIRECTION('',(-0.999892817691079,-0.0146408035911749,0.));
#1585=DIRECTION('',(0.0146408035911749,-0.999892817691079,0.));
#1586=DIRECTION('',(0.99981745119066,0.0191066557673674,0.));
#1587=DIRECTION('',(-0.0191066557673674,0.99981745119066,0.));
#1588=DIRECTION('',(0.99981745119066,0.0191066557673674,0.));
#1589=DIRECTION('',(-0.0191066557673674,0.99981745119066,0.));
#1590=DIRECTION('',(-0.99981745119066,0.0191066557673674,0.));
#1591=DIRECTION('',(-0.0191066557673674,-0.99981745119066,0.));
#1592=DIRECTION('',(-0.99981745119066,0.0191066557673674,0.));
#1593=DIRECTION('',(0.0191066557673674,0.99981745119066,0.));
#1594=DIRECTION('',(0.999857384084392,-0.0168882057044866,0.));
#1595=DIRECTION('',(0.0168882057044866,0.999857384084392,0.));
#1596=DIRECTION('',(0.999857384084392,-0.0168882057044866,0.));
#1597=DIRECTION('',(0.0168882057044866,0.999857384084392,0.));
#1598=DIRECTION('',(0.999857384084392,-0.0168882057044866,0.));
#1599=DIRECTION('',(0.0168882057044866,0.999857384084392,0.));
#1600=DIRECTION('',(0.999857384084392,-0.0168882057044866,0.));
#1601=DIRECTION('',(0.0168882057044866,0.999857384084392,0.));
#1602=DIRECTION('',(0.999857384084392,-0.0168882057044866,0.));
#1603=DIRECTION('',(0.0168882057044866,0.999857384084392,0.));
#1604=DIRECTION('',(0.999857384084392,-0.0168882057044866,0.));
#1605=DIRECTION('',(0.0168882057044866,0.999857384084392,0.));
#1606=DIRECTION('',(0.999857384084392,-0.0168882057044866,0.));
#1607=DIRECTION('',(0.0168882057044866,0.999857384084392,0.));
#1608=DIRECTION('',(-0.999892817691079,-0.0146408035911749,0.));
#1609=DIRECTION('',(0.0146408035911749,-0.999892817691079,0.));
#1610=DIRECTION('',(-0.999892817691079,-0.0146408035911749,0.));
#1611=DIRECTION('',(0.0146408035911749,-0.999892817691079,0.));
#1612=DIRECTION('',(-0.999892817691079,-0.0146408035911749,0.));
#1613=DIRECTION('',(0.0146408035911749,-0.999892817691079,0.));
#1614=DIRECTION('',(-0.999892817691079,-0.0146408035911749,0.));
#1615=DIRECTION('',(0.0146408035911749,-0.999892817691079,0.));
#1616=DIRECTION('',(-0.999892817691079,-0.0146408035911749,0.));
#1617=DIRECTION('',(0.0146408035911749,-0.999892817691079,0.));
#1618=DIRECTION('',(-1.,0.,0.));
#1619=DIRECTION('',(0.,0.,1.));
#1620=DIRECTION('',(0.,0.,-1.));
#1621=DIRECTION('',(0.,0.,-1.));
#1622=DIRECTION('',(0.,0.,-1.));
#1623=DIRECTION('',(-1.,0.,0.));
#1624=DIRECTION('',(0.,0.,-1.));
#1625=DIRECTION('',(0.,0.,1.));
#1626=DIRECTION('',(1.,0.,0.));
#1627=DIRECTION('',(1.,0.,0.));
#1628=DIRECTION('',(0.,0.,-1.));
#1629=DIRECTION('',(0.,0.,-1.));
#1630=DIRECTION('',(0.,1.,0.));
#1631=DIRECTION('',(0.,0.,1.));
#1632=DIRECTION('',(0.00895608387892681,-0.99995989347651,0.));
#1633=DIRECTION('',(0.99995989347651,0.00895608387892681,0.));
#1634=DIRECTION('',(0.00895608387892681,-0.99995989347651,0.));
#1635=DIRECTION('',(0.99995989347651,0.00895608387892681,0.));
#1636=DIRECTION('',(0.,0.,1.));
#1637=DIRECTION('',(1.,0.,0.));
#1638=DIRECTION('',(0.,0.,-1.));
#1639=DIRECTION('',(-1.,0.,0.));
#1640=DIRECTION('',(1.,0.,0.));
#1641=DIRECTION('',(0.,-1.,0.));
#1642=DIRECTION('',(0.,-1.,0.));
#1643=DIRECTION('',(-1.,0.,0.));
#1644=DIRECTION('',(0.,0.,1.));
#1645=DIRECTION('',(0.,-1.,0.));
#1646=DIRECTION('',(0.,0.,-1.));
#1647=DIRECTION('',(0.,-1.,0.));
#1648=DIRECTION('',(0.,0.,-1.));
#1649=DIRECTION('',(-1.,0.,0.));
#1650=DIRECTION('',(0.,0.,1.));
#1651=DIRECTION('',(0.,-1.,0.));
#1652=DIRECTION('',(0.,0.,-1.));
#1653=DIRECTION('',(0.,1.,0.));
#1654=DIRECTION('',(0.,0.,1.));
#1655=DIRECTION('',(0.,-1.,0.));
#1656=DIRECTION('',(0.,0.,-1.));
#1657=DIRECTION('',(-0.334172434921728,0.942511954162112,0.));
#1658=DIRECTION('',(0.942511954162112,0.334172434921728,0.));
#1659=DIRECTION('',(-0.942511954162112,0.334172434921728,0.));
#1660=DIRECTION('',(0.334172434921728,0.942511954162112,0.));
#1661=DIRECTION('',(1.,0.,0.));
#1662=DIRECTION('',(0.,0.,-1.));
#1663=DIRECTION('',(-0.94251170779065,-0.334173129795846,0.));
#1664=DIRECTION('',(-0.334173129795846,0.94251170779065,0.));
#1665=DIRECTION('',(-0.334173129795846,-0.94251170779065,0.));
#1666=DIRECTION('',(-0.942511707790651,0.334173129795846,0.));
#1667=DIRECTION('',(0.,1.,0.));
#1668=DIRECTION('',(0.,0.,1.));
#1669=DIRECTION('',(0.,0.,1.));
#1670=DIRECTION('',(1.,0.,0.));
#1671=CARTESIAN_POINT('',(0.,0.,0.));
#1672=CARTESIAN_POINT('',(-0.762901408597827,2.90479681337372,20.0002));
#1673=CARTESIAN_POINT('',(-0.762901408597827,2.5328366085887,11.497662127167));
#1674=CARTESIAN_POINT('',(-0.762901408597827,2.5328366085887,11.9246679800777));
#1675=CARTESIAN_POINT('',(-0.762901408597827,2.5328366085887,11.2309658378363));
#1676=CARTESIAN_POINT('',(-0.762901408597827,3.86710553534463,11.9246679800777));
#1677=CARTESIAN_POINT('',(-0.762901408597827,3.86710553534463,11.9246679800777));
#1678=CARTESIAN_POINT('',(-0.762901408597827,3.86710553534463,20.0002));
#1679=CARTESIAN_POINT('',(-0.762901408597827,3.86710553534463,9.00355339059328));
#1680=CARTESIAN_POINT('',(-0.762901408597827,3.55325777223613,9.00355339059328));
#1681=CARTESIAN_POINT('',(-0.762901408597827,3.55325777223613,8.68970562748477));
#1682=CARTESIAN_POINT('',(-0.762901408597827,2.85864714533091,8.68970562748477));
#1683=CARTESIAN_POINT('',(-0.762901408597827,3.41571358386433,8.68970562748477));
#1684=CARTESIAN_POINT('',(-0.762901408597827,2.61457173555211,8.27306716963649));
#1685=CARTESIAN_POINT('',(-0.762901408597827,2.38075228462759,8.15146801007022));
#1686=CARTESIAN_POINT('',(-0.762901408597827,2.38075228462759,8.4));
#1687=CARTESIAN_POINT('',(-0.762901408597827,2.38075228462759,8.4));
#1688=CARTESIAN_POINT('',(-0.762901408597827,2.90479681337372,8.4));
#1689=CARTESIAN_POINT('',(-0.762901408597827,1.84877836442324,8.4));
#1690=CARTESIAN_POINT('',(-0.762901408597827,2.90479681337372,8.4));
#1691=CARTESIAN_POINT('',(-0.762901408597827,1.84876248715742,8.4));
#1692=CARTESIAN_POINT('',(-0.762901408597827,1.84876248715742,17.05));
#1693=CARTESIAN_POINT('',(-0.762901408597827,1.84876248715742,8.81532425433398));
#1694=CARTESIAN_POINT('',(-0.762901408597827,2.07329532131552,8.81532425433397));
#1695=CARTESIAN_POINT('',(-0.762901408597827,2.5328366085887,8.81532425433397));
#1696=CARTESIAN_POINT('',(-0.762901408597827,2.5328366085887,11.497662127167));
#1697=CARTESIAN_POINT('',(-0.762901408597827,2.5328366085887,8.93854270130396));
#1698=CARTESIAN_POINT('',(-0.762901408597827,3.10893123969436,8.93854270130396));
#1699=CARTESIAN_POINT('',(-0.762901408597827,3.76344285905361,8.93854270130396));
#1700=CARTESIAN_POINT('',(-0.762901408597827,3.76344285905361,10.0847542695701));
#1701=CARTESIAN_POINT('',(-0.762901408597827,3.76344285905361,11.2309658378363));
#1702=CARTESIAN_POINT('',(-0.762901408597827,3.10893123969436,11.2309658378363));
#1703=CARTESIAN_POINT('',(-0.762901408597827,3.15325781702996,11.4939370602369));
#1704=CARTESIAN_POINT('',(-0.762901408597827,3.15325781702996,11.5133188174475));
#1705=CARTESIAN_POINT('',(-0.762901408597827,3.15325781702996,8.69335396587849));
#1706=CARTESIAN_POINT('',(-0.762901408597827,3.15325781702996,8.71273596840061));
#1707=CARTESIAN_POINT('',(-0.473195781113056,3.86710553534463,20.0002));
#1708=CARTESIAN_POINT('',(-0.473195781113056,3.86710553534463,11.9246679800777));
#1709=CARTESIAN_POINT('',(-0.473195781113056,4.1568111628294,11.9246679800777));
#1710=CARTESIAN_POINT('',(-0.473195781113056,4.1568111628294,20.0002));
#1711=CARTESIAN_POINT('',(-0.473195781113055,4.1568111628294,9.00355339059328));
#1712=CARTESIAN_POINT('',(-0.473195781113056,3.86710553534463,9.00355339059328));
#1713=CARTESIAN_POINT('',(0.181645674433233,4.1568111628294,20.0002));
#1714=CARTESIAN_POINT('',(0.181645674433233,4.1568111628294,11.9246679800777));
#1715=CARTESIAN_POINT('',(0.836486757464292,4.1568111628294,11.9246679800777));
#1716=CARTESIAN_POINT('',(0.836486757464292,4.1568111628294,20.0002));
#1717=CARTESIAN_POINT('',(0.836486757464292,4.1568111628294,9.00355339059328));
#1718=CARTESIAN_POINT('',(1.73709859140218,4.1568111628294,9.00355339059328));
#1719=CARTESIAN_POINT('',(0.836486757464292,3.8671051628294,20.0002));
#1720=CARTESIAN_POINT('',(0.836486757464292,3.8671051628294,11.9246679800777));
#1721=CARTESIAN_POINT('',(1.12619275746429,3.8671051628294,11.9246679800777));
#1722=CARTESIAN_POINT('',(1.12619275746429,3.8671051628294,20.0002));
#1723=CARTESIAN_POINT('',(1.12619275746429,3.8671051628294,9.00355339059328));
#1724=CARTESIAN_POINT('',(0.836486757464292,3.8671051628294,9.00355339059328));
#1725=CARTESIAN_POINT('',(1.12619275746429,2.90479681337372,20.0002));
#1726=CARTESIAN_POINT('',(1.12619275746429,2.90479681337372,11.9246679800777));
#1727=CARTESIAN_POINT('',(1.12619275746429,2.5328366085887,11.9246679800777));
#1728=CARTESIAN_POINT('',(1.12619275746429,2.5328366085887,14.18));
#1729=CARTESIAN_POINT('',(1.12619275746429,2.5328366085887,8.81532425433397));
#1730=CARTESIAN_POINT('',(1.12619275746429,2.90479681337372,8.81532425433397));
#1731=CARTESIAN_POINT('',(1.12619275746429,1.65278246391804,8.81532425433397));
#1732=CARTESIAN_POINT('',(1.12619275746429,1.65278246391804,14.18));
#1733=CARTESIAN_POINT('',(1.12619275746429,1.65278246391804,8.4));
#1734=CARTESIAN_POINT('',(1.12619275746429,2.90479681337372,8.4));
#1735=CARTESIAN_POINT('',(1.12619275746429,2.23196995343463,8.4));
#1736=CARTESIAN_POINT('',(1.12619275746429,2.23196995343463,8.4));
#1737=CARTESIAN_POINT('',(1.12619275746429,2.23196995343463,8.1484050899744));
#1738=CARTESIAN_POINT('',(1.12619275746429,2.2751661243947,8.1484050899744));
#1739=CARTESIAN_POINT('',(1.12619275746429,2.37049632577332,8.1484050899744));
#1740=CARTESIAN_POINT('',(1.12619275746429,2.37049632577332,8.27306716963649));
#1741=CARTESIAN_POINT('',(1.12619275746429,2.37049632577332,8.14613433927298));
#1742=CARTESIAN_POINT('',(1.12619275746429,2.61457173555211,8.27306716963649));
#1743=CARTESIAN_POINT('',(1.12619275746429,3.41571430016291,8.689706));
#1744=CARTESIAN_POINT('',(1.12619275746429,2.90479681337372,8.689706));
#1745=CARTESIAN_POINT('',(1.12619275746429,3.55325777223613,8.689706));
#1746=CARTESIAN_POINT('',(1.12619275746429,3.55325777223613,9.00355339059328));
#1747=CARTESIAN_POINT('',(1.12619275746429,3.14869907899077,11.8554693209733));
#1748=CARTESIAN_POINT('',(1.12619275746429,2.64591442849984,11.8554693209733));
#1749=CARTESIAN_POINT('',(1.12619275746429,3.65148372948169,11.8554693209733));
#1750=CARTESIAN_POINT('',(1.12619275746429,3.65148372948169,11.6671179407639));
#1751=CARTESIAN_POINT('',(1.12619275746429,3.65148372948169,11.4787665605545));
#1752=CARTESIAN_POINT('',(1.12619275746429,3.14869907899077,11.4787665605545));
#1753=CARTESIAN_POINT('',(1.12619275746429,2.64591442849984,11.4787665605545));
#1754=CARTESIAN_POINT('',(1.12619275746429,2.64591442849984,11.6671179407639));
#1755=CARTESIAN_POINT('',(0.,0.8284055814147,8.4));
#1756=CARTESIAN_POINT('',(1.73709859140218,3.55325777223613,8.4));
#1757=CARTESIAN_POINT('',(0.836486757464292,3.55325777223613,8.4));
#1758=CARTESIAN_POINT('',(-0.473195781113055,3.55325777223613,8.4));
#1759=CARTESIAN_POINT('',(0.836486757464292,0.8284055814147,8.4));
#1760=CARTESIAN_POINT('',(0.836486757464292,2.85864714533091,8.4));
#1761=CARTESIAN_POINT('',(1.12639275746429,2.85864714533091,8.4));
#1762=CARTESIAN_POINT('',(-0.473195781113056,2.85864714533091,8.4));
#1763=CARTESIAN_POINT('',(-0.473195781113056,3.55325777223613,8.4));
#1764=CARTESIAN_POINT('',(0.,0.8284055814147,8.4));
#1765=CARTESIAN_POINT('',(0.,1.22464679914735E-16,8.4));
#1766=CARTESIAN_POINT('',(1.11584188130771,1.65978820815177,8.4));
#1767=CARTESIAN_POINT('',(0.181645674433233,1.65278246391804,8.4));
#1768=CARTESIAN_POINT('',(1.11623702802459,1.65278246391804,8.4));
#1769=CARTESIAN_POINT('',(1.15904725293122,0.893779609000955,8.4));
#1770=CARTESIAN_POINT('',(0.,0.8284055814147,8.4));
#1771=CARTESIAN_POINT('',(0.,1.22464679914735E-16,8.4));
#1772=CARTESIAN_POINT('',(-0.00157996618165797,-0.0158630280126885,8.4));
#1773=CARTESIAN_POINT('',(1.03347068652511,3.77283660858869,11.5567763745785));
#1774=CARTESIAN_POINT('',(1.03347068652511,2.5328366085887,11.5567763745785));
#1775=CARTESIAN_POINT('',(1.03347068652511,2.5328366085887,11.2309658378363));
#1776=CARTESIAN_POINT('',(1.03347068652511,2.5328366085887,11.8825869113207));
#1777=CARTESIAN_POINT('',(1.03347068652511,3.77283660858869,11.8825869113207));
#1778=CARTESIAN_POINT('',(1.03347068652511,3.77283660858869,11.8825869113207));
#1779=CARTESIAN_POINT('',(1.03347068652511,3.77283660858869,11.5567763745785));
#1780=CARTESIAN_POINT('',(1.03347068652511,3.77283660858869,11.2309658378363));
#1781=CARTESIAN_POINT('',(1.03347068652511,3.77283660858869,11.2309658378363));
#1782=CARTESIAN_POINT('',(1.03347068652511,3.76344285905361,11.2309658378363));
#1783=CARTESIAN_POINT('',(1.03347068652511,3.77283660858869,11.2309658378363));
#1784=CARTESIAN_POINT('',(1.03347068652511,3.77283660858869,11.8554693209733));
#1785=CARTESIAN_POINT('',(1.03347068652511,2.64591442849984,11.8554693209733));
#1786=CARTESIAN_POINT('',(1.03347068652511,3.65148372948169,11.8554693209733));
#1787=CARTESIAN_POINT('',(1.03347068652511,2.64591442849984,11.5567763745785));
#1788=CARTESIAN_POINT('',(1.03347068652511,2.64591442849984,11.4787665605545));
#1789=CARTESIAN_POINT('',(1.03347068652511,3.77283660858869,11.4787665605545));
#1790=CARTESIAN_POINT('',(1.03347068652511,3.65148372948169,11.4787665605545));
#1791=CARTESIAN_POINT('',(1.03347068652511,3.65148372948169,11.5567763745785));
#1792=CARTESIAN_POINT('',(1.07709859140217,3.10893123969436,11.2309658378363));
#1793=CARTESIAN_POINT('',(1.07709859140217,3.76344285905361,11.2309658378363));
#1794=CARTESIAN_POINT('',(0.157098591402173,3.76344285905361,11.2309658378363));
#1795=CARTESIAN_POINT('',(0.157098591402173,3.77283660858869,11.2309658378363));
#1796=CARTESIAN_POINT('',(0.157098591402173,2.5328366085887,11.2309658378363));
#1797=CARTESIAN_POINT('',(1.73709859140218,2.5328366085887,11.2309658378363));
#1798=CARTESIAN_POINT('',(1.73709859140218,2.5328366085887,11.497662127167));
#1799=CARTESIAN_POINT('',(1.73709859140218,2.5328366085887,12.3735149800777));
#1800=CARTESIAN_POINT('',(0.677345757464292,2.5328366085887,12.3735149800777));
#1801=CARTESIAN_POINT('',(-0.314054408597827,2.5328366085887,12.3735149800777));
#1802=CARTESIAN_POINT('',(-0.314054408597827,2.5328366085887,11.9246679800777));
#1803=CARTESIAN_POINT('',(0.157098591402173,2.5328366085887,11.5567763745785));
#1804=CARTESIAN_POINT('',(0.157098591402173,2.5328366085887,11.8825869113207));
#1805=CARTESIAN_POINT('',(0.59528463896364,2.5328366085887,11.8825869113207));
#1806=CARTESIAN_POINT('',(1.73709859140218,2.5328366085887,11.2309658378363));
#1807=CARTESIAN_POINT('',(1.07709859140217,2.5328366085887,11.2309658378363));
#1808=CARTESIAN_POINT('',(1.07709859140217,2.5328366085887,11.497662127167));
#1809=CARTESIAN_POINT('',(1.07709859140217,2.5328366085887,8.93854270130396));
#1810=CARTESIAN_POINT('',(1.73709859140218,2.5328366085887,8.93854270130396));
#1811=CARTESIAN_POINT('',(1.73709859140218,2.5328366085887,8.81532425433397));
#1812=CARTESIAN_POINT('',(0.677345757464292,2.5328366085887,11.9246679800777));
#1813=CARTESIAN_POINT('',(0.181645674433233,1.65278246391804,14.18));
#1814=CARTESIAN_POINT('',(0.181645674433233,1.65278246391804,8.81532425433397));
#1815=CARTESIAN_POINT('',(1.11623702802459,1.65278246391804,8.81532425433397));
#1816=CARTESIAN_POINT('',(1.11623702802459,1.65278246391804,14.18));
#1817=CARTESIAN_POINT('',(1.11835887512697,1.61516322664666,17.05));
#1818=CARTESIAN_POINT('',(1.11835887512697,1.61516322664666,8.81532425433397));
#1819=CARTESIAN_POINT('',(1.11584188130763,1.65978820815183,8.81532425433397));
#1820=CARTESIAN_POINT('',(1.11584188130763,1.65978820815183,17.05));
#1821=CARTESIAN_POINT('',(-0.00157996618165797,-0.0158630280126885,17.05));
#1822=CARTESIAN_POINT('',(-0.00157996618165797,-0.0158630280126885,8.81532425433397));
#1823=CARTESIAN_POINT('',(1.73709859140218,2.07329532131552,8.81532425433397));
#1824=CARTESIAN_POINT('',(1.07709859140217,3.10893123969436,11.2309658378363));
#1825=CARTESIAN_POINT('',(1.07709859140217,3.76344285905361,11.2309658378363));
#1826=CARTESIAN_POINT('',(1.07709859140217,3.76344285905361,11.2309658378363));
#1827=CARTESIAN_POINT('',(1.07709859140217,3.10893123969436,11.2309658378363));
#1828=CARTESIAN_POINT('',(1.07709859140217,3.10893123969436,8.93854270130396));
#1829=CARTESIAN_POINT('',(1.07709859140217,3.10893123969436,8.93854270130396));
#1830=CARTESIAN_POINT('',(1.07709859140217,3.76344285905361,8.93854270130396));
#1831=CARTESIAN_POINT('',(1.07709859140217,3.76344285905361,8.93854270130396));
#1832=CARTESIAN_POINT('',(1.07709859140217,3.00278682499341,11.29));
#1833=CARTESIAN_POINT('',(1.07709859140217,3.76344285905361,10.0847542695701));
#1834=CARTESIAN_POINT('',(1.07709859140217,3.76344285905361,10.0847542695701));
#1835=CARTESIAN_POINT('',(1.07709859140217,3.76344285905361,11.2309658378363));
#1836=CARTESIAN_POINT('',(-0.462901408597827,3.15325781702996,8.69335396587849));
#1837=CARTESIAN_POINT('',(-0.462901408597827,3.15325781702996,8.69335396587849));
#1838=CARTESIAN_POINT('',(-0.462901408597827,3.15325781702996,8.71273596840061));
#1839=CARTESIAN_POINT('',(-0.462901408597827,3.00278682499341,11.29));
#1840=CARTESIAN_POINT('',(-0.462901408597827,3.15325781702996,11.4939370602369));
#1841=CARTESIAN_POINT('',(-0.462901408597827,3.15325781702996,11.4939370602369));
#1842=CARTESIAN_POINT('',(-0.462901408597827,3.15325781702996,11.5133188174475));
#1843=CARTESIAN_POINT('',(-0.462901408597827,3.00278682499341,11.29));
#1844=CARTESIAN_POINT('',(0.157098591402173,3.77283660858869,11.5567763745785));
#1845=CARTESIAN_POINT('',(0.157098591402173,3.77283660858869,11.2309658378363));
#1846=CARTESIAN_POINT('',(0.157098591402173,3.77283660858869,11.2309658378363));
#1847=CARTESIAN_POINT('',(0.157098591402173,3.77283660858869,11.5567763745785));
#1848=CARTESIAN_POINT('',(0.157098591402173,3.77283660858869,11.8825869113207));
#1849=CARTESIAN_POINT('',(0.157098591402173,3.77283660858869,11.8825869113207));
#1850=CARTESIAN_POINT('',(1.73709859140218,3.77283660858869,11.2309658378363));
#1851=CARTESIAN_POINT('',(1.73709859140218,3.77283660858869,11.2309658378363));
#1852=CARTESIAN_POINT('',(0.59528463896364,3.77283660858869,11.8825869113207));
#1853=CARTESIAN_POINT('',(0.59528463896364,3.77283660858869,11.8825869113207));
#1854=CARTESIAN_POINT('',(0.181645674433233,3.77283660858869,11.497662127167));
#1855=CARTESIAN_POINT('',(0.926192757464292,3.14869907899077,11.8554693209733));
#1856=CARTESIAN_POINT('',(0.926192757464292,3.65148372948169,11.8554693209733));
#1857=CARTESIAN_POINT('',(0.926192757464292,2.64591442849984,11.8554693209733));
#1858=CARTESIAN_POINT('',(0.926192757464292,2.64591442849984,11.6671179407639));
#1859=CARTESIAN_POINT('',(0.926192757464292,2.64591442849984,11.4787665605545));
#1860=CARTESIAN_POINT('',(0.926192757464292,3.14869907899077,11.4787665605545));
#1861=CARTESIAN_POINT('',(0.926192757464292,3.65148372948169,11.4787665605545));
#1862=CARTESIAN_POINT('',(0.926192757464292,3.65148372948169,11.6671179407639));
#1863=CARTESIAN_POINT('',(1.73709859140218,3.55325777223613,9.00355339059328));
#1864=CARTESIAN_POINT('',(0.836486757464292,3.55325777223613,9.00355339059328));
#1865=CARTESIAN_POINT('',(-0.473195781113055,3.55325777223613,9.00355339059328));
#1866=CARTESIAN_POINT('',(1.12639275746429,2.37049632577332,8.27306716963649));
#1867=CARTESIAN_POINT('',(0.764192757464292,2.37049632577332,8.1484050899744));
#1868=CARTESIAN_POINT('',(0.794195926390462,2.37049632577332,8.1484050899744));
#1869=CARTESIAN_POINT('',(0.794195926390462,2.37049632577332,8.4));
#1870=CARTESIAN_POINT('',(0.794195926390463,2.37049632577332,8.14613433927298));
#1871=CARTESIAN_POINT('',(1.12639275746429,2.37049632577332,8.14613433927298));
#1872=CARTESIAN_POINT('',(1.12639275746429,2.61457173555211,8.27306716963649));
#1873=CARTESIAN_POINT('',(0.,1.53080849893419E-16,6.91334399685621));
#1874=CARTESIAN_POINT('',(-0.473195781113056,3.41571358386433,8.68970562748477));
#1875=CARTESIAN_POINT('',(0.836486757464292,3.41571430016291,8.689706));
#1876=CARTESIAN_POINT('',(1.12639275746429,2.90479681337372,8.4));
#1877=CARTESIAN_POINT('',(0.,1.22464679914735E-16,8.4));
#1878=CARTESIAN_POINT('',(-1.80569697606019,0.859917688297592,8.4));
#1879=CARTESIAN_POINT('',(0.,1.53080849893419E-16,8.4));
#1880=CARTESIAN_POINT('',(-2.34745427417722,0.859917688297592,8.4));
#1881=CARTESIAN_POINT('',(-2.33436255344061,-0.0341806072119182,8.4));
#1882=CARTESIAN_POINT('',(-2.32127083270399,-0.928278902721428,8.4));
#1883=CARTESIAN_POINT('',(0.,1.53080849893419E-16,8.4));
#1884=CARTESIAN_POINT('',(-1.06404721136854,-2.26225629228407,8.4));
#1885=CARTESIAN_POINT('',(-1.06404721136858,-2.22593312972809,8.4));
#1886=CARTESIAN_POINT('',(-1.06404721136858,-2.11818106472492,8.4));
#1887=CARTESIAN_POINT('',(-0.0586004623673867,-2.11818106472492,8.4));
#1888=CARTESIAN_POINT('',(0.946846286633805,-2.11818106472492,8.4));
#1889=CARTESIAN_POINT('',(0.946846286633805,-2.25168463479096,8.4));
#1890=CARTESIAN_POINT('',(0.946846286633805,-2.31375930240978,8.4));
#1891=CARTESIAN_POINT('',(0.,1.53080849893419E-16,8.4));
#1892=CARTESIAN_POINT('',(2.31707444095774,-0.938704444998722,8.4));
#1893=CARTESIAN_POINT('',(2.33226435756748,-0.0393933783505652,8.4));
#1894=CARTESIAN_POINT('',(2.34745427417722,0.859917688297592,8.4));
#1895=CARTESIAN_POINT('',(0.,1.53080849893419E-16,8.4));
#1896=CARTESIAN_POINT('',(0.,1.22464679914735E-16,8.4));
#1897=CARTESIAN_POINT('',(1.80569697606019,0.859917688297592,8.4));
#1898=CARTESIAN_POINT('',(1.78861062861332,-0.0341806072119182,8.4));
#1899=CARTESIAN_POINT('',(1.77152428116645,-0.928278902721428,8.4));
#1900=CARTESIAN_POINT('',(0.,1.22464679914735E-16,8.4));
#1901=CARTESIAN_POINT('',(-1.77152428116645,-0.928278902721428,8.4));
#1902=CARTESIAN_POINT('',(-1.78861062861332,-0.0341806072119182,8.4));
#1903=CARTESIAN_POINT('',(0.,1.53080849893419E-16,8.4));
#1904=CARTESIAN_POINT('',(0.,1.53080849893419E-16,8.1484050899744));
#1905=CARTESIAN_POINT('',(2.34745427417722,0.859917688297592,8.4));
#1906=CARTESIAN_POINT('',(2.34745427417722,0.859917688297592,6.));
#1907=CARTESIAN_POINT('',(0.,1.53080849893419E-16,6.));
#1908=CARTESIAN_POINT('',(-2.34745427417722,0.859917688297592,6.));
#1909=CARTESIAN_POINT('',(-2.34745427417722,0.859917688297592,8.4));
#1910=CARTESIAN_POINT('',(0.0527944547934968,2.49985446291853,7.20227007210363));
#1911=CARTESIAN_POINT('',(0.0964554552011705,2.49806028073053,7.30750364647961));
#1912=CARTESIAN_POINT('',(0.0528288747460018,2.4998516413945,7.41257433109749));
#1913=CARTESIAN_POINT('',(-0.052133699884325,2.50035464863578,7.45605074530489));
#1914=CARTESIAN_POINT('',(-0.157193805810499,2.49546586758137,7.41261086433679));
#1915=CARTESIAN_POINT('',(-0.200712079251961,2.49185094753386,7.30749885483536));
#1916=CARTESIAN_POINT('',(-0.157334528338786,2.49545476112933,7.20254424853566));
#1917=CARTESIAN_POINT('',(-0.0523998506441612,2.50035024037689,7.15887900912287));
#1918=CARTESIAN_POINT('',(0.0527944547934968,2.49985446291853,7.20227007210363));
#1919=CARTESIAN_POINT('',(0.0964554552011705,2.49806028073053,7.30750364647961));
#1920=CARTESIAN_POINT('',(0.0528288747460018,2.4998516413945,7.41257433109749));
#1921=CARTESIAN_POINT('',(0.0819075250573633,2.49865787120586,7.30747649818659));
#1922=CARTESIAN_POINT('',(0.,1.22464679914735E-16,8.4));
#1923=CARTESIAN_POINT('',(0.0572717504960684,1.9996953108421,7.20226222182454));
#1924=CARTESIAN_POINT('',(0.100941123621621,1.99735319866144,7.30750371411145));
#1925=CARTESIAN_POINT('',(0.0573064242997781,1.9996917042179,7.41258191084919));
#1926=CARTESIAN_POINT('',(-0.0476802106610023,2.00055457849844,7.45605059028575));
#1927=CARTESIAN_POINT('',(-0.152709299290484,1.99467838092111,7.41260392961999));
#1928=CARTESIAN_POINT('',(-0.196219619612912,1.99025254878431,7.3075006791777));
#1929=CARTESIAN_POINT('',(-0.152848151830855,1.99466495358655,7.20254798644941));
#1930=CARTESIAN_POINT('',(-0.0479454578557043,2.00054965685993,7.15888006570501));
#1931=CARTESIAN_POINT('',(0.0572717504960684,1.9996953108421,7.20226222182454));
#1932=CARTESIAN_POINT('',(0.100941123621621,1.99735319866144,7.30750371411145));
#1933=CARTESIAN_POINT('',(0.0573064242997781,1.9996917042179,7.41258191084919));
#1934=CARTESIAN_POINT('',(0.0863904448803884,1.99813330161763,7.30747649818659));
#1935=CARTESIAN_POINT('',(-1.80569697606019,0.859917688297592,5.9));
#1936=CARTESIAN_POINT('',(-1.80569697606019,0.859917688297592,6.));
#1937=CARTESIAN_POINT('',(0.,1.22464679914735E-16,6.));
#1938=CARTESIAN_POINT('',(1.80569697606019,0.859917688297592,6.));
#1939=CARTESIAN_POINT('',(1.80569697606019,0.859917688297592,5.9));
#1940=CARTESIAN_POINT('',(0.,1.22464679914735E-16,8.4));
#1941=CARTESIAN_POINT('',(0.0930800040988195,-1.99834869390848,7.41269077454864));
#1942=CARTESIAN_POINT('',(0.136700421034176,-1.99522477569074,7.30744928226173));
#1943=CARTESIAN_POINT('',(0.0931146077401916,-1.99834446680479,7.20237108552399));
#1944=CARTESIAN_POINT('',(-0.0118397296335936,-2.00108766545645,7.15890240608743));
#1945=CARTESIAN_POINT('',(-0.116957220409871,-1.99709363375828,7.20234906675319));
#1946=CARTESIAN_POINT('',(-0.160539833749746,-1.99344784452543,7.30745231719548));
#1947=CARTESIAN_POINT('',(-0.117096291178142,-1.99708269562801,7.41240500992377));
#1948=CARTESIAN_POINT('',(-0.0121050224302538,-2.00108749556919,7.45607293066818));
#1949=CARTESIAN_POINT('',(0.0930800040988195,-1.99834869390848,7.41269077454864));
#1950=CARTESIAN_POINT('',(0.136700421034176,-1.99522477569074,7.30744928226173));
#1951=CARTESIAN_POINT('',(0.0931146077401916,-1.99834446680479,7.20237108552399));
#1952=CARTESIAN_POINT('',(0.122166049329286,-1.99626537724604,7.30747649818659));
#1953=CARTESIAN_POINT('',(1.77152428116645,-0.928278902721428,5.9));
#1954=CARTESIAN_POINT('',(1.77152428116645,-0.928278902721428,6.));
#1955=CARTESIAN_POINT('',(0.,1.22464679914735E-16,6.));
#1956=CARTESIAN_POINT('',(-1.77152428116645,-0.928278902721428,6.));
#1957=CARTESIAN_POINT('',(-1.77152428116645,-0.928278902721428,5.9));
#1958=CARTESIAN_POINT('',(0.,1.53080849893419E-16,8.4));
#1959=CARTESIAN_POINT('',(0.0975620019828036,-2.49850780387009,7.41268292426956));
#1960=CARTESIAN_POINT('',(0.141183861763772,-2.49593187771201,7.30744934989357));
#1961=CARTESIAN_POINT('',(0.0975963658759745,-2.49850436628746,7.2023786652757));
#1962=CARTESIAN_POINT('',(-0.00734036076743369,-2.50088732467538,7.15890225106829));
#1963=CARTESIAN_POINT('',(-0.112471177803473,-2.49788110666067,7.20234213203639));
#1964=CARTESIAN_POINT('',(-0.156047218375692,-2.49504624188015,7.30745414153782));
#1965=CARTESIAN_POINT('',(-0.112612076689299,-2.4978725225348,7.41240874783752));
#1966=CARTESIAN_POINT('',(-0.00760654778890801,-2.50088768426954,7.45607398725031));
#1967=CARTESIAN_POINT('',(0.0975620019828036,-2.49850780387009,7.41268292426956));
#1968=CARTESIAN_POINT('',(0.141183861763772,-2.49593187771201,7.30744934989357));
#1969=CARTESIAN_POINT('',(0.0975963658759745,-2.49850436628746,7.2023786652757));
#1970=CARTESIAN_POINT('',(0.126648969152311,-2.49678994683426,7.30747649818659));
#1971=CARTESIAN_POINT('',(0.,1.53080849893419E-16,6.));
#1972=CARTESIAN_POINT('',(-2.32127083270399,-0.928278902721428,6.));
#1973=CARTESIAN_POINT('',(2.31707444095774,-0.938704444998722,6.));
#1974=CARTESIAN_POINT('',(2.31707444095774,-0.938704444998723,8.4));
#1975=CARTESIAN_POINT('',(0.,1.53080849893419E-16,8.4));
#1976=CARTESIAN_POINT('',(-2.32127083270399,-0.928278902721428,8.4));
#1977=CARTESIAN_POINT('',(0.,0.,8.4));
#1978=CARTESIAN_POINT('',(0.00115372571830473,0.0450462902994529,8.4));
#1979=CARTESIAN_POINT('',(0.,0.,6.));
#1980=CARTESIAN_POINT('',(1.78861062861332,-0.0341806072119182,6.));
#1981=CARTESIAN_POINT('',(-1.78861062861332,-0.0341806072119182,6.));
#1982=CARTESIAN_POINT('',(2.33226435756748,-0.0393933783505652,6.));
#1983=CARTESIAN_POINT('',(-2.33436255344061,-0.0341806072119182,6.));
#1984=CARTESIAN_POINT('',(-2.33436255344061,-0.0341806072119182,6.));
#1985=CARTESIAN_POINT('',(-2.33610706846948,0.0849609437864274,7.18945315480232));
#1986=CARTESIAN_POINT('',(-2.32949911145717,-0.366329090607471,7.18945315480232));
#1987=CARTESIAN_POINT('',(-1.78861062861332,-0.0341806072119182,6.));
#1988=CARTESIAN_POINT('',(-1.79103996035741,0.092942019690449,7.18945315480232));
#1989=CARTESIAN_POINT('',(-1.79533900078695,0.317903190141556,7.18945315480232));
#1990=CARTESIAN_POINT('',(1.78861062861332,-0.0341806072119182,6.));
#1991=CARTESIAN_POINT('',(1.78977895305504,0.0269557412785423,7.2234372086823));
#1992=CARTESIAN_POINT('',(1.79436650582846,0.267014251620168,7.2234372086823));
#1993=CARTESIAN_POINT('',(2.33226435756748,-0.0393933783505652,6.));
#1994=CARTESIAN_POINT('',(2.33322999227289,0.0177765192347579,7.2234372086823));
#1995=CARTESIAN_POINT('',(2.34003133550889,0.420446487566793,7.2234372086823));
#1996=CARTESIAN_POINT('',(1.89529245804392,0.0251735533333231,7.2234372086823));
#1997=CARTESIAN_POINT('',(1.89529245804392,0.0251735533333231,7.2234372086823));
#1998=CARTESIAN_POINT('',(1.90209380127993,0.427843521665358,7.2234372086823));
#1999=CARTESIAN_POINT('',(1.89432682333852,-0.031996344252,7.2));
#2000=CARTESIAN_POINT('',(1.89529245804392,0.0251735533333231,7.2234372086823));
#2001=CARTESIAN_POINT('',(1.89934734578307,0.26524106071474,7.2234372086823));
#2002=CARTESIAN_POINT('',(1.76531099811296,0.0273690200749063,7.2234372086823));
#2003=CARTESIAN_POINT('',(-1.98814436791298,0.0900559434361562,7.18945315480232));
#2004=CARTESIAN_POINT('',(-1.98814436791298,0.0900559434361562,7.18945315480232));
#2005=CARTESIAN_POINT('',(-1.98153641090067,-0.361234090957742,7.18945315480232));
#2006=CARTESIAN_POINT('',(-1.98639985288411,-0.0290856075621893,7.2));
#2007=CARTESIAN_POINT('',(-1.98814436791298,0.0900559434361563,7.18945315480232));
#2008=CARTESIAN_POINT('',(-1.98485018710497,-0.134919940544336,7.18945315480232));
#2009=CARTESIAN_POINT('',(-1.78216644746862,0.0930719489759383,7.18945315480232));
#2010=CARTESIAN_POINT('',(-1.06404721136858,-2.22593312972809,10.96));
#2011=CARTESIAN_POINT('',(-1.06404721136858,-2.26225629228404,10.96));
#2012=CARTESIAN_POINT('',(-1.06404721136858,-2.26225629228404,10.511153));
#2013=CARTESIAN_POINT('',(-1.06404721136858,-2.26225629228404,10.511153));
#2014=CARTESIAN_POINT('',(-1.06404721136858,-2.26225629228404,10.6313651581456));
#2015=CARTESIAN_POINT('',(-1.06404721136858,-2.20721759486104,10.7465236443519));
#2016=CARTESIAN_POINT('',(-1.06404721136858,-2.11818106472492,10.8271170163032));
#2017=CARTESIAN_POINT('',(-1.06404721136858,-2.11818106472492,10.8271170163032));
#2018=CARTESIAN_POINT('',(-1.06404721136858,-2.11818106472492,10.96));
#2019=CARTESIAN_POINT('',(0.00115372571830473,0.0450462902994529,10.96));
#2020=CARTESIAN_POINT('',(0.946846286633805,-2.31375930240978,10.96));
#2021=CARTESIAN_POINT('',(0.946846286633805,-2.31375930240978,10.511153));
#2022=CARTESIAN_POINT('',(0.00115372571830473,0.0450462902994529,10.511153));
#2023=CARTESIAN_POINT('',(0.946846286633805,-2.25168463479096,10.96));
#2024=CARTESIAN_POINT('',(0.946846286633805,-2.11818106472492,10.96));
#2025=CARTESIAN_POINT('',(0.946846286633805,-2.11818106472492,10.8708824411441));
#2026=CARTESIAN_POINT('',(0.946846286633805,-2.11818106472492,10.8708824411441));
#2027=CARTESIAN_POINT('',(0.946846286633805,-2.23639668937046,10.7900540067686));
#2028=CARTESIAN_POINT('',(0.946846286633805,-2.31375930240978,10.6545609110213));
#2029=CARTESIAN_POINT('',(0.946846286633805,-2.31375930240978,10.511153));
#2030=CARTESIAN_POINT('',(-0.0586004623673867,-2.11818106472492,10.96));
#2031=CARTESIAN_POINT('',(-1.06404721136858,-2.11818106472492,10.8271170163032));
#2032=CARTESIAN_POINT('',(-0.985983508058675,-2.11818106472492,10.8619114380926));
#2033=CARTESIAN_POINT('',(-0.823548568338346,-2.11818106472492,10.9072552057334));
#2034=CARTESIAN_POINT('',(-0.48612634227858,-2.11818106472492,10.9496230209719));
#2035=CARTESIAN_POINT('',(-0.0629467153844584,-2.11818106472492,10.9561956965108));
#2036=CARTESIAN_POINT('',(0.443994537212651,-2.11818106472492,10.952316369076));
#2037=CARTESIAN_POINT('',(0.783143729032591,-2.11818106472492,10.9198143948996));
#2038=CARTESIAN_POINT('',(0.946846286633805,-2.11818106472492,10.8708824411441));
#2039=CARTESIAN_POINT('',(-0.0832635119065076,5.96850116996622,7.30747649818659));
#2040=CARTESIAN_POINT('',(-0.0832635119065076,5.96850116996622,7.30747649818659));
#2041=CARTESIAN_POINT('',(0.764192757464292,2.2751661243947,8.1484050899744));
#2042=CARTESIAN_POINT('',(1.73709859140218,3.05937109515071,12.3735149800777));
#2043=CARTESIAN_POINT('',(1.73709859140218,3.7079641628294,12.3735149800777));
#2044=CARTESIAN_POINT('',(0.677345757464292,3.7079641628294,12.3735149800777));
#2045=CARTESIAN_POINT('',(-0.314054408597827,3.7079641628294,12.3735149800777));
#2046=CARTESIAN_POINT('',(-0.314054408597827,2.5328366085887,12.3735149800777));
#2047=CARTESIAN_POINT('',(0.677345757464292,3.05937109515071,12.3735149800777));
#2048=CARTESIAN_POINT('',(-0.473195781113055,3.55325777223613,9.00355339059328));
#2049=CARTESIAN_POINT('',(-0.473195781113056,3.55325777223613,8.68970562748477));
#2050=CARTESIAN_POINT('',(-0.473195781113056,0.8284055814147,8.68970562748477));
#2051=CARTESIAN_POINT('',(0.836486757464292,3.55325777223613,9.00355339059328));
#2052=CARTESIAN_POINT('',(0.836486757464292,3.55325777223613,8.689706));
#2053=CARTESIAN_POINT('',(0.836486757464292,2.90479681337372,8.689706));
#2054=CARTESIAN_POINT('',(0.677345757464292,2.90479681337372,11.9246679800777));
#2055=CARTESIAN_POINT('',(0.677345757464292,3.7079641628294,11.9246679800777));
#2056=CARTESIAN_POINT('',(0.836486757464292,4.1568111628294,11.9246679800777));
#2057=CARTESIAN_POINT('',(1.12619275746429,4.1568111628294,11.9246679800777));
#2058=CARTESIAN_POINT('',(1.12619275746429,3.8671051628294,11.9246679800777));
#2059=CARTESIAN_POINT('',(0.836486757463669,4.1568111628294,11.9540449513981));
#2060=CARTESIAN_POINT('',(1.12619275743576,4.15681116280091,11.9730061781144));
#2061=CARTESIAN_POINT('',(1.12619275746429,3.86710516282875,11.9540449513981));
#2062=CARTESIAN_POINT('',(0.834434962685298,4.1510242070399,12.0127977340756));
#2063=CARTESIAN_POINT('',(1.11285850533914,4.14347691070423,12.0677167816853));
#2064=CARTESIAN_POINT('',(1.12040580167479,3.86505336805042,12.0127977340756));
#2065=CARTESIAN_POINT('',(0.82532094104361,4.12531869261155,12.0975426187006));
#2066=CARTESIAN_POINT('',(1.06141531676422,4.09203372212933,12.1830387160092));
#2067=CARTESIAN_POINT('',(1.09470028724644,3.85593934640871,12.0975426187006));
#2068=CARTESIAN_POINT('',(0.810518494026289,4.08356933866487,12.1756375349889));
#2069=CARTESIAN_POINT('',(0.995685569059602,4.0263039744247,12.2624430362105));
#2070=CARTESIAN_POINT('',(1.05295093329977,3.8411368993914,12.1756375349889));
#2071=CARTESIAN_POINT('',(0.783967250078736,4.00868325530412,12.2669359097916));
#2072=CARTESIAN_POINT('',(0.906825740781526,3.93744414614665,12.3278942206755));
#2073=CARTESIAN_POINT('',(0.97806484993902,3.81458565544384,12.2669359097916));
#2074=CARTESIAN_POINT('',(0.739833845096441,3.88420781260813,12.3501501993256));
#2075=CARTESIAN_POINT('',(0.799833368640645,3.83045177400567,12.3652172783099));
#2076=CARTESIAN_POINT('',(0.853589407242954,3.77045225046156,12.3501501993256));
#2077=CARTESIAN_POINT('',(0.698177267022062,3.76671810160352,12.3735149800777));
#2078=CARTESIAN_POINT('',(0.717138478073346,3.74775688343863,12.3734981340016));
#2079=CARTESIAN_POINT('',(0.736099696238549,3.72879567238714,12.3735149800777));
#2080=CARTESIAN_POINT('',(0.677345757464292,3.7079641628294,12.3735149800777));
#2081=CARTESIAN_POINT('',(0.677345757464291,3.7079641628294,12.3735149800777));
#2082=CARTESIAN_POINT('',(0.677345757464291,3.7079641628294,12.3735149800777));
#2083=CARTESIAN_POINT('',(0.677345757464292,3.7079641628294,11.9246679800777));
#2084=CARTESIAN_POINT('',(0.181645674433233,3.7079641628294,11.9246679800777));
#2085=CARTESIAN_POINT('',(-0.314054408597827,3.7079641628294,11.9246679800777));
#2086=CARTESIAN_POINT('',(-0.762901408597827,3.86710553534463,11.9246679800777));
#2087=CARTESIAN_POINT('',(-0.762901408597827,4.1568111628294,11.9246679800777));
#2088=CARTESIAN_POINT('',(-0.473195781113056,4.1568111628294,11.9246679800777));
#2089=CARTESIAN_POINT('',(-0.762901408597827,3.86710553534398,11.9540449513981));
#2090=CARTESIAN_POINT('',(-0.762901408569327,4.1568111628009,11.9730061537329));
#2091=CARTESIAN_POINT('',(-0.473195781112428,4.1568111628294,11.9540449513981));
#2092=CARTESIAN_POINT('',(-0.757114452808326,3.86505373576283,12.0127977340756));
#2093=CARTESIAN_POINT('',(-0.749567166414683,4.14347692064626,12.0677167096538));
#2094=CARTESIAN_POINT('',(-0.471143981531249,4.1510242070399,12.0127977340756));
#2095=CARTESIAN_POINT('',(-0.731408938379974,3.85593969278714,12.0975426187006));
#2096=CARTESIAN_POINT('',(-0.698124011600031,4.0920337658316,12.1830386038457));
#2097=CARTESIAN_POINT('',(-0.462029938555572,4.12531869261155,12.0975426187006));
#2098=CARTESIAN_POINT('',(-0.689659584433303,3.84113721112045,12.1756375349889));
#2099=CARTESIAN_POINT('',(-0.632394295291487,4.02630404952306,12.2624429223549));
#2100=CARTESIAN_POINT('',(-0.447227456888872,4.08356933866488,12.1756375349889));
#2101=CARTESIAN_POINT('',(-0.614773501072554,3.81458590502207,12.2669359097916));
#2102=CARTESIAN_POINT('',(-0.543534487723751,3.9374442419553,12.3278941379237));
#2103=CARTESIAN_POINT('',(-0.420676150790505,4.0086832553041,12.2669359097916));
#2104=CARTESIAN_POINT('',(-0.490298058376496,3.77045239673293,12.3501501993256));
#2105=CARTESIAN_POINT('',(-0.436542094702107,3.83045184893387,12.3652172572439));
#2106=CARTESIAN_POINT('',(-0.3765426425013,3.88420781260826,12.3501501993256));
#2107=CARTESIAN_POINT('',(-0.372808347372069,3.72879572114917,12.3735149800777));
#2108=CARTESIAN_POINT('',(-0.353847153587552,3.74775690781874,12.3734981330854));
#2109=CARTESIAN_POINT('',(-0.334885966917722,3.76671810160325,12.3735149800777));
#2110=CARTESIAN_POINT('',(-0.314054408597826,3.7079641628294,12.3735149800777));
#2111=CARTESIAN_POINT('',(-0.314054408597826,3.7079641628294,12.3735149800777));
#2112=CARTESIAN_POINT('',(-0.314054408597827,3.7079641628294,12.3735149800777));
#2113=CARTESIAN_POINT('',(-0.314054408597827,3.7079641628294,11.9246679800777));
#2114=CARTESIAN_POINT('',(-0.314054408597827,3.05937109515071,11.9246679800777));
#2115=CARTESIAN_POINT('',(0.00115372571830473,0.0450462902994529,10.511153));
#2116=MECHANICAL_DESIGN_GEOMETRIC_PRESENTATION_REPRESENTATION('',(#1200),
#2117);
#2117=(
GEOMETRIC_REPRESENTATION_CONTEXT(3)
GLOBAL_UNCERTAINTY_ASSIGNED_CONTEXT((#2118))
GLOBAL_UNIT_ASSIGNED_CONTEXT((#2121,#2120,#2119))
REPRESENTATION_CONTEXT('Gimbal Y axis ring','TOP_LEVEL_ASSEMBLY_PART')
);
#2118=UNCERTAINTY_MEASURE_WITH_UNIT(LENGTH_MEASURE(0.002),#2121,
'DISTANCE_ACCURACY_VALUE','Maximum Tolerance applied to model');
#2119=(
NAMED_UNIT(*)
SI_UNIT($,.STERADIAN.)
SOLID_ANGLE_UNIT()
);
#2120=(
NAMED_UNIT(*)
PLANE_ANGLE_UNIT()
SI_UNIT($,.RADIAN.)
);
#2121=(
LENGTH_UNIT()
NAMED_UNIT(*)
SI_UNIT(.CENTI.,.METRE.)
);
#2122=PRODUCT_DEFINITION_SHAPE('','',#2123);
#2123=PRODUCT_DEFINITION('','',#2125,#2124);
#2124=PRODUCT_DEFINITION_CONTEXT('',#2131,'design');
#2125=PRODUCT_DEFINITION_FORMATION_WITH_SPECIFIED_SOURCE('','',#2127,
 .NOT_KNOWN.);
#2126=PRODUCT_RELATED_PRODUCT_CATEGORY('','',(#2127));
#2127=PRODUCT('Gimbal Y axis ring','Gimbal Y axis ring',
'Gimbal Y axis ring',(#2129));
#2128=PRODUCT_CATEGORY('','');
#2129=PRODUCT_CONTEXT('',#2131,'mechanical');
#2130=APPLICATION_PROTOCOL_DEFINITION('international standard',
'ap242_managed_model_based_3d_engineering',2020,#2131);
#2131=APPLICATION_CONTEXT('managed model based 3d engineering');
ENDSEC;
END-ISO-10303-21;
