ISO-10303-21;
HEADER;
/* Generated by software containing ST-Developer
 * from STEP Tools, Inc. (www.steptools.com) 
 */
/* OPTION: using custom renumber hook */

FILE_DESCRIPTION(
/* description */ ('STEP AP242 Edition 2',
'CAx-IF Rec.Pracs.---Representation and Presentation of Product Manufa
cturing Information (PMI)---4.0---2014-10-13',
'CAx-IF Rec.Pracs.---3D Tessellated Geometry---0.4---2014-09-14','2;1',
'CAx-IF Rec.Pracs.---User Defined Attributes---1.5---2016-08-15'),
/* implementation_level */ '2;1');

FILE_NAME(
/* name */ 'All - Power and electronics bay',
/* time_stamp */ '2026-09-01T00:14:20Z',
/* author */ (''),
/* organization */ (''),
/* preprocessor_version */ 'ST-DEVELOPER v20',
/* originating_system */ 'ONSHAPE BY PTC INC, 1.220',
/* authorisation */ '  ');

FILE_SCHEMA (('AP242_MANAGED_MODEL_BASED_3D_ENGINEERING_MIM_LF { 1 0 10303 442 3 1 4 }'));
ENDSEC;

DATA;
#10=SHAPE_REPRESENTATION_RELATIONSHIP('','',#12105,#11);
#11=ADVANCED_BREP_SHAPE_REPRESENTATION('',(#12103),#19645);
#12=B_SPLINE_CURVE_WITH_KNOTS('',3,(#16572,#16573,#16574,#16575,#16576,
#16577,#16578,#16579,#16580,#16581,#16582),.UNSPECIFIED.,.F.,.F.,(4,1,1,
1,1,1,1,1,4),(1.02073168081597E-15,0.00130296545921698,0.00260593091843293,
0.00390889637764889,0.00521186183686484,0.0065148272960808,0.00781779275529675,
0.00912075821451271,0.0104237236737287),.UNSPECIFIED.);
#13=B_SPLINE_CURVE_WITH_KNOTS('',3,(#16825,#16826,#16827,#16828,#16829,
#16830,#16831,#16832,#16833,#16834,#16835),.UNSPECIFIED.,.T.,.F.,(1,1,1,
1,1,1,1,1,1,1,1,1,1,1,1),(-0.0042206676811895,-0.00281377845412633,-0.00140688922706316,
1.1257400676975E-17,0.00140688922706318,0.00281377845412635,0.00422066768118952,
0.00562755690825269,0.00703444613531586,0.00844133536237903,0.0098482245894422,
0.0112551138165054,0.0126620030435685,0.0140688922706317,0.0154757814976949),
 .UNSPECIFIED.);
#14=B_SPLINE_CURVE_WITH_KNOTS('',3,(#16841,#16842,#16843,#16844,#16845,
#16846,#16847,#16848,#16849,#16850,#16851),.UNSPECIFIED.,.T.,.F.,(1,1,1,
1,1,1,1,1,1,1,1,1,1,1,1),(-0.0042206676811893,-0.00281377845412619,-0.00140688922706309,
1.12400650796627E-17,0.00140688922706311,0.00281377845412622,0.00422066768118932,
0.00562755690825242,0.00703444613531553,0.00844133536237863,0.00984822458944173,
0.0112551138165048,0.0126620030435679,0.014068892270631,0.0154757814976941),
 .UNSPECIFIED.);
#15=B_SPLINE_CURVE_WITH_KNOTS('',3,(#16853,#16854,#16855,#16856,#16857,
#16858,#16859,#16860,#16861,#16862,#16863),.UNSPECIFIED.,.T.,.F.,(1,1,1,
1,1,1,1,1,1,1,1,1,1,1,1),(-0.00422066768118995,-0.00281377845412663,-0.00140688922706331,
1.12574006769782E-17,0.00140688922706333,0.00281377845412665,0.00422066768118997,
0.00562755690825329,0.00703444613531662,0.00844133536237994,0.00984822458944326,
0.0112551138165066,0.0126620030435699,0.0140688922706332,0.0154757814976965),
 .UNSPECIFIED.);
#16=B_SPLINE_CURVE_WITH_KNOTS('',3,(#16865,#16866,#16867,#16868,#16869,
#16870,#16871,#16872,#16873,#16874,#16875),.UNSPECIFIED.,.T.,.F.,(1,1,1,
1,1,1,1,1,1,1,1,1,1,1,1),(-0.0042206676811893,-0.0028137784541262,-0.00140688922706309,
1.12574006769747E-17,0.00140688922706312,0.00281377845412622,0.00422066768118932,
0.00562755690825243,0.00703444613531553,0.00844133536237864,0.00984822458944174,
0.0112551138165048,0.012662003043568,0.0140688922706311,0.0154757814976942),
 .UNSPECIFIED.);
#17=B_SPLINE_CURVE_WITH_KNOTS('',3,(#17838,#17839,#17840,#17841,#17842,
#17843,#17844,#17845,#17846,#17847,#17848),.UNSPECIFIED.,.F.,.F.,(4,1,1,
1,1,1,1,1,4),(0.,0.00240855349055365,0.0048171069811073,0.00722566047166095,
0.00963421396221461,0.0120427674527683,0.0144513209433219,0.0168598744338756,
0.0192684279244292),.UNSPECIFIED.);
#18=B_SPLINE_CURVE_WITH_KNOTS('',3,(#18033,#18034,#18035,#18036),
 .UNSPECIFIED.,.F.,.F.,(4,4),(0.,0.00232439127252144),.UNSPECIFIED.);
#19=B_SPLINE_CURVE_WITH_KNOTS('',3,(#18045,#18046,#18047,#18048,#18049,
#18050,#18051),.UNSPECIFIED.,.F.,.F.,(4,1,1,1,4),(0.,0.00244528649164582,
0.00489057298329164,0.00733585947493746,0.00978114596658329),
 .UNSPECIFIED.);
#20=CYLINDRICAL_SURFACE('',#12131,4.46551673609804);
#21=CYLINDRICAL_SURFACE('',#12238,4.45);
#22=CYLINDRICAL_SURFACE('',#12255,0.468847);
#23=CYLINDRICAL_SURFACE('',#12272,4.45694723945245);
#24=CYLINDRICAL_SURFACE('',#12424,4.45);
#25=CYLINDRICAL_SURFACE('',#12429,0.553198259209971);
#26=CYLINDRICAL_SURFACE('',#12431,0.591924114337225);
#27=CYLINDRICAL_SURFACE('',#12437,4.48116326061719);
#28=CYLINDRICAL_SURFACE('',#12442,0.63379717111676);
#29=CYLINDRICAL_SURFACE('',#12447,0.553198259209971);
#30=CYLINDRICAL_SURFACE('',#12452,0.591924114337225);
#31=CYLINDRICAL_SURFACE('',#12455,0.462264112749295);
#32=CYLINDRICAL_SURFACE('',#12457,0.18);
#33=CYLINDRICAL_SURFACE('',#12460,0.18);
#34=CYLINDRICAL_SURFACE('',#12463,0.18);
#35=CYLINDRICAL_SURFACE('',#12466,0.18);
#36=CYLINDRICAL_SURFACE('',#12471,0.382132034355964);
#37=CYLINDRICAL_SURFACE('',#12473,0.382132);
#38=CYLINDRICAL_SURFACE('',#12479,0.468847);
#39=CYLINDRICAL_SURFACE('',#12480,0.1);
#40=CYLINDRICAL_SURFACE('',#12482,0.203889701748873);
#41=CYLINDRICAL_SURFACE('',#12487,0.15698048112597);
#42=CIRCLE('',#12129,4.45);
#43=CIRCLE('',#12133,4.46551673609804);
#44=CIRCLE('',#12136,4.46551673609804);
#45=CIRCLE('',#12139,4.46551673609804);
#46=CIRCLE('',#12140,4.46551673609804);
#47=CIRCLE('',#12141,4.46551673609804);
#48=CIRCLE('',#12142,4.46551673609804);
#49=CIRCLE('',#12145,4.46551673609804);
#50=CIRCLE('',#12148,4.46551673609804);
#51=CIRCLE('',#12151,4.46551673609804);
#52=CIRCLE('',#12154,4.46551673609804);
#53=CIRCLE('',#12157,4.46551673609804);
#54=CIRCLE('',#12160,4.46551673609804);
#55=CIRCLE('',#12163,4.46551673609804);
#56=CIRCLE('',#12166,4.46551673609804);
#57=CIRCLE('',#12169,4.46551673609804);
#58=CIRCLE('',#12172,4.46551673609804);
#59=CIRCLE('',#12175,4.46551673609804);
#60=CIRCLE('',#12178,4.46551673609804);
#61=CIRCLE('',#12181,4.46551673609804);
#62=CIRCLE('',#12184,4.46551673609804);
#63=CIRCLE('',#12187,4.46551673609804);
#64=CIRCLE('',#12190,4.46551673609804);
#65=CIRCLE('',#12193,4.46551673609804);
#66=CIRCLE('',#12196,4.46551673609804);
#67=CIRCLE('',#12199,4.46551673609804);
#68=CIRCLE('',#12202,4.46551673609804);
#69=CIRCLE('',#12205,4.46551673609804);
#70=CIRCLE('',#12208,4.46551673609804);
#71=CIRCLE('',#12211,4.46551673609804);
#72=CIRCLE('',#12214,4.46551673609804);
#73=CIRCLE('',#12217,4.46551673609804);
#74=CIRCLE('',#12220,4.46551673609804);
#75=CIRCLE('',#12223,4.46551673609804);
#76=CIRCLE('',#12226,4.46551673609804);
#77=CIRCLE('',#12229,4.46551673609804);
#78=CIRCLE('',#12232,0.63379717111676);
#79=CIRCLE('',#12233,4.45);
#80=CIRCLE('',#12234,4.45);
#81=CIRCLE('',#12235,4.45694723945245);
#82=CIRCLE('',#12236,4.45694723945245);
#83=CIRCLE('',#12237,4.45);
#84=CIRCLE('',#12239,4.45);
#85=CIRCLE('',#12240,4.45);
#86=CIRCLE('',#12242,4.45);
#87=CIRCLE('',#12245,4.45);
#88=CIRCLE('',#12248,4.45);
#89=CIRCLE('',#12250,4.45);
#90=CIRCLE('',#12254,0.1);
#91=CIRCLE('',#12257,0.468847);
#92=CIRCLE('',#12258,0.468847);
#93=CIRCLE('',#12260,0.468847);
#94=CIRCLE('',#12263,0.468847);
#95=CIRCLE('',#12264,4.45);
#96=CIRCLE('',#12265,0.553198259209971);
#97=CIRCLE('',#12266,0.382132034355964);
#98=CIRCLE('',#12267,0.553198259209971);
#99=CIRCLE('',#12268,0.591924114337225);
#100=CIRCLE('',#12269,0.382132);
#101=CIRCLE('',#12270,0.591924114337225);
#102=CIRCLE('',#12273,4.45694723945245);
#103=CIRCLE('',#12276,4.45694723945245);
#104=CIRCLE('',#12279,4.45694723945245);
#105=CIRCLE('',#12282,4.45694723945245);
#106=CIRCLE('',#12285,4.45694723945245);
#107=CIRCLE('',#12288,4.45694723945245);
#108=CIRCLE('',#12291,4.45694723945245);
#109=CIRCLE('',#12294,4.45694723945245);
#110=CIRCLE('',#12297,4.45694723945245);
#111=CIRCLE('',#12300,4.45694723945245);
#112=CIRCLE('',#12303,4.45694723945245);
#113=CIRCLE('',#12306,4.45694723945245);
#114=CIRCLE('',#12309,4.45694723945245);
#115=CIRCLE('',#12312,4.45694723945245);
#116=CIRCLE('',#12315,4.45694723945245);
#117=CIRCLE('',#12318,4.45694723945245);
#118=CIRCLE('',#12321,4.45694723945245);
#119=CIRCLE('',#12324,4.45694723945245);
#120=CIRCLE('',#12327,4.45694723945245);
#121=CIRCLE('',#12330,4.45694723945245);
#122=CIRCLE('',#12333,4.45694723945245);
#123=CIRCLE('',#12336,4.45694723945245);
#124=CIRCLE('',#12341,4.45694723945245);
#125=CIRCLE('',#12344,4.45694723945245);
#126=CIRCLE('',#12345,4.45694723945245);
#127=CIRCLE('',#12346,4.45694723945245);
#128=CIRCLE('',#12349,4.45694723945245);
#129=CIRCLE('',#12352,4.45694723945245);
#130=CIRCLE('',#12355,4.45694723945245);
#131=CIRCLE('',#12358,4.45694723945245);
#132=CIRCLE('',#12361,4.45694723945245);
#133=CIRCLE('',#12364,4.45694723945245);
#134=CIRCLE('',#12367,4.45694723945245);
#135=CIRCLE('',#12370,4.45694723945245);
#136=CIRCLE('',#12373,4.45694723945245);
#137=CIRCLE('',#12376,4.45694723945245);
#138=CIRCLE('',#12379,4.45694723945245);
#139=CIRCLE('',#12382,4.45694723945245);
#140=CIRCLE('',#12385,4.45694723945245);
#141=CIRCLE('',#12388,4.45694723945245);
#142=CIRCLE('',#12391,4.45694723945245);
#143=CIRCLE('',#12394,4.45694723945245);
#144=CIRCLE('',#12397,4.45694723945245);
#145=CIRCLE('',#12400,4.45694723945245);
#146=CIRCLE('',#12403,4.45694723945245);
#147=CIRCLE('',#12406,4.45694723945245);
#148=CIRCLE('',#12409,4.45694723945245);
#149=CIRCLE('',#12412,4.45694723945245);
#150=CIRCLE('',#12415,4.45694723945245);
#151=CIRCLE('',#12425,4.45);
#152=CIRCLE('',#12426,4.45);
#153=CIRCLE('',#12427,4.45);
#154=CIRCLE('',#12428,4.45);
#155=CIRCLE('',#12430,0.553198259209971);
#156=CIRCLE('',#12432,0.591924114337225);
#157=CIRCLE('',#12438,4.48116326061719);
#158=CIRCLE('',#12439,4.48116326061719);
#159=CIRCLE('',#12443,0.63379717111676);
#160=CIRCLE('',#12448,0.553198259209971);
#161=CIRCLE('',#12451,0.15698048112597);
#162=CIRCLE('',#12453,0.591924114337225);
#163=CIRCLE('',#12456,0.462264112749295);
#164=CIRCLE('',#12458,0.18);
#165=CIRCLE('',#12461,0.18);
#166=CIRCLE('',#12464,0.18);
#167=CIRCLE('',#12467,0.18);
#168=CIRCLE('',#12470,0.382132);
#169=CIRCLE('',#12472,0.382132034355964);
#170=CIRCLE('',#12474,0.382132);
#171=CIRCLE('',#12481,0.1);
#172=CIRCLE('',#12483,0.203889701748873);
#173=CIRCLE('',#12486,0.15698048112597);
#174=ELLIPSE('',#12124,8.90000000000017,4.45);
#175=ELLIPSE('',#12127,8.89999999999983,4.45);
#176=ELLIPSE('',#12132,8.93103347219627,4.46551673609804);
#177=ELLIPSE('',#12134,8.93103347219588,4.46551673609804);
#178=ELLIPSE('',#12135,8.93103347219627,4.46551673609804);
#179=ELLIPSE('',#12137,8.93103347219587,4.46551673609804);
#180=ELLIPSE('',#12138,8.93103347219627,4.46551673609804);
#181=ELLIPSE('',#12143,8.93103347219588,4.46551673609804);
#182=ELLIPSE('',#12144,8.93103347219627,4.46551673609804);
#183=ELLIPSE('',#12146,8.93103347219587,4.46551673609804);
#184=ELLIPSE('',#12147,8.93103347219627,4.46551673609804);
#185=ELLIPSE('',#12149,8.93103347219588,4.46551673609804);
#186=ELLIPSE('',#12150,8.93103347219627,4.46551673609804);
#187=ELLIPSE('',#12152,8.93103347219587,4.46551673609804);
#188=ELLIPSE('',#12153,8.93103347219627,4.46551673609804);
#189=ELLIPSE('',#12155,8.93103347219588,4.46551673609804);
#190=ELLIPSE('',#12156,8.93103347219627,4.46551673609804);
#191=ELLIPSE('',#12158,8.93103347219587,4.46551673609804);
#192=ELLIPSE('',#12159,8.93103347219627,4.46551673609804);
#193=ELLIPSE('',#12161,8.93103347219588,4.46551673609804);
#194=ELLIPSE('',#12162,8.93103347219627,4.46551673609804);
#195=ELLIPSE('',#12164,8.93103347219587,4.46551673609804);
#196=ELLIPSE('',#12165,8.93103347219627,4.46551673609804);
#197=ELLIPSE('',#12167,8.93103347219588,4.46551673609804);
#198=ELLIPSE('',#12168,8.93103347219627,4.46551673609804);
#199=ELLIPSE('',#12170,8.93103347219587,4.46551673609804);
#200=ELLIPSE('',#12171,8.93103347219627,4.46551673609804);
#201=ELLIPSE('',#12173,8.93103347219588,4.46551673609804);
#202=ELLIPSE('',#12174,8.93103347219627,4.46551673609804);
#203=ELLIPSE('',#12176,8.93103347219587,4.46551673609804);
#204=ELLIPSE('',#12177,8.93103347219627,4.46551673609804);
#205=ELLIPSE('',#12179,8.93103347219588,4.46551673609804);
#206=ELLIPSE('',#12180,8.93103347219627,4.46551673609804);
#207=ELLIPSE('',#12182,8.93103347219587,4.46551673609804);
#208=ELLIPSE('',#12183,8.93103347219627,4.46551673609804);
#209=ELLIPSE('',#12185,8.93103347219588,4.46551673609804);
#210=ELLIPSE('',#12186,8.93103347219627,4.46551673609804);
#211=ELLIPSE('',#12188,8.93103347219587,4.46551673609804);
#212=ELLIPSE('',#12189,8.93103347219627,4.46551673609804);
#213=ELLIPSE('',#12191,8.93103347219588,4.46551673609804);
#214=ELLIPSE('',#12192,8.93103347219627,4.46551673609804);
#215=ELLIPSE('',#12194,8.93103347219587,4.46551673609804);
#216=ELLIPSE('',#12195,8.93103347219627,4.46551673609804);
#217=ELLIPSE('',#12197,8.93103347219588,4.46551673609804);
#218=ELLIPSE('',#12198,8.93103347219627,4.46551673609804);
#219=ELLIPSE('',#12200,8.93103347219587,4.46551673609804);
#220=ELLIPSE('',#12201,8.93103347219627,4.46551673609804);
#221=ELLIPSE('',#12203,8.93103347219588,4.46551673609804);
#222=ELLIPSE('',#12204,8.93103347219627,4.46551673609804);
#223=ELLIPSE('',#12206,8.93103347219587,4.46551673609804);
#224=ELLIPSE('',#12207,8.93103347219627,4.46551673609804);
#225=ELLIPSE('',#12209,8.93103347219588,4.46551673609804);
#226=ELLIPSE('',#12210,8.93103347219627,4.46551673609804);
#227=ELLIPSE('',#12212,8.93103347219587,4.46551673609804);
#228=ELLIPSE('',#12213,8.93103347219627,4.46551673609804);
#229=ELLIPSE('',#12215,8.93103347219588,4.46551673609804);
#230=ELLIPSE('',#12216,8.93103347219627,4.46551673609804);
#231=ELLIPSE('',#12218,8.93103347219587,4.46551673609804);
#232=ELLIPSE('',#12219,8.93103347219627,4.46551673609804);
#233=ELLIPSE('',#12221,8.93103347219588,4.46551673609804);
#234=ELLIPSE('',#12222,8.93103347219627,4.46551673609804);
#235=ELLIPSE('',#12224,8.93103347219587,4.46551673609804);
#236=ELLIPSE('',#12225,8.93103347219627,4.46551673609804);
#237=ELLIPSE('',#12227,8.93103347219588,4.46551673609804);
#238=ELLIPSE('',#12228,8.93103347219627,4.46551673609804);
#239=ELLIPSE('',#12230,8.93103347219587,4.46551673609804);
#240=ELLIPSE('',#12241,8.90000000000016,4.45);
#241=ELLIPSE('',#12243,8.89999999999983,4.45);
#242=ELLIPSE('',#12244,8.90000000000019,4.45);
#243=ELLIPSE('',#12246,8.89999999999981,4.45);
#244=ELLIPSE('',#12247,8.90000000000017,4.45);
#245=ELLIPSE('',#12249,8.89999999999983,4.45);
#246=ELLIPSE('',#12256,0.93769400000002,0.468847);
#247=ELLIPSE('',#12274,8.91389447890473,4.45694723945245);
#248=ELLIPSE('',#12275,8.91389447890506,4.45694723945245);
#249=ELLIPSE('',#12277,8.91389447890473,4.45694723945245);
#250=ELLIPSE('',#12278,8.91389447890507,4.45694723945245);
#251=ELLIPSE('',#12280,8.91389447890473,4.45694723945245);
#252=ELLIPSE('',#12281,8.91389447890506,4.45694723945245);
#253=ELLIPSE('',#12283,8.91389447890473,4.45694723945245);
#254=ELLIPSE('',#12284,8.91389447890507,4.45694723945245);
#255=ELLIPSE('',#12286,8.91389447890473,4.45694723945245);
#256=ELLIPSE('',#12287,8.91389447890506,4.45694723945245);
#257=ELLIPSE('',#12289,8.91389447890473,4.45694723945245);
#258=ELLIPSE('',#12290,8.91389447890507,4.45694723945245);
#259=ELLIPSE('',#12292,8.91389447890473,4.45694723945245);
#260=ELLIPSE('',#12293,8.91389447890506,4.45694723945245);
#261=ELLIPSE('',#12295,8.91389447890473,4.45694723945245);
#262=ELLIPSE('',#12296,8.91389447890507,4.45694723945245);
#263=ELLIPSE('',#12298,8.91389447890473,4.45694723945245);
#264=ELLIPSE('',#12299,8.91389447890506,4.45694723945245);
#265=ELLIPSE('',#12301,8.91389447890473,4.45694723945245);
#266=ELLIPSE('',#12302,8.91389447890507,4.45694723945245);
#267=ELLIPSE('',#12304,8.91389447890473,4.45694723945245);
#268=ELLIPSE('',#12305,8.91389447890506,4.45694723945245);
#269=ELLIPSE('',#12307,8.91389447890473,4.45694723945245);
#270=ELLIPSE('',#12308,8.91389447890507,4.45694723945245);
#271=ELLIPSE('',#12310,8.91389447890473,4.45694723945245);
#272=ELLIPSE('',#12311,8.91389447890506,4.45694723945245);
#273=ELLIPSE('',#12313,8.91389447890473,4.45694723945245);
#274=ELLIPSE('',#12314,8.91389447890507,4.45694723945245);
#275=ELLIPSE('',#12316,8.91389447890473,4.45694723945245);
#276=ELLIPSE('',#12317,8.91389447890506,4.45694723945245);
#277=ELLIPSE('',#12319,8.91389447890473,4.45694723945245);
#278=ELLIPSE('',#12320,8.91389447890507,4.45694723945245);
#279=ELLIPSE('',#12322,8.91389447890473,4.45694723945245);
#280=ELLIPSE('',#12323,8.91389447890506,4.45694723945245);
#281=ELLIPSE('',#12325,8.91389447890473,4.45694723945245);
#282=ELLIPSE('',#12326,8.91389447890507,4.45694723945245);
#283=ELLIPSE('',#12328,8.91389447890473,4.45694723945245);
#284=ELLIPSE('',#12329,8.91389447890506,4.45694723945245);
#285=ELLIPSE('',#12331,8.91389447890473,4.45694723945245);
#286=ELLIPSE('',#12332,8.91389447890507,4.45694723945245);
#287=ELLIPSE('',#12334,8.91389447890473,4.45694723945245);
#288=ELLIPSE('',#12335,8.91389447890506,4.45694723945245);
#289=ELLIPSE('',#12337,8.91389447890473,4.45694723945245);
#290=ELLIPSE('',#12338,8.91389447890507,4.45694723945245);
#291=ELLIPSE('',#12339,8.91389447890473,4.45694723945245);
#292=ELLIPSE('',#12340,8.91389447890506,4.45694723945245);
#293=ELLIPSE('',#12342,8.91389447890473,4.45694723945245);
#294=ELLIPSE('',#12343,8.91389447890507,4.45694723945245);
#295=ELLIPSE('',#12347,8.91389447890473,4.45694723945245);
#296=ELLIPSE('',#12348,8.91389447890506,4.45694723945245);
#297=ELLIPSE('',#12350,8.91389447890473,4.45694723945245);
#298=ELLIPSE('',#12351,8.91389447890507,4.45694723945245);
#299=ELLIPSE('',#12353,8.91389447890473,4.45694723945245);
#300=ELLIPSE('',#12354,8.91389447890506,4.45694723945245);
#301=ELLIPSE('',#12356,8.91389447890473,4.45694723945245);
#302=ELLIPSE('',#12357,8.91389447890507,4.45694723945245);
#303=ELLIPSE('',#12359,8.91389447890473,4.45694723945245);
#304=ELLIPSE('',#12360,8.91389447890506,4.45694723945245);
#305=ELLIPSE('',#12362,8.91389447890473,4.45694723945245);
#306=ELLIPSE('',#12363,8.91389447890507,4.45694723945245);
#307=ELLIPSE('',#12365,8.91389447890473,4.45694723945245);
#308=ELLIPSE('',#12366,8.91389447890506,4.45694723945245);
#309=ELLIPSE('',#12368,8.91389447890473,4.45694723945245);
#310=ELLIPSE('',#12369,8.91389447890507,4.45694723945245);
#311=ELLIPSE('',#12371,8.91389447890473,4.45694723945245);
#312=ELLIPSE('',#12372,8.91389447890506,4.45694723945245);
#313=ELLIPSE('',#12374,8.91389447890473,4.45694723945245);
#314=ELLIPSE('',#12375,8.91389447890507,4.45694723945245);
#315=ELLIPSE('',#12377,8.91389447890473,4.45694723945245);
#316=ELLIPSE('',#12378,8.91389447890506,4.45694723945245);
#317=ELLIPSE('',#12380,8.91389447890473,4.45694723945245);
#318=ELLIPSE('',#12381,8.91389447890507,4.45694723945245);
#319=ELLIPSE('',#12383,8.91389447890473,4.45694723945245);
#320=ELLIPSE('',#12384,8.91389447890506,4.45694723945245);
#321=ELLIPSE('',#12386,8.91389447890473,4.45694723945245);
#322=ELLIPSE('',#12387,8.91389447890507,4.45694723945245);
#323=ELLIPSE('',#12389,8.91389447890473,4.45694723945245);
#324=ELLIPSE('',#12390,8.91389447890506,4.45694723945245);
#325=ELLIPSE('',#12392,8.91389447890473,4.45694723945245);
#326=ELLIPSE('',#12393,8.91389447890507,4.45694723945245);
#327=ELLIPSE('',#12395,8.91389447890473,4.45694723945245);
#328=ELLIPSE('',#12396,8.91389447890506,4.45694723945245);
#329=ELLIPSE('',#12398,8.91389447890473,4.45694723945245);
#330=ELLIPSE('',#12399,8.91389447890507,4.45694723945245);
#331=ELLIPSE('',#12401,8.91389447890473,4.45694723945245);
#332=ELLIPSE('',#12402,8.91389447890506,4.45694723945245);
#333=ELLIPSE('',#12404,8.91389447890473,4.45694723945245);
#334=ELLIPSE('',#12405,8.91389447890507,4.45694723945245);
#335=ELLIPSE('',#12407,8.91389447890473,4.45694723945245);
#336=ELLIPSE('',#12408,8.91389447890506,4.45694723945245);
#337=ELLIPSE('',#12410,8.91389447890473,4.45694723945245);
#338=ELLIPSE('',#12411,8.91389447890507,4.45694723945245);
#339=ELLIPSE('',#12413,8.91389447890473,4.45694723945245);
#340=ELLIPSE('',#12414,8.91389447890506,4.45694723945245);
#341=ELLIPSE('',#12416,8.91389447890473,4.45694723945245);
#342=ELLIPSE('',#12417,8.91389447890507,4.45694723945245);
#343=ELLIPSE('',#12449,1.10639651841996,0.553198259209971);
#344=ELLIPSE('',#12475,0.764264000000014,0.382132);
#345=ORIENTED_EDGE('',*,*,#3797,.T.);
#346=ORIENTED_EDGE('',*,*,#3798,.T.);
#347=ORIENTED_EDGE('',*,*,#3799,.F.);
#348=ORIENTED_EDGE('',*,*,#3800,.F.);
#349=ORIENTED_EDGE('',*,*,#3801,.T.);
#350=ORIENTED_EDGE('',*,*,#3802,.F.);
#351=ORIENTED_EDGE('',*,*,#3803,.T.);
#352=ORIENTED_EDGE('',*,*,#3804,.F.);
#353=ORIENTED_EDGE('',*,*,#3805,.F.);
#354=ORIENTED_EDGE('',*,*,#3806,.F.);
#355=ORIENTED_EDGE('',*,*,#3807,.F.);
#356=ORIENTED_EDGE('',*,*,#3808,.F.);
#357=ORIENTED_EDGE('',*,*,#3809,.F.);
#358=ORIENTED_EDGE('',*,*,#3810,.F.);
#359=ORIENTED_EDGE('',*,*,#3811,.F.);
#360=ORIENTED_EDGE('',*,*,#3812,.T.);
#361=ORIENTED_EDGE('',*,*,#3813,.T.);
#362=ORIENTED_EDGE('',*,*,#3814,.T.);
#363=ORIENTED_EDGE('',*,*,#3815,.T.);
#364=ORIENTED_EDGE('',*,*,#3816,.T.);
#365=ORIENTED_EDGE('',*,*,#3817,.T.);
#366=ORIENTED_EDGE('',*,*,#3818,.F.);
#367=ORIENTED_EDGE('',*,*,#3819,.T.);
#368=ORIENTED_EDGE('',*,*,#3820,.F.);
#369=ORIENTED_EDGE('',*,*,#3821,.T.);
#370=ORIENTED_EDGE('',*,*,#3822,.T.);
#371=ORIENTED_EDGE('',*,*,#3823,.F.);
#372=ORIENTED_EDGE('',*,*,#3824,.F.);
#373=ORIENTED_EDGE('',*,*,#3825,.T.);
#374=ORIENTED_EDGE('',*,*,#3821,.F.);
#375=ORIENTED_EDGE('',*,*,#3826,.F.);
#376=ORIENTED_EDGE('',*,*,#3822,.F.);
#377=ORIENTED_EDGE('',*,*,#3825,.F.);
#378=ORIENTED_EDGE('',*,*,#3827,.F.);
#379=ORIENTED_EDGE('',*,*,#3828,.F.);
#380=ORIENTED_EDGE('',*,*,#3829,.F.);
#381=ORIENTED_EDGE('',*,*,#3830,.F.);
#382=ORIENTED_EDGE('',*,*,#3831,.T.);
#383=ORIENTED_EDGE('',*,*,#3832,.T.);
#384=ORIENTED_EDGE('',*,*,#3833,.F.);
#385=ORIENTED_EDGE('',*,*,#3834,.F.);
#386=ORIENTED_EDGE('',*,*,#3835,.F.);
#387=ORIENTED_EDGE('',*,*,#3836,.F.);
#388=ORIENTED_EDGE('',*,*,#3829,.T.);
#389=ORIENTED_EDGE('',*,*,#3835,.T.);
#390=ORIENTED_EDGE('',*,*,#3837,.T.);
#391=ORIENTED_EDGE('',*,*,#3838,.T.);
#392=ORIENTED_EDGE('',*,*,#3839,.F.);
#393=ORIENTED_EDGE('',*,*,#3840,.F.);
#394=ORIENTED_EDGE('',*,*,#3841,.T.);
#395=ORIENTED_EDGE('',*,*,#3842,.T.);
#396=ORIENTED_EDGE('',*,*,#3843,.T.);
#397=ORIENTED_EDGE('',*,*,#3844,.F.);
#398=ORIENTED_EDGE('',*,*,#3845,.T.);
#399=ORIENTED_EDGE('',*,*,#3846,.F.);
#400=ORIENTED_EDGE('',*,*,#3847,.T.);
#401=ORIENTED_EDGE('',*,*,#3848,.T.);
#402=ORIENTED_EDGE('',*,*,#3849,.F.);
#403=ORIENTED_EDGE('',*,*,#3850,.F.);
#404=ORIENTED_EDGE('',*,*,#3844,.T.);
#405=ORIENTED_EDGE('',*,*,#3851,.F.);
#406=ORIENTED_EDGE('',*,*,#3852,.T.);
#407=ORIENTED_EDGE('',*,*,#3842,.F.);
#408=ORIENTED_EDGE('',*,*,#3853,.T.);
#409=ORIENTED_EDGE('',*,*,#3854,.T.);
#410=ORIENTED_EDGE('',*,*,#3855,.F.);
#411=ORIENTED_EDGE('',*,*,#3856,.T.);
#412=ORIENTED_EDGE('',*,*,#3857,.T.);
#413=ORIENTED_EDGE('',*,*,#3858,.F.);
#414=ORIENTED_EDGE('',*,*,#3859,.T.);
#415=ORIENTED_EDGE('',*,*,#3860,.F.);
#416=ORIENTED_EDGE('',*,*,#3861,.T.);
#417=ORIENTED_EDGE('',*,*,#3862,.T.);
#418=ORIENTED_EDGE('',*,*,#3863,.F.);
#419=ORIENTED_EDGE('',*,*,#3864,.F.);
#420=ORIENTED_EDGE('',*,*,#3858,.T.);
#421=ORIENTED_EDGE('',*,*,#3865,.F.);
#422=ORIENTED_EDGE('',*,*,#3866,.T.);
#423=ORIENTED_EDGE('',*,*,#3856,.F.);
#424=ORIENTED_EDGE('',*,*,#3867,.T.);
#425=ORIENTED_EDGE('',*,*,#3868,.T.);
#426=ORIENTED_EDGE('',*,*,#3869,.F.);
#427=ORIENTED_EDGE('',*,*,#3870,.F.);
#428=ORIENTED_EDGE('',*,*,#3871,.F.);
#429=ORIENTED_EDGE('',*,*,#3872,.F.);
#430=ORIENTED_EDGE('',*,*,#3873,.T.);
#431=ORIENTED_EDGE('',*,*,#3874,.T.);
#432=ORIENTED_EDGE('',*,*,#3875,.F.);
#433=ORIENTED_EDGE('',*,*,#3871,.T.);
#434=ORIENTED_EDGE('',*,*,#3876,.F.);
#435=ORIENTED_EDGE('',*,*,#3877,.T.);
#436=ORIENTED_EDGE('',*,*,#3878,.F.);
#437=ORIENTED_EDGE('',*,*,#3879,.F.);
#438=ORIENTED_EDGE('',*,*,#3880,.T.);
#439=ORIENTED_EDGE('',*,*,#3881,.T.);
#440=ORIENTED_EDGE('',*,*,#3882,.F.);
#441=ORIENTED_EDGE('',*,*,#3883,.F.);
#442=ORIENTED_EDGE('',*,*,#3884,.T.);
#443=ORIENTED_EDGE('',*,*,#3878,.T.);
#444=ORIENTED_EDGE('',*,*,#3885,.F.);
#445=ORIENTED_EDGE('',*,*,#3886,.F.);
#446=ORIENTED_EDGE('',*,*,#3887,.F.);
#447=ORIENTED_EDGE('',*,*,#3888,.T.);
#448=ORIENTED_EDGE('',*,*,#3889,.T.);
#449=ORIENTED_EDGE('',*,*,#3890,.F.);
#450=ORIENTED_EDGE('',*,*,#3891,.T.);
#451=ORIENTED_EDGE('',*,*,#3892,.F.);
#452=ORIENTED_EDGE('',*,*,#3893,.F.);
#453=ORIENTED_EDGE('',*,*,#3799,.T.);
#454=ORIENTED_EDGE('',*,*,#3894,.F.);
#455=ORIENTED_EDGE('',*,*,#3895,.F.);
#456=ORIENTED_EDGE('',*,*,#3827,.T.);
#457=ORIENTED_EDGE('',*,*,#3824,.T.);
#458=ORIENTED_EDGE('',*,*,#3896,.F.);
#459=ORIENTED_EDGE('',*,*,#3897,.T.);
#460=ORIENTED_EDGE('',*,*,#3898,.T.);
#461=ORIENTED_EDGE('',*,*,#3899,.T.);
#462=ORIENTED_EDGE('',*,*,#3900,.F.);
#463=ORIENTED_EDGE('',*,*,#3901,.F.);
#464=ORIENTED_EDGE('',*,*,#3902,.F.);
#465=ORIENTED_EDGE('',*,*,#3901,.T.);
#466=ORIENTED_EDGE('',*,*,#3903,.F.);
#467=ORIENTED_EDGE('',*,*,#3891,.F.);
#468=ORIENTED_EDGE('',*,*,#3904,.T.);
#469=ORIENTED_EDGE('',*,*,#3905,.T.);
#470=ORIENTED_EDGE('',*,*,#3906,.T.);
#471=ORIENTED_EDGE('',*,*,#3907,.T.);
#472=ORIENTED_EDGE('',*,*,#3908,.T.);
#473=ORIENTED_EDGE('',*,*,#3909,.T.);
#474=ORIENTED_EDGE('',*,*,#3910,.T.);
#475=ORIENTED_EDGE('',*,*,#3911,.T.);
#476=ORIENTED_EDGE('',*,*,#3912,.T.);
#477=ORIENTED_EDGE('',*,*,#3913,.T.);
#478=ORIENTED_EDGE('',*,*,#3914,.T.);
#479=ORIENTED_EDGE('',*,*,#3915,.T.);
#480=ORIENTED_EDGE('',*,*,#3916,.T.);
#481=ORIENTED_EDGE('',*,*,#3917,.T.);
#482=ORIENTED_EDGE('',*,*,#3918,.T.);
#483=ORIENTED_EDGE('',*,*,#3919,.T.);
#484=ORIENTED_EDGE('',*,*,#3920,.T.);
#485=ORIENTED_EDGE('',*,*,#3921,.T.);
#486=ORIENTED_EDGE('',*,*,#3922,.T.);
#487=ORIENTED_EDGE('',*,*,#3923,.T.);
#488=ORIENTED_EDGE('',*,*,#3924,.T.);
#489=ORIENTED_EDGE('',*,*,#3925,.T.);
#490=ORIENTED_EDGE('',*,*,#3926,.T.);
#491=ORIENTED_EDGE('',*,*,#3927,.T.);
#492=ORIENTED_EDGE('',*,*,#3928,.T.);
#493=ORIENTED_EDGE('',*,*,#3929,.T.);
#494=ORIENTED_EDGE('',*,*,#3930,.T.);
#495=ORIENTED_EDGE('',*,*,#3931,.T.);
#496=ORIENTED_EDGE('',*,*,#3932,.T.);
#497=ORIENTED_EDGE('',*,*,#3933,.T.);
#498=ORIENTED_EDGE('',*,*,#3934,.T.);
#499=ORIENTED_EDGE('',*,*,#3935,.T.);
#500=ORIENTED_EDGE('',*,*,#3936,.T.);
#501=ORIENTED_EDGE('',*,*,#3937,.T.);
#502=ORIENTED_EDGE('',*,*,#3938,.T.);
#503=ORIENTED_EDGE('',*,*,#3939,.T.);
#504=ORIENTED_EDGE('',*,*,#3940,.T.);
#505=ORIENTED_EDGE('',*,*,#3941,.T.);
#506=ORIENTED_EDGE('',*,*,#3942,.T.);
#507=ORIENTED_EDGE('',*,*,#3943,.T.);
#508=ORIENTED_EDGE('',*,*,#3944,.T.);
#509=ORIENTED_EDGE('',*,*,#3945,.T.);
#510=ORIENTED_EDGE('',*,*,#3946,.T.);
#511=ORIENTED_EDGE('',*,*,#3947,.T.);
#512=ORIENTED_EDGE('',*,*,#3948,.T.);
#513=ORIENTED_EDGE('',*,*,#3949,.T.);
#514=ORIENTED_EDGE('',*,*,#3950,.T.);
#515=ORIENTED_EDGE('',*,*,#3951,.T.);
#516=ORIENTED_EDGE('',*,*,#3952,.T.);
#517=ORIENTED_EDGE('',*,*,#3953,.T.);
#518=ORIENTED_EDGE('',*,*,#3954,.T.);
#519=ORIENTED_EDGE('',*,*,#3955,.T.);
#520=ORIENTED_EDGE('',*,*,#3956,.T.);
#521=ORIENTED_EDGE('',*,*,#3957,.T.);
#522=ORIENTED_EDGE('',*,*,#3958,.T.);
#523=ORIENTED_EDGE('',*,*,#3959,.T.);
#524=ORIENTED_EDGE('',*,*,#3960,.T.);
#525=ORIENTED_EDGE('',*,*,#3961,.T.);
#526=ORIENTED_EDGE('',*,*,#3962,.T.);
#527=ORIENTED_EDGE('',*,*,#3963,.T.);
#528=ORIENTED_EDGE('',*,*,#3964,.T.);
#529=ORIENTED_EDGE('',*,*,#3965,.T.);
#530=ORIENTED_EDGE('',*,*,#3966,.T.);
#531=ORIENTED_EDGE('',*,*,#3967,.T.);
#532=ORIENTED_EDGE('',*,*,#3968,.T.);
#533=ORIENTED_EDGE('',*,*,#3969,.T.);
#534=ORIENTED_EDGE('',*,*,#3970,.T.);
#535=ORIENTED_EDGE('',*,*,#3971,.T.);
#536=ORIENTED_EDGE('',*,*,#3972,.T.);
#537=ORIENTED_EDGE('',*,*,#3973,.T.);
#538=ORIENTED_EDGE('',*,*,#3974,.T.);
#539=ORIENTED_EDGE('',*,*,#3975,.T.);
#540=ORIENTED_EDGE('',*,*,#3976,.T.);
#541=ORIENTED_EDGE('',*,*,#3977,.T.);
#542=ORIENTED_EDGE('',*,*,#3978,.T.);
#543=ORIENTED_EDGE('',*,*,#3979,.T.);
#544=ORIENTED_EDGE('',*,*,#3980,.T.);
#545=ORIENTED_EDGE('',*,*,#3981,.T.);
#546=ORIENTED_EDGE('',*,*,#3982,.T.);
#547=ORIENTED_EDGE('',*,*,#3983,.T.);
#548=ORIENTED_EDGE('',*,*,#3984,.F.);
#549=ORIENTED_EDGE('',*,*,#3985,.F.);
#550=ORIENTED_EDGE('',*,*,#3986,.T.);
#551=ORIENTED_EDGE('',*,*,#3987,.T.);
#552=ORIENTED_EDGE('',*,*,#3988,.T.);
#553=ORIENTED_EDGE('',*,*,#3989,.T.);
#554=ORIENTED_EDGE('',*,*,#3990,.T.);
#555=ORIENTED_EDGE('',*,*,#3991,.T.);
#556=ORIENTED_EDGE('',*,*,#3992,.T.);
#557=ORIENTED_EDGE('',*,*,#3993,.T.);
#558=ORIENTED_EDGE('',*,*,#3994,.T.);
#559=ORIENTED_EDGE('',*,*,#3995,.T.);
#560=ORIENTED_EDGE('',*,*,#3996,.T.);
#561=ORIENTED_EDGE('',*,*,#3997,.T.);
#562=ORIENTED_EDGE('',*,*,#3998,.T.);
#563=ORIENTED_EDGE('',*,*,#3999,.T.);
#564=ORIENTED_EDGE('',*,*,#4000,.T.);
#565=ORIENTED_EDGE('',*,*,#4001,.T.);
#566=ORIENTED_EDGE('',*,*,#4002,.T.);
#567=ORIENTED_EDGE('',*,*,#4003,.T.);
#568=ORIENTED_EDGE('',*,*,#4004,.F.);
#569=ORIENTED_EDGE('',*,*,#4005,.F.);
#570=ORIENTED_EDGE('',*,*,#4006,.F.);
#571=ORIENTED_EDGE('',*,*,#4007,.F.);
#572=ORIENTED_EDGE('',*,*,#4008,.F.);
#573=ORIENTED_EDGE('',*,*,#4009,.F.);
#574=ORIENTED_EDGE('',*,*,#4010,.F.);
#575=ORIENTED_EDGE('',*,*,#4011,.F.);
#576=ORIENTED_EDGE('',*,*,#4012,.F.);
#577=ORIENTED_EDGE('',*,*,#4013,.T.);
#578=ORIENTED_EDGE('',*,*,#4014,.F.);
#579=ORIENTED_EDGE('',*,*,#4015,.T.);
#580=ORIENTED_EDGE('',*,*,#4016,.F.);
#581=ORIENTED_EDGE('',*,*,#4017,.F.);
#582=ORIENTED_EDGE('',*,*,#4018,.F.);
#583=ORIENTED_EDGE('',*,*,#4019,.F.);
#584=ORIENTED_EDGE('',*,*,#4020,.F.);
#585=ORIENTED_EDGE('',*,*,#4021,.F.);
#586=ORIENTED_EDGE('',*,*,#4022,.F.);
#587=ORIENTED_EDGE('',*,*,#4023,.F.);
#588=ORIENTED_EDGE('',*,*,#4024,.F.);
#589=ORIENTED_EDGE('',*,*,#4025,.F.);
#590=ORIENTED_EDGE('',*,*,#4026,.F.);
#591=ORIENTED_EDGE('',*,*,#4027,.F.);
#592=ORIENTED_EDGE('',*,*,#4028,.F.);
#593=ORIENTED_EDGE('',*,*,#4029,.F.);
#594=ORIENTED_EDGE('',*,*,#4030,.F.);
#595=ORIENTED_EDGE('',*,*,#4031,.F.);
#596=ORIENTED_EDGE('',*,*,#4032,.F.);
#597=ORIENTED_EDGE('',*,*,#4033,.F.);
#598=ORIENTED_EDGE('',*,*,#4034,.F.);
#599=ORIENTED_EDGE('',*,*,#4035,.F.);
#600=ORIENTED_EDGE('',*,*,#4036,.F.);
#601=ORIENTED_EDGE('',*,*,#4037,.F.);
#602=ORIENTED_EDGE('',*,*,#4038,.F.);
#603=ORIENTED_EDGE('',*,*,#4039,.F.);
#604=ORIENTED_EDGE('',*,*,#4040,.F.);
#605=ORIENTED_EDGE('',*,*,#4041,.F.);
#606=ORIENTED_EDGE('',*,*,#4042,.F.);
#607=ORIENTED_EDGE('',*,*,#4043,.F.);
#608=ORIENTED_EDGE('',*,*,#4044,.F.);
#609=ORIENTED_EDGE('',*,*,#4045,.F.);
#610=ORIENTED_EDGE('',*,*,#4046,.F.);
#611=ORIENTED_EDGE('',*,*,#4047,.F.);
#612=ORIENTED_EDGE('',*,*,#4048,.F.);
#613=ORIENTED_EDGE('',*,*,#4049,.F.);
#614=ORIENTED_EDGE('',*,*,#4050,.F.);
#615=ORIENTED_EDGE('',*,*,#4051,.F.);
#616=ORIENTED_EDGE('',*,*,#4052,.F.);
#617=ORIENTED_EDGE('',*,*,#4053,.F.);
#618=ORIENTED_EDGE('',*,*,#4054,.F.);
#619=ORIENTED_EDGE('',*,*,#4055,.F.);
#620=ORIENTED_EDGE('',*,*,#4056,.F.);
#621=ORIENTED_EDGE('',*,*,#4057,.F.);
#622=ORIENTED_EDGE('',*,*,#4058,.F.);
#623=ORIENTED_EDGE('',*,*,#4059,.F.);
#624=ORIENTED_EDGE('',*,*,#4060,.F.);
#625=ORIENTED_EDGE('',*,*,#4061,.F.);
#626=ORIENTED_EDGE('',*,*,#4062,.F.);
#627=ORIENTED_EDGE('',*,*,#4063,.F.);
#628=ORIENTED_EDGE('',*,*,#4064,.F.);
#629=ORIENTED_EDGE('',*,*,#4065,.F.);
#630=ORIENTED_EDGE('',*,*,#4066,.F.);
#631=ORIENTED_EDGE('',*,*,#4067,.F.);
#632=ORIENTED_EDGE('',*,*,#4068,.F.);
#633=ORIENTED_EDGE('',*,*,#4069,.F.);
#634=ORIENTED_EDGE('',*,*,#4070,.F.);
#635=ORIENTED_EDGE('',*,*,#4071,.F.);
#636=ORIENTED_EDGE('',*,*,#4072,.F.);
#637=ORIENTED_EDGE('',*,*,#4073,.F.);
#638=ORIENTED_EDGE('',*,*,#4074,.F.);
#639=ORIENTED_EDGE('',*,*,#4075,.F.);
#640=ORIENTED_EDGE('',*,*,#4076,.F.);
#641=ORIENTED_EDGE('',*,*,#4077,.F.);
#642=ORIENTED_EDGE('',*,*,#4078,.F.);
#643=ORIENTED_EDGE('',*,*,#4079,.F.);
#644=ORIENTED_EDGE('',*,*,#4080,.F.);
#645=ORIENTED_EDGE('',*,*,#4081,.F.);
#646=ORIENTED_EDGE('',*,*,#4082,.F.);
#647=ORIENTED_EDGE('',*,*,#4083,.F.);
#648=ORIENTED_EDGE('',*,*,#4084,.F.);
#649=ORIENTED_EDGE('',*,*,#4085,.F.);
#650=ORIENTED_EDGE('',*,*,#4086,.F.);
#651=ORIENTED_EDGE('',*,*,#4087,.F.);
#652=ORIENTED_EDGE('',*,*,#4088,.F.);
#653=ORIENTED_EDGE('',*,*,#4089,.F.);
#654=ORIENTED_EDGE('',*,*,#4090,.F.);
#655=ORIENTED_EDGE('',*,*,#4091,.F.);
#656=ORIENTED_EDGE('',*,*,#4092,.F.);
#657=ORIENTED_EDGE('',*,*,#4093,.F.);
#658=ORIENTED_EDGE('',*,*,#4094,.F.);
#659=ORIENTED_EDGE('',*,*,#4095,.F.);
#660=ORIENTED_EDGE('',*,*,#4096,.F.);
#661=ORIENTED_EDGE('',*,*,#4097,.F.);
#662=ORIENTED_EDGE('',*,*,#4098,.F.);
#663=ORIENTED_EDGE('',*,*,#4099,.F.);
#664=ORIENTED_EDGE('',*,*,#4100,.F.);
#665=ORIENTED_EDGE('',*,*,#4101,.F.);
#666=ORIENTED_EDGE('',*,*,#4102,.F.);
#667=ORIENTED_EDGE('',*,*,#4103,.F.);
#668=ORIENTED_EDGE('',*,*,#4104,.F.);
#669=ORIENTED_EDGE('',*,*,#4105,.F.);
#670=ORIENTED_EDGE('',*,*,#3859,.F.);
#671=ORIENTED_EDGE('',*,*,#3864,.T.);
#672=ORIENTED_EDGE('',*,*,#4106,.T.);
#673=ORIENTED_EDGE('',*,*,#3867,.F.);
#674=ORIENTED_EDGE('',*,*,#4107,.F.);
#675=ORIENTED_EDGE('',*,*,#3830,.T.);
#676=ORIENTED_EDGE('',*,*,#3836,.T.);
#677=ORIENTED_EDGE('',*,*,#3841,.F.);
#678=ORIENTED_EDGE('',*,*,#4108,.T.);
#679=ORIENTED_EDGE('',*,*,#4109,.T.);
#680=ORIENTED_EDGE('',*,*,#4110,.T.);
#681=ORIENTED_EDGE('',*,*,#4111,.F.);
#682=ORIENTED_EDGE('',*,*,#4112,.F.);
#683=ORIENTED_EDGE('',*,*,#3845,.F.);
#684=ORIENTED_EDGE('',*,*,#3850,.T.);
#685=ORIENTED_EDGE('',*,*,#4113,.T.);
#686=ORIENTED_EDGE('',*,*,#3853,.F.);
#687=ORIENTED_EDGE('',*,*,#4114,.F.);
#688=ORIENTED_EDGE('',*,*,#3872,.T.);
#689=ORIENTED_EDGE('',*,*,#3879,.T.);
#690=ORIENTED_EDGE('',*,*,#3884,.F.);
#691=ORIENTED_EDGE('',*,*,#4115,.F.);
#692=ORIENTED_EDGE('',*,*,#4116,.F.);
#693=ORIENTED_EDGE('',*,*,#4117,.F.);
#694=ORIENTED_EDGE('',*,*,#4118,.F.);
#695=ORIENTED_EDGE('',*,*,#4119,.T.);
#696=ORIENTED_EDGE('',*,*,#4120,.T.);
#697=ORIENTED_EDGE('',*,*,#4121,.F.);
#698=ORIENTED_EDGE('',*,*,#4122,.T.);
#699=ORIENTED_EDGE('',*,*,#4123,.T.);
#700=ORIENTED_EDGE('',*,*,#3804,.T.);
#701=ORIENTED_EDGE('',*,*,#4124,.F.);
#702=ORIENTED_EDGE('',*,*,#3817,.F.);
#703=ORIENTED_EDGE('',*,*,#4125,.T.);
#704=ORIENTED_EDGE('',*,*,#4126,.F.);
#705=ORIENTED_EDGE('',*,*,#4127,.T.);
#706=ORIENTED_EDGE('',*,*,#3813,.F.);
#707=ORIENTED_EDGE('',*,*,#4128,.T.);
#708=ORIENTED_EDGE('',*,*,#3808,.T.);
#709=ORIENTED_EDGE('',*,*,#4129,.T.);
#710=ORIENTED_EDGE('',*,*,#4130,.T.);
#711=ORIENTED_EDGE('',*,*,#4131,.T.);
#712=ORIENTED_EDGE('',*,*,#4132,.T.);
#713=ORIENTED_EDGE('',*,*,#4133,.T.);
#714=ORIENTED_EDGE('',*,*,#4134,.F.);
#715=ORIENTED_EDGE('',*,*,#4135,.F.);
#716=ORIENTED_EDGE('',*,*,#4017,.T.);
#717=ORIENTED_EDGE('',*,*,#4136,.F.);
#718=ORIENTED_EDGE('',*,*,#3982,.F.);
#719=ORIENTED_EDGE('',*,*,#4137,.F.);
#720=ORIENTED_EDGE('',*,*,#4138,.T.);
#721=ORIENTED_EDGE('',*,*,#4139,.F.);
#722=ORIENTED_EDGE('',*,*,#3976,.F.);
#723=ORIENTED_EDGE('',*,*,#4140,.F.);
#724=ORIENTED_EDGE('',*,*,#4011,.T.);
#725=ORIENTED_EDGE('',*,*,#4141,.F.);
#726=ORIENTED_EDGE('',*,*,#4142,.F.);
#727=ORIENTED_EDGE('',*,*,#4143,.F.);
#728=ORIENTED_EDGE('',*,*,#4144,.T.);
#729=ORIENTED_EDGE('',*,*,#4145,.T.);
#730=ORIENTED_EDGE('',*,*,#4146,.T.);
#731=ORIENTED_EDGE('',*,*,#3903,.T.);
#732=ORIENTED_EDGE('',*,*,#3900,.T.);
#733=ORIENTED_EDGE('',*,*,#4147,.T.);
#734=ORIENTED_EDGE('',*,*,#4148,.T.);
#735=ORIENTED_EDGE('',*,*,#4149,.T.);
#736=ORIENTED_EDGE('',*,*,#3892,.T.);
#737=ORIENTED_EDGE('',*,*,#4150,.F.);
#738=ORIENTED_EDGE('',*,*,#4151,.F.);
#739=ORIENTED_EDGE('',*,*,#4152,.F.);
#740=ORIENTED_EDGE('',*,*,#4134,.T.);
#741=ORIENTED_EDGE('',*,*,#4153,.T.);
#742=ORIENTED_EDGE('',*,*,#4154,.T.);
#743=ORIENTED_EDGE('',*,*,#4155,.T.);
#744=ORIENTED_EDGE('',*,*,#4118,.T.);
#745=ORIENTED_EDGE('',*,*,#4156,.T.);
#746=ORIENTED_EDGE('',*,*,#4116,.T.);
#747=ORIENTED_EDGE('',*,*,#4157,.F.);
#748=ORIENTED_EDGE('',*,*,#4158,.F.);
#749=ORIENTED_EDGE('',*,*,#4159,.T.);
#750=ORIENTED_EDGE('',*,*,#4160,.F.);
#751=ORIENTED_EDGE('',*,*,#4161,.F.);
#752=ORIENTED_EDGE('',*,*,#4162,.T.);
#753=ORIENTED_EDGE('',*,*,#4163,.F.);
#754=ORIENTED_EDGE('',*,*,#4164,.F.);
#755=ORIENTED_EDGE('',*,*,#4165,.F.);
#756=ORIENTED_EDGE('',*,*,#4159,.F.);
#757=ORIENTED_EDGE('',*,*,#4166,.F.);
#758=ORIENTED_EDGE('',*,*,#4167,.F.);
#759=ORIENTED_EDGE('',*,*,#4168,.T.);
#760=ORIENTED_EDGE('',*,*,#4169,.F.);
#761=ORIENTED_EDGE('',*,*,#4170,.F.);
#762=ORIENTED_EDGE('',*,*,#4171,.F.);
#763=ORIENTED_EDGE('',*,*,#4172,.F.);
#764=ORIENTED_EDGE('',*,*,#4171,.T.);
#765=ORIENTED_EDGE('',*,*,#4173,.F.);
#766=ORIENTED_EDGE('',*,*,#4164,.T.);
#767=ORIENTED_EDGE('',*,*,#4174,.F.);
#768=ORIENTED_EDGE('',*,*,#4168,.F.);
#769=ORIENTED_EDGE('',*,*,#4175,.T.);
#770=ORIENTED_EDGE('',*,*,#4162,.F.);
#771=ORIENTED_EDGE('',*,*,#4176,.F.);
#772=ORIENTED_EDGE('',*,*,#4177,.F.);
#773=ORIENTED_EDGE('',*,*,#4178,.T.);
#774=ORIENTED_EDGE('',*,*,#4179,.T.);
#775=ORIENTED_EDGE('',*,*,#4180,.T.);
#776=ORIENTED_EDGE('',*,*,#4181,.F.);
#777=ORIENTED_EDGE('',*,*,#4182,.F.);
#778=ORIENTED_EDGE('',*,*,#4183,.F.);
#779=ORIENTED_EDGE('',*,*,#4184,.T.);
#780=ORIENTED_EDGE('',*,*,#4185,.F.);
#781=ORIENTED_EDGE('',*,*,#4186,.F.);
#782=ORIENTED_EDGE('',*,*,#4187,.F.);
#783=ORIENTED_EDGE('',*,*,#4188,.F.);
#784=ORIENTED_EDGE('',*,*,#4189,.F.);
#785=ORIENTED_EDGE('',*,*,#4190,.F.);
#786=ORIENTED_EDGE('',*,*,#4191,.F.);
#787=ORIENTED_EDGE('',*,*,#4192,.F.);
#788=ORIENTED_EDGE('',*,*,#4193,.F.);
#789=ORIENTED_EDGE('',*,*,#4194,.F.);
#790=ORIENTED_EDGE('',*,*,#4195,.F.);
#791=ORIENTED_EDGE('',*,*,#4196,.F.);
#792=ORIENTED_EDGE('',*,*,#4197,.F.);
#793=ORIENTED_EDGE('',*,*,#4198,.F.);
#794=ORIENTED_EDGE('',*,*,#4199,.F.);
#795=ORIENTED_EDGE('',*,*,#4200,.F.);
#796=ORIENTED_EDGE('',*,*,#4201,.F.);
#797=ORIENTED_EDGE('',*,*,#4202,.F.);
#798=ORIENTED_EDGE('',*,*,#4203,.F.);
#799=ORIENTED_EDGE('',*,*,#4204,.F.);
#800=ORIENTED_EDGE('',*,*,#4205,.F.);
#801=ORIENTED_EDGE('',*,*,#4206,.F.);
#802=ORIENTED_EDGE('',*,*,#4207,.F.);
#803=ORIENTED_EDGE('',*,*,#4208,.F.);
#804=ORIENTED_EDGE('',*,*,#4209,.F.);
#805=ORIENTED_EDGE('',*,*,#4210,.F.);
#806=ORIENTED_EDGE('',*,*,#4211,.F.);
#807=ORIENTED_EDGE('',*,*,#4212,.F.);
#808=ORIENTED_EDGE('',*,*,#4213,.F.);
#809=ORIENTED_EDGE('',*,*,#4214,.F.);
#810=ORIENTED_EDGE('',*,*,#4215,.F.);
#811=ORIENTED_EDGE('',*,*,#4216,.F.);
#812=ORIENTED_EDGE('',*,*,#4217,.F.);
#813=ORIENTED_EDGE('',*,*,#4218,.F.);
#814=ORIENTED_EDGE('',*,*,#4219,.F.);
#815=ORIENTED_EDGE('',*,*,#4220,.F.);
#816=ORIENTED_EDGE('',*,*,#4221,.F.);
#817=ORIENTED_EDGE('',*,*,#4222,.F.);
#818=ORIENTED_EDGE('',*,*,#4223,.F.);
#819=ORIENTED_EDGE('',*,*,#4224,.F.);
#820=ORIENTED_EDGE('',*,*,#4225,.F.);
#821=ORIENTED_EDGE('',*,*,#4226,.F.);
#822=ORIENTED_EDGE('',*,*,#4227,.F.);
#823=ORIENTED_EDGE('',*,*,#4228,.F.);
#824=ORIENTED_EDGE('',*,*,#4229,.F.);
#825=ORIENTED_EDGE('',*,*,#4230,.F.);
#826=ORIENTED_EDGE('',*,*,#4231,.F.);
#827=ORIENTED_EDGE('',*,*,#4232,.F.);
#828=ORIENTED_EDGE('',*,*,#4233,.F.);
#829=ORIENTED_EDGE('',*,*,#4234,.F.);
#830=ORIENTED_EDGE('',*,*,#4235,.F.);
#831=ORIENTED_EDGE('',*,*,#4236,.F.);
#832=ORIENTED_EDGE('',*,*,#4237,.F.);
#833=ORIENTED_EDGE('',*,*,#4238,.F.);
#834=ORIENTED_EDGE('',*,*,#4239,.F.);
#835=ORIENTED_EDGE('',*,*,#4240,.F.);
#836=ORIENTED_EDGE('',*,*,#4241,.F.);
#837=ORIENTED_EDGE('',*,*,#4242,.F.);
#838=ORIENTED_EDGE('',*,*,#4243,.F.);
#839=ORIENTED_EDGE('',*,*,#4244,.F.);
#840=ORIENTED_EDGE('',*,*,#4245,.F.);
#841=ORIENTED_EDGE('',*,*,#4246,.F.);
#842=ORIENTED_EDGE('',*,*,#4247,.F.);
#843=ORIENTED_EDGE('',*,*,#4248,.F.);
#844=ORIENTED_EDGE('',*,*,#4249,.F.);
#845=ORIENTED_EDGE('',*,*,#4250,.F.);
#846=ORIENTED_EDGE('',*,*,#4251,.F.);
#847=ORIENTED_EDGE('',*,*,#4252,.F.);
#848=ORIENTED_EDGE('',*,*,#4253,.F.);
#849=ORIENTED_EDGE('',*,*,#4254,.F.);
#850=ORIENTED_EDGE('',*,*,#4255,.F.);
#851=ORIENTED_EDGE('',*,*,#4256,.F.);
#852=ORIENTED_EDGE('',*,*,#4257,.F.);
#853=ORIENTED_EDGE('',*,*,#4258,.F.);
#854=ORIENTED_EDGE('',*,*,#4259,.F.);
#855=ORIENTED_EDGE('',*,*,#4260,.F.);
#856=ORIENTED_EDGE('',*,*,#4261,.F.);
#857=ORIENTED_EDGE('',*,*,#4262,.F.);
#858=ORIENTED_EDGE('',*,*,#4263,.F.);
#859=ORIENTED_EDGE('',*,*,#4264,.F.);
#860=ORIENTED_EDGE('',*,*,#4265,.F.);
#861=ORIENTED_EDGE('',*,*,#4266,.F.);
#862=ORIENTED_EDGE('',*,*,#4267,.F.);
#863=ORIENTED_EDGE('',*,*,#4268,.F.);
#864=ORIENTED_EDGE('',*,*,#4269,.F.);
#865=ORIENTED_EDGE('',*,*,#4270,.F.);
#866=ORIENTED_EDGE('',*,*,#4271,.F.);
#867=ORIENTED_EDGE('',*,*,#4272,.F.);
#868=ORIENTED_EDGE('',*,*,#4273,.F.);
#869=ORIENTED_EDGE('',*,*,#4274,.F.);
#870=ORIENTED_EDGE('',*,*,#4275,.F.);
#871=ORIENTED_EDGE('',*,*,#4276,.F.);
#872=ORIENTED_EDGE('',*,*,#4277,.F.);
#873=ORIENTED_EDGE('',*,*,#4278,.F.);
#874=ORIENTED_EDGE('',*,*,#4279,.F.);
#875=ORIENTED_EDGE('',*,*,#4280,.F.);
#876=ORIENTED_EDGE('',*,*,#4281,.F.);
#877=ORIENTED_EDGE('',*,*,#4282,.F.);
#878=ORIENTED_EDGE('',*,*,#4283,.F.);
#879=ORIENTED_EDGE('',*,*,#4284,.F.);
#880=ORIENTED_EDGE('',*,*,#4285,.F.);
#881=ORIENTED_EDGE('',*,*,#4286,.F.);
#882=ORIENTED_EDGE('',*,*,#4287,.F.);
#883=ORIENTED_EDGE('',*,*,#4288,.F.);
#884=ORIENTED_EDGE('',*,*,#4289,.F.);
#885=ORIENTED_EDGE('',*,*,#4290,.F.);
#886=ORIENTED_EDGE('',*,*,#4291,.F.);
#887=ORIENTED_EDGE('',*,*,#4292,.F.);
#888=ORIENTED_EDGE('',*,*,#4293,.F.);
#889=ORIENTED_EDGE('',*,*,#4294,.F.);
#890=ORIENTED_EDGE('',*,*,#4295,.F.);
#891=ORIENTED_EDGE('',*,*,#4296,.F.);
#892=ORIENTED_EDGE('',*,*,#4297,.F.);
#893=ORIENTED_EDGE('',*,*,#4298,.F.);
#894=ORIENTED_EDGE('',*,*,#4299,.F.);
#895=ORIENTED_EDGE('',*,*,#4300,.F.);
#896=ORIENTED_EDGE('',*,*,#4301,.F.);
#897=ORIENTED_EDGE('',*,*,#4302,.F.);
#898=ORIENTED_EDGE('',*,*,#4303,.F.);
#899=ORIENTED_EDGE('',*,*,#4304,.F.);
#900=ORIENTED_EDGE('',*,*,#4305,.F.);
#901=ORIENTED_EDGE('',*,*,#4306,.F.);
#902=ORIENTED_EDGE('',*,*,#4307,.F.);
#903=ORIENTED_EDGE('',*,*,#4308,.F.);
#904=ORIENTED_EDGE('',*,*,#4309,.F.);
#905=ORIENTED_EDGE('',*,*,#4310,.F.);
#906=ORIENTED_EDGE('',*,*,#4311,.F.);
#907=ORIENTED_EDGE('',*,*,#4312,.F.);
#908=ORIENTED_EDGE('',*,*,#4313,.F.);
#909=ORIENTED_EDGE('',*,*,#4314,.F.);
#910=ORIENTED_EDGE('',*,*,#4315,.F.);
#911=ORIENTED_EDGE('',*,*,#4316,.F.);
#912=ORIENTED_EDGE('',*,*,#4317,.F.);
#913=ORIENTED_EDGE('',*,*,#4318,.F.);
#914=ORIENTED_EDGE('',*,*,#4319,.F.);
#915=ORIENTED_EDGE('',*,*,#4320,.F.);
#916=ORIENTED_EDGE('',*,*,#4321,.F.);
#917=ORIENTED_EDGE('',*,*,#4322,.F.);
#918=ORIENTED_EDGE('',*,*,#4323,.F.);
#919=ORIENTED_EDGE('',*,*,#4324,.F.);
#920=ORIENTED_EDGE('',*,*,#4325,.F.);
#921=ORIENTED_EDGE('',*,*,#4326,.F.);
#922=ORIENTED_EDGE('',*,*,#4327,.F.);
#923=ORIENTED_EDGE('',*,*,#4328,.F.);
#924=ORIENTED_EDGE('',*,*,#4329,.F.);
#925=ORIENTED_EDGE('',*,*,#4330,.F.);
#926=ORIENTED_EDGE('',*,*,#4331,.F.);
#927=ORIENTED_EDGE('',*,*,#4332,.F.);
#928=ORIENTED_EDGE('',*,*,#4333,.F.);
#929=ORIENTED_EDGE('',*,*,#4334,.F.);
#930=ORIENTED_EDGE('',*,*,#4335,.F.);
#931=ORIENTED_EDGE('',*,*,#4336,.F.);
#932=ORIENTED_EDGE('',*,*,#4337,.F.);
#933=ORIENTED_EDGE('',*,*,#4338,.F.);
#934=ORIENTED_EDGE('',*,*,#4339,.F.);
#935=ORIENTED_EDGE('',*,*,#4340,.F.);
#936=ORIENTED_EDGE('',*,*,#4341,.F.);
#937=ORIENTED_EDGE('',*,*,#4342,.F.);
#938=ORIENTED_EDGE('',*,*,#4343,.F.);
#939=ORIENTED_EDGE('',*,*,#4344,.F.);
#940=ORIENTED_EDGE('',*,*,#4345,.F.);
#941=ORIENTED_EDGE('',*,*,#4346,.F.);
#942=ORIENTED_EDGE('',*,*,#4347,.F.);
#943=ORIENTED_EDGE('',*,*,#4348,.F.);
#944=ORIENTED_EDGE('',*,*,#4349,.F.);
#945=ORIENTED_EDGE('',*,*,#4350,.F.);
#946=ORIENTED_EDGE('',*,*,#4351,.F.);
#947=ORIENTED_EDGE('',*,*,#4352,.F.);
#948=ORIENTED_EDGE('',*,*,#4353,.F.);
#949=ORIENTED_EDGE('',*,*,#4354,.F.);
#950=ORIENTED_EDGE('',*,*,#4355,.F.);
#951=ORIENTED_EDGE('',*,*,#4356,.F.);
#952=ORIENTED_EDGE('',*,*,#4357,.F.);
#953=ORIENTED_EDGE('',*,*,#4358,.F.);
#954=ORIENTED_EDGE('',*,*,#4359,.F.);
#955=ORIENTED_EDGE('',*,*,#4360,.F.);
#956=ORIENTED_EDGE('',*,*,#4361,.F.);
#957=ORIENTED_EDGE('',*,*,#4362,.F.);
#958=ORIENTED_EDGE('',*,*,#4363,.F.);
#959=ORIENTED_EDGE('',*,*,#4364,.F.);
#960=ORIENTED_EDGE('',*,*,#4365,.F.);
#961=ORIENTED_EDGE('',*,*,#4366,.F.);
#962=ORIENTED_EDGE('',*,*,#4367,.F.);
#963=ORIENTED_EDGE('',*,*,#4368,.F.);
#964=ORIENTED_EDGE('',*,*,#4369,.F.);
#965=ORIENTED_EDGE('',*,*,#4370,.F.);
#966=ORIENTED_EDGE('',*,*,#4371,.F.);
#967=ORIENTED_EDGE('',*,*,#4372,.F.);
#968=ORIENTED_EDGE('',*,*,#4373,.F.);
#969=ORIENTED_EDGE('',*,*,#4374,.F.);
#970=ORIENTED_EDGE('',*,*,#4375,.F.);
#971=ORIENTED_EDGE('',*,*,#4376,.F.);
#972=ORIENTED_EDGE('',*,*,#4377,.F.);
#973=ORIENTED_EDGE('',*,*,#4378,.F.);
#974=ORIENTED_EDGE('',*,*,#4379,.F.);
#975=ORIENTED_EDGE('',*,*,#4380,.F.);
#976=ORIENTED_EDGE('',*,*,#4381,.F.);
#977=ORIENTED_EDGE('',*,*,#4382,.F.);
#978=ORIENTED_EDGE('',*,*,#4383,.F.);
#979=ORIENTED_EDGE('',*,*,#4384,.F.);
#980=ORIENTED_EDGE('',*,*,#4385,.F.);
#981=ORIENTED_EDGE('',*,*,#4386,.F.);
#982=ORIENTED_EDGE('',*,*,#4387,.F.);
#983=ORIENTED_EDGE('',*,*,#4388,.F.);
#984=ORIENTED_EDGE('',*,*,#4389,.F.);
#985=ORIENTED_EDGE('',*,*,#4390,.F.);
#986=ORIENTED_EDGE('',*,*,#4391,.F.);
#987=ORIENTED_EDGE('',*,*,#4392,.F.);
#988=ORIENTED_EDGE('',*,*,#4393,.F.);
#989=ORIENTED_EDGE('',*,*,#4394,.F.);
#990=ORIENTED_EDGE('',*,*,#4395,.F.);
#991=ORIENTED_EDGE('',*,*,#4396,.F.);
#992=ORIENTED_EDGE('',*,*,#4160,.T.);
#993=ORIENTED_EDGE('',*,*,#4165,.T.);
#994=ORIENTED_EDGE('',*,*,#4173,.T.);
#995=ORIENTED_EDGE('',*,*,#4170,.T.);
#996=ORIENTED_EDGE('',*,*,#4397,.T.);
#997=ORIENTED_EDGE('',*,*,#4398,.T.);
#998=ORIENTED_EDGE('',*,*,#4399,.F.);
#999=ORIENTED_EDGE('',*,*,#4400,.F.);
#1000=ORIENTED_EDGE('',*,*,#4401,.T.);
#1001=ORIENTED_EDGE('',*,*,#4402,.T.);
#1002=ORIENTED_EDGE('',*,*,#4403,.F.);
#1003=ORIENTED_EDGE('',*,*,#4404,.F.);
#1004=ORIENTED_EDGE('',*,*,#4405,.T.);
#1005=ORIENTED_EDGE('',*,*,#4406,.T.);
#1006=ORIENTED_EDGE('',*,*,#4407,.F.);
#1007=ORIENTED_EDGE('',*,*,#4408,.T.);
#1008=ORIENTED_EDGE('',*,*,#4182,.T.);
#1009=ORIENTED_EDGE('',*,*,#4409,.F.);
#1010=ORIENTED_EDGE('',*,*,#4410,.F.);
#1011=ORIENTED_EDGE('',*,*,#4411,.T.);
#1012=ORIENTED_EDGE('',*,*,#4412,.T.);
#1013=ORIENTED_EDGE('',*,*,#4413,.T.);
#1014=ORIENTED_EDGE('',*,*,#4414,.T.);
#1015=ORIENTED_EDGE('',*,*,#4415,.T.);
#1016=ORIENTED_EDGE('',*,*,#4416,.T.);
#1017=ORIENTED_EDGE('',*,*,#4417,.T.);
#1018=ORIENTED_EDGE('',*,*,#4418,.T.);
#1019=ORIENTED_EDGE('',*,*,#4419,.T.);
#1020=ORIENTED_EDGE('',*,*,#4420,.T.);
#1021=ORIENTED_EDGE('',*,*,#4421,.T.);
#1022=ORIENTED_EDGE('',*,*,#4422,.T.);
#1023=ORIENTED_EDGE('',*,*,#4423,.T.);
#1024=ORIENTED_EDGE('',*,*,#4424,.T.);
#1025=ORIENTED_EDGE('',*,*,#4425,.T.);
#1026=ORIENTED_EDGE('',*,*,#4426,.T.);
#1027=ORIENTED_EDGE('',*,*,#4427,.T.);
#1028=ORIENTED_EDGE('',*,*,#4428,.T.);
#1029=ORIENTED_EDGE('',*,*,#4429,.T.);
#1030=ORIENTED_EDGE('',*,*,#4430,.T.);
#1031=ORIENTED_EDGE('',*,*,#4431,.T.);
#1032=ORIENTED_EDGE('',*,*,#4432,.T.);
#1033=ORIENTED_EDGE('',*,*,#4433,.T.);
#1034=ORIENTED_EDGE('',*,*,#4434,.T.);
#1035=ORIENTED_EDGE('',*,*,#4435,.T.);
#1036=ORIENTED_EDGE('',*,*,#4436,.T.);
#1037=ORIENTED_EDGE('',*,*,#4437,.T.);
#1038=ORIENTED_EDGE('',*,*,#4438,.T.);
#1039=ORIENTED_EDGE('',*,*,#4439,.T.);
#1040=ORIENTED_EDGE('',*,*,#4440,.T.);
#1041=ORIENTED_EDGE('',*,*,#4441,.T.);
#1042=ORIENTED_EDGE('',*,*,#4442,.T.);
#1043=ORIENTED_EDGE('',*,*,#4443,.T.);
#1044=ORIENTED_EDGE('',*,*,#4444,.T.);
#1045=ORIENTED_EDGE('',*,*,#4445,.T.);
#1046=ORIENTED_EDGE('',*,*,#4446,.T.);
#1047=ORIENTED_EDGE('',*,*,#4447,.T.);
#1048=ORIENTED_EDGE('',*,*,#4448,.T.);
#1049=ORIENTED_EDGE('',*,*,#4449,.T.);
#1050=ORIENTED_EDGE('',*,*,#4450,.T.);
#1051=ORIENTED_EDGE('',*,*,#4451,.T.);
#1052=ORIENTED_EDGE('',*,*,#4452,.T.);
#1053=ORIENTED_EDGE('',*,*,#4453,.T.);
#1054=ORIENTED_EDGE('',*,*,#4454,.T.);
#1055=ORIENTED_EDGE('',*,*,#4455,.T.);
#1056=ORIENTED_EDGE('',*,*,#4456,.T.);
#1057=ORIENTED_EDGE('',*,*,#4457,.T.);
#1058=ORIENTED_EDGE('',*,*,#4458,.T.);
#1059=ORIENTED_EDGE('',*,*,#4459,.T.);
#1060=ORIENTED_EDGE('',*,*,#4460,.T.);
#1061=ORIENTED_EDGE('',*,*,#4461,.T.);
#1062=ORIENTED_EDGE('',*,*,#4462,.T.);
#1063=ORIENTED_EDGE('',*,*,#4463,.T.);
#1064=ORIENTED_EDGE('',*,*,#4464,.T.);
#1065=ORIENTED_EDGE('',*,*,#4465,.T.);
#1066=ORIENTED_EDGE('',*,*,#4466,.T.);
#1067=ORIENTED_EDGE('',*,*,#4467,.T.);
#1068=ORIENTED_EDGE('',*,*,#4468,.T.);
#1069=ORIENTED_EDGE('',*,*,#4469,.T.);
#1070=ORIENTED_EDGE('',*,*,#4470,.T.);
#1071=ORIENTED_EDGE('',*,*,#4471,.T.);
#1072=ORIENTED_EDGE('',*,*,#4472,.T.);
#1073=ORIENTED_EDGE('',*,*,#4473,.T.);
#1074=ORIENTED_EDGE('',*,*,#4474,.T.);
#1075=ORIENTED_EDGE('',*,*,#4475,.T.);
#1076=ORIENTED_EDGE('',*,*,#4476,.T.);
#1077=ORIENTED_EDGE('',*,*,#4477,.T.);
#1078=ORIENTED_EDGE('',*,*,#4478,.T.);
#1079=ORIENTED_EDGE('',*,*,#4479,.T.);
#1080=ORIENTED_EDGE('',*,*,#4480,.T.);
#1081=ORIENTED_EDGE('',*,*,#4481,.T.);
#1082=ORIENTED_EDGE('',*,*,#4482,.T.);
#1083=ORIENTED_EDGE('',*,*,#4483,.T.);
#1084=ORIENTED_EDGE('',*,*,#4484,.T.);
#1085=ORIENTED_EDGE('',*,*,#4485,.T.);
#1086=ORIENTED_EDGE('',*,*,#4486,.T.);
#1087=ORIENTED_EDGE('',*,*,#4487,.T.);
#1088=ORIENTED_EDGE('',*,*,#4488,.T.);
#1089=ORIENTED_EDGE('',*,*,#4489,.T.);
#1090=ORIENTED_EDGE('',*,*,#4490,.T.);
#1091=ORIENTED_EDGE('',*,*,#4491,.T.);
#1092=ORIENTED_EDGE('',*,*,#4492,.T.);
#1093=ORIENTED_EDGE('',*,*,#4493,.T.);
#1094=ORIENTED_EDGE('',*,*,#4494,.T.);
#1095=ORIENTED_EDGE('',*,*,#4495,.T.);
#1096=ORIENTED_EDGE('',*,*,#4496,.T.);
#1097=ORIENTED_EDGE('',*,*,#4497,.T.);
#1098=ORIENTED_EDGE('',*,*,#4498,.T.);
#1099=ORIENTED_EDGE('',*,*,#4499,.T.);
#1100=ORIENTED_EDGE('',*,*,#4500,.T.);
#1101=ORIENTED_EDGE('',*,*,#4501,.T.);
#1102=ORIENTED_EDGE('',*,*,#4502,.T.);
#1103=ORIENTED_EDGE('',*,*,#4503,.T.);
#1104=ORIENTED_EDGE('',*,*,#4504,.T.);
#1105=ORIENTED_EDGE('',*,*,#4505,.T.);
#1106=ORIENTED_EDGE('',*,*,#4506,.T.);
#1107=ORIENTED_EDGE('',*,*,#4507,.T.);
#1108=ORIENTED_EDGE('',*,*,#4508,.T.);
#1109=ORIENTED_EDGE('',*,*,#4509,.T.);
#1110=ORIENTED_EDGE('',*,*,#4510,.T.);
#1111=ORIENTED_EDGE('',*,*,#4511,.T.);
#1112=ORIENTED_EDGE('',*,*,#4512,.T.);
#1113=ORIENTED_EDGE('',*,*,#4513,.T.);
#1114=ORIENTED_EDGE('',*,*,#4514,.T.);
#1115=ORIENTED_EDGE('',*,*,#4515,.T.);
#1116=ORIENTED_EDGE('',*,*,#4516,.T.);
#1117=ORIENTED_EDGE('',*,*,#4517,.T.);
#1118=ORIENTED_EDGE('',*,*,#4518,.T.);
#1119=ORIENTED_EDGE('',*,*,#4519,.T.);
#1120=ORIENTED_EDGE('',*,*,#4520,.T.);
#1121=ORIENTED_EDGE('',*,*,#4521,.T.);
#1122=ORIENTED_EDGE('',*,*,#4522,.T.);
#1123=ORIENTED_EDGE('',*,*,#4523,.T.);
#1124=ORIENTED_EDGE('',*,*,#4524,.T.);
#1125=ORIENTED_EDGE('',*,*,#4525,.T.);
#1126=ORIENTED_EDGE('',*,*,#4526,.T.);
#1127=ORIENTED_EDGE('',*,*,#4527,.T.);
#1128=ORIENTED_EDGE('',*,*,#4528,.T.);
#1129=ORIENTED_EDGE('',*,*,#4529,.T.);
#1130=ORIENTED_EDGE('',*,*,#4530,.T.);
#1131=ORIENTED_EDGE('',*,*,#4531,.T.);
#1132=ORIENTED_EDGE('',*,*,#4532,.T.);
#1133=ORIENTED_EDGE('',*,*,#4533,.T.);
#1134=ORIENTED_EDGE('',*,*,#4534,.T.);
#1135=ORIENTED_EDGE('',*,*,#4535,.T.);
#1136=ORIENTED_EDGE('',*,*,#4536,.T.);
#1137=ORIENTED_EDGE('',*,*,#4537,.T.);
#1138=ORIENTED_EDGE('',*,*,#4538,.T.);
#1139=ORIENTED_EDGE('',*,*,#4539,.T.);
#1140=ORIENTED_EDGE('',*,*,#4540,.T.);
#1141=ORIENTED_EDGE('',*,*,#4541,.T.);
#1142=ORIENTED_EDGE('',*,*,#4542,.T.);
#1143=ORIENTED_EDGE('',*,*,#4543,.T.);
#1144=ORIENTED_EDGE('',*,*,#4544,.T.);
#1145=ORIENTED_EDGE('',*,*,#4545,.T.);
#1146=ORIENTED_EDGE('',*,*,#4546,.T.);
#1147=ORIENTED_EDGE('',*,*,#4547,.T.);
#1148=ORIENTED_EDGE('',*,*,#4548,.T.);
#1149=ORIENTED_EDGE('',*,*,#4549,.T.);
#1150=ORIENTED_EDGE('',*,*,#4550,.T.);
#1151=ORIENTED_EDGE('',*,*,#4122,.F.);
#1152=ORIENTED_EDGE('',*,*,#4551,.T.);
#1153=ORIENTED_EDGE('',*,*,#4552,.T.);
#1154=ORIENTED_EDGE('',*,*,#4553,.F.);
#1155=ORIENTED_EDGE('',*,*,#4130,.F.);
#1156=ORIENTED_EDGE('',*,*,#4554,.T.);
#1157=ORIENTED_EDGE('',*,*,#4555,.T.);
#1158=ORIENTED_EDGE('',*,*,#4556,.T.);
#1159=ORIENTED_EDGE('',*,*,#4557,.T.);
#1160=ORIENTED_EDGE('',*,*,#4558,.T.);
#1161=ORIENTED_EDGE('',*,*,#4559,.T.);
#1162=ORIENTED_EDGE('',*,*,#4560,.T.);
#1163=ORIENTED_EDGE('',*,*,#4561,.T.);
#1164=ORIENTED_EDGE('',*,*,#4562,.T.);
#1165=ORIENTED_EDGE('',*,*,#4563,.T.);
#1166=ORIENTED_EDGE('',*,*,#4564,.T.);
#1167=ORIENTED_EDGE('',*,*,#4565,.T.);
#1168=ORIENTED_EDGE('',*,*,#4566,.T.);
#1169=ORIENTED_EDGE('',*,*,#4567,.T.);
#1170=ORIENTED_EDGE('',*,*,#4568,.T.);
#1171=ORIENTED_EDGE('',*,*,#4569,.T.);
#1172=ORIENTED_EDGE('',*,*,#4570,.T.);
#1173=ORIENTED_EDGE('',*,*,#4571,.T.);
#1174=ORIENTED_EDGE('',*,*,#4572,.T.);
#1175=ORIENTED_EDGE('',*,*,#4573,.T.);
#1176=ORIENTED_EDGE('',*,*,#4574,.T.);
#1177=ORIENTED_EDGE('',*,*,#4575,.T.);
#1178=ORIENTED_EDGE('',*,*,#4576,.T.);
#1179=ORIENTED_EDGE('',*,*,#4577,.T.);
#1180=ORIENTED_EDGE('',*,*,#4578,.T.);
#1181=ORIENTED_EDGE('',*,*,#4579,.T.);
#1182=ORIENTED_EDGE('',*,*,#4580,.T.);
#1183=ORIENTED_EDGE('',*,*,#4581,.T.);
#1184=ORIENTED_EDGE('',*,*,#4582,.T.);
#1185=ORIENTED_EDGE('',*,*,#4583,.T.);
#1186=ORIENTED_EDGE('',*,*,#4584,.T.);
#1187=ORIENTED_EDGE('',*,*,#4585,.T.);
#1188=ORIENTED_EDGE('',*,*,#4586,.T.);
#1189=ORIENTED_EDGE('',*,*,#4587,.T.);
#1190=ORIENTED_EDGE('',*,*,#4588,.T.);
#1191=ORIENTED_EDGE('',*,*,#4589,.T.);
#1192=ORIENTED_EDGE('',*,*,#4590,.T.);
#1193=ORIENTED_EDGE('',*,*,#4591,.T.);
#1194=ORIENTED_EDGE('',*,*,#4592,.T.);
#1195=ORIENTED_EDGE('',*,*,#4593,.T.);
#1196=ORIENTED_EDGE('',*,*,#4594,.T.);
#1197=ORIENTED_EDGE('',*,*,#4595,.T.);
#1198=ORIENTED_EDGE('',*,*,#4596,.T.);
#1199=ORIENTED_EDGE('',*,*,#4597,.T.);
#1200=ORIENTED_EDGE('',*,*,#4598,.T.);
#1201=ORIENTED_EDGE('',*,*,#4599,.T.);
#1202=ORIENTED_EDGE('',*,*,#4600,.T.);
#1203=ORIENTED_EDGE('',*,*,#4601,.T.);
#1204=ORIENTED_EDGE('',*,*,#4602,.T.);
#1205=ORIENTED_EDGE('',*,*,#4603,.T.);
#1206=ORIENTED_EDGE('',*,*,#4604,.T.);
#1207=ORIENTED_EDGE('',*,*,#4605,.T.);
#1208=ORIENTED_EDGE('',*,*,#4606,.T.);
#1209=ORIENTED_EDGE('',*,*,#4607,.T.);
#1210=ORIENTED_EDGE('',*,*,#4608,.T.);
#1211=ORIENTED_EDGE('',*,*,#4609,.T.);
#1212=ORIENTED_EDGE('',*,*,#4610,.T.);
#1213=ORIENTED_EDGE('',*,*,#4611,.T.);
#1214=ORIENTED_EDGE('',*,*,#4612,.T.);
#1215=ORIENTED_EDGE('',*,*,#4613,.T.);
#1216=ORIENTED_EDGE('',*,*,#4614,.T.);
#1217=ORIENTED_EDGE('',*,*,#4615,.T.);
#1218=ORIENTED_EDGE('',*,*,#4616,.T.);
#1219=ORIENTED_EDGE('',*,*,#4617,.T.);
#1220=ORIENTED_EDGE('',*,*,#4618,.T.);
#1221=ORIENTED_EDGE('',*,*,#4619,.T.);
#1222=ORIENTED_EDGE('',*,*,#4620,.T.);
#1223=ORIENTED_EDGE('',*,*,#4621,.T.);
#1224=ORIENTED_EDGE('',*,*,#4622,.T.);
#1225=ORIENTED_EDGE('',*,*,#4120,.F.);
#1226=ORIENTED_EDGE('',*,*,#4623,.T.);
#1227=ORIENTED_EDGE('',*,*,#4624,.T.);
#1228=ORIENTED_EDGE('',*,*,#4625,.T.);
#1229=ORIENTED_EDGE('',*,*,#4626,.T.);
#1230=ORIENTED_EDGE('',*,*,#4627,.T.);
#1231=ORIENTED_EDGE('',*,*,#4132,.F.);
#1232=ORIENTED_EDGE('',*,*,#4628,.T.);
#1233=ORIENTED_EDGE('',*,*,#4629,.T.);
#1234=ORIENTED_EDGE('',*,*,#4630,.T.);
#1235=ORIENTED_EDGE('',*,*,#4631,.T.);
#1236=ORIENTED_EDGE('',*,*,#4632,.F.);
#1237=ORIENTED_EDGE('',*,*,#4633,.T.);
#1238=ORIENTED_EDGE('',*,*,#4634,.T.);
#1239=ORIENTED_EDGE('',*,*,#4635,.T.);
#1240=ORIENTED_EDGE('',*,*,#4636,.T.);
#1241=ORIENTED_EDGE('',*,*,#4637,.T.);
#1242=ORIENTED_EDGE('',*,*,#4638,.T.);
#1243=ORIENTED_EDGE('',*,*,#4639,.T.);
#1244=ORIENTED_EDGE('',*,*,#4640,.T.);
#1245=ORIENTED_EDGE('',*,*,#4641,.T.);
#1246=ORIENTED_EDGE('',*,*,#4642,.T.);
#1247=ORIENTED_EDGE('',*,*,#4643,.T.);
#1248=ORIENTED_EDGE('',*,*,#4644,.T.);
#1249=ORIENTED_EDGE('',*,*,#4645,.T.);
#1250=ORIENTED_EDGE('',*,*,#4646,.T.);
#1251=ORIENTED_EDGE('',*,*,#4647,.T.);
#1252=ORIENTED_EDGE('',*,*,#4648,.T.);
#1253=ORIENTED_EDGE('',*,*,#4649,.T.);
#1254=ORIENTED_EDGE('',*,*,#4650,.T.);
#1255=ORIENTED_EDGE('',*,*,#4651,.T.);
#1256=ORIENTED_EDGE('',*,*,#4652,.T.);
#1257=ORIENTED_EDGE('',*,*,#4653,.T.);
#1258=ORIENTED_EDGE('',*,*,#4654,.T.);
#1259=ORIENTED_EDGE('',*,*,#4655,.T.);
#1260=ORIENTED_EDGE('',*,*,#4656,.T.);
#1261=ORIENTED_EDGE('',*,*,#4657,.T.);
#1262=ORIENTED_EDGE('',*,*,#4658,.T.);
#1263=ORIENTED_EDGE('',*,*,#4659,.T.);
#1264=ORIENTED_EDGE('',*,*,#4660,.T.);
#1265=ORIENTED_EDGE('',*,*,#4661,.T.);
#1266=ORIENTED_EDGE('',*,*,#4662,.T.);
#1267=ORIENTED_EDGE('',*,*,#4663,.T.);
#1268=ORIENTED_EDGE('',*,*,#4664,.T.);
#1269=ORIENTED_EDGE('',*,*,#4665,.T.);
#1270=ORIENTED_EDGE('',*,*,#4666,.T.);
#1271=ORIENTED_EDGE('',*,*,#4667,.T.);
#1272=ORIENTED_EDGE('',*,*,#4668,.T.);
#1273=ORIENTED_EDGE('',*,*,#4669,.T.);
#1274=ORIENTED_EDGE('',*,*,#4670,.T.);
#1275=ORIENTED_EDGE('',*,*,#4671,.T.);
#1276=ORIENTED_EDGE('',*,*,#4672,.T.);
#1277=ORIENTED_EDGE('',*,*,#4673,.T.);
#1278=ORIENTED_EDGE('',*,*,#4674,.T.);
#1279=ORIENTED_EDGE('',*,*,#4675,.T.);
#1280=ORIENTED_EDGE('',*,*,#4676,.T.);
#1281=ORIENTED_EDGE('',*,*,#4677,.T.);
#1282=ORIENTED_EDGE('',*,*,#4678,.T.);
#1283=ORIENTED_EDGE('',*,*,#4679,.T.);
#1284=ORIENTED_EDGE('',*,*,#4680,.T.);
#1285=ORIENTED_EDGE('',*,*,#4681,.T.);
#1286=ORIENTED_EDGE('',*,*,#4682,.T.);
#1287=ORIENTED_EDGE('',*,*,#4683,.T.);
#1288=ORIENTED_EDGE('',*,*,#4684,.T.);
#1289=ORIENTED_EDGE('',*,*,#4685,.T.);
#1290=ORIENTED_EDGE('',*,*,#4686,.T.);
#1291=ORIENTED_EDGE('',*,*,#4687,.T.);
#1292=ORIENTED_EDGE('',*,*,#4688,.T.);
#1293=ORIENTED_EDGE('',*,*,#4689,.T.);
#1294=ORIENTED_EDGE('',*,*,#4690,.T.);
#1295=ORIENTED_EDGE('',*,*,#4691,.T.);
#1296=ORIENTED_EDGE('',*,*,#4692,.T.);
#1297=ORIENTED_EDGE('',*,*,#4693,.T.);
#1298=ORIENTED_EDGE('',*,*,#4694,.T.);
#1299=ORIENTED_EDGE('',*,*,#4695,.T.);
#1300=ORIENTED_EDGE('',*,*,#4696,.T.);
#1301=ORIENTED_EDGE('',*,*,#4697,.T.);
#1302=ORIENTED_EDGE('',*,*,#4698,.T.);
#1303=ORIENTED_EDGE('',*,*,#4699,.T.);
#1304=ORIENTED_EDGE('',*,*,#4700,.T.);
#1305=ORIENTED_EDGE('',*,*,#4701,.T.);
#1306=ORIENTED_EDGE('',*,*,#4702,.T.);
#1307=ORIENTED_EDGE('',*,*,#4703,.T.);
#1308=ORIENTED_EDGE('',*,*,#4704,.T.);
#1309=ORIENTED_EDGE('',*,*,#4705,.F.);
#1310=ORIENTED_EDGE('',*,*,#4706,.F.);
#1311=ORIENTED_EDGE('',*,*,#4707,.T.);
#1312=ORIENTED_EDGE('',*,*,#3832,.F.);
#1313=ORIENTED_EDGE('',*,*,#4708,.T.);
#1314=ORIENTED_EDGE('',*,*,#3839,.T.);
#1315=ORIENTED_EDGE('',*,*,#4709,.T.);
#1316=ORIENTED_EDGE('',*,*,#3874,.F.);
#1317=ORIENTED_EDGE('',*,*,#4710,.T.);
#1318=ORIENTED_EDGE('',*,*,#3882,.T.);
#1319=ORIENTED_EDGE('',*,*,#4711,.T.);
#1320=ORIENTED_EDGE('',*,*,#4712,.T.);
#1321=ORIENTED_EDGE('',*,*,#4713,.F.);
#1322=ORIENTED_EDGE('',*,*,#3855,.T.);
#1323=ORIENTED_EDGE('',*,*,#4714,.F.);
#1324=ORIENTED_EDGE('',*,*,#3848,.F.);
#1325=ORIENTED_EDGE('',*,*,#4715,.F.);
#1326=ORIENTED_EDGE('',*,*,#3869,.T.);
#1327=ORIENTED_EDGE('',*,*,#4716,.F.);
#1328=ORIENTED_EDGE('',*,*,#3862,.F.);
#1329=ORIENTED_EDGE('',*,*,#4143,.T.);
#1330=ORIENTED_EDGE('',*,*,#4142,.T.);
#1331=ORIENTED_EDGE('',*,*,#3812,.F.);
#1332=ORIENTED_EDGE('',*,*,#4717,.T.);
#1333=ORIENTED_EDGE('',*,*,#3809,.T.);
#1334=ORIENTED_EDGE('',*,*,#4128,.F.);
#1335=ORIENTED_EDGE('',*,*,#4718,.F.);
#1336=ORIENTED_EDGE('',*,*,#4719,.T.);
#1337=ORIENTED_EDGE('',*,*,#4720,.T.);
#1338=ORIENTED_EDGE('',*,*,#4109,.F.);
#1339=ORIENTED_EDGE('',*,*,#4720,.F.);
#1340=ORIENTED_EDGE('',*,*,#4721,.T.);
#1341=ORIENTED_EDGE('',*,*,#4722,.T.);
#1342=ORIENTED_EDGE('',*,*,#4110,.F.);
#1343=ORIENTED_EDGE('',*,*,#4723,.F.);
#1344=ORIENTED_EDGE('',*,*,#4724,.T.);
#1345=ORIENTED_EDGE('',*,*,#4111,.T.);
#1346=ORIENTED_EDGE('',*,*,#4722,.F.);
#1347=ORIENTED_EDGE('',*,*,#4725,.F.);
#1348=ORIENTED_EDGE('',*,*,#4718,.T.);
#1349=ORIENTED_EDGE('',*,*,#4112,.T.);
#1350=ORIENTED_EDGE('',*,*,#4724,.F.);
#1351=ORIENTED_EDGE('',*,*,#4399,.T.);
#1352=ORIENTED_EDGE('',*,*,#4726,.F.);
#1353=ORIENTED_EDGE('',*,*,#4727,.F.);
#1354=ORIENTED_EDGE('',*,*,#4728,.F.);
#1355=ORIENTED_EDGE('',*,*,#4729,.F.);
#1356=ORIENTED_EDGE('',*,*,#4730,.T.);
#1357=ORIENTED_EDGE('',*,*,#4731,.F.);
#1358=ORIENTED_EDGE('',*,*,#4732,.F.);
#1359=ORIENTED_EDGE('',*,*,#4733,.T.);
#1360=ORIENTED_EDGE('',*,*,#4734,.T.);
#1361=ORIENTED_EDGE('',*,*,#4400,.T.);
#1362=ORIENTED_EDGE('',*,*,#4409,.T.);
#1363=ORIENTED_EDGE('',*,*,#4181,.T.);
#1364=ORIENTED_EDGE('',*,*,#4735,.F.);
#1365=ORIENTED_EDGE('',*,*,#4736,.T.);
#1366=ORIENTED_EDGE('',*,*,#4737,.F.);
#1367=ORIENTED_EDGE('',*,*,#4738,.T.);
#1368=ORIENTED_EDGE('',*,*,#4735,.T.);
#1369=ORIENTED_EDGE('',*,*,#4180,.F.);
#1370=ORIENTED_EDGE('',*,*,#3803,.F.);
#1371=ORIENTED_EDGE('',*,*,#4739,.T.);
#1372=ORIENTED_EDGE('',*,*,#3818,.T.);
#1373=ORIENTED_EDGE('',*,*,#4124,.T.);
#1374=ORIENTED_EDGE('',*,*,#4740,.F.);
#1375=ORIENTED_EDGE('',*,*,#4741,.F.);
#1376=ORIENTED_EDGE('',*,*,#4742,.F.);
#1377=ORIENTED_EDGE('',*,*,#4743,.F.);
#1378=ORIENTED_EDGE('',*,*,#4744,.F.);
#1379=ORIENTED_EDGE('',*,*,#4745,.F.);
#1380=ORIENTED_EDGE('',*,*,#4746,.F.);
#1381=ORIENTED_EDGE('',*,*,#4747,.T.);
#1382=ORIENTED_EDGE('',*,*,#4748,.F.);
#1383=ORIENTED_EDGE('',*,*,#4749,.F.);
#1384=ORIENTED_EDGE('',*,*,#4750,.F.);
#1385=ORIENTED_EDGE('',*,*,#4751,.F.);
#1386=ORIENTED_EDGE('',*,*,#4752,.T.);
#1387=ORIENTED_EDGE('',*,*,#4753,.F.);
#1388=ORIENTED_EDGE('',*,*,#4754,.F.);
#1389=ORIENTED_EDGE('',*,*,#4755,.F.);
#1390=ORIENTED_EDGE('',*,*,#4756,.F.);
#1391=ORIENTED_EDGE('',*,*,#4757,.T.);
#1392=ORIENTED_EDGE('',*,*,#4727,.T.);
#1393=ORIENTED_EDGE('',*,*,#4758,.T.);
#1394=ORIENTED_EDGE('',*,*,#4013,.F.);
#1395=ORIENTED_EDGE('',*,*,#4759,.T.);
#1396=ORIENTED_EDGE('',*,*,#3984,.T.);
#1397=ORIENTED_EDGE('',*,*,#4760,.T.);
#1398=ORIENTED_EDGE('',*,*,#4015,.F.);
#1399=ORIENTED_EDGE('',*,*,#4761,.T.);
#1400=ORIENTED_EDGE('',*,*,#4731,.T.);
#1401=ORIENTED_EDGE('',*,*,#4762,.F.);
#1402=ORIENTED_EDGE('',*,*,#4629,.F.);
#1403=ORIENTED_EDGE('',*,*,#4763,.F.);
#1404=ORIENTED_EDGE('',*,*,#4552,.F.);
#1405=ORIENTED_EDGE('',*,*,#4764,.T.);
#1406=ORIENTED_EDGE('',*,*,#4631,.F.);
#1407=ORIENTED_EDGE('',*,*,#4765,.F.);
#1408=ORIENTED_EDGE('',*,*,#4729,.T.);
#1409=ORIENTED_EDGE('',*,*,#4766,.T.);
#1410=ORIENTED_EDGE('',*,*,#4767,.F.);
#1411=ORIENTED_EDGE('',*,*,#4768,.F.);
#1412=ORIENTED_EDGE('',*,*,#4769,.F.);
#1413=ORIENTED_EDGE('',*,*,#4770,.F.);
#1414=ORIENTED_EDGE('',*,*,#4771,.T.);
#1415=ORIENTED_EDGE('',*,*,#4772,.F.);
#1416=ORIENTED_EDGE('',*,*,#4773,.F.);
#1417=ORIENTED_EDGE('',*,*,#4774,.F.);
#1418=ORIENTED_EDGE('',*,*,#4775,.F.);
#1419=ORIENTED_EDGE('',*,*,#4776,.F.);
#1420=ORIENTED_EDGE('',*,*,#4777,.F.);
#1421=ORIENTED_EDGE('',*,*,#4778,.F.);
#1422=ORIENTED_EDGE('',*,*,#4779,.F.);
#1423=ORIENTED_EDGE('',*,*,#4780,.F.);
#1424=ORIENTED_EDGE('',*,*,#4781,.F.);
#1425=ORIENTED_EDGE('',*,*,#4782,.F.);
#1426=ORIENTED_EDGE('',*,*,#4783,.F.);
#1427=ORIENTED_EDGE('',*,*,#4784,.F.);
#1428=ORIENTED_EDGE('',*,*,#4785,.F.);
#1429=ORIENTED_EDGE('',*,*,#4786,.F.);
#1430=ORIENTED_EDGE('',*,*,#4787,.F.);
#1431=ORIENTED_EDGE('',*,*,#4788,.F.);
#1432=ORIENTED_EDGE('',*,*,#4789,.F.);
#1433=ORIENTED_EDGE('',*,*,#4790,.F.);
#1434=ORIENTED_EDGE('',*,*,#4791,.F.);
#1435=ORIENTED_EDGE('',*,*,#4792,.F.);
#1436=ORIENTED_EDGE('',*,*,#4793,.F.);
#1437=ORIENTED_EDGE('',*,*,#4794,.F.);
#1438=ORIENTED_EDGE('',*,*,#4795,.F.);
#1439=ORIENTED_EDGE('',*,*,#4796,.F.);
#1440=ORIENTED_EDGE('',*,*,#4797,.F.);
#1441=ORIENTED_EDGE('',*,*,#4798,.F.);
#1442=ORIENTED_EDGE('',*,*,#4799,.F.);
#1443=ORIENTED_EDGE('',*,*,#4800,.F.);
#1444=ORIENTED_EDGE('',*,*,#4801,.F.);
#1445=ORIENTED_EDGE('',*,*,#4802,.F.);
#1446=ORIENTED_EDGE('',*,*,#4803,.F.);
#1447=ORIENTED_EDGE('',*,*,#4804,.F.);
#1448=ORIENTED_EDGE('',*,*,#4805,.F.);
#1449=ORIENTED_EDGE('',*,*,#4806,.F.);
#1450=ORIENTED_EDGE('',*,*,#4807,.F.);
#1451=ORIENTED_EDGE('',*,*,#4808,.F.);
#1452=ORIENTED_EDGE('',*,*,#4809,.F.);
#1453=ORIENTED_EDGE('',*,*,#4810,.F.);
#1454=ORIENTED_EDGE('',*,*,#4811,.F.);
#1455=ORIENTED_EDGE('',*,*,#4812,.F.);
#1456=ORIENTED_EDGE('',*,*,#4813,.F.);
#1457=ORIENTED_EDGE('',*,*,#4814,.F.);
#1458=ORIENTED_EDGE('',*,*,#4815,.F.);
#1459=ORIENTED_EDGE('',*,*,#4816,.F.);
#1460=ORIENTED_EDGE('',*,*,#4817,.F.);
#1461=ORIENTED_EDGE('',*,*,#4818,.F.);
#1462=ORIENTED_EDGE('',*,*,#4819,.F.);
#1463=ORIENTED_EDGE('',*,*,#4820,.F.);
#1464=ORIENTED_EDGE('',*,*,#4821,.F.);
#1465=ORIENTED_EDGE('',*,*,#4822,.F.);
#1466=ORIENTED_EDGE('',*,*,#4823,.F.);
#1467=ORIENTED_EDGE('',*,*,#4824,.F.);
#1468=ORIENTED_EDGE('',*,*,#4825,.F.);
#1469=ORIENTED_EDGE('',*,*,#4826,.F.);
#1470=ORIENTED_EDGE('',*,*,#4827,.F.);
#1471=ORIENTED_EDGE('',*,*,#4828,.F.);
#1472=ORIENTED_EDGE('',*,*,#4829,.F.);
#1473=ORIENTED_EDGE('',*,*,#4830,.F.);
#1474=ORIENTED_EDGE('',*,*,#4831,.F.);
#1475=ORIENTED_EDGE('',*,*,#4832,.F.);
#1476=ORIENTED_EDGE('',*,*,#4833,.F.);
#1477=ORIENTED_EDGE('',*,*,#4834,.F.);
#1478=ORIENTED_EDGE('',*,*,#4835,.F.);
#1479=ORIENTED_EDGE('',*,*,#4836,.F.);
#1480=ORIENTED_EDGE('',*,*,#4837,.F.);
#1481=ORIENTED_EDGE('',*,*,#4838,.F.);
#1482=ORIENTED_EDGE('',*,*,#4839,.F.);
#1483=ORIENTED_EDGE('',*,*,#4840,.F.);
#1484=ORIENTED_EDGE('',*,*,#4841,.F.);
#1485=ORIENTED_EDGE('',*,*,#4842,.F.);
#1486=ORIENTED_EDGE('',*,*,#4843,.F.);
#1487=ORIENTED_EDGE('',*,*,#4844,.F.);
#1488=ORIENTED_EDGE('',*,*,#4845,.F.);
#1489=ORIENTED_EDGE('',*,*,#4846,.F.);
#1490=ORIENTED_EDGE('',*,*,#4847,.F.);
#1491=ORIENTED_EDGE('',*,*,#4848,.F.);
#1492=ORIENTED_EDGE('',*,*,#4849,.F.);
#1493=ORIENTED_EDGE('',*,*,#4850,.F.);
#1494=ORIENTED_EDGE('',*,*,#4851,.F.);
#1495=ORIENTED_EDGE('',*,*,#4852,.F.);
#1496=ORIENTED_EDGE('',*,*,#4853,.F.);
#1497=ORIENTED_EDGE('',*,*,#4854,.F.);
#1498=ORIENTED_EDGE('',*,*,#4855,.F.);
#1499=ORIENTED_EDGE('',*,*,#4856,.F.);
#1500=ORIENTED_EDGE('',*,*,#4857,.F.);
#1501=ORIENTED_EDGE('',*,*,#4858,.F.);
#1502=ORIENTED_EDGE('',*,*,#4859,.F.);
#1503=ORIENTED_EDGE('',*,*,#4860,.F.);
#1504=ORIENTED_EDGE('',*,*,#4861,.F.);
#1505=ORIENTED_EDGE('',*,*,#4862,.F.);
#1506=ORIENTED_EDGE('',*,*,#4863,.F.);
#1507=ORIENTED_EDGE('',*,*,#4864,.F.);
#1508=ORIENTED_EDGE('',*,*,#4865,.F.);
#1509=ORIENTED_EDGE('',*,*,#4866,.F.);
#1510=ORIENTED_EDGE('',*,*,#4867,.F.);
#1511=ORIENTED_EDGE('',*,*,#4868,.F.);
#1512=ORIENTED_EDGE('',*,*,#4869,.F.);
#1513=ORIENTED_EDGE('',*,*,#4870,.F.);
#1514=ORIENTED_EDGE('',*,*,#4871,.F.);
#1515=ORIENTED_EDGE('',*,*,#4872,.F.);
#1516=ORIENTED_EDGE('',*,*,#4873,.F.);
#1517=ORIENTED_EDGE('',*,*,#4874,.F.);
#1518=ORIENTED_EDGE('',*,*,#4875,.F.);
#1519=ORIENTED_EDGE('',*,*,#4876,.F.);
#1520=ORIENTED_EDGE('',*,*,#4877,.F.);
#1521=ORIENTED_EDGE('',*,*,#4878,.F.);
#1522=ORIENTED_EDGE('',*,*,#4879,.F.);
#1523=ORIENTED_EDGE('',*,*,#4880,.F.);
#1524=ORIENTED_EDGE('',*,*,#4881,.F.);
#1525=ORIENTED_EDGE('',*,*,#4882,.F.);
#1526=ORIENTED_EDGE('',*,*,#4883,.F.);
#1527=ORIENTED_EDGE('',*,*,#4884,.F.);
#1528=ORIENTED_EDGE('',*,*,#4885,.F.);
#1529=ORIENTED_EDGE('',*,*,#4886,.F.);
#1530=ORIENTED_EDGE('',*,*,#4887,.F.);
#1531=ORIENTED_EDGE('',*,*,#4888,.F.);
#1532=ORIENTED_EDGE('',*,*,#4889,.F.);
#1533=ORIENTED_EDGE('',*,*,#4890,.F.);
#1534=ORIENTED_EDGE('',*,*,#4891,.F.);
#1535=ORIENTED_EDGE('',*,*,#4892,.F.);
#1536=ORIENTED_EDGE('',*,*,#4893,.F.);
#1537=ORIENTED_EDGE('',*,*,#4894,.F.);
#1538=ORIENTED_EDGE('',*,*,#4895,.F.);
#1539=ORIENTED_EDGE('',*,*,#4896,.F.);
#1540=ORIENTED_EDGE('',*,*,#4897,.F.);
#1541=ORIENTED_EDGE('',*,*,#4898,.F.);
#1542=ORIENTED_EDGE('',*,*,#4899,.F.);
#1543=ORIENTED_EDGE('',*,*,#4900,.F.);
#1544=ORIENTED_EDGE('',*,*,#4901,.F.);
#1545=ORIENTED_EDGE('',*,*,#4902,.F.);
#1546=ORIENTED_EDGE('',*,*,#4903,.F.);
#1547=ORIENTED_EDGE('',*,*,#4904,.F.);
#1548=ORIENTED_EDGE('',*,*,#4905,.F.);
#1549=ORIENTED_EDGE('',*,*,#4906,.F.);
#1550=ORIENTED_EDGE('',*,*,#4907,.F.);
#1551=ORIENTED_EDGE('',*,*,#4908,.F.);
#1552=ORIENTED_EDGE('',*,*,#4909,.F.);
#1553=ORIENTED_EDGE('',*,*,#4910,.F.);
#1554=ORIENTED_EDGE('',*,*,#4911,.F.);
#1555=ORIENTED_EDGE('',*,*,#4912,.F.);
#1556=ORIENTED_EDGE('',*,*,#4913,.F.);
#1557=ORIENTED_EDGE('',*,*,#4914,.F.);
#1558=ORIENTED_EDGE('',*,*,#4915,.F.);
#1559=ORIENTED_EDGE('',*,*,#4916,.F.);
#1560=ORIENTED_EDGE('',*,*,#4917,.F.);
#1561=ORIENTED_EDGE('',*,*,#4918,.F.);
#1562=ORIENTED_EDGE('',*,*,#4919,.F.);
#1563=ORIENTED_EDGE('',*,*,#4920,.F.);
#1564=ORIENTED_EDGE('',*,*,#4921,.F.);
#1565=ORIENTED_EDGE('',*,*,#4922,.F.);
#1566=ORIENTED_EDGE('',*,*,#4923,.F.);
#1567=ORIENTED_EDGE('',*,*,#4924,.F.);
#1568=ORIENTED_EDGE('',*,*,#4925,.F.);
#1569=ORIENTED_EDGE('',*,*,#4926,.F.);
#1570=ORIENTED_EDGE('',*,*,#4927,.F.);
#1571=ORIENTED_EDGE('',*,*,#4928,.F.);
#1572=ORIENTED_EDGE('',*,*,#4929,.F.);
#1573=ORIENTED_EDGE('',*,*,#4930,.F.);
#1574=ORIENTED_EDGE('',*,*,#4931,.F.);
#1575=ORIENTED_EDGE('',*,*,#4932,.F.);
#1576=ORIENTED_EDGE('',*,*,#4933,.F.);
#1577=ORIENTED_EDGE('',*,*,#4934,.F.);
#1578=ORIENTED_EDGE('',*,*,#4935,.F.);
#1579=ORIENTED_EDGE('',*,*,#4936,.F.);
#1580=ORIENTED_EDGE('',*,*,#4937,.F.);
#1581=ORIENTED_EDGE('',*,*,#4938,.F.);
#1582=ORIENTED_EDGE('',*,*,#4939,.F.);
#1583=ORIENTED_EDGE('',*,*,#4940,.F.);
#1584=ORIENTED_EDGE('',*,*,#4941,.F.);
#1585=ORIENTED_EDGE('',*,*,#4942,.F.);
#1586=ORIENTED_EDGE('',*,*,#4943,.F.);
#1587=ORIENTED_EDGE('',*,*,#4944,.F.);
#1588=ORIENTED_EDGE('',*,*,#4945,.F.);
#1589=ORIENTED_EDGE('',*,*,#4946,.F.);
#1590=ORIENTED_EDGE('',*,*,#4947,.F.);
#1591=ORIENTED_EDGE('',*,*,#4948,.F.);
#1592=ORIENTED_EDGE('',*,*,#4949,.F.);
#1593=ORIENTED_EDGE('',*,*,#4950,.F.);
#1594=ORIENTED_EDGE('',*,*,#4951,.F.);
#1595=ORIENTED_EDGE('',*,*,#4952,.F.);
#1596=ORIENTED_EDGE('',*,*,#4953,.F.);
#1597=ORIENTED_EDGE('',*,*,#4954,.F.);
#1598=ORIENTED_EDGE('',*,*,#4955,.F.);
#1599=ORIENTED_EDGE('',*,*,#4956,.T.);
#1600=ORIENTED_EDGE('',*,*,#4957,.F.);
#1601=ORIENTED_EDGE('',*,*,#4771,.F.);
#1602=ORIENTED_EDGE('',*,*,#4958,.F.);
#1603=ORIENTED_EDGE('',*,*,#4959,.T.);
#1604=ORIENTED_EDGE('',*,*,#4960,.F.);
#1605=ORIENTED_EDGE('',*,*,#4766,.F.);
#1606=ORIENTED_EDGE('',*,*,#4961,.F.);
#1607=ORIENTED_EDGE('',*,*,#4117,.T.);
#1608=ORIENTED_EDGE('',*,*,#4962,.T.);
#1609=ORIENTED_EDGE('',*,*,#4757,.F.);
#1610=ORIENTED_EDGE('',*,*,#4963,.F.);
#1611=ORIENTED_EDGE('',*,*,#4964,.T.);
#1612=ORIENTED_EDGE('',*,*,#4965,.F.);
#1613=ORIENTED_EDGE('',*,*,#4752,.F.);
#1614=ORIENTED_EDGE('',*,*,#4966,.F.);
#1615=ORIENTED_EDGE('',*,*,#4967,.T.);
#1616=ORIENTED_EDGE('',*,*,#4968,.F.);
#1617=ORIENTED_EDGE('',*,*,#4747,.F.);
#1618=ORIENTED_EDGE('',*,*,#4969,.F.);
#1619=ORIENTED_EDGE('',*,*,#4961,.T.);
#1620=ORIENTED_EDGE('',*,*,#4970,.T.);
#1621=ORIENTED_EDGE('',*,*,#4962,.F.);
#1622=ORIENTED_EDGE('',*,*,#4970,.F.);
#1623=ORIENTED_EDGE('',*,*,#4728,.T.);
#1624=ORIENTED_EDGE('',*,*,#4156,.F.);
#1625=ORIENTED_EDGE('',*,*,#4969,.T.);
#1626=ORIENTED_EDGE('',*,*,#4971,.F.);
#1627=ORIENTED_EDGE('',*,*,#4108,.F.);
#1628=ORIENTED_EDGE('',*,*,#4972,.F.);
#1629=ORIENTED_EDGE('',*,*,#4973,.T.);
#1630=ORIENTED_EDGE('',*,*,#4406,.F.);
#1631=ORIENTED_EDGE('',*,*,#4974,.F.);
#1632=ORIENTED_EDGE('',*,*,#4975,.F.);
#1633=ORIENTED_EDGE('',*,*,#4974,.T.);
#1634=ORIENTED_EDGE('',*,*,#4405,.F.);
#1635=ORIENTED_EDGE('',*,*,#4976,.F.);
#1636=ORIENTED_EDGE('',*,*,#4977,.F.);
#1637=ORIENTED_EDGE('',*,*,#4978,.F.);
#1638=ORIENTED_EDGE('',*,*,#4979,.F.);
#1639=ORIENTED_EDGE('',*,*,#4980,.T.);
#1640=ORIENTED_EDGE('',*,*,#4981,.F.);
#1641=ORIENTED_EDGE('',*,*,#4982,.F.);
#1642=ORIENTED_EDGE('',*,*,#4983,.T.);
#1643=ORIENTED_EDGE('',*,*,#4976,.T.);
#1644=ORIENTED_EDGE('',*,*,#4404,.T.);
#1645=ORIENTED_EDGE('',*,*,#4984,.T.);
#1646=ORIENTED_EDGE('',*,*,#4985,.T.);
#1647=ORIENTED_EDGE('',*,*,#4986,.T.);
#1648=ORIENTED_EDGE('',*,*,#4982,.T.);
#1649=ORIENTED_EDGE('',*,*,#4403,.T.);
#1650=ORIENTED_EDGE('',*,*,#4738,.F.);
#1651=ORIENTED_EDGE('',*,*,#4987,.T.);
#1652=ORIENTED_EDGE('',*,*,#4988,.T.);
#1653=ORIENTED_EDGE('',*,*,#4732,.T.);
#1654=ORIENTED_EDGE('',*,*,#4410,.T.);
#1655=ORIENTED_EDGE('',*,*,#4736,.F.);
#1656=ORIENTED_EDGE('',*,*,#4989,.T.);
#1657=ORIENTED_EDGE('',*,*,#4973,.F.);
#1658=ORIENTED_EDGE('',*,*,#4990,.T.);
#1659=ORIENTED_EDGE('',*,*,#4991,.T.);
#1660=ORIENTED_EDGE('',*,*,#4407,.T.);
#1661=ORIENTED_EDGE('',*,*,#4992,.F.);
#1662=ORIENTED_EDGE('',*,*,#4980,.F.);
#1663=ORIENTED_EDGE('',*,*,#4993,.F.);
#1664=ORIENTED_EDGE('',*,*,#4994,.F.);
#1665=ORIENTED_EDGE('',*,*,#4995,.T.);
#1666=ORIENTED_EDGE('',*,*,#4762,.T.);
#1667=ORIENTED_EDGE('',*,*,#4730,.F.);
#1668=ORIENTED_EDGE('',*,*,#4765,.T.);
#1669=ORIENTED_EDGE('',*,*,#4630,.F.);
#1670=ORIENTED_EDGE('',*,*,#4996,.F.);
#1671=ORIENTED_EDGE('',*,*,#4144,.F.);
#1672=ORIENTED_EDGE('',*,*,#4996,.T.);
#1673=ORIENTED_EDGE('',*,*,#4997,.F.);
#1674=ORIENTED_EDGE('',*,*,#4145,.F.);
#1675=ORIENTED_EDGE('',*,*,#4997,.T.);
#1676=ORIENTED_EDGE('',*,*,#4998,.F.);
#1677=ORIENTED_EDGE('',*,*,#4146,.F.);
#1678=ORIENTED_EDGE('',*,*,#4998,.T.);
#1679=ORIENTED_EDGE('',*,*,#4999,.T.);
#1680=ORIENTED_EDGE('',*,*,#4141,.T.);
#1681=ORIENTED_EDGE('',*,*,#4999,.F.);
#1682=ORIENTED_EDGE('',*,*,#5000,.F.);
#1683=ORIENTED_EDGE('',*,*,#5001,.T.);
#1684=ORIENTED_EDGE('',*,*,#5002,.F.);
#1685=ORIENTED_EDGE('',*,*,#4178,.F.);
#1686=ORIENTED_EDGE('',*,*,#5003,.T.);
#1687=ORIENTED_EDGE('',*,*,#5004,.T.);
#1688=ORIENTED_EDGE('',*,*,#5005,.T.);
#1689=ORIENTED_EDGE('',*,*,#4984,.F.);
#1690=ORIENTED_EDGE('',*,*,#4402,.F.);
#1691=ORIENTED_EDGE('',*,*,#4991,.F.);
#1692=ORIENTED_EDGE('',*,*,#5006,.T.);
#1693=ORIENTED_EDGE('',*,*,#5007,.T.);
#1694=ORIENTED_EDGE('',*,*,#5003,.F.);
#1695=ORIENTED_EDGE('',*,*,#4183,.T.);
#1696=ORIENTED_EDGE('',*,*,#4408,.F.);
#1697=ORIENTED_EDGE('',*,*,#4734,.F.);
#1698=ORIENTED_EDGE('',*,*,#5008,.T.);
#1699=ORIENTED_EDGE('',*,*,#5004,.F.);
#1700=ORIENTED_EDGE('',*,*,#4401,.F.);
#1701=ORIENTED_EDGE('',*,*,#5001,.F.);
#1702=ORIENTED_EDGE('',*,*,#5009,.T.);
#1703=ORIENTED_EDGE('',*,*,#4994,.T.);
#1704=ORIENTED_EDGE('',*,*,#5010,.T.);
#1705=ORIENTED_EDGE('',*,*,#5011,.F.);
#1706=ORIENTED_EDGE('',*,*,#4176,.T.);
#1707=ORIENTED_EDGE('',*,*,#4161,.T.);
#1708=ORIENTED_EDGE('',*,*,#4398,.F.);
#1709=ORIENTED_EDGE('',*,*,#4169,.T.);
#1710=ORIENTED_EDGE('',*,*,#4177,.T.);
#1711=ORIENTED_EDGE('',*,*,#5011,.T.);
#1712=ORIENTED_EDGE('',*,*,#4397,.F.);
#1713=ORIENTED_EDGE('',*,*,#5012,.F.);
#1714=ORIENTED_EDGE('',*,*,#4166,.T.);
#1715=ORIENTED_EDGE('',*,*,#5013,.T.);
#1716=ORIENTED_EDGE('',*,*,#4014,.T.);
#1717=ORIENTED_EDGE('',*,*,#4758,.F.);
#1718=ORIENTED_EDGE('',*,*,#4726,.T.);
#1719=ORIENTED_EDGE('',*,*,#4761,.F.);
#1720=ORIENTED_EDGE('',*,*,#5012,.T.);
#1721=ORIENTED_EDGE('',*,*,#5013,.F.);
#1722=ORIENTED_EDGE('',*,*,#5014,.F.);
#1723=ORIENTED_EDGE('',*,*,#4995,.F.);
#1724=ORIENTED_EDGE('',*,*,#4989,.F.);
#1725=ORIENTED_EDGE('',*,*,#5014,.T.);
#1726=ORIENTED_EDGE('',*,*,#3811,.T.);
#1727=ORIENTED_EDGE('',*,*,#5015,.T.);
#1728=ORIENTED_EDGE('',*,*,#3797,.F.);
#1729=ORIENTED_EDGE('',*,*,#4717,.F.);
#1730=ORIENTED_EDGE('',*,*,#3876,.T.);
#1731=ORIENTED_EDGE('',*,*,#3870,.T.);
#1732=ORIENTED_EDGE('',*,*,#5016,.T.);
#1733=ORIENTED_EDGE('',*,*,#3837,.F.);
#1734=ORIENTED_EDGE('',*,*,#3834,.T.);
#1735=ORIENTED_EDGE('',*,*,#3828,.T.);
#1736=ORIENTED_EDGE('',*,*,#5017,.T.);
#1737=ORIENTED_EDGE('',*,*,#5018,.T.);
#1738=ORIENTED_EDGE('',*,*,#5019,.F.);
#1739=ORIENTED_EDGE('',*,*,#3860,.T.);
#1740=ORIENTED_EDGE('',*,*,#3857,.F.);
#1741=ORIENTED_EDGE('',*,*,#3866,.F.);
#1742=ORIENTED_EDGE('',*,*,#5020,.F.);
#1743=ORIENTED_EDGE('',*,*,#3846,.T.);
#1744=ORIENTED_EDGE('',*,*,#3843,.F.);
#1745=ORIENTED_EDGE('',*,*,#3852,.F.);
#1746=ORIENTED_EDGE('',*,*,#5021,.F.);
#1747=ORIENTED_EDGE('',*,*,#5022,.T.);
#1748=ORIENTED_EDGE('',*,*,#3889,.F.);
#1749=ORIENTED_EDGE('',*,*,#5023,.F.);
#1750=ORIENTED_EDGE('',*,*,#3897,.F.);
#1751=ORIENTED_EDGE('',*,*,#5024,.T.);
#1752=ORIENTED_EDGE('',*,*,#5025,.T.);
#1753=ORIENTED_EDGE('',*,*,#3880,.F.);
#1754=ORIENTED_EDGE('',*,*,#5026,.T.);
#1755=ORIENTED_EDGE('',*,*,#4725,.T.);
#1756=ORIENTED_EDGE('',*,*,#4723,.T.);
#1757=ORIENTED_EDGE('',*,*,#4721,.F.);
#1758=ORIENTED_EDGE('',*,*,#4719,.F.);
#1759=ORIENTED_EDGE('',*,*,#4971,.T.);
#1760=ORIENTED_EDGE('',*,*,#4706,.T.);
#1761=ORIENTED_EDGE('',*,*,#5027,.F.);
#1762=ORIENTED_EDGE('',*,*,#5018,.F.);
#1763=ORIENTED_EDGE('',*,*,#5028,.T.);
#1764=ORIENTED_EDGE('',*,*,#4107,.T.);
#1765=ORIENTED_EDGE('',*,*,#3840,.T.);
#1766=ORIENTED_EDGE('',*,*,#4708,.F.);
#1767=ORIENTED_EDGE('',*,*,#3831,.F.);
#1768=ORIENTED_EDGE('',*,*,#3849,.T.);
#1769=ORIENTED_EDGE('',*,*,#4714,.T.);
#1770=ORIENTED_EDGE('',*,*,#3854,.F.);
#1771=ORIENTED_EDGE('',*,*,#4113,.F.);
#1772=ORIENTED_EDGE('',*,*,#3863,.T.);
#1773=ORIENTED_EDGE('',*,*,#4716,.T.);
#1774=ORIENTED_EDGE('',*,*,#3868,.F.);
#1775=ORIENTED_EDGE('',*,*,#4106,.F.);
#1776=ORIENTED_EDGE('',*,*,#4114,.T.);
#1777=ORIENTED_EDGE('',*,*,#3883,.T.);
#1778=ORIENTED_EDGE('',*,*,#4710,.F.);
#1779=ORIENTED_EDGE('',*,*,#3873,.F.);
#1780=ORIENTED_EDGE('',*,*,#4131,.F.);
#1781=ORIENTED_EDGE('',*,*,#4553,.T.);
#1782=ORIENTED_EDGE('',*,*,#4763,.T.);
#1783=ORIENTED_EDGE('',*,*,#4628,.F.);
#1784=ORIENTED_EDGE('',*,*,#4632,.T.);
#1785=ORIENTED_EDGE('',*,*,#4764,.F.);
#1786=ORIENTED_EDGE('',*,*,#4551,.F.);
#1787=ORIENTED_EDGE('',*,*,#4121,.T.);
#1788=ORIENTED_EDGE('',*,*,#4012,.T.);
#1789=ORIENTED_EDGE('',*,*,#4140,.T.);
#1790=ORIENTED_EDGE('',*,*,#3985,.T.);
#1791=ORIENTED_EDGE('',*,*,#4759,.F.);
#1792=ORIENTED_EDGE('',*,*,#4016,.T.);
#1793=ORIENTED_EDGE('',*,*,#4760,.F.);
#1794=ORIENTED_EDGE('',*,*,#3983,.F.);
#1795=ORIENTED_EDGE('',*,*,#4136,.T.);
#1796=ORIENTED_EDGE('',*,*,#4749,.T.);
#1797=ORIENTED_EDGE('',*,*,#5029,.T.);
#1798=ORIENTED_EDGE('',*,*,#4188,.T.);
#1799=ORIENTED_EDGE('',*,*,#5030,.F.);
#1800=ORIENTED_EDGE('',*,*,#4750,.T.);
#1801=ORIENTED_EDGE('',*,*,#5030,.T.);
#1802=ORIENTED_EDGE('',*,*,#4187,.T.);
#1803=ORIENTED_EDGE('',*,*,#5031,.F.);
#1804=ORIENTED_EDGE('',*,*,#4751,.T.);
#1805=ORIENTED_EDGE('',*,*,#5031,.T.);
#1806=ORIENTED_EDGE('',*,*,#4186,.T.);
#1807=ORIENTED_EDGE('',*,*,#5032,.F.);
#1808=ORIENTED_EDGE('',*,*,#5033,.F.);
#1809=ORIENTED_EDGE('',*,*,#4966,.T.);
#1810=ORIENTED_EDGE('',*,*,#5034,.T.);
#1811=ORIENTED_EDGE('',*,*,#5035,.F.);
#1812=ORIENTED_EDGE('',*,*,#5032,.T.);
#1813=ORIENTED_EDGE('',*,*,#4185,.T.);
#1814=ORIENTED_EDGE('',*,*,#5036,.T.);
#1815=ORIENTED_EDGE('',*,*,#4190,.T.);
#1816=ORIENTED_EDGE('',*,*,#5037,.F.);
#1817=ORIENTED_EDGE('',*,*,#5038,.F.);
#1818=ORIENTED_EDGE('',*,*,#4748,.T.);
#1819=ORIENTED_EDGE('',*,*,#4968,.T.);
#1820=ORIENTED_EDGE('',*,*,#5039,.F.);
#1821=ORIENTED_EDGE('',*,*,#5037,.T.);
#1822=ORIENTED_EDGE('',*,*,#4189,.T.);
#1823=ORIENTED_EDGE('',*,*,#5029,.F.);
#1824=ORIENTED_EDGE('',*,*,#5033,.T.);
#1825=ORIENTED_EDGE('',*,*,#5035,.T.);
#1826=ORIENTED_EDGE('',*,*,#5040,.F.);
#1827=ORIENTED_EDGE('',*,*,#5041,.F.);
#1828=ORIENTED_EDGE('',*,*,#5038,.T.);
#1829=ORIENTED_EDGE('',*,*,#5039,.T.);
#1830=ORIENTED_EDGE('',*,*,#4967,.F.);
#1831=ORIENTED_EDGE('',*,*,#4773,.T.);
#1832=ORIENTED_EDGE('',*,*,#5042,.T.);
#1833=ORIENTED_EDGE('',*,*,#4196,.T.);
#1834=ORIENTED_EDGE('',*,*,#5043,.F.);
#1835=ORIENTED_EDGE('',*,*,#4774,.T.);
#1836=ORIENTED_EDGE('',*,*,#5043,.T.);
#1837=ORIENTED_EDGE('',*,*,#4195,.T.);
#1838=ORIENTED_EDGE('',*,*,#5044,.F.);
#1839=ORIENTED_EDGE('',*,*,#4746,.T.);
#1840=ORIENTED_EDGE('',*,*,#5044,.T.);
#1841=ORIENTED_EDGE('',*,*,#4194,.T.);
#1842=ORIENTED_EDGE('',*,*,#5045,.F.);
#1843=ORIENTED_EDGE('',*,*,#5046,.F.);
#1844=ORIENTED_EDGE('',*,*,#4955,.T.);
#1845=ORIENTED_EDGE('',*,*,#5047,.T.);
#1846=ORIENTED_EDGE('',*,*,#5048,.F.);
#1847=ORIENTED_EDGE('',*,*,#5045,.T.);
#1848=ORIENTED_EDGE('',*,*,#4193,.T.);
#1849=ORIENTED_EDGE('',*,*,#5049,.T.);
#1850=ORIENTED_EDGE('',*,*,#4198,.T.);
#1851=ORIENTED_EDGE('',*,*,#5050,.F.);
#1852=ORIENTED_EDGE('',*,*,#5051,.F.);
#1853=ORIENTED_EDGE('',*,*,#4772,.T.);
#1854=ORIENTED_EDGE('',*,*,#4957,.T.);
#1855=ORIENTED_EDGE('',*,*,#5052,.F.);
#1856=ORIENTED_EDGE('',*,*,#5050,.T.);
#1857=ORIENTED_EDGE('',*,*,#4197,.T.);
#1858=ORIENTED_EDGE('',*,*,#5042,.F.);
#1859=ORIENTED_EDGE('',*,*,#5046,.T.);
#1860=ORIENTED_EDGE('',*,*,#5048,.T.);
#1861=ORIENTED_EDGE('',*,*,#5053,.F.);
#1862=ORIENTED_EDGE('',*,*,#5051,.T.);
#1863=ORIENTED_EDGE('',*,*,#5052,.T.);
#1864=ORIENTED_EDGE('',*,*,#4956,.F.);
#1865=ORIENTED_EDGE('',*,*,#4768,.T.);
#1866=ORIENTED_EDGE('',*,*,#5054,.T.);
#1867=ORIENTED_EDGE('',*,*,#4332,.T.);
#1868=ORIENTED_EDGE('',*,*,#5055,.F.);
#1869=ORIENTED_EDGE('',*,*,#4769,.T.);
#1870=ORIENTED_EDGE('',*,*,#5055,.T.);
#1871=ORIENTED_EDGE('',*,*,#4331,.T.);
#1872=ORIENTED_EDGE('',*,*,#5056,.F.);
#1873=ORIENTED_EDGE('',*,*,#4770,.T.);
#1874=ORIENTED_EDGE('',*,*,#5056,.T.);
#1875=ORIENTED_EDGE('',*,*,#4336,.T.);
#1876=ORIENTED_EDGE('',*,*,#5057,.F.);
#1877=ORIENTED_EDGE('',*,*,#5058,.F.);
#1878=ORIENTED_EDGE('',*,*,#4958,.T.);
#1879=ORIENTED_EDGE('',*,*,#4335,.T.);
#1880=ORIENTED_EDGE('',*,*,#5059,.F.);
#1881=ORIENTED_EDGE('',*,*,#5060,.F.);
#1882=ORIENTED_EDGE('',*,*,#5057,.T.);
#1883=ORIENTED_EDGE('',*,*,#4334,.T.);
#1884=ORIENTED_EDGE('',*,*,#5061,.F.);
#1885=ORIENTED_EDGE('',*,*,#5062,.F.);
#1886=ORIENTED_EDGE('',*,*,#5059,.T.);
#1887=ORIENTED_EDGE('',*,*,#4767,.T.);
#1888=ORIENTED_EDGE('',*,*,#4960,.T.);
#1889=ORIENTED_EDGE('',*,*,#5063,.F.);
#1890=ORIENTED_EDGE('',*,*,#5061,.T.);
#1891=ORIENTED_EDGE('',*,*,#4333,.T.);
#1892=ORIENTED_EDGE('',*,*,#5054,.F.);
#1893=ORIENTED_EDGE('',*,*,#5058,.T.);
#1894=ORIENTED_EDGE('',*,*,#5060,.T.);
#1895=ORIENTED_EDGE('',*,*,#5062,.T.);
#1896=ORIENTED_EDGE('',*,*,#5063,.T.);
#1897=ORIENTED_EDGE('',*,*,#4959,.F.);
#1898=ORIENTED_EDGE('',*,*,#4754,.T.);
#1899=ORIENTED_EDGE('',*,*,#5064,.T.);
#1900=ORIENTED_EDGE('',*,*,#4260,.T.);
#1901=ORIENTED_EDGE('',*,*,#5065,.F.);
#1902=ORIENTED_EDGE('',*,*,#4755,.T.);
#1903=ORIENTED_EDGE('',*,*,#5065,.T.);
#1904=ORIENTED_EDGE('',*,*,#4259,.T.);
#1905=ORIENTED_EDGE('',*,*,#5066,.F.);
#1906=ORIENTED_EDGE('',*,*,#4756,.T.);
#1907=ORIENTED_EDGE('',*,*,#5066,.T.);
#1908=ORIENTED_EDGE('',*,*,#4264,.T.);
#1909=ORIENTED_EDGE('',*,*,#5067,.F.);
#1910=ORIENTED_EDGE('',*,*,#5068,.F.);
#1911=ORIENTED_EDGE('',*,*,#4963,.T.);
#1912=ORIENTED_EDGE('',*,*,#4263,.T.);
#1913=ORIENTED_EDGE('',*,*,#5069,.F.);
#1914=ORIENTED_EDGE('',*,*,#5070,.F.);
#1915=ORIENTED_EDGE('',*,*,#5067,.T.);
#1916=ORIENTED_EDGE('',*,*,#4262,.T.);
#1917=ORIENTED_EDGE('',*,*,#5071,.F.);
#1918=ORIENTED_EDGE('',*,*,#5072,.F.);
#1919=ORIENTED_EDGE('',*,*,#5069,.T.);
#1920=ORIENTED_EDGE('',*,*,#4753,.T.);
#1921=ORIENTED_EDGE('',*,*,#4965,.T.);
#1922=ORIENTED_EDGE('',*,*,#5073,.F.);
#1923=ORIENTED_EDGE('',*,*,#5071,.T.);
#1924=ORIENTED_EDGE('',*,*,#4261,.T.);
#1925=ORIENTED_EDGE('',*,*,#5064,.F.);
#1926=ORIENTED_EDGE('',*,*,#5068,.T.);
#1927=ORIENTED_EDGE('',*,*,#5070,.T.);
#1928=ORIENTED_EDGE('',*,*,#5072,.T.);
#1929=ORIENTED_EDGE('',*,*,#5073,.T.);
#1930=ORIENTED_EDGE('',*,*,#4964,.F.);
#1931=ORIENTED_EDGE('',*,*,#4949,.T.);
#1932=ORIENTED_EDGE('',*,*,#5074,.T.);
#1933=ORIENTED_EDGE('',*,*,#4392,.T.);
#1934=ORIENTED_EDGE('',*,*,#5075,.F.);
#1935=ORIENTED_EDGE('',*,*,#4950,.T.);
#1936=ORIENTED_EDGE('',*,*,#5075,.T.);
#1937=ORIENTED_EDGE('',*,*,#4391,.T.);
#1938=ORIENTED_EDGE('',*,*,#5076,.F.);
#1939=ORIENTED_EDGE('',*,*,#4951,.T.);
#1940=ORIENTED_EDGE('',*,*,#5076,.T.);
#1941=ORIENTED_EDGE('',*,*,#4396,.T.);
#1942=ORIENTED_EDGE('',*,*,#5077,.F.);
#1943=ORIENTED_EDGE('',*,*,#4952,.T.);
#1944=ORIENTED_EDGE('',*,*,#5077,.T.);
#1945=ORIENTED_EDGE('',*,*,#4395,.T.);
#1946=ORIENTED_EDGE('',*,*,#5078,.F.);
#1947=ORIENTED_EDGE('',*,*,#4953,.T.);
#1948=ORIENTED_EDGE('',*,*,#5078,.T.);
#1949=ORIENTED_EDGE('',*,*,#4394,.T.);
#1950=ORIENTED_EDGE('',*,*,#5079,.F.);
#1951=ORIENTED_EDGE('',*,*,#4954,.T.);
#1952=ORIENTED_EDGE('',*,*,#5079,.T.);
#1953=ORIENTED_EDGE('',*,*,#4393,.T.);
#1954=ORIENTED_EDGE('',*,*,#5074,.F.);
#1955=ORIENTED_EDGE('',*,*,#4943,.T.);
#1956=ORIENTED_EDGE('',*,*,#5080,.T.);
#1957=ORIENTED_EDGE('',*,*,#4386,.T.);
#1958=ORIENTED_EDGE('',*,*,#5081,.F.);
#1959=ORIENTED_EDGE('',*,*,#4944,.T.);
#1960=ORIENTED_EDGE('',*,*,#5081,.T.);
#1961=ORIENTED_EDGE('',*,*,#4385,.T.);
#1962=ORIENTED_EDGE('',*,*,#5082,.F.);
#1963=ORIENTED_EDGE('',*,*,#4945,.T.);
#1964=ORIENTED_EDGE('',*,*,#5082,.T.);
#1965=ORIENTED_EDGE('',*,*,#4390,.T.);
#1966=ORIENTED_EDGE('',*,*,#5083,.F.);
#1967=ORIENTED_EDGE('',*,*,#4946,.T.);
#1968=ORIENTED_EDGE('',*,*,#5083,.T.);
#1969=ORIENTED_EDGE('',*,*,#4389,.T.);
#1970=ORIENTED_EDGE('',*,*,#5084,.F.);
#1971=ORIENTED_EDGE('',*,*,#4947,.T.);
#1972=ORIENTED_EDGE('',*,*,#5084,.T.);
#1973=ORIENTED_EDGE('',*,*,#4388,.T.);
#1974=ORIENTED_EDGE('',*,*,#5085,.F.);
#1975=ORIENTED_EDGE('',*,*,#4948,.T.);
#1976=ORIENTED_EDGE('',*,*,#5085,.T.);
#1977=ORIENTED_EDGE('',*,*,#4387,.T.);
#1978=ORIENTED_EDGE('',*,*,#5080,.F.);
#1979=ORIENTED_EDGE('',*,*,#4937,.T.);
#1980=ORIENTED_EDGE('',*,*,#5086,.T.);
#1981=ORIENTED_EDGE('',*,*,#4380,.T.);
#1982=ORIENTED_EDGE('',*,*,#5087,.F.);
#1983=ORIENTED_EDGE('',*,*,#4938,.T.);
#1984=ORIENTED_EDGE('',*,*,#5087,.T.);
#1985=ORIENTED_EDGE('',*,*,#4379,.T.);
#1986=ORIENTED_EDGE('',*,*,#5088,.F.);
#1987=ORIENTED_EDGE('',*,*,#4939,.T.);
#1988=ORIENTED_EDGE('',*,*,#5088,.T.);
#1989=ORIENTED_EDGE('',*,*,#4384,.T.);
#1990=ORIENTED_EDGE('',*,*,#5089,.F.);
#1991=ORIENTED_EDGE('',*,*,#4940,.T.);
#1992=ORIENTED_EDGE('',*,*,#5089,.T.);
#1993=ORIENTED_EDGE('',*,*,#4383,.T.);
#1994=ORIENTED_EDGE('',*,*,#5090,.F.);
#1995=ORIENTED_EDGE('',*,*,#4941,.T.);
#1996=ORIENTED_EDGE('',*,*,#5090,.T.);
#1997=ORIENTED_EDGE('',*,*,#4382,.T.);
#1998=ORIENTED_EDGE('',*,*,#5091,.F.);
#1999=ORIENTED_EDGE('',*,*,#4942,.T.);
#2000=ORIENTED_EDGE('',*,*,#5091,.T.);
#2001=ORIENTED_EDGE('',*,*,#4381,.T.);
#2002=ORIENTED_EDGE('',*,*,#5086,.F.);
#2003=ORIENTED_EDGE('',*,*,#4931,.T.);
#2004=ORIENTED_EDGE('',*,*,#5092,.T.);
#2005=ORIENTED_EDGE('',*,*,#4374,.T.);
#2006=ORIENTED_EDGE('',*,*,#5093,.F.);
#2007=ORIENTED_EDGE('',*,*,#4932,.T.);
#2008=ORIENTED_EDGE('',*,*,#5093,.T.);
#2009=ORIENTED_EDGE('',*,*,#4373,.T.);
#2010=ORIENTED_EDGE('',*,*,#5094,.F.);
#2011=ORIENTED_EDGE('',*,*,#4933,.T.);
#2012=ORIENTED_EDGE('',*,*,#5094,.T.);
#2013=ORIENTED_EDGE('',*,*,#4378,.T.);
#2014=ORIENTED_EDGE('',*,*,#5095,.F.);
#2015=ORIENTED_EDGE('',*,*,#4934,.T.);
#2016=ORIENTED_EDGE('',*,*,#5095,.T.);
#2017=ORIENTED_EDGE('',*,*,#4377,.T.);
#2018=ORIENTED_EDGE('',*,*,#5096,.F.);
#2019=ORIENTED_EDGE('',*,*,#4935,.T.);
#2020=ORIENTED_EDGE('',*,*,#5096,.T.);
#2021=ORIENTED_EDGE('',*,*,#4376,.T.);
#2022=ORIENTED_EDGE('',*,*,#5097,.F.);
#2023=ORIENTED_EDGE('',*,*,#4936,.T.);
#2024=ORIENTED_EDGE('',*,*,#5097,.T.);
#2025=ORIENTED_EDGE('',*,*,#4375,.T.);
#2026=ORIENTED_EDGE('',*,*,#5092,.F.);
#2027=ORIENTED_EDGE('',*,*,#4925,.T.);
#2028=ORIENTED_EDGE('',*,*,#5098,.T.);
#2029=ORIENTED_EDGE('',*,*,#4368,.T.);
#2030=ORIENTED_EDGE('',*,*,#5099,.F.);
#2031=ORIENTED_EDGE('',*,*,#4926,.T.);
#2032=ORIENTED_EDGE('',*,*,#5099,.T.);
#2033=ORIENTED_EDGE('',*,*,#4367,.T.);
#2034=ORIENTED_EDGE('',*,*,#5100,.F.);
#2035=ORIENTED_EDGE('',*,*,#4927,.T.);
#2036=ORIENTED_EDGE('',*,*,#5100,.T.);
#2037=ORIENTED_EDGE('',*,*,#4372,.T.);
#2038=ORIENTED_EDGE('',*,*,#5101,.F.);
#2039=ORIENTED_EDGE('',*,*,#4928,.T.);
#2040=ORIENTED_EDGE('',*,*,#5101,.T.);
#2041=ORIENTED_EDGE('',*,*,#4371,.T.);
#2042=ORIENTED_EDGE('',*,*,#5102,.F.);
#2043=ORIENTED_EDGE('',*,*,#4929,.T.);
#2044=ORIENTED_EDGE('',*,*,#5102,.T.);
#2045=ORIENTED_EDGE('',*,*,#4370,.T.);
#2046=ORIENTED_EDGE('',*,*,#5103,.F.);
#2047=ORIENTED_EDGE('',*,*,#4930,.T.);
#2048=ORIENTED_EDGE('',*,*,#5103,.T.);
#2049=ORIENTED_EDGE('',*,*,#4369,.T.);
#2050=ORIENTED_EDGE('',*,*,#5098,.F.);
#2051=ORIENTED_EDGE('',*,*,#4919,.T.);
#2052=ORIENTED_EDGE('',*,*,#5104,.T.);
#2053=ORIENTED_EDGE('',*,*,#4362,.T.);
#2054=ORIENTED_EDGE('',*,*,#5105,.F.);
#2055=ORIENTED_EDGE('',*,*,#4920,.T.);
#2056=ORIENTED_EDGE('',*,*,#5105,.T.);
#2057=ORIENTED_EDGE('',*,*,#4361,.T.);
#2058=ORIENTED_EDGE('',*,*,#5106,.F.);
#2059=ORIENTED_EDGE('',*,*,#4921,.T.);
#2060=ORIENTED_EDGE('',*,*,#5106,.T.);
#2061=ORIENTED_EDGE('',*,*,#4366,.T.);
#2062=ORIENTED_EDGE('',*,*,#5107,.F.);
#2063=ORIENTED_EDGE('',*,*,#4922,.T.);
#2064=ORIENTED_EDGE('',*,*,#5107,.T.);
#2065=ORIENTED_EDGE('',*,*,#4365,.T.);
#2066=ORIENTED_EDGE('',*,*,#5108,.F.);
#2067=ORIENTED_EDGE('',*,*,#4923,.T.);
#2068=ORIENTED_EDGE('',*,*,#5108,.T.);
#2069=ORIENTED_EDGE('',*,*,#4364,.T.);
#2070=ORIENTED_EDGE('',*,*,#5109,.F.);
#2071=ORIENTED_EDGE('',*,*,#4924,.T.);
#2072=ORIENTED_EDGE('',*,*,#5109,.T.);
#2073=ORIENTED_EDGE('',*,*,#4363,.T.);
#2074=ORIENTED_EDGE('',*,*,#5104,.F.);
#2075=ORIENTED_EDGE('',*,*,#4913,.T.);
#2076=ORIENTED_EDGE('',*,*,#5110,.T.);
#2077=ORIENTED_EDGE('',*,*,#4356,.T.);
#2078=ORIENTED_EDGE('',*,*,#5111,.F.);
#2079=ORIENTED_EDGE('',*,*,#4914,.T.);
#2080=ORIENTED_EDGE('',*,*,#5111,.T.);
#2081=ORIENTED_EDGE('',*,*,#4355,.T.);
#2082=ORIENTED_EDGE('',*,*,#5112,.F.);
#2083=ORIENTED_EDGE('',*,*,#4915,.T.);
#2084=ORIENTED_EDGE('',*,*,#5112,.T.);
#2085=ORIENTED_EDGE('',*,*,#4360,.T.);
#2086=ORIENTED_EDGE('',*,*,#5113,.F.);
#2087=ORIENTED_EDGE('',*,*,#4916,.T.);
#2088=ORIENTED_EDGE('',*,*,#5113,.T.);
#2089=ORIENTED_EDGE('',*,*,#4359,.T.);
#2090=ORIENTED_EDGE('',*,*,#5114,.F.);
#2091=ORIENTED_EDGE('',*,*,#4917,.T.);
#2092=ORIENTED_EDGE('',*,*,#5114,.T.);
#2093=ORIENTED_EDGE('',*,*,#4358,.T.);
#2094=ORIENTED_EDGE('',*,*,#5115,.F.);
#2095=ORIENTED_EDGE('',*,*,#4918,.T.);
#2096=ORIENTED_EDGE('',*,*,#5115,.T.);
#2097=ORIENTED_EDGE('',*,*,#4357,.T.);
#2098=ORIENTED_EDGE('',*,*,#5110,.F.);
#2099=ORIENTED_EDGE('',*,*,#4907,.T.);
#2100=ORIENTED_EDGE('',*,*,#5116,.T.);
#2101=ORIENTED_EDGE('',*,*,#4350,.T.);
#2102=ORIENTED_EDGE('',*,*,#5117,.F.);
#2103=ORIENTED_EDGE('',*,*,#4908,.T.);
#2104=ORIENTED_EDGE('',*,*,#5117,.T.);
#2105=ORIENTED_EDGE('',*,*,#4349,.T.);
#2106=ORIENTED_EDGE('',*,*,#5118,.F.);
#2107=ORIENTED_EDGE('',*,*,#4909,.T.);
#2108=ORIENTED_EDGE('',*,*,#5118,.T.);
#2109=ORIENTED_EDGE('',*,*,#4354,.T.);
#2110=ORIENTED_EDGE('',*,*,#5119,.F.);
#2111=ORIENTED_EDGE('',*,*,#4910,.T.);
#2112=ORIENTED_EDGE('',*,*,#5119,.T.);
#2113=ORIENTED_EDGE('',*,*,#4353,.T.);
#2114=ORIENTED_EDGE('',*,*,#5120,.F.);
#2115=ORIENTED_EDGE('',*,*,#4911,.T.);
#2116=ORIENTED_EDGE('',*,*,#5120,.T.);
#2117=ORIENTED_EDGE('',*,*,#4352,.T.);
#2118=ORIENTED_EDGE('',*,*,#5121,.F.);
#2119=ORIENTED_EDGE('',*,*,#4912,.T.);
#2120=ORIENTED_EDGE('',*,*,#5121,.T.);
#2121=ORIENTED_EDGE('',*,*,#4351,.T.);
#2122=ORIENTED_EDGE('',*,*,#5116,.F.);
#2123=ORIENTED_EDGE('',*,*,#4901,.T.);
#2124=ORIENTED_EDGE('',*,*,#5122,.T.);
#2125=ORIENTED_EDGE('',*,*,#4344,.T.);
#2126=ORIENTED_EDGE('',*,*,#5123,.F.);
#2127=ORIENTED_EDGE('',*,*,#4902,.T.);
#2128=ORIENTED_EDGE('',*,*,#5123,.T.);
#2129=ORIENTED_EDGE('',*,*,#4343,.T.);
#2130=ORIENTED_EDGE('',*,*,#5124,.F.);
#2131=ORIENTED_EDGE('',*,*,#4903,.T.);
#2132=ORIENTED_EDGE('',*,*,#5124,.T.);
#2133=ORIENTED_EDGE('',*,*,#4348,.T.);
#2134=ORIENTED_EDGE('',*,*,#5125,.F.);
#2135=ORIENTED_EDGE('',*,*,#4904,.T.);
#2136=ORIENTED_EDGE('',*,*,#5125,.T.);
#2137=ORIENTED_EDGE('',*,*,#4347,.T.);
#2138=ORIENTED_EDGE('',*,*,#5126,.F.);
#2139=ORIENTED_EDGE('',*,*,#4905,.T.);
#2140=ORIENTED_EDGE('',*,*,#5126,.T.);
#2141=ORIENTED_EDGE('',*,*,#4346,.T.);
#2142=ORIENTED_EDGE('',*,*,#5127,.F.);
#2143=ORIENTED_EDGE('',*,*,#4906,.T.);
#2144=ORIENTED_EDGE('',*,*,#5127,.T.);
#2145=ORIENTED_EDGE('',*,*,#4345,.T.);
#2146=ORIENTED_EDGE('',*,*,#5122,.F.);
#2147=ORIENTED_EDGE('',*,*,#4895,.T.);
#2148=ORIENTED_EDGE('',*,*,#5128,.T.);
#2149=ORIENTED_EDGE('',*,*,#4338,.T.);
#2150=ORIENTED_EDGE('',*,*,#5129,.F.);
#2151=ORIENTED_EDGE('',*,*,#4896,.T.);
#2152=ORIENTED_EDGE('',*,*,#5129,.T.);
#2153=ORIENTED_EDGE('',*,*,#4337,.T.);
#2154=ORIENTED_EDGE('',*,*,#5130,.F.);
#2155=ORIENTED_EDGE('',*,*,#4897,.T.);
#2156=ORIENTED_EDGE('',*,*,#5130,.T.);
#2157=ORIENTED_EDGE('',*,*,#4342,.T.);
#2158=ORIENTED_EDGE('',*,*,#5131,.F.);
#2159=ORIENTED_EDGE('',*,*,#4898,.T.);
#2160=ORIENTED_EDGE('',*,*,#5131,.T.);
#2161=ORIENTED_EDGE('',*,*,#4341,.T.);
#2162=ORIENTED_EDGE('',*,*,#5132,.F.);
#2163=ORIENTED_EDGE('',*,*,#4899,.T.);
#2164=ORIENTED_EDGE('',*,*,#5132,.T.);
#2165=ORIENTED_EDGE('',*,*,#4340,.T.);
#2166=ORIENTED_EDGE('',*,*,#5133,.F.);
#2167=ORIENTED_EDGE('',*,*,#4900,.T.);
#2168=ORIENTED_EDGE('',*,*,#5133,.T.);
#2169=ORIENTED_EDGE('',*,*,#4339,.T.);
#2170=ORIENTED_EDGE('',*,*,#5128,.F.);
#2171=ORIENTED_EDGE('',*,*,#4889,.T.);
#2172=ORIENTED_EDGE('',*,*,#5134,.T.);
#2173=ORIENTED_EDGE('',*,*,#4326,.T.);
#2174=ORIENTED_EDGE('',*,*,#5135,.F.);
#2175=ORIENTED_EDGE('',*,*,#4890,.T.);
#2176=ORIENTED_EDGE('',*,*,#5135,.T.);
#2177=ORIENTED_EDGE('',*,*,#4325,.T.);
#2178=ORIENTED_EDGE('',*,*,#5136,.F.);
#2179=ORIENTED_EDGE('',*,*,#4891,.T.);
#2180=ORIENTED_EDGE('',*,*,#5136,.T.);
#2181=ORIENTED_EDGE('',*,*,#4330,.T.);
#2182=ORIENTED_EDGE('',*,*,#5137,.F.);
#2183=ORIENTED_EDGE('',*,*,#4892,.T.);
#2184=ORIENTED_EDGE('',*,*,#5137,.T.);
#2185=ORIENTED_EDGE('',*,*,#4329,.T.);
#2186=ORIENTED_EDGE('',*,*,#5138,.F.);
#2187=ORIENTED_EDGE('',*,*,#4893,.T.);
#2188=ORIENTED_EDGE('',*,*,#5138,.T.);
#2189=ORIENTED_EDGE('',*,*,#4328,.T.);
#2190=ORIENTED_EDGE('',*,*,#5139,.F.);
#2191=ORIENTED_EDGE('',*,*,#4894,.T.);
#2192=ORIENTED_EDGE('',*,*,#5139,.T.);
#2193=ORIENTED_EDGE('',*,*,#4327,.T.);
#2194=ORIENTED_EDGE('',*,*,#5134,.F.);
#2195=ORIENTED_EDGE('',*,*,#4883,.T.);
#2196=ORIENTED_EDGE('',*,*,#5140,.T.);
#2197=ORIENTED_EDGE('',*,*,#4320,.T.);
#2198=ORIENTED_EDGE('',*,*,#5141,.F.);
#2199=ORIENTED_EDGE('',*,*,#4884,.T.);
#2200=ORIENTED_EDGE('',*,*,#5141,.T.);
#2201=ORIENTED_EDGE('',*,*,#4319,.T.);
#2202=ORIENTED_EDGE('',*,*,#5142,.F.);
#2203=ORIENTED_EDGE('',*,*,#4885,.T.);
#2204=ORIENTED_EDGE('',*,*,#5142,.T.);
#2205=ORIENTED_EDGE('',*,*,#4324,.T.);
#2206=ORIENTED_EDGE('',*,*,#5143,.F.);
#2207=ORIENTED_EDGE('',*,*,#4886,.T.);
#2208=ORIENTED_EDGE('',*,*,#5143,.T.);
#2209=ORIENTED_EDGE('',*,*,#4323,.T.);
#2210=ORIENTED_EDGE('',*,*,#5144,.F.);
#2211=ORIENTED_EDGE('',*,*,#4887,.T.);
#2212=ORIENTED_EDGE('',*,*,#5144,.T.);
#2213=ORIENTED_EDGE('',*,*,#4322,.T.);
#2214=ORIENTED_EDGE('',*,*,#5145,.F.);
#2215=ORIENTED_EDGE('',*,*,#4888,.T.);
#2216=ORIENTED_EDGE('',*,*,#5145,.T.);
#2217=ORIENTED_EDGE('',*,*,#4321,.T.);
#2218=ORIENTED_EDGE('',*,*,#5140,.F.);
#2219=ORIENTED_EDGE('',*,*,#4877,.T.);
#2220=ORIENTED_EDGE('',*,*,#5146,.T.);
#2221=ORIENTED_EDGE('',*,*,#4314,.T.);
#2222=ORIENTED_EDGE('',*,*,#5147,.F.);
#2223=ORIENTED_EDGE('',*,*,#4878,.T.);
#2224=ORIENTED_EDGE('',*,*,#5147,.T.);
#2225=ORIENTED_EDGE('',*,*,#4313,.T.);
#2226=ORIENTED_EDGE('',*,*,#5148,.F.);
#2227=ORIENTED_EDGE('',*,*,#4879,.T.);
#2228=ORIENTED_EDGE('',*,*,#5148,.T.);
#2229=ORIENTED_EDGE('',*,*,#4318,.T.);
#2230=ORIENTED_EDGE('',*,*,#5149,.F.);
#2231=ORIENTED_EDGE('',*,*,#4880,.T.);
#2232=ORIENTED_EDGE('',*,*,#5149,.T.);
#2233=ORIENTED_EDGE('',*,*,#4317,.T.);
#2234=ORIENTED_EDGE('',*,*,#5150,.F.);
#2235=ORIENTED_EDGE('',*,*,#4881,.T.);
#2236=ORIENTED_EDGE('',*,*,#5150,.T.);
#2237=ORIENTED_EDGE('',*,*,#4316,.T.);
#2238=ORIENTED_EDGE('',*,*,#5151,.F.);
#2239=ORIENTED_EDGE('',*,*,#4882,.T.);
#2240=ORIENTED_EDGE('',*,*,#5151,.T.);
#2241=ORIENTED_EDGE('',*,*,#4315,.T.);
#2242=ORIENTED_EDGE('',*,*,#5146,.F.);
#2243=ORIENTED_EDGE('',*,*,#4871,.T.);
#2244=ORIENTED_EDGE('',*,*,#5152,.T.);
#2245=ORIENTED_EDGE('',*,*,#4308,.T.);
#2246=ORIENTED_EDGE('',*,*,#5153,.F.);
#2247=ORIENTED_EDGE('',*,*,#4872,.T.);
#2248=ORIENTED_EDGE('',*,*,#5153,.T.);
#2249=ORIENTED_EDGE('',*,*,#4307,.T.);
#2250=ORIENTED_EDGE('',*,*,#5154,.F.);
#2251=ORIENTED_EDGE('',*,*,#4873,.T.);
#2252=ORIENTED_EDGE('',*,*,#5154,.T.);
#2253=ORIENTED_EDGE('',*,*,#4312,.T.);
#2254=ORIENTED_EDGE('',*,*,#5155,.F.);
#2255=ORIENTED_EDGE('',*,*,#4874,.T.);
#2256=ORIENTED_EDGE('',*,*,#5155,.T.);
#2257=ORIENTED_EDGE('',*,*,#4311,.T.);
#2258=ORIENTED_EDGE('',*,*,#5156,.F.);
#2259=ORIENTED_EDGE('',*,*,#4875,.T.);
#2260=ORIENTED_EDGE('',*,*,#5156,.T.);
#2261=ORIENTED_EDGE('',*,*,#4310,.T.);
#2262=ORIENTED_EDGE('',*,*,#5157,.F.);
#2263=ORIENTED_EDGE('',*,*,#4876,.T.);
#2264=ORIENTED_EDGE('',*,*,#5157,.T.);
#2265=ORIENTED_EDGE('',*,*,#4309,.T.);
#2266=ORIENTED_EDGE('',*,*,#5152,.F.);
#2267=ORIENTED_EDGE('',*,*,#4865,.T.);
#2268=ORIENTED_EDGE('',*,*,#5158,.T.);
#2269=ORIENTED_EDGE('',*,*,#4302,.T.);
#2270=ORIENTED_EDGE('',*,*,#5159,.F.);
#2271=ORIENTED_EDGE('',*,*,#4866,.T.);
#2272=ORIENTED_EDGE('',*,*,#5159,.T.);
#2273=ORIENTED_EDGE('',*,*,#4301,.T.);
#2274=ORIENTED_EDGE('',*,*,#5160,.F.);
#2275=ORIENTED_EDGE('',*,*,#4867,.T.);
#2276=ORIENTED_EDGE('',*,*,#5160,.T.);
#2277=ORIENTED_EDGE('',*,*,#4306,.T.);
#2278=ORIENTED_EDGE('',*,*,#5161,.F.);
#2279=ORIENTED_EDGE('',*,*,#4868,.T.);
#2280=ORIENTED_EDGE('',*,*,#5161,.T.);
#2281=ORIENTED_EDGE('',*,*,#4305,.T.);
#2282=ORIENTED_EDGE('',*,*,#5162,.F.);
#2283=ORIENTED_EDGE('',*,*,#4869,.T.);
#2284=ORIENTED_EDGE('',*,*,#5162,.T.);
#2285=ORIENTED_EDGE('',*,*,#4304,.T.);
#2286=ORIENTED_EDGE('',*,*,#5163,.F.);
#2287=ORIENTED_EDGE('',*,*,#4870,.T.);
#2288=ORIENTED_EDGE('',*,*,#5163,.T.);
#2289=ORIENTED_EDGE('',*,*,#4303,.T.);
#2290=ORIENTED_EDGE('',*,*,#5158,.F.);
#2291=ORIENTED_EDGE('',*,*,#4859,.T.);
#2292=ORIENTED_EDGE('',*,*,#5164,.T.);
#2293=ORIENTED_EDGE('',*,*,#4296,.T.);
#2294=ORIENTED_EDGE('',*,*,#5165,.F.);
#2295=ORIENTED_EDGE('',*,*,#4860,.T.);
#2296=ORIENTED_EDGE('',*,*,#5165,.T.);
#2297=ORIENTED_EDGE('',*,*,#4295,.T.);
#2298=ORIENTED_EDGE('',*,*,#5166,.F.);
#2299=ORIENTED_EDGE('',*,*,#4861,.T.);
#2300=ORIENTED_EDGE('',*,*,#5166,.T.);
#2301=ORIENTED_EDGE('',*,*,#4300,.T.);
#2302=ORIENTED_EDGE('',*,*,#5167,.F.);
#2303=ORIENTED_EDGE('',*,*,#4862,.T.);
#2304=ORIENTED_EDGE('',*,*,#5167,.T.);
#2305=ORIENTED_EDGE('',*,*,#4299,.T.);
#2306=ORIENTED_EDGE('',*,*,#5168,.F.);
#2307=ORIENTED_EDGE('',*,*,#4863,.T.);
#2308=ORIENTED_EDGE('',*,*,#5168,.T.);
#2309=ORIENTED_EDGE('',*,*,#4298,.T.);
#2310=ORIENTED_EDGE('',*,*,#5169,.F.);
#2311=ORIENTED_EDGE('',*,*,#4864,.T.);
#2312=ORIENTED_EDGE('',*,*,#5169,.T.);
#2313=ORIENTED_EDGE('',*,*,#4297,.T.);
#2314=ORIENTED_EDGE('',*,*,#5164,.F.);
#2315=ORIENTED_EDGE('',*,*,#4853,.T.);
#2316=ORIENTED_EDGE('',*,*,#5170,.T.);
#2317=ORIENTED_EDGE('',*,*,#4290,.T.);
#2318=ORIENTED_EDGE('',*,*,#5171,.F.);
#2319=ORIENTED_EDGE('',*,*,#4854,.T.);
#2320=ORIENTED_EDGE('',*,*,#5171,.T.);
#2321=ORIENTED_EDGE('',*,*,#4289,.T.);
#2322=ORIENTED_EDGE('',*,*,#5172,.F.);
#2323=ORIENTED_EDGE('',*,*,#4855,.T.);
#2324=ORIENTED_EDGE('',*,*,#5172,.T.);
#2325=ORIENTED_EDGE('',*,*,#4294,.T.);
#2326=ORIENTED_EDGE('',*,*,#5173,.F.);
#2327=ORIENTED_EDGE('',*,*,#4856,.T.);
#2328=ORIENTED_EDGE('',*,*,#5173,.T.);
#2329=ORIENTED_EDGE('',*,*,#4293,.T.);
#2330=ORIENTED_EDGE('',*,*,#5174,.F.);
#2331=ORIENTED_EDGE('',*,*,#4857,.T.);
#2332=ORIENTED_EDGE('',*,*,#5174,.T.);
#2333=ORIENTED_EDGE('',*,*,#4292,.T.);
#2334=ORIENTED_EDGE('',*,*,#5175,.F.);
#2335=ORIENTED_EDGE('',*,*,#4858,.T.);
#2336=ORIENTED_EDGE('',*,*,#5175,.T.);
#2337=ORIENTED_EDGE('',*,*,#4291,.T.);
#2338=ORIENTED_EDGE('',*,*,#5170,.F.);
#2339=ORIENTED_EDGE('',*,*,#4847,.T.);
#2340=ORIENTED_EDGE('',*,*,#5176,.T.);
#2341=ORIENTED_EDGE('',*,*,#4284,.T.);
#2342=ORIENTED_EDGE('',*,*,#5177,.F.);
#2343=ORIENTED_EDGE('',*,*,#4848,.T.);
#2344=ORIENTED_EDGE('',*,*,#5177,.T.);
#2345=ORIENTED_EDGE('',*,*,#4283,.T.);
#2346=ORIENTED_EDGE('',*,*,#5178,.F.);
#2347=ORIENTED_EDGE('',*,*,#4849,.T.);
#2348=ORIENTED_EDGE('',*,*,#5178,.T.);
#2349=ORIENTED_EDGE('',*,*,#4288,.T.);
#2350=ORIENTED_EDGE('',*,*,#5179,.F.);
#2351=ORIENTED_EDGE('',*,*,#4850,.T.);
#2352=ORIENTED_EDGE('',*,*,#5179,.T.);
#2353=ORIENTED_EDGE('',*,*,#4287,.T.);
#2354=ORIENTED_EDGE('',*,*,#5180,.F.);
#2355=ORIENTED_EDGE('',*,*,#4851,.T.);
#2356=ORIENTED_EDGE('',*,*,#5180,.T.);
#2357=ORIENTED_EDGE('',*,*,#4286,.T.);
#2358=ORIENTED_EDGE('',*,*,#5181,.F.);
#2359=ORIENTED_EDGE('',*,*,#4852,.T.);
#2360=ORIENTED_EDGE('',*,*,#5181,.T.);
#2361=ORIENTED_EDGE('',*,*,#4285,.T.);
#2362=ORIENTED_EDGE('',*,*,#5176,.F.);
#2363=ORIENTED_EDGE('',*,*,#4841,.T.);
#2364=ORIENTED_EDGE('',*,*,#5182,.T.);
#2365=ORIENTED_EDGE('',*,*,#4278,.T.);
#2366=ORIENTED_EDGE('',*,*,#5183,.F.);
#2367=ORIENTED_EDGE('',*,*,#4842,.T.);
#2368=ORIENTED_EDGE('',*,*,#5183,.T.);
#2369=ORIENTED_EDGE('',*,*,#4277,.T.);
#2370=ORIENTED_EDGE('',*,*,#5184,.F.);
#2371=ORIENTED_EDGE('',*,*,#4843,.T.);
#2372=ORIENTED_EDGE('',*,*,#5184,.T.);
#2373=ORIENTED_EDGE('',*,*,#4282,.T.);
#2374=ORIENTED_EDGE('',*,*,#5185,.F.);
#2375=ORIENTED_EDGE('',*,*,#4844,.T.);
#2376=ORIENTED_EDGE('',*,*,#5185,.T.);
#2377=ORIENTED_EDGE('',*,*,#4281,.T.);
#2378=ORIENTED_EDGE('',*,*,#5186,.F.);
#2379=ORIENTED_EDGE('',*,*,#4845,.T.);
#2380=ORIENTED_EDGE('',*,*,#5186,.T.);
#2381=ORIENTED_EDGE('',*,*,#4280,.T.);
#2382=ORIENTED_EDGE('',*,*,#5187,.F.);
#2383=ORIENTED_EDGE('',*,*,#4846,.T.);
#2384=ORIENTED_EDGE('',*,*,#5187,.T.);
#2385=ORIENTED_EDGE('',*,*,#4279,.T.);
#2386=ORIENTED_EDGE('',*,*,#5182,.F.);
#2387=ORIENTED_EDGE('',*,*,#4835,.T.);
#2388=ORIENTED_EDGE('',*,*,#5188,.T.);
#2389=ORIENTED_EDGE('',*,*,#4272,.T.);
#2390=ORIENTED_EDGE('',*,*,#5189,.F.);
#2391=ORIENTED_EDGE('',*,*,#4836,.T.);
#2392=ORIENTED_EDGE('',*,*,#5189,.T.);
#2393=ORIENTED_EDGE('',*,*,#4271,.T.);
#2394=ORIENTED_EDGE('',*,*,#5190,.F.);
#2395=ORIENTED_EDGE('',*,*,#4837,.T.);
#2396=ORIENTED_EDGE('',*,*,#5190,.T.);
#2397=ORIENTED_EDGE('',*,*,#4276,.T.);
#2398=ORIENTED_EDGE('',*,*,#5191,.F.);
#2399=ORIENTED_EDGE('',*,*,#4838,.T.);
#2400=ORIENTED_EDGE('',*,*,#5191,.T.);
#2401=ORIENTED_EDGE('',*,*,#4275,.T.);
#2402=ORIENTED_EDGE('',*,*,#5192,.F.);
#2403=ORIENTED_EDGE('',*,*,#4839,.T.);
#2404=ORIENTED_EDGE('',*,*,#5192,.T.);
#2405=ORIENTED_EDGE('',*,*,#4274,.T.);
#2406=ORIENTED_EDGE('',*,*,#5193,.F.);
#2407=ORIENTED_EDGE('',*,*,#4840,.T.);
#2408=ORIENTED_EDGE('',*,*,#5193,.T.);
#2409=ORIENTED_EDGE('',*,*,#4273,.T.);
#2410=ORIENTED_EDGE('',*,*,#5188,.F.);
#2411=ORIENTED_EDGE('',*,*,#4829,.T.);
#2412=ORIENTED_EDGE('',*,*,#5194,.T.);
#2413=ORIENTED_EDGE('',*,*,#4266,.T.);
#2414=ORIENTED_EDGE('',*,*,#5195,.F.);
#2415=ORIENTED_EDGE('',*,*,#4830,.T.);
#2416=ORIENTED_EDGE('',*,*,#5195,.T.);
#2417=ORIENTED_EDGE('',*,*,#4265,.T.);
#2418=ORIENTED_EDGE('',*,*,#5196,.F.);
#2419=ORIENTED_EDGE('',*,*,#4831,.T.);
#2420=ORIENTED_EDGE('',*,*,#5196,.T.);
#2421=ORIENTED_EDGE('',*,*,#4270,.T.);
#2422=ORIENTED_EDGE('',*,*,#5197,.F.);
#2423=ORIENTED_EDGE('',*,*,#4832,.T.);
#2424=ORIENTED_EDGE('',*,*,#5197,.T.);
#2425=ORIENTED_EDGE('',*,*,#4269,.T.);
#2426=ORIENTED_EDGE('',*,*,#5198,.F.);
#2427=ORIENTED_EDGE('',*,*,#4833,.T.);
#2428=ORIENTED_EDGE('',*,*,#5198,.T.);
#2429=ORIENTED_EDGE('',*,*,#4268,.T.);
#2430=ORIENTED_EDGE('',*,*,#5199,.F.);
#2431=ORIENTED_EDGE('',*,*,#4834,.T.);
#2432=ORIENTED_EDGE('',*,*,#5199,.T.);
#2433=ORIENTED_EDGE('',*,*,#4267,.T.);
#2434=ORIENTED_EDGE('',*,*,#5194,.F.);
#2435=ORIENTED_EDGE('',*,*,#4823,.T.);
#2436=ORIENTED_EDGE('',*,*,#5200,.T.);
#2437=ORIENTED_EDGE('',*,*,#4254,.T.);
#2438=ORIENTED_EDGE('',*,*,#5201,.F.);
#2439=ORIENTED_EDGE('',*,*,#4824,.T.);
#2440=ORIENTED_EDGE('',*,*,#5201,.T.);
#2441=ORIENTED_EDGE('',*,*,#4253,.T.);
#2442=ORIENTED_EDGE('',*,*,#5202,.F.);
#2443=ORIENTED_EDGE('',*,*,#4825,.T.);
#2444=ORIENTED_EDGE('',*,*,#5202,.T.);
#2445=ORIENTED_EDGE('',*,*,#4258,.T.);
#2446=ORIENTED_EDGE('',*,*,#5203,.F.);
#2447=ORIENTED_EDGE('',*,*,#4826,.T.);
#2448=ORIENTED_EDGE('',*,*,#5203,.T.);
#2449=ORIENTED_EDGE('',*,*,#4257,.T.);
#2450=ORIENTED_EDGE('',*,*,#5204,.F.);
#2451=ORIENTED_EDGE('',*,*,#4827,.T.);
#2452=ORIENTED_EDGE('',*,*,#5204,.T.);
#2453=ORIENTED_EDGE('',*,*,#4256,.T.);
#2454=ORIENTED_EDGE('',*,*,#5205,.F.);
#2455=ORIENTED_EDGE('',*,*,#4828,.T.);
#2456=ORIENTED_EDGE('',*,*,#5205,.T.);
#2457=ORIENTED_EDGE('',*,*,#4255,.T.);
#2458=ORIENTED_EDGE('',*,*,#5200,.F.);
#2459=ORIENTED_EDGE('',*,*,#4817,.T.);
#2460=ORIENTED_EDGE('',*,*,#5206,.T.);
#2461=ORIENTED_EDGE('',*,*,#4248,.T.);
#2462=ORIENTED_EDGE('',*,*,#5207,.F.);
#2463=ORIENTED_EDGE('',*,*,#4818,.T.);
#2464=ORIENTED_EDGE('',*,*,#5207,.T.);
#2465=ORIENTED_EDGE('',*,*,#4247,.T.);
#2466=ORIENTED_EDGE('',*,*,#5208,.F.);
#2467=ORIENTED_EDGE('',*,*,#4819,.T.);
#2468=ORIENTED_EDGE('',*,*,#5208,.T.);
#2469=ORIENTED_EDGE('',*,*,#4252,.T.);
#2470=ORIENTED_EDGE('',*,*,#5209,.F.);
#2471=ORIENTED_EDGE('',*,*,#4820,.T.);
#2472=ORIENTED_EDGE('',*,*,#5209,.T.);
#2473=ORIENTED_EDGE('',*,*,#4251,.T.);
#2474=ORIENTED_EDGE('',*,*,#5210,.F.);
#2475=ORIENTED_EDGE('',*,*,#4821,.T.);
#2476=ORIENTED_EDGE('',*,*,#5210,.T.);
#2477=ORIENTED_EDGE('',*,*,#4250,.T.);
#2478=ORIENTED_EDGE('',*,*,#5211,.F.);
#2479=ORIENTED_EDGE('',*,*,#4822,.T.);
#2480=ORIENTED_EDGE('',*,*,#5211,.T.);
#2481=ORIENTED_EDGE('',*,*,#4249,.T.);
#2482=ORIENTED_EDGE('',*,*,#5206,.F.);
#2483=ORIENTED_EDGE('',*,*,#4811,.T.);
#2484=ORIENTED_EDGE('',*,*,#5212,.T.);
#2485=ORIENTED_EDGE('',*,*,#4242,.T.);
#2486=ORIENTED_EDGE('',*,*,#5213,.F.);
#2487=ORIENTED_EDGE('',*,*,#4812,.T.);
#2488=ORIENTED_EDGE('',*,*,#5213,.T.);
#2489=ORIENTED_EDGE('',*,*,#4241,.T.);
#2490=ORIENTED_EDGE('',*,*,#5214,.F.);
#2491=ORIENTED_EDGE('',*,*,#4813,.T.);
#2492=ORIENTED_EDGE('',*,*,#5214,.T.);
#2493=ORIENTED_EDGE('',*,*,#4246,.T.);
#2494=ORIENTED_EDGE('',*,*,#5215,.F.);
#2495=ORIENTED_EDGE('',*,*,#4814,.T.);
#2496=ORIENTED_EDGE('',*,*,#5215,.T.);
#2497=ORIENTED_EDGE('',*,*,#4245,.T.);
#2498=ORIENTED_EDGE('',*,*,#5216,.F.);
#2499=ORIENTED_EDGE('',*,*,#4815,.T.);
#2500=ORIENTED_EDGE('',*,*,#5216,.T.);
#2501=ORIENTED_EDGE('',*,*,#4244,.T.);
#2502=ORIENTED_EDGE('',*,*,#5217,.F.);
#2503=ORIENTED_EDGE('',*,*,#4816,.T.);
#2504=ORIENTED_EDGE('',*,*,#5217,.T.);
#2505=ORIENTED_EDGE('',*,*,#4243,.T.);
#2506=ORIENTED_EDGE('',*,*,#5212,.F.);
#2507=ORIENTED_EDGE('',*,*,#4805,.T.);
#2508=ORIENTED_EDGE('',*,*,#5218,.T.);
#2509=ORIENTED_EDGE('',*,*,#4236,.T.);
#2510=ORIENTED_EDGE('',*,*,#5219,.F.);
#2511=ORIENTED_EDGE('',*,*,#4806,.T.);
#2512=ORIENTED_EDGE('',*,*,#5219,.T.);
#2513=ORIENTED_EDGE('',*,*,#4235,.T.);
#2514=ORIENTED_EDGE('',*,*,#5220,.F.);
#2515=ORIENTED_EDGE('',*,*,#4807,.T.);
#2516=ORIENTED_EDGE('',*,*,#5220,.T.);
#2517=ORIENTED_EDGE('',*,*,#4240,.T.);
#2518=ORIENTED_EDGE('',*,*,#5221,.F.);
#2519=ORIENTED_EDGE('',*,*,#4808,.T.);
#2520=ORIENTED_EDGE('',*,*,#5221,.T.);
#2521=ORIENTED_EDGE('',*,*,#4239,.T.);
#2522=ORIENTED_EDGE('',*,*,#5222,.F.);
#2523=ORIENTED_EDGE('',*,*,#4809,.T.);
#2524=ORIENTED_EDGE('',*,*,#5222,.T.);
#2525=ORIENTED_EDGE('',*,*,#4238,.T.);
#2526=ORIENTED_EDGE('',*,*,#5223,.F.);
#2527=ORIENTED_EDGE('',*,*,#4810,.T.);
#2528=ORIENTED_EDGE('',*,*,#5223,.T.);
#2529=ORIENTED_EDGE('',*,*,#4237,.T.);
#2530=ORIENTED_EDGE('',*,*,#5218,.F.);
#2531=ORIENTED_EDGE('',*,*,#4799,.T.);
#2532=ORIENTED_EDGE('',*,*,#5224,.T.);
#2533=ORIENTED_EDGE('',*,*,#4230,.T.);
#2534=ORIENTED_EDGE('',*,*,#5225,.F.);
#2535=ORIENTED_EDGE('',*,*,#4800,.T.);
#2536=ORIENTED_EDGE('',*,*,#5225,.T.);
#2537=ORIENTED_EDGE('',*,*,#4229,.T.);
#2538=ORIENTED_EDGE('',*,*,#5226,.F.);
#2539=ORIENTED_EDGE('',*,*,#4801,.T.);
#2540=ORIENTED_EDGE('',*,*,#5226,.T.);
#2541=ORIENTED_EDGE('',*,*,#4234,.T.);
#2542=ORIENTED_EDGE('',*,*,#5227,.F.);
#2543=ORIENTED_EDGE('',*,*,#4802,.T.);
#2544=ORIENTED_EDGE('',*,*,#5227,.T.);
#2545=ORIENTED_EDGE('',*,*,#4233,.T.);
#2546=ORIENTED_EDGE('',*,*,#5228,.F.);
#2547=ORIENTED_EDGE('',*,*,#4803,.T.);
#2548=ORIENTED_EDGE('',*,*,#5228,.T.);
#2549=ORIENTED_EDGE('',*,*,#4232,.T.);
#2550=ORIENTED_EDGE('',*,*,#5229,.F.);
#2551=ORIENTED_EDGE('',*,*,#4804,.T.);
#2552=ORIENTED_EDGE('',*,*,#5229,.T.);
#2553=ORIENTED_EDGE('',*,*,#4231,.T.);
#2554=ORIENTED_EDGE('',*,*,#5224,.F.);
#2555=ORIENTED_EDGE('',*,*,#4793,.T.);
#2556=ORIENTED_EDGE('',*,*,#5230,.T.);
#2557=ORIENTED_EDGE('',*,*,#4224,.T.);
#2558=ORIENTED_EDGE('',*,*,#5231,.F.);
#2559=ORIENTED_EDGE('',*,*,#4794,.T.);
#2560=ORIENTED_EDGE('',*,*,#5231,.T.);
#2561=ORIENTED_EDGE('',*,*,#4223,.T.);
#2562=ORIENTED_EDGE('',*,*,#5232,.F.);
#2563=ORIENTED_EDGE('',*,*,#4795,.T.);
#2564=ORIENTED_EDGE('',*,*,#5232,.T.);
#2565=ORIENTED_EDGE('',*,*,#4228,.T.);
#2566=ORIENTED_EDGE('',*,*,#5233,.F.);
#2567=ORIENTED_EDGE('',*,*,#4796,.T.);
#2568=ORIENTED_EDGE('',*,*,#5233,.T.);
#2569=ORIENTED_EDGE('',*,*,#4227,.T.);
#2570=ORIENTED_EDGE('',*,*,#5234,.F.);
#2571=ORIENTED_EDGE('',*,*,#4797,.T.);
#2572=ORIENTED_EDGE('',*,*,#5234,.T.);
#2573=ORIENTED_EDGE('',*,*,#4226,.T.);
#2574=ORIENTED_EDGE('',*,*,#5235,.F.);
#2575=ORIENTED_EDGE('',*,*,#4798,.T.);
#2576=ORIENTED_EDGE('',*,*,#5235,.T.);
#2577=ORIENTED_EDGE('',*,*,#4225,.T.);
#2578=ORIENTED_EDGE('',*,*,#5230,.F.);
#2579=ORIENTED_EDGE('',*,*,#4787,.T.);
#2580=ORIENTED_EDGE('',*,*,#5236,.T.);
#2581=ORIENTED_EDGE('',*,*,#4218,.T.);
#2582=ORIENTED_EDGE('',*,*,#5237,.F.);
#2583=ORIENTED_EDGE('',*,*,#4788,.T.);
#2584=ORIENTED_EDGE('',*,*,#5237,.T.);
#2585=ORIENTED_EDGE('',*,*,#4217,.T.);
#2586=ORIENTED_EDGE('',*,*,#5238,.F.);
#2587=ORIENTED_EDGE('',*,*,#4789,.T.);
#2588=ORIENTED_EDGE('',*,*,#5238,.T.);
#2589=ORIENTED_EDGE('',*,*,#4222,.T.);
#2590=ORIENTED_EDGE('',*,*,#5239,.F.);
#2591=ORIENTED_EDGE('',*,*,#4790,.T.);
#2592=ORIENTED_EDGE('',*,*,#5239,.T.);
#2593=ORIENTED_EDGE('',*,*,#4221,.T.);
#2594=ORIENTED_EDGE('',*,*,#5240,.F.);
#2595=ORIENTED_EDGE('',*,*,#4791,.T.);
#2596=ORIENTED_EDGE('',*,*,#5240,.T.);
#2597=ORIENTED_EDGE('',*,*,#4220,.T.);
#2598=ORIENTED_EDGE('',*,*,#5241,.F.);
#2599=ORIENTED_EDGE('',*,*,#4792,.T.);
#2600=ORIENTED_EDGE('',*,*,#5241,.T.);
#2601=ORIENTED_EDGE('',*,*,#4219,.T.);
#2602=ORIENTED_EDGE('',*,*,#5236,.F.);
#2603=ORIENTED_EDGE('',*,*,#4781,.T.);
#2604=ORIENTED_EDGE('',*,*,#5242,.T.);
#2605=ORIENTED_EDGE('',*,*,#4212,.T.);
#2606=ORIENTED_EDGE('',*,*,#5243,.F.);
#2607=ORIENTED_EDGE('',*,*,#4782,.T.);
#2608=ORIENTED_EDGE('',*,*,#5243,.T.);
#2609=ORIENTED_EDGE('',*,*,#4211,.T.);
#2610=ORIENTED_EDGE('',*,*,#5244,.F.);
#2611=ORIENTED_EDGE('',*,*,#4783,.T.);
#2612=ORIENTED_EDGE('',*,*,#5244,.T.);
#2613=ORIENTED_EDGE('',*,*,#4216,.T.);
#2614=ORIENTED_EDGE('',*,*,#5245,.F.);
#2615=ORIENTED_EDGE('',*,*,#4784,.T.);
#2616=ORIENTED_EDGE('',*,*,#5245,.T.);
#2617=ORIENTED_EDGE('',*,*,#4215,.T.);
#2618=ORIENTED_EDGE('',*,*,#5246,.F.);
#2619=ORIENTED_EDGE('',*,*,#4785,.T.);
#2620=ORIENTED_EDGE('',*,*,#5246,.T.);
#2621=ORIENTED_EDGE('',*,*,#4214,.T.);
#2622=ORIENTED_EDGE('',*,*,#5247,.F.);
#2623=ORIENTED_EDGE('',*,*,#4786,.T.);
#2624=ORIENTED_EDGE('',*,*,#5247,.T.);
#2625=ORIENTED_EDGE('',*,*,#4213,.T.);
#2626=ORIENTED_EDGE('',*,*,#5242,.F.);
#2627=ORIENTED_EDGE('',*,*,#4775,.T.);
#2628=ORIENTED_EDGE('',*,*,#5248,.T.);
#2629=ORIENTED_EDGE('',*,*,#4206,.T.);
#2630=ORIENTED_EDGE('',*,*,#5249,.F.);
#2631=ORIENTED_EDGE('',*,*,#4776,.T.);
#2632=ORIENTED_EDGE('',*,*,#5249,.T.);
#2633=ORIENTED_EDGE('',*,*,#4205,.T.);
#2634=ORIENTED_EDGE('',*,*,#5250,.F.);
#2635=ORIENTED_EDGE('',*,*,#4777,.T.);
#2636=ORIENTED_EDGE('',*,*,#5250,.T.);
#2637=ORIENTED_EDGE('',*,*,#4210,.T.);
#2638=ORIENTED_EDGE('',*,*,#5251,.F.);
#2639=ORIENTED_EDGE('',*,*,#4778,.T.);
#2640=ORIENTED_EDGE('',*,*,#5251,.T.);
#2641=ORIENTED_EDGE('',*,*,#4209,.T.);
#2642=ORIENTED_EDGE('',*,*,#5252,.F.);
#2643=ORIENTED_EDGE('',*,*,#4779,.T.);
#2644=ORIENTED_EDGE('',*,*,#5252,.T.);
#2645=ORIENTED_EDGE('',*,*,#4208,.T.);
#2646=ORIENTED_EDGE('',*,*,#5253,.F.);
#2647=ORIENTED_EDGE('',*,*,#4780,.T.);
#2648=ORIENTED_EDGE('',*,*,#5253,.T.);
#2649=ORIENTED_EDGE('',*,*,#4207,.T.);
#2650=ORIENTED_EDGE('',*,*,#5248,.F.);
#2651=ORIENTED_EDGE('',*,*,#4740,.T.);
#2652=ORIENTED_EDGE('',*,*,#5254,.T.);
#2653=ORIENTED_EDGE('',*,*,#4200,.T.);
#2654=ORIENTED_EDGE('',*,*,#5255,.F.);
#2655=ORIENTED_EDGE('',*,*,#4741,.T.);
#2656=ORIENTED_EDGE('',*,*,#5255,.T.);
#2657=ORIENTED_EDGE('',*,*,#4199,.T.);
#2658=ORIENTED_EDGE('',*,*,#5256,.F.);
#2659=ORIENTED_EDGE('',*,*,#4742,.T.);
#2660=ORIENTED_EDGE('',*,*,#5256,.T.);
#2661=ORIENTED_EDGE('',*,*,#4204,.T.);
#2662=ORIENTED_EDGE('',*,*,#5257,.F.);
#2663=ORIENTED_EDGE('',*,*,#4743,.T.);
#2664=ORIENTED_EDGE('',*,*,#5257,.T.);
#2665=ORIENTED_EDGE('',*,*,#4203,.T.);
#2666=ORIENTED_EDGE('',*,*,#5258,.F.);
#2667=ORIENTED_EDGE('',*,*,#4744,.T.);
#2668=ORIENTED_EDGE('',*,*,#5258,.T.);
#2669=ORIENTED_EDGE('',*,*,#4202,.T.);
#2670=ORIENTED_EDGE('',*,*,#5259,.F.);
#2671=ORIENTED_EDGE('',*,*,#4745,.T.);
#2672=ORIENTED_EDGE('',*,*,#5259,.T.);
#2673=ORIENTED_EDGE('',*,*,#4201,.T.);
#2674=ORIENTED_EDGE('',*,*,#5254,.F.);
#2675=ORIENTED_EDGE('',*,*,#5034,.F.);
#2676=ORIENTED_EDGE('',*,*,#4184,.F.);
#2677=ORIENTED_EDGE('',*,*,#5260,.F.);
#2678=ORIENTED_EDGE('',*,*,#5040,.T.);
#2679=ORIENTED_EDGE('',*,*,#5036,.F.);
#2680=ORIENTED_EDGE('',*,*,#5041,.T.);
#2681=ORIENTED_EDGE('',*,*,#5260,.T.);
#2682=ORIENTED_EDGE('',*,*,#4191,.T.);
#2683=ORIENTED_EDGE('',*,*,#5047,.F.);
#2684=ORIENTED_EDGE('',*,*,#4192,.T.);
#2685=ORIENTED_EDGE('',*,*,#5049,.F.);
#2686=ORIENTED_EDGE('',*,*,#5053,.T.);
#2687=ORIENTED_EDGE('',*,*,#5261,.F.);
#2688=ORIENTED_EDGE('',*,*,#5262,.T.);
#2689=ORIENTED_EDGE('',*,*,#5263,.F.);
#2690=ORIENTED_EDGE('',*,*,#3800,.T.);
#2691=ORIENTED_EDGE('',*,*,#3893,.T.);
#2692=ORIENTED_EDGE('',*,*,#4149,.F.);
#2693=ORIENTED_EDGE('',*,*,#5264,.F.);
#2694=ORIENTED_EDGE('',*,*,#5265,.T.);
#2695=ORIENTED_EDGE('',*,*,#5261,.T.);
#2696=ORIENTED_EDGE('',*,*,#4148,.F.);
#2697=ORIENTED_EDGE('',*,*,#3899,.F.);
#2698=ORIENTED_EDGE('',*,*,#5266,.T.);
#2699=ORIENTED_EDGE('',*,*,#5264,.T.);
#2700=ORIENTED_EDGE('',*,*,#4147,.F.);
#2701=ORIENTED_EDGE('',*,*,#5267,.T.);
#2702=ORIENTED_EDGE('',*,*,#4694,.F.);
#2703=ORIENTED_EDGE('',*,*,#5268,.F.);
#2704=ORIENTED_EDGE('',*,*,#4538,.F.);
#2705=ORIENTED_EDGE('',*,*,#5268,.T.);
#2706=ORIENTED_EDGE('',*,*,#4693,.F.);
#2707=ORIENTED_EDGE('',*,*,#5269,.F.);
#2708=ORIENTED_EDGE('',*,*,#4539,.F.);
#2709=ORIENTED_EDGE('',*,*,#5269,.T.);
#2710=ORIENTED_EDGE('',*,*,#4698,.F.);
#2711=ORIENTED_EDGE('',*,*,#5270,.F.);
#2712=ORIENTED_EDGE('',*,*,#4540,.F.);
#2713=ORIENTED_EDGE('',*,*,#5271,.T.);
#2714=ORIENTED_EDGE('',*,*,#4977,.T.);
#2715=ORIENTED_EDGE('',*,*,#4983,.F.);
#2716=ORIENTED_EDGE('',*,*,#4986,.F.);
#2717=ORIENTED_EDGE('',*,*,#5272,.T.);
#2718=ORIENTED_EDGE('',*,*,#4695,.F.);
#2719=ORIENTED_EDGE('',*,*,#5267,.F.);
#2720=ORIENTED_EDGE('',*,*,#4537,.F.);
#2721=ORIENTED_EDGE('',*,*,#5273,.T.);
#2722=ORIENTED_EDGE('',*,*,#4978,.T.);
#2723=ORIENTED_EDGE('',*,*,#5271,.F.);
#2724=ORIENTED_EDGE('',*,*,#4542,.F.);
#2725=ORIENTED_EDGE('',*,*,#5272,.F.);
#2726=ORIENTED_EDGE('',*,*,#4985,.F.);
#2727=ORIENTED_EDGE('',*,*,#5005,.F.);
#2728=ORIENTED_EDGE('',*,*,#5008,.F.);
#2729=ORIENTED_EDGE('',*,*,#4733,.F.);
#2730=ORIENTED_EDGE('',*,*,#4988,.F.);
#2731=ORIENTED_EDGE('',*,*,#5274,.T.);
#2732=ORIENTED_EDGE('',*,*,#4696,.F.);
#2733=ORIENTED_EDGE('',*,*,#5270,.T.);
#2734=ORIENTED_EDGE('',*,*,#4697,.F.);
#2735=ORIENTED_EDGE('',*,*,#5274,.F.);
#2736=ORIENTED_EDGE('',*,*,#4987,.F.);
#2737=ORIENTED_EDGE('',*,*,#4737,.T.);
#2738=ORIENTED_EDGE('',*,*,#4179,.F.);
#2739=ORIENTED_EDGE('',*,*,#5002,.T.);
#2740=ORIENTED_EDGE('',*,*,#5010,.F.);
#2741=ORIENTED_EDGE('',*,*,#4993,.T.);
#2742=ORIENTED_EDGE('',*,*,#4979,.T.);
#2743=ORIENTED_EDGE('',*,*,#5273,.F.);
#2744=ORIENTED_EDGE('',*,*,#4541,.F.);
#2745=ORIENTED_EDGE('',*,*,#5275,.T.);
#2746=ORIENTED_EDGE('',*,*,#4634,.F.);
#2747=ORIENTED_EDGE('',*,*,#5276,.F.);
#2748=ORIENTED_EDGE('',*,*,#4478,.F.);
#2749=ORIENTED_EDGE('',*,*,#5276,.T.);
#2750=ORIENTED_EDGE('',*,*,#4633,.F.);
#2751=ORIENTED_EDGE('',*,*,#5277,.F.);
#2752=ORIENTED_EDGE('',*,*,#4479,.F.);
#2753=ORIENTED_EDGE('',*,*,#5277,.T.);
#2754=ORIENTED_EDGE('',*,*,#4638,.F.);
#2755=ORIENTED_EDGE('',*,*,#5278,.F.);
#2756=ORIENTED_EDGE('',*,*,#4480,.F.);
#2757=ORIENTED_EDGE('',*,*,#5278,.T.);
#2758=ORIENTED_EDGE('',*,*,#4637,.F.);
#2759=ORIENTED_EDGE('',*,*,#5279,.F.);
#2760=ORIENTED_EDGE('',*,*,#4481,.F.);
#2761=ORIENTED_EDGE('',*,*,#5279,.T.);
#2762=ORIENTED_EDGE('',*,*,#4636,.F.);
#2763=ORIENTED_EDGE('',*,*,#5280,.F.);
#2764=ORIENTED_EDGE('',*,*,#5006,.F.);
#2765=ORIENTED_EDGE('',*,*,#4990,.F.);
#2766=ORIENTED_EDGE('',*,*,#4972,.T.);
#2767=ORIENTED_EDGE('',*,*,#4975,.T.);
#2768=ORIENTED_EDGE('',*,*,#5281,.F.);
#2769=ORIENTED_EDGE('',*,*,#4482,.F.);
#2770=ORIENTED_EDGE('',*,*,#5281,.T.);
#2771=ORIENTED_EDGE('',*,*,#4981,.T.);
#2772=ORIENTED_EDGE('',*,*,#4992,.T.);
#2773=ORIENTED_EDGE('',*,*,#5009,.F.);
#2774=ORIENTED_EDGE('',*,*,#5000,.T.);
#2775=ORIENTED_EDGE('',*,*,#5007,.F.);
#2776=ORIENTED_EDGE('',*,*,#5280,.T.);
#2777=ORIENTED_EDGE('',*,*,#4635,.F.);
#2778=ORIENTED_EDGE('',*,*,#5275,.F.);
#2779=ORIENTED_EDGE('',*,*,#4477,.F.);
#2780=ORIENTED_EDGE('',*,*,#4129,.F.);
#2781=ORIENTED_EDGE('',*,*,#3807,.T.);
#2782=ORIENTED_EDGE('',*,*,#5282,.T.);
#2783=ORIENTED_EDGE('',*,*,#4153,.F.);
#2784=ORIENTED_EDGE('',*,*,#4133,.F.);
#2785=ORIENTED_EDGE('',*,*,#4627,.F.);
#2786=ORIENTED_EDGE('',*,*,#5283,.F.);
#2787=ORIENTED_EDGE('',*,*,#4554,.F.);
#2788=ORIENTED_EDGE('',*,*,#3806,.T.);
#2789=ORIENTED_EDGE('',*,*,#5284,.T.);
#2790=ORIENTED_EDGE('',*,*,#4154,.F.);
#2791=ORIENTED_EDGE('',*,*,#5282,.F.);
#2792=ORIENTED_EDGE('',*,*,#5285,.T.);
#2793=ORIENTED_EDGE('',*,*,#4623,.F.);
#2794=ORIENTED_EDGE('',*,*,#4119,.F.);
#2795=ORIENTED_EDGE('',*,*,#4155,.F.);
#2796=ORIENTED_EDGE('',*,*,#5284,.F.);
#2797=ORIENTED_EDGE('',*,*,#3805,.T.);
#2798=ORIENTED_EDGE('',*,*,#4123,.F.);
#2799=ORIENTED_EDGE('',*,*,#4550,.F.);
#2800=ORIENTED_EDGE('',*,*,#5286,.T.);
#2801=ORIENTED_EDGE('',*,*,#4624,.F.);
#2802=ORIENTED_EDGE('',*,*,#5285,.F.);
#2803=ORIENTED_EDGE('',*,*,#4549,.F.);
#2804=ORIENTED_EDGE('',*,*,#5287,.T.);
#2805=ORIENTED_EDGE('',*,*,#4625,.F.);
#2806=ORIENTED_EDGE('',*,*,#5286,.F.);
#2807=ORIENTED_EDGE('',*,*,#4556,.F.);
#2808=ORIENTED_EDGE('',*,*,#5283,.T.);
#2809=ORIENTED_EDGE('',*,*,#4626,.F.);
#2810=ORIENTED_EDGE('',*,*,#5287,.F.);
#2811=ORIENTED_EDGE('',*,*,#4555,.F.);
#2812=ORIENTED_EDGE('',*,*,#4126,.T.);
#2813=ORIENTED_EDGE('',*,*,#5288,.T.);
#2814=ORIENTED_EDGE('',*,*,#5289,.T.);
#2815=ORIENTED_EDGE('',*,*,#5290,.T.);
#2816=ORIENTED_EDGE('',*,*,#3816,.F.);
#2817=ORIENTED_EDGE('',*,*,#5291,.F.);
#2818=ORIENTED_EDGE('',*,*,#5288,.F.);
#2819=ORIENTED_EDGE('',*,*,#4125,.F.);
#2820=ORIENTED_EDGE('',*,*,#5292,.F.);
#2821=ORIENTED_EDGE('',*,*,#5289,.F.);
#2822=ORIENTED_EDGE('',*,*,#5291,.T.);
#2823=ORIENTED_EDGE('',*,*,#3815,.F.);
#2824=ORIENTED_EDGE('',*,*,#5290,.F.);
#2825=ORIENTED_EDGE('',*,*,#5292,.T.);
#2826=ORIENTED_EDGE('',*,*,#3814,.F.);
#2827=ORIENTED_EDGE('',*,*,#4127,.F.);
#2828=ORIENTED_EDGE('',*,*,#5293,.T.);
#2829=ORIENTED_EDGE('',*,*,#4700,.F.);
#2830=ORIENTED_EDGE('',*,*,#5294,.F.);
#2831=ORIENTED_EDGE('',*,*,#4544,.F.);
#2832=ORIENTED_EDGE('',*,*,#5294,.T.);
#2833=ORIENTED_EDGE('',*,*,#4699,.F.);
#2834=ORIENTED_EDGE('',*,*,#5295,.F.);
#2835=ORIENTED_EDGE('',*,*,#4545,.F.);
#2836=ORIENTED_EDGE('',*,*,#5295,.T.);
#2837=ORIENTED_EDGE('',*,*,#4704,.F.);
#2838=ORIENTED_EDGE('',*,*,#5296,.F.);
#2839=ORIENTED_EDGE('',*,*,#4546,.F.);
#2840=ORIENTED_EDGE('',*,*,#5296,.T.);
#2841=ORIENTED_EDGE('',*,*,#4703,.F.);
#2842=ORIENTED_EDGE('',*,*,#5297,.F.);
#2843=ORIENTED_EDGE('',*,*,#4547,.F.);
#2844=ORIENTED_EDGE('',*,*,#5297,.T.);
#2845=ORIENTED_EDGE('',*,*,#4702,.F.);
#2846=ORIENTED_EDGE('',*,*,#5298,.F.);
#2847=ORIENTED_EDGE('',*,*,#4548,.F.);
#2848=ORIENTED_EDGE('',*,*,#5298,.T.);
#2849=ORIENTED_EDGE('',*,*,#4701,.F.);
#2850=ORIENTED_EDGE('',*,*,#5293,.F.);
#2851=ORIENTED_EDGE('',*,*,#4543,.F.);
#2852=ORIENTED_EDGE('',*,*,#5299,.T.);
#2853=ORIENTED_EDGE('',*,*,#4688,.F.);
#2854=ORIENTED_EDGE('',*,*,#5300,.F.);
#2855=ORIENTED_EDGE('',*,*,#4532,.F.);
#2856=ORIENTED_EDGE('',*,*,#5300,.T.);
#2857=ORIENTED_EDGE('',*,*,#4687,.F.);
#2858=ORIENTED_EDGE('',*,*,#5301,.F.);
#2859=ORIENTED_EDGE('',*,*,#4533,.F.);
#2860=ORIENTED_EDGE('',*,*,#5301,.T.);
#2861=ORIENTED_EDGE('',*,*,#4692,.F.);
#2862=ORIENTED_EDGE('',*,*,#5302,.F.);
#2863=ORIENTED_EDGE('',*,*,#4534,.F.);
#2864=ORIENTED_EDGE('',*,*,#5302,.T.);
#2865=ORIENTED_EDGE('',*,*,#4691,.F.);
#2866=ORIENTED_EDGE('',*,*,#5303,.F.);
#2867=ORIENTED_EDGE('',*,*,#4535,.F.);
#2868=ORIENTED_EDGE('',*,*,#5303,.T.);
#2869=ORIENTED_EDGE('',*,*,#4690,.F.);
#2870=ORIENTED_EDGE('',*,*,#5304,.F.);
#2871=ORIENTED_EDGE('',*,*,#4536,.F.);
#2872=ORIENTED_EDGE('',*,*,#5304,.T.);
#2873=ORIENTED_EDGE('',*,*,#4689,.F.);
#2874=ORIENTED_EDGE('',*,*,#5299,.F.);
#2875=ORIENTED_EDGE('',*,*,#4531,.F.);
#2876=ORIENTED_EDGE('',*,*,#5305,.T.);
#2877=ORIENTED_EDGE('',*,*,#4682,.F.);
#2878=ORIENTED_EDGE('',*,*,#5306,.F.);
#2879=ORIENTED_EDGE('',*,*,#4526,.F.);
#2880=ORIENTED_EDGE('',*,*,#5306,.T.);
#2881=ORIENTED_EDGE('',*,*,#4681,.F.);
#2882=ORIENTED_EDGE('',*,*,#5307,.F.);
#2883=ORIENTED_EDGE('',*,*,#4527,.F.);
#2884=ORIENTED_EDGE('',*,*,#5307,.T.);
#2885=ORIENTED_EDGE('',*,*,#4686,.F.);
#2886=ORIENTED_EDGE('',*,*,#5308,.F.);
#2887=ORIENTED_EDGE('',*,*,#4528,.F.);
#2888=ORIENTED_EDGE('',*,*,#5308,.T.);
#2889=ORIENTED_EDGE('',*,*,#4685,.F.);
#2890=ORIENTED_EDGE('',*,*,#5309,.F.);
#2891=ORIENTED_EDGE('',*,*,#4529,.F.);
#2892=ORIENTED_EDGE('',*,*,#5309,.T.);
#2893=ORIENTED_EDGE('',*,*,#4684,.F.);
#2894=ORIENTED_EDGE('',*,*,#5310,.F.);
#2895=ORIENTED_EDGE('',*,*,#4530,.F.);
#2896=ORIENTED_EDGE('',*,*,#5310,.T.);
#2897=ORIENTED_EDGE('',*,*,#4683,.F.);
#2898=ORIENTED_EDGE('',*,*,#5305,.F.);
#2899=ORIENTED_EDGE('',*,*,#4525,.F.);
#2900=ORIENTED_EDGE('',*,*,#5311,.T.);
#2901=ORIENTED_EDGE('',*,*,#4676,.F.);
#2902=ORIENTED_EDGE('',*,*,#5312,.F.);
#2903=ORIENTED_EDGE('',*,*,#4520,.F.);
#2904=ORIENTED_EDGE('',*,*,#5312,.T.);
#2905=ORIENTED_EDGE('',*,*,#4675,.F.);
#2906=ORIENTED_EDGE('',*,*,#5313,.F.);
#2907=ORIENTED_EDGE('',*,*,#4521,.F.);
#2908=ORIENTED_EDGE('',*,*,#5313,.T.);
#2909=ORIENTED_EDGE('',*,*,#4680,.F.);
#2910=ORIENTED_EDGE('',*,*,#5314,.F.);
#2911=ORIENTED_EDGE('',*,*,#4522,.F.);
#2912=ORIENTED_EDGE('',*,*,#5314,.T.);
#2913=ORIENTED_EDGE('',*,*,#4679,.F.);
#2914=ORIENTED_EDGE('',*,*,#5315,.F.);
#2915=ORIENTED_EDGE('',*,*,#4523,.F.);
#2916=ORIENTED_EDGE('',*,*,#5315,.T.);
#2917=ORIENTED_EDGE('',*,*,#4678,.F.);
#2918=ORIENTED_EDGE('',*,*,#5316,.F.);
#2919=ORIENTED_EDGE('',*,*,#4524,.F.);
#2920=ORIENTED_EDGE('',*,*,#5316,.T.);
#2921=ORIENTED_EDGE('',*,*,#4677,.F.);
#2922=ORIENTED_EDGE('',*,*,#5311,.F.);
#2923=ORIENTED_EDGE('',*,*,#4519,.F.);
#2924=ORIENTED_EDGE('',*,*,#5317,.T.);
#2925=ORIENTED_EDGE('',*,*,#4670,.F.);
#2926=ORIENTED_EDGE('',*,*,#5318,.F.);
#2927=ORIENTED_EDGE('',*,*,#4514,.F.);
#2928=ORIENTED_EDGE('',*,*,#5318,.T.);
#2929=ORIENTED_EDGE('',*,*,#4669,.F.);
#2930=ORIENTED_EDGE('',*,*,#5319,.F.);
#2931=ORIENTED_EDGE('',*,*,#4515,.F.);
#2932=ORIENTED_EDGE('',*,*,#5319,.T.);
#2933=ORIENTED_EDGE('',*,*,#4674,.F.);
#2934=ORIENTED_EDGE('',*,*,#5320,.F.);
#2935=ORIENTED_EDGE('',*,*,#4516,.F.);
#2936=ORIENTED_EDGE('',*,*,#5320,.T.);
#2937=ORIENTED_EDGE('',*,*,#4673,.F.);
#2938=ORIENTED_EDGE('',*,*,#5321,.F.);
#2939=ORIENTED_EDGE('',*,*,#4517,.F.);
#2940=ORIENTED_EDGE('',*,*,#5321,.T.);
#2941=ORIENTED_EDGE('',*,*,#4672,.F.);
#2942=ORIENTED_EDGE('',*,*,#5322,.F.);
#2943=ORIENTED_EDGE('',*,*,#4518,.F.);
#2944=ORIENTED_EDGE('',*,*,#5322,.T.);
#2945=ORIENTED_EDGE('',*,*,#4671,.F.);
#2946=ORIENTED_EDGE('',*,*,#5317,.F.);
#2947=ORIENTED_EDGE('',*,*,#4513,.F.);
#2948=ORIENTED_EDGE('',*,*,#5323,.T.);
#2949=ORIENTED_EDGE('',*,*,#4664,.F.);
#2950=ORIENTED_EDGE('',*,*,#5324,.F.);
#2951=ORIENTED_EDGE('',*,*,#4508,.F.);
#2952=ORIENTED_EDGE('',*,*,#5324,.T.);
#2953=ORIENTED_EDGE('',*,*,#4663,.F.);
#2954=ORIENTED_EDGE('',*,*,#5325,.F.);
#2955=ORIENTED_EDGE('',*,*,#4509,.F.);
#2956=ORIENTED_EDGE('',*,*,#5325,.T.);
#2957=ORIENTED_EDGE('',*,*,#4668,.F.);
#2958=ORIENTED_EDGE('',*,*,#5326,.F.);
#2959=ORIENTED_EDGE('',*,*,#4510,.F.);
#2960=ORIENTED_EDGE('',*,*,#5326,.T.);
#2961=ORIENTED_EDGE('',*,*,#4667,.F.);
#2962=ORIENTED_EDGE('',*,*,#5327,.F.);
#2963=ORIENTED_EDGE('',*,*,#4511,.F.);
#2964=ORIENTED_EDGE('',*,*,#5327,.T.);
#2965=ORIENTED_EDGE('',*,*,#4666,.F.);
#2966=ORIENTED_EDGE('',*,*,#5328,.F.);
#2967=ORIENTED_EDGE('',*,*,#4512,.F.);
#2968=ORIENTED_EDGE('',*,*,#5328,.T.);
#2969=ORIENTED_EDGE('',*,*,#4665,.F.);
#2970=ORIENTED_EDGE('',*,*,#5323,.F.);
#2971=ORIENTED_EDGE('',*,*,#4507,.F.);
#2972=ORIENTED_EDGE('',*,*,#5329,.T.);
#2973=ORIENTED_EDGE('',*,*,#4658,.F.);
#2974=ORIENTED_EDGE('',*,*,#5330,.F.);
#2975=ORIENTED_EDGE('',*,*,#4502,.F.);
#2976=ORIENTED_EDGE('',*,*,#5330,.T.);
#2977=ORIENTED_EDGE('',*,*,#4657,.F.);
#2978=ORIENTED_EDGE('',*,*,#5331,.F.);
#2979=ORIENTED_EDGE('',*,*,#4503,.F.);
#2980=ORIENTED_EDGE('',*,*,#5331,.T.);
#2981=ORIENTED_EDGE('',*,*,#4662,.F.);
#2982=ORIENTED_EDGE('',*,*,#5332,.F.);
#2983=ORIENTED_EDGE('',*,*,#4504,.F.);
#2984=ORIENTED_EDGE('',*,*,#5332,.T.);
#2985=ORIENTED_EDGE('',*,*,#4661,.F.);
#2986=ORIENTED_EDGE('',*,*,#5333,.F.);
#2987=ORIENTED_EDGE('',*,*,#4505,.F.);
#2988=ORIENTED_EDGE('',*,*,#5333,.T.);
#2989=ORIENTED_EDGE('',*,*,#4660,.F.);
#2990=ORIENTED_EDGE('',*,*,#5334,.F.);
#2991=ORIENTED_EDGE('',*,*,#4506,.F.);
#2992=ORIENTED_EDGE('',*,*,#5334,.T.);
#2993=ORIENTED_EDGE('',*,*,#4659,.F.);
#2994=ORIENTED_EDGE('',*,*,#5329,.F.);
#2995=ORIENTED_EDGE('',*,*,#4501,.F.);
#2996=ORIENTED_EDGE('',*,*,#5335,.T.);
#2997=ORIENTED_EDGE('',*,*,#4652,.F.);
#2998=ORIENTED_EDGE('',*,*,#5336,.F.);
#2999=ORIENTED_EDGE('',*,*,#4496,.F.);
#3000=ORIENTED_EDGE('',*,*,#5336,.T.);
#3001=ORIENTED_EDGE('',*,*,#4651,.F.);
#3002=ORIENTED_EDGE('',*,*,#5337,.F.);
#3003=ORIENTED_EDGE('',*,*,#4497,.F.);
#3004=ORIENTED_EDGE('',*,*,#5337,.T.);
#3005=ORIENTED_EDGE('',*,*,#4656,.F.);
#3006=ORIENTED_EDGE('',*,*,#5338,.F.);
#3007=ORIENTED_EDGE('',*,*,#4498,.F.);
#3008=ORIENTED_EDGE('',*,*,#5338,.T.);
#3009=ORIENTED_EDGE('',*,*,#4655,.F.);
#3010=ORIENTED_EDGE('',*,*,#5339,.F.);
#3011=ORIENTED_EDGE('',*,*,#4499,.F.);
#3012=ORIENTED_EDGE('',*,*,#5339,.T.);
#3013=ORIENTED_EDGE('',*,*,#4654,.F.);
#3014=ORIENTED_EDGE('',*,*,#5340,.F.);
#3015=ORIENTED_EDGE('',*,*,#4500,.F.);
#3016=ORIENTED_EDGE('',*,*,#5340,.T.);
#3017=ORIENTED_EDGE('',*,*,#4653,.F.);
#3018=ORIENTED_EDGE('',*,*,#5335,.F.);
#3019=ORIENTED_EDGE('',*,*,#4495,.F.);
#3020=ORIENTED_EDGE('',*,*,#5341,.T.);
#3021=ORIENTED_EDGE('',*,*,#4646,.F.);
#3022=ORIENTED_EDGE('',*,*,#5342,.F.);
#3023=ORIENTED_EDGE('',*,*,#4490,.F.);
#3024=ORIENTED_EDGE('',*,*,#5342,.T.);
#3025=ORIENTED_EDGE('',*,*,#4645,.F.);
#3026=ORIENTED_EDGE('',*,*,#5343,.F.);
#3027=ORIENTED_EDGE('',*,*,#4491,.F.);
#3028=ORIENTED_EDGE('',*,*,#5343,.T.);
#3029=ORIENTED_EDGE('',*,*,#4650,.F.);
#3030=ORIENTED_EDGE('',*,*,#5344,.F.);
#3031=ORIENTED_EDGE('',*,*,#4492,.F.);
#3032=ORIENTED_EDGE('',*,*,#5344,.T.);
#3033=ORIENTED_EDGE('',*,*,#4649,.F.);
#3034=ORIENTED_EDGE('',*,*,#5345,.F.);
#3035=ORIENTED_EDGE('',*,*,#4493,.F.);
#3036=ORIENTED_EDGE('',*,*,#5345,.T.);
#3037=ORIENTED_EDGE('',*,*,#4648,.F.);
#3038=ORIENTED_EDGE('',*,*,#5346,.F.);
#3039=ORIENTED_EDGE('',*,*,#4494,.F.);
#3040=ORIENTED_EDGE('',*,*,#5346,.T.);
#3041=ORIENTED_EDGE('',*,*,#4647,.F.);
#3042=ORIENTED_EDGE('',*,*,#5341,.F.);
#3043=ORIENTED_EDGE('',*,*,#4489,.F.);
#3044=ORIENTED_EDGE('',*,*,#5347,.T.);
#3045=ORIENTED_EDGE('',*,*,#4640,.F.);
#3046=ORIENTED_EDGE('',*,*,#5348,.F.);
#3047=ORIENTED_EDGE('',*,*,#4484,.F.);
#3048=ORIENTED_EDGE('',*,*,#5348,.T.);
#3049=ORIENTED_EDGE('',*,*,#4639,.F.);
#3050=ORIENTED_EDGE('',*,*,#5349,.F.);
#3051=ORIENTED_EDGE('',*,*,#4485,.F.);
#3052=ORIENTED_EDGE('',*,*,#5349,.T.);
#3053=ORIENTED_EDGE('',*,*,#4644,.F.);
#3054=ORIENTED_EDGE('',*,*,#5350,.F.);
#3055=ORIENTED_EDGE('',*,*,#4486,.F.);
#3056=ORIENTED_EDGE('',*,*,#5350,.T.);
#3057=ORIENTED_EDGE('',*,*,#4643,.F.);
#3058=ORIENTED_EDGE('',*,*,#5351,.F.);
#3059=ORIENTED_EDGE('',*,*,#4487,.F.);
#3060=ORIENTED_EDGE('',*,*,#5351,.T.);
#3061=ORIENTED_EDGE('',*,*,#4642,.F.);
#3062=ORIENTED_EDGE('',*,*,#5352,.F.);
#3063=ORIENTED_EDGE('',*,*,#4488,.F.);
#3064=ORIENTED_EDGE('',*,*,#5352,.T.);
#3065=ORIENTED_EDGE('',*,*,#4641,.F.);
#3066=ORIENTED_EDGE('',*,*,#5347,.F.);
#3067=ORIENTED_EDGE('',*,*,#4483,.F.);
#3068=ORIENTED_EDGE('',*,*,#5353,.T.);
#3069=ORIENTED_EDGE('',*,*,#4618,.F.);
#3070=ORIENTED_EDGE('',*,*,#5354,.F.);
#3071=ORIENTED_EDGE('',*,*,#4472,.F.);
#3072=ORIENTED_EDGE('',*,*,#5354,.T.);
#3073=ORIENTED_EDGE('',*,*,#4617,.F.);
#3074=ORIENTED_EDGE('',*,*,#5355,.F.);
#3075=ORIENTED_EDGE('',*,*,#4473,.F.);
#3076=ORIENTED_EDGE('',*,*,#5355,.T.);
#3077=ORIENTED_EDGE('',*,*,#4622,.F.);
#3078=ORIENTED_EDGE('',*,*,#5356,.F.);
#3079=ORIENTED_EDGE('',*,*,#4474,.F.);
#3080=ORIENTED_EDGE('',*,*,#5356,.T.);
#3081=ORIENTED_EDGE('',*,*,#4621,.F.);
#3082=ORIENTED_EDGE('',*,*,#5357,.F.);
#3083=ORIENTED_EDGE('',*,*,#4475,.F.);
#3084=ORIENTED_EDGE('',*,*,#5357,.T.);
#3085=ORIENTED_EDGE('',*,*,#4620,.F.);
#3086=ORIENTED_EDGE('',*,*,#5358,.F.);
#3087=ORIENTED_EDGE('',*,*,#4476,.F.);
#3088=ORIENTED_EDGE('',*,*,#5358,.T.);
#3089=ORIENTED_EDGE('',*,*,#4619,.F.);
#3090=ORIENTED_EDGE('',*,*,#5353,.F.);
#3091=ORIENTED_EDGE('',*,*,#4471,.F.);
#3092=ORIENTED_EDGE('',*,*,#5359,.T.);
#3093=ORIENTED_EDGE('',*,*,#4612,.F.);
#3094=ORIENTED_EDGE('',*,*,#5360,.F.);
#3095=ORIENTED_EDGE('',*,*,#4466,.F.);
#3096=ORIENTED_EDGE('',*,*,#5360,.T.);
#3097=ORIENTED_EDGE('',*,*,#4611,.F.);
#3098=ORIENTED_EDGE('',*,*,#5361,.F.);
#3099=ORIENTED_EDGE('',*,*,#4467,.F.);
#3100=ORIENTED_EDGE('',*,*,#5361,.T.);
#3101=ORIENTED_EDGE('',*,*,#4616,.F.);
#3102=ORIENTED_EDGE('',*,*,#5362,.F.);
#3103=ORIENTED_EDGE('',*,*,#4468,.F.);
#3104=ORIENTED_EDGE('',*,*,#5362,.T.);
#3105=ORIENTED_EDGE('',*,*,#4615,.F.);
#3106=ORIENTED_EDGE('',*,*,#5363,.F.);
#3107=ORIENTED_EDGE('',*,*,#4469,.F.);
#3108=ORIENTED_EDGE('',*,*,#5363,.T.);
#3109=ORIENTED_EDGE('',*,*,#4614,.F.);
#3110=ORIENTED_EDGE('',*,*,#5364,.F.);
#3111=ORIENTED_EDGE('',*,*,#4470,.F.);
#3112=ORIENTED_EDGE('',*,*,#5364,.T.);
#3113=ORIENTED_EDGE('',*,*,#4613,.F.);
#3114=ORIENTED_EDGE('',*,*,#5359,.F.);
#3115=ORIENTED_EDGE('',*,*,#4465,.F.);
#3116=ORIENTED_EDGE('',*,*,#5365,.T.);
#3117=ORIENTED_EDGE('',*,*,#4606,.F.);
#3118=ORIENTED_EDGE('',*,*,#5366,.F.);
#3119=ORIENTED_EDGE('',*,*,#4460,.F.);
#3120=ORIENTED_EDGE('',*,*,#5366,.T.);
#3121=ORIENTED_EDGE('',*,*,#4605,.F.);
#3122=ORIENTED_EDGE('',*,*,#5367,.F.);
#3123=ORIENTED_EDGE('',*,*,#4461,.F.);
#3124=ORIENTED_EDGE('',*,*,#5367,.T.);
#3125=ORIENTED_EDGE('',*,*,#4610,.F.);
#3126=ORIENTED_EDGE('',*,*,#5368,.F.);
#3127=ORIENTED_EDGE('',*,*,#4462,.F.);
#3128=ORIENTED_EDGE('',*,*,#5368,.T.);
#3129=ORIENTED_EDGE('',*,*,#4609,.F.);
#3130=ORIENTED_EDGE('',*,*,#5369,.F.);
#3131=ORIENTED_EDGE('',*,*,#4463,.F.);
#3132=ORIENTED_EDGE('',*,*,#5369,.T.);
#3133=ORIENTED_EDGE('',*,*,#4608,.F.);
#3134=ORIENTED_EDGE('',*,*,#5370,.F.);
#3135=ORIENTED_EDGE('',*,*,#4464,.F.);
#3136=ORIENTED_EDGE('',*,*,#5370,.T.);
#3137=ORIENTED_EDGE('',*,*,#4607,.F.);
#3138=ORIENTED_EDGE('',*,*,#5365,.F.);
#3139=ORIENTED_EDGE('',*,*,#4459,.F.);
#3140=ORIENTED_EDGE('',*,*,#5371,.T.);
#3141=ORIENTED_EDGE('',*,*,#4600,.F.);
#3142=ORIENTED_EDGE('',*,*,#5372,.F.);
#3143=ORIENTED_EDGE('',*,*,#4454,.F.);
#3144=ORIENTED_EDGE('',*,*,#5372,.T.);
#3145=ORIENTED_EDGE('',*,*,#4599,.F.);
#3146=ORIENTED_EDGE('',*,*,#5373,.F.);
#3147=ORIENTED_EDGE('',*,*,#4455,.F.);
#3148=ORIENTED_EDGE('',*,*,#5373,.T.);
#3149=ORIENTED_EDGE('',*,*,#4604,.F.);
#3150=ORIENTED_EDGE('',*,*,#5374,.F.);
#3151=ORIENTED_EDGE('',*,*,#4456,.F.);
#3152=ORIENTED_EDGE('',*,*,#5374,.T.);
#3153=ORIENTED_EDGE('',*,*,#4603,.F.);
#3154=ORIENTED_EDGE('',*,*,#5375,.F.);
#3155=ORIENTED_EDGE('',*,*,#4457,.F.);
#3156=ORIENTED_EDGE('',*,*,#5375,.T.);
#3157=ORIENTED_EDGE('',*,*,#4602,.F.);
#3158=ORIENTED_EDGE('',*,*,#5376,.F.);
#3159=ORIENTED_EDGE('',*,*,#4458,.F.);
#3160=ORIENTED_EDGE('',*,*,#5376,.T.);
#3161=ORIENTED_EDGE('',*,*,#4601,.F.);
#3162=ORIENTED_EDGE('',*,*,#5371,.F.);
#3163=ORIENTED_EDGE('',*,*,#4453,.F.);
#3164=ORIENTED_EDGE('',*,*,#5377,.T.);
#3165=ORIENTED_EDGE('',*,*,#4594,.F.);
#3166=ORIENTED_EDGE('',*,*,#5378,.F.);
#3167=ORIENTED_EDGE('',*,*,#4448,.F.);
#3168=ORIENTED_EDGE('',*,*,#5378,.T.);
#3169=ORIENTED_EDGE('',*,*,#4593,.F.);
#3170=ORIENTED_EDGE('',*,*,#5379,.F.);
#3171=ORIENTED_EDGE('',*,*,#4449,.F.);
#3172=ORIENTED_EDGE('',*,*,#5379,.T.);
#3173=ORIENTED_EDGE('',*,*,#4598,.F.);
#3174=ORIENTED_EDGE('',*,*,#5380,.F.);
#3175=ORIENTED_EDGE('',*,*,#4450,.F.);
#3176=ORIENTED_EDGE('',*,*,#5380,.T.);
#3177=ORIENTED_EDGE('',*,*,#4597,.F.);
#3178=ORIENTED_EDGE('',*,*,#5381,.F.);
#3179=ORIENTED_EDGE('',*,*,#4451,.F.);
#3180=ORIENTED_EDGE('',*,*,#5381,.T.);
#3181=ORIENTED_EDGE('',*,*,#4596,.F.);
#3182=ORIENTED_EDGE('',*,*,#5382,.F.);
#3183=ORIENTED_EDGE('',*,*,#4452,.F.);
#3184=ORIENTED_EDGE('',*,*,#5382,.T.);
#3185=ORIENTED_EDGE('',*,*,#4595,.F.);
#3186=ORIENTED_EDGE('',*,*,#5377,.F.);
#3187=ORIENTED_EDGE('',*,*,#4447,.F.);
#3188=ORIENTED_EDGE('',*,*,#5383,.T.);
#3189=ORIENTED_EDGE('',*,*,#4588,.F.);
#3190=ORIENTED_EDGE('',*,*,#5384,.F.);
#3191=ORIENTED_EDGE('',*,*,#4442,.F.);
#3192=ORIENTED_EDGE('',*,*,#5384,.T.);
#3193=ORIENTED_EDGE('',*,*,#4587,.F.);
#3194=ORIENTED_EDGE('',*,*,#5385,.F.);
#3195=ORIENTED_EDGE('',*,*,#4443,.F.);
#3196=ORIENTED_EDGE('',*,*,#5385,.T.);
#3197=ORIENTED_EDGE('',*,*,#4592,.F.);
#3198=ORIENTED_EDGE('',*,*,#5386,.F.);
#3199=ORIENTED_EDGE('',*,*,#4444,.F.);
#3200=ORIENTED_EDGE('',*,*,#5386,.T.);
#3201=ORIENTED_EDGE('',*,*,#4591,.F.);
#3202=ORIENTED_EDGE('',*,*,#5387,.F.);
#3203=ORIENTED_EDGE('',*,*,#4445,.F.);
#3204=ORIENTED_EDGE('',*,*,#5387,.T.);
#3205=ORIENTED_EDGE('',*,*,#4590,.F.);
#3206=ORIENTED_EDGE('',*,*,#5388,.F.);
#3207=ORIENTED_EDGE('',*,*,#4446,.F.);
#3208=ORIENTED_EDGE('',*,*,#5388,.T.);
#3209=ORIENTED_EDGE('',*,*,#4589,.F.);
#3210=ORIENTED_EDGE('',*,*,#5383,.F.);
#3211=ORIENTED_EDGE('',*,*,#4441,.F.);
#3212=ORIENTED_EDGE('',*,*,#5389,.T.);
#3213=ORIENTED_EDGE('',*,*,#4582,.F.);
#3214=ORIENTED_EDGE('',*,*,#5390,.F.);
#3215=ORIENTED_EDGE('',*,*,#4436,.F.);
#3216=ORIENTED_EDGE('',*,*,#5390,.T.);
#3217=ORIENTED_EDGE('',*,*,#4581,.F.);
#3218=ORIENTED_EDGE('',*,*,#5391,.F.);
#3219=ORIENTED_EDGE('',*,*,#4437,.F.);
#3220=ORIENTED_EDGE('',*,*,#5391,.T.);
#3221=ORIENTED_EDGE('',*,*,#4586,.F.);
#3222=ORIENTED_EDGE('',*,*,#5392,.F.);
#3223=ORIENTED_EDGE('',*,*,#4438,.F.);
#3224=ORIENTED_EDGE('',*,*,#5392,.T.);
#3225=ORIENTED_EDGE('',*,*,#4585,.F.);
#3226=ORIENTED_EDGE('',*,*,#5393,.F.);
#3227=ORIENTED_EDGE('',*,*,#4439,.F.);
#3228=ORIENTED_EDGE('',*,*,#5393,.T.);
#3229=ORIENTED_EDGE('',*,*,#4584,.F.);
#3230=ORIENTED_EDGE('',*,*,#5394,.F.);
#3231=ORIENTED_EDGE('',*,*,#4440,.F.);
#3232=ORIENTED_EDGE('',*,*,#5394,.T.);
#3233=ORIENTED_EDGE('',*,*,#4583,.F.);
#3234=ORIENTED_EDGE('',*,*,#5389,.F.);
#3235=ORIENTED_EDGE('',*,*,#4435,.F.);
#3236=ORIENTED_EDGE('',*,*,#5395,.T.);
#3237=ORIENTED_EDGE('',*,*,#4576,.F.);
#3238=ORIENTED_EDGE('',*,*,#5396,.F.);
#3239=ORIENTED_EDGE('',*,*,#4430,.F.);
#3240=ORIENTED_EDGE('',*,*,#5396,.T.);
#3241=ORIENTED_EDGE('',*,*,#4575,.F.);
#3242=ORIENTED_EDGE('',*,*,#5397,.F.);
#3243=ORIENTED_EDGE('',*,*,#4431,.F.);
#3244=ORIENTED_EDGE('',*,*,#5397,.T.);
#3245=ORIENTED_EDGE('',*,*,#4580,.F.);
#3246=ORIENTED_EDGE('',*,*,#5398,.F.);
#3247=ORIENTED_EDGE('',*,*,#4432,.F.);
#3248=ORIENTED_EDGE('',*,*,#5398,.T.);
#3249=ORIENTED_EDGE('',*,*,#4579,.F.);
#3250=ORIENTED_EDGE('',*,*,#5399,.F.);
#3251=ORIENTED_EDGE('',*,*,#4433,.F.);
#3252=ORIENTED_EDGE('',*,*,#5399,.T.);
#3253=ORIENTED_EDGE('',*,*,#4578,.F.);
#3254=ORIENTED_EDGE('',*,*,#5400,.F.);
#3255=ORIENTED_EDGE('',*,*,#4434,.F.);
#3256=ORIENTED_EDGE('',*,*,#5400,.T.);
#3257=ORIENTED_EDGE('',*,*,#4577,.F.);
#3258=ORIENTED_EDGE('',*,*,#5395,.F.);
#3259=ORIENTED_EDGE('',*,*,#4429,.F.);
#3260=ORIENTED_EDGE('',*,*,#5401,.T.);
#3261=ORIENTED_EDGE('',*,*,#4570,.F.);
#3262=ORIENTED_EDGE('',*,*,#5402,.F.);
#3263=ORIENTED_EDGE('',*,*,#4424,.F.);
#3264=ORIENTED_EDGE('',*,*,#5402,.T.);
#3265=ORIENTED_EDGE('',*,*,#4569,.F.);
#3266=ORIENTED_EDGE('',*,*,#5403,.F.);
#3267=ORIENTED_EDGE('',*,*,#4425,.F.);
#3268=ORIENTED_EDGE('',*,*,#5403,.T.);
#3269=ORIENTED_EDGE('',*,*,#4574,.F.);
#3270=ORIENTED_EDGE('',*,*,#5404,.F.);
#3271=ORIENTED_EDGE('',*,*,#4426,.F.);
#3272=ORIENTED_EDGE('',*,*,#5404,.T.);
#3273=ORIENTED_EDGE('',*,*,#4573,.F.);
#3274=ORIENTED_EDGE('',*,*,#5405,.F.);
#3275=ORIENTED_EDGE('',*,*,#4427,.F.);
#3276=ORIENTED_EDGE('',*,*,#5405,.T.);
#3277=ORIENTED_EDGE('',*,*,#4572,.F.);
#3278=ORIENTED_EDGE('',*,*,#5406,.F.);
#3279=ORIENTED_EDGE('',*,*,#4428,.F.);
#3280=ORIENTED_EDGE('',*,*,#5406,.T.);
#3281=ORIENTED_EDGE('',*,*,#4571,.F.);
#3282=ORIENTED_EDGE('',*,*,#5401,.F.);
#3283=ORIENTED_EDGE('',*,*,#4423,.F.);
#3284=ORIENTED_EDGE('',*,*,#5407,.T.);
#3285=ORIENTED_EDGE('',*,*,#4564,.F.);
#3286=ORIENTED_EDGE('',*,*,#5408,.F.);
#3287=ORIENTED_EDGE('',*,*,#4418,.F.);
#3288=ORIENTED_EDGE('',*,*,#5408,.T.);
#3289=ORIENTED_EDGE('',*,*,#4563,.F.);
#3290=ORIENTED_EDGE('',*,*,#5409,.F.);
#3291=ORIENTED_EDGE('',*,*,#4419,.F.);
#3292=ORIENTED_EDGE('',*,*,#5409,.T.);
#3293=ORIENTED_EDGE('',*,*,#4568,.F.);
#3294=ORIENTED_EDGE('',*,*,#5410,.F.);
#3295=ORIENTED_EDGE('',*,*,#4420,.F.);
#3296=ORIENTED_EDGE('',*,*,#5410,.T.);
#3297=ORIENTED_EDGE('',*,*,#4567,.F.);
#3298=ORIENTED_EDGE('',*,*,#5411,.F.);
#3299=ORIENTED_EDGE('',*,*,#4421,.F.);
#3300=ORIENTED_EDGE('',*,*,#5411,.T.);
#3301=ORIENTED_EDGE('',*,*,#4566,.F.);
#3302=ORIENTED_EDGE('',*,*,#5412,.F.);
#3303=ORIENTED_EDGE('',*,*,#4422,.F.);
#3304=ORIENTED_EDGE('',*,*,#5412,.T.);
#3305=ORIENTED_EDGE('',*,*,#4565,.F.);
#3306=ORIENTED_EDGE('',*,*,#5407,.F.);
#3307=ORIENTED_EDGE('',*,*,#4417,.F.);
#3308=ORIENTED_EDGE('',*,*,#5413,.T.);
#3309=ORIENTED_EDGE('',*,*,#4558,.F.);
#3310=ORIENTED_EDGE('',*,*,#5414,.F.);
#3311=ORIENTED_EDGE('',*,*,#4412,.F.);
#3312=ORIENTED_EDGE('',*,*,#5414,.T.);
#3313=ORIENTED_EDGE('',*,*,#4557,.F.);
#3314=ORIENTED_EDGE('',*,*,#5415,.F.);
#3315=ORIENTED_EDGE('',*,*,#4413,.F.);
#3316=ORIENTED_EDGE('',*,*,#5415,.T.);
#3317=ORIENTED_EDGE('',*,*,#4562,.F.);
#3318=ORIENTED_EDGE('',*,*,#5416,.F.);
#3319=ORIENTED_EDGE('',*,*,#4414,.F.);
#3320=ORIENTED_EDGE('',*,*,#5416,.T.);
#3321=ORIENTED_EDGE('',*,*,#4561,.F.);
#3322=ORIENTED_EDGE('',*,*,#5417,.F.);
#3323=ORIENTED_EDGE('',*,*,#4415,.F.);
#3324=ORIENTED_EDGE('',*,*,#5417,.T.);
#3325=ORIENTED_EDGE('',*,*,#4560,.F.);
#3326=ORIENTED_EDGE('',*,*,#5418,.F.);
#3327=ORIENTED_EDGE('',*,*,#4416,.F.);
#3328=ORIENTED_EDGE('',*,*,#5418,.T.);
#3329=ORIENTED_EDGE('',*,*,#4559,.F.);
#3330=ORIENTED_EDGE('',*,*,#5413,.F.);
#3331=ORIENTED_EDGE('',*,*,#4411,.F.);
#3332=ORIENTED_EDGE('',*,*,#5419,.T.);
#3333=ORIENTED_EDGE('',*,*,#4094,.T.);
#3334=ORIENTED_EDGE('',*,*,#5420,.F.);
#3335=ORIENTED_EDGE('',*,*,#3987,.F.);
#3336=ORIENTED_EDGE('',*,*,#5421,.T.);
#3337=ORIENTED_EDGE('',*,*,#4095,.T.);
#3338=ORIENTED_EDGE('',*,*,#5419,.F.);
#3339=ORIENTED_EDGE('',*,*,#3986,.F.);
#3340=ORIENTED_EDGE('',*,*,#5422,.T.);
#3341=ORIENTED_EDGE('',*,*,#4096,.T.);
#3342=ORIENTED_EDGE('',*,*,#5421,.F.);
#3343=ORIENTED_EDGE('',*,*,#3991,.F.);
#3344=ORIENTED_EDGE('',*,*,#5420,.T.);
#3345=ORIENTED_EDGE('',*,*,#4099,.T.);
#3346=ORIENTED_EDGE('',*,*,#5423,.F.);
#3347=ORIENTED_EDGE('',*,*,#3988,.F.);
#3348=ORIENTED_EDGE('',*,*,#5423,.T.);
#3349=ORIENTED_EDGE('',*,*,#4098,.T.);
#3350=ORIENTED_EDGE('',*,*,#5424,.F.);
#3351=ORIENTED_EDGE('',*,*,#4174,.T.);
#3352=ORIENTED_EDGE('',*,*,#4163,.T.);
#3353=ORIENTED_EDGE('',*,*,#4158,.T.);
#3354=ORIENTED_EDGE('',*,*,#5425,.F.);
#3355=ORIENTED_EDGE('',*,*,#3989,.F.);
#3356=ORIENTED_EDGE('',*,*,#5425,.T.);
#3357=ORIENTED_EDGE('',*,*,#4157,.T.);
#3358=ORIENTED_EDGE('',*,*,#4175,.F.);
#3359=ORIENTED_EDGE('',*,*,#4167,.T.);
#3360=ORIENTED_EDGE('',*,*,#4172,.T.);
#3361=ORIENTED_EDGE('',*,*,#5424,.T.);
#3362=ORIENTED_EDGE('',*,*,#4097,.T.);
#3363=ORIENTED_EDGE('',*,*,#5422,.F.);
#3364=ORIENTED_EDGE('',*,*,#3990,.F.);
#3365=ORIENTED_EDGE('',*,*,#5426,.T.);
#3366=ORIENTED_EDGE('',*,*,#4019,.T.);
#3367=ORIENTED_EDGE('',*,*,#5427,.F.);
#3368=ORIENTED_EDGE('',*,*,#3980,.F.);
#3369=ORIENTED_EDGE('',*,*,#5428,.T.);
#3370=ORIENTED_EDGE('',*,*,#4020,.T.);
#3371=ORIENTED_EDGE('',*,*,#5426,.F.);
#3372=ORIENTED_EDGE('',*,*,#3979,.F.);
#3373=ORIENTED_EDGE('',*,*,#5429,.T.);
#3374=ORIENTED_EDGE('',*,*,#4021,.T.);
#3375=ORIENTED_EDGE('',*,*,#5428,.F.);
#3376=ORIENTED_EDGE('',*,*,#3978,.F.);
#3377=ORIENTED_EDGE('',*,*,#5430,.F.);
#3378=ORIENTED_EDGE('',*,*,#5431,.F.);
#3379=ORIENTED_EDGE('',*,*,#5432,.F.);
#3380=ORIENTED_EDGE('',*,*,#4138,.F.);
#3381=ORIENTED_EDGE('',*,*,#4139,.T.);
#3382=ORIENTED_EDGE('',*,*,#5432,.T.);
#3383=ORIENTED_EDGE('',*,*,#5433,.T.);
#3384=ORIENTED_EDGE('',*,*,#4150,.T.);
#3385=ORIENTED_EDGE('',*,*,#4115,.T.);
#3386=ORIENTED_EDGE('',*,*,#4010,.T.);
#3387=ORIENTED_EDGE('',*,*,#5429,.F.);
#3388=ORIENTED_EDGE('',*,*,#3977,.F.);
#3389=ORIENTED_EDGE('',*,*,#4151,.T.);
#3390=ORIENTED_EDGE('',*,*,#5433,.F.);
#3391=ORIENTED_EDGE('',*,*,#5431,.T.);
#3392=ORIENTED_EDGE('',*,*,#5434,.T.);
#3393=ORIENTED_EDGE('',*,*,#5427,.T.);
#3394=ORIENTED_EDGE('',*,*,#4018,.T.);
#3395=ORIENTED_EDGE('',*,*,#4135,.T.);
#3396=ORIENTED_EDGE('',*,*,#4152,.T.);
#3397=ORIENTED_EDGE('',*,*,#5434,.F.);
#3398=ORIENTED_EDGE('',*,*,#5430,.T.);
#3399=ORIENTED_EDGE('',*,*,#4137,.T.);
#3400=ORIENTED_EDGE('',*,*,#3981,.F.);
#3401=ORIENTED_EDGE('',*,*,#5435,.T.);
#3402=ORIENTED_EDGE('',*,*,#4052,.T.);
#3403=ORIENTED_EDGE('',*,*,#5436,.F.);
#3404=ORIENTED_EDGE('',*,*,#3905,.F.);
#3405=ORIENTED_EDGE('',*,*,#5437,.T.);
#3406=ORIENTED_EDGE('',*,*,#4053,.T.);
#3407=ORIENTED_EDGE('',*,*,#5435,.F.);
#3408=ORIENTED_EDGE('',*,*,#3904,.F.);
#3409=ORIENTED_EDGE('',*,*,#5438,.T.);
#3410=ORIENTED_EDGE('',*,*,#4054,.T.);
#3411=ORIENTED_EDGE('',*,*,#5437,.F.);
#3412=ORIENTED_EDGE('',*,*,#3909,.F.);
#3413=ORIENTED_EDGE('',*,*,#5439,.T.);
#3414=ORIENTED_EDGE('',*,*,#4055,.T.);
#3415=ORIENTED_EDGE('',*,*,#5438,.F.);
#3416=ORIENTED_EDGE('',*,*,#3908,.F.);
#3417=ORIENTED_EDGE('',*,*,#5440,.T.);
#3418=ORIENTED_EDGE('',*,*,#4056,.T.);
#3419=ORIENTED_EDGE('',*,*,#5439,.F.);
#3420=ORIENTED_EDGE('',*,*,#3907,.F.);
#3421=ORIENTED_EDGE('',*,*,#5436,.T.);
#3422=ORIENTED_EDGE('',*,*,#4057,.T.);
#3423=ORIENTED_EDGE('',*,*,#5440,.F.);
#3424=ORIENTED_EDGE('',*,*,#3906,.F.);
#3425=ORIENTED_EDGE('',*,*,#5441,.T.);
#3426=ORIENTED_EDGE('',*,*,#4058,.T.);
#3427=ORIENTED_EDGE('',*,*,#5442,.F.);
#3428=ORIENTED_EDGE('',*,*,#3911,.F.);
#3429=ORIENTED_EDGE('',*,*,#5443,.T.);
#3430=ORIENTED_EDGE('',*,*,#4059,.T.);
#3431=ORIENTED_EDGE('',*,*,#5441,.F.);
#3432=ORIENTED_EDGE('',*,*,#3910,.F.);
#3433=ORIENTED_EDGE('',*,*,#5444,.T.);
#3434=ORIENTED_EDGE('',*,*,#4060,.T.);
#3435=ORIENTED_EDGE('',*,*,#5443,.F.);
#3436=ORIENTED_EDGE('',*,*,#3915,.F.);
#3437=ORIENTED_EDGE('',*,*,#5445,.T.);
#3438=ORIENTED_EDGE('',*,*,#4061,.T.);
#3439=ORIENTED_EDGE('',*,*,#5444,.F.);
#3440=ORIENTED_EDGE('',*,*,#3914,.F.);
#3441=ORIENTED_EDGE('',*,*,#5446,.T.);
#3442=ORIENTED_EDGE('',*,*,#4062,.T.);
#3443=ORIENTED_EDGE('',*,*,#5445,.F.);
#3444=ORIENTED_EDGE('',*,*,#3913,.F.);
#3445=ORIENTED_EDGE('',*,*,#5442,.T.);
#3446=ORIENTED_EDGE('',*,*,#4063,.T.);
#3447=ORIENTED_EDGE('',*,*,#5446,.F.);
#3448=ORIENTED_EDGE('',*,*,#3912,.F.);
#3449=ORIENTED_EDGE('',*,*,#5447,.T.);
#3450=ORIENTED_EDGE('',*,*,#4046,.T.);
#3451=ORIENTED_EDGE('',*,*,#5448,.F.);
#3452=ORIENTED_EDGE('',*,*,#3917,.F.);
#3453=ORIENTED_EDGE('',*,*,#5449,.T.);
#3454=ORIENTED_EDGE('',*,*,#4047,.T.);
#3455=ORIENTED_EDGE('',*,*,#5447,.F.);
#3456=ORIENTED_EDGE('',*,*,#3916,.F.);
#3457=ORIENTED_EDGE('',*,*,#5450,.T.);
#3458=ORIENTED_EDGE('',*,*,#4048,.T.);
#3459=ORIENTED_EDGE('',*,*,#5449,.F.);
#3460=ORIENTED_EDGE('',*,*,#3921,.F.);
#3461=ORIENTED_EDGE('',*,*,#5451,.T.);
#3462=ORIENTED_EDGE('',*,*,#4049,.T.);
#3463=ORIENTED_EDGE('',*,*,#5450,.F.);
#3464=ORIENTED_EDGE('',*,*,#3920,.F.);
#3465=ORIENTED_EDGE('',*,*,#5452,.T.);
#3466=ORIENTED_EDGE('',*,*,#4050,.T.);
#3467=ORIENTED_EDGE('',*,*,#5451,.F.);
#3468=ORIENTED_EDGE('',*,*,#3919,.F.);
#3469=ORIENTED_EDGE('',*,*,#5448,.T.);
#3470=ORIENTED_EDGE('',*,*,#4051,.T.);
#3471=ORIENTED_EDGE('',*,*,#5452,.F.);
#3472=ORIENTED_EDGE('',*,*,#3918,.F.);
#3473=ORIENTED_EDGE('',*,*,#5453,.T.);
#3474=ORIENTED_EDGE('',*,*,#4064,.T.);
#3475=ORIENTED_EDGE('',*,*,#5454,.F.);
#3476=ORIENTED_EDGE('',*,*,#3923,.F.);
#3477=ORIENTED_EDGE('',*,*,#5455,.T.);
#3478=ORIENTED_EDGE('',*,*,#4065,.T.);
#3479=ORIENTED_EDGE('',*,*,#5453,.F.);
#3480=ORIENTED_EDGE('',*,*,#3922,.F.);
#3481=ORIENTED_EDGE('',*,*,#5456,.T.);
#3482=ORIENTED_EDGE('',*,*,#4066,.T.);
#3483=ORIENTED_EDGE('',*,*,#5455,.F.);
#3484=ORIENTED_EDGE('',*,*,#3927,.F.);
#3485=ORIENTED_EDGE('',*,*,#5457,.T.);
#3486=ORIENTED_EDGE('',*,*,#4067,.T.);
#3487=ORIENTED_EDGE('',*,*,#5456,.F.);
#3488=ORIENTED_EDGE('',*,*,#3926,.F.);
#3489=ORIENTED_EDGE('',*,*,#5458,.T.);
#3490=ORIENTED_EDGE('',*,*,#4068,.T.);
#3491=ORIENTED_EDGE('',*,*,#5457,.F.);
#3492=ORIENTED_EDGE('',*,*,#3925,.F.);
#3493=ORIENTED_EDGE('',*,*,#5454,.T.);
#3494=ORIENTED_EDGE('',*,*,#4069,.T.);
#3495=ORIENTED_EDGE('',*,*,#5458,.F.);
#3496=ORIENTED_EDGE('',*,*,#3924,.F.);
#3497=ORIENTED_EDGE('',*,*,#5459,.T.);
#3498=ORIENTED_EDGE('',*,*,#4040,.T.);
#3499=ORIENTED_EDGE('',*,*,#5460,.F.);
#3500=ORIENTED_EDGE('',*,*,#3929,.F.);
#3501=ORIENTED_EDGE('',*,*,#5461,.T.);
#3502=ORIENTED_EDGE('',*,*,#4041,.T.);
#3503=ORIENTED_EDGE('',*,*,#5459,.F.);
#3504=ORIENTED_EDGE('',*,*,#3928,.F.);
#3505=ORIENTED_EDGE('',*,*,#5462,.T.);
#3506=ORIENTED_EDGE('',*,*,#4042,.T.);
#3507=ORIENTED_EDGE('',*,*,#5461,.F.);
#3508=ORIENTED_EDGE('',*,*,#3933,.F.);
#3509=ORIENTED_EDGE('',*,*,#5463,.T.);
#3510=ORIENTED_EDGE('',*,*,#4043,.T.);
#3511=ORIENTED_EDGE('',*,*,#5462,.F.);
#3512=ORIENTED_EDGE('',*,*,#3932,.F.);
#3513=ORIENTED_EDGE('',*,*,#5464,.T.);
#3514=ORIENTED_EDGE('',*,*,#4044,.T.);
#3515=ORIENTED_EDGE('',*,*,#5463,.F.);
#3516=ORIENTED_EDGE('',*,*,#3931,.F.);
#3517=ORIENTED_EDGE('',*,*,#5460,.T.);
#3518=ORIENTED_EDGE('',*,*,#4045,.T.);
#3519=ORIENTED_EDGE('',*,*,#5464,.F.);
#3520=ORIENTED_EDGE('',*,*,#3930,.F.);
#3521=ORIENTED_EDGE('',*,*,#5465,.T.);
#3522=ORIENTED_EDGE('',*,*,#4070,.T.);
#3523=ORIENTED_EDGE('',*,*,#5466,.F.);
#3524=ORIENTED_EDGE('',*,*,#3935,.F.);
#3525=ORIENTED_EDGE('',*,*,#5467,.T.);
#3526=ORIENTED_EDGE('',*,*,#4071,.T.);
#3527=ORIENTED_EDGE('',*,*,#5465,.F.);
#3528=ORIENTED_EDGE('',*,*,#3934,.F.);
#3529=ORIENTED_EDGE('',*,*,#5468,.T.);
#3530=ORIENTED_EDGE('',*,*,#4072,.T.);
#3531=ORIENTED_EDGE('',*,*,#5467,.F.);
#3532=ORIENTED_EDGE('',*,*,#3939,.F.);
#3533=ORIENTED_EDGE('',*,*,#5469,.T.);
#3534=ORIENTED_EDGE('',*,*,#4073,.T.);
#3535=ORIENTED_EDGE('',*,*,#5468,.F.);
#3536=ORIENTED_EDGE('',*,*,#3938,.F.);
#3537=ORIENTED_EDGE('',*,*,#5470,.T.);
#3538=ORIENTED_EDGE('',*,*,#4074,.T.);
#3539=ORIENTED_EDGE('',*,*,#5469,.F.);
#3540=ORIENTED_EDGE('',*,*,#3937,.F.);
#3541=ORIENTED_EDGE('',*,*,#5466,.T.);
#3542=ORIENTED_EDGE('',*,*,#4075,.T.);
#3543=ORIENTED_EDGE('',*,*,#5470,.F.);
#3544=ORIENTED_EDGE('',*,*,#3936,.F.);
#3545=ORIENTED_EDGE('',*,*,#5471,.T.);
#3546=ORIENTED_EDGE('',*,*,#4034,.T.);
#3547=ORIENTED_EDGE('',*,*,#5472,.F.);
#3548=ORIENTED_EDGE('',*,*,#3941,.F.);
#3549=ORIENTED_EDGE('',*,*,#5473,.T.);
#3550=ORIENTED_EDGE('',*,*,#4035,.T.);
#3551=ORIENTED_EDGE('',*,*,#5471,.F.);
#3552=ORIENTED_EDGE('',*,*,#3940,.F.);
#3553=ORIENTED_EDGE('',*,*,#5474,.T.);
#3554=ORIENTED_EDGE('',*,*,#4036,.T.);
#3555=ORIENTED_EDGE('',*,*,#5473,.F.);
#3556=ORIENTED_EDGE('',*,*,#3945,.F.);
#3557=ORIENTED_EDGE('',*,*,#5475,.T.);
#3558=ORIENTED_EDGE('',*,*,#4037,.T.);
#3559=ORIENTED_EDGE('',*,*,#5474,.F.);
#3560=ORIENTED_EDGE('',*,*,#3944,.F.);
#3561=ORIENTED_EDGE('',*,*,#5476,.T.);
#3562=ORIENTED_EDGE('',*,*,#4038,.T.);
#3563=ORIENTED_EDGE('',*,*,#5475,.F.);
#3564=ORIENTED_EDGE('',*,*,#3943,.F.);
#3565=ORIENTED_EDGE('',*,*,#5472,.T.);
#3566=ORIENTED_EDGE('',*,*,#4039,.T.);
#3567=ORIENTED_EDGE('',*,*,#5476,.F.);
#3568=ORIENTED_EDGE('',*,*,#3942,.F.);
#3569=ORIENTED_EDGE('',*,*,#5477,.T.);
#3570=ORIENTED_EDGE('',*,*,#4076,.T.);
#3571=ORIENTED_EDGE('',*,*,#5478,.F.);
#3572=ORIENTED_EDGE('',*,*,#3947,.F.);
#3573=ORIENTED_EDGE('',*,*,#5479,.T.);
#3574=ORIENTED_EDGE('',*,*,#4077,.T.);
#3575=ORIENTED_EDGE('',*,*,#5477,.F.);
#3576=ORIENTED_EDGE('',*,*,#3946,.F.);
#3577=ORIENTED_EDGE('',*,*,#5480,.T.);
#3578=ORIENTED_EDGE('',*,*,#4078,.T.);
#3579=ORIENTED_EDGE('',*,*,#5479,.F.);
#3580=ORIENTED_EDGE('',*,*,#3951,.F.);
#3581=ORIENTED_EDGE('',*,*,#5481,.T.);
#3582=ORIENTED_EDGE('',*,*,#4079,.T.);
#3583=ORIENTED_EDGE('',*,*,#5480,.F.);
#3584=ORIENTED_EDGE('',*,*,#3950,.F.);
#3585=ORIENTED_EDGE('',*,*,#5482,.T.);
#3586=ORIENTED_EDGE('',*,*,#4080,.T.);
#3587=ORIENTED_EDGE('',*,*,#5481,.F.);
#3588=ORIENTED_EDGE('',*,*,#3949,.F.);
#3589=ORIENTED_EDGE('',*,*,#5478,.T.);
#3590=ORIENTED_EDGE('',*,*,#4081,.T.);
#3591=ORIENTED_EDGE('',*,*,#5482,.F.);
#3592=ORIENTED_EDGE('',*,*,#3948,.F.);
#3593=ORIENTED_EDGE('',*,*,#5483,.T.);
#3594=ORIENTED_EDGE('',*,*,#4028,.T.);
#3595=ORIENTED_EDGE('',*,*,#5484,.F.);
#3596=ORIENTED_EDGE('',*,*,#3953,.F.);
#3597=ORIENTED_EDGE('',*,*,#5485,.T.);
#3598=ORIENTED_EDGE('',*,*,#4029,.T.);
#3599=ORIENTED_EDGE('',*,*,#5483,.F.);
#3600=ORIENTED_EDGE('',*,*,#3952,.F.);
#3601=ORIENTED_EDGE('',*,*,#5486,.T.);
#3602=ORIENTED_EDGE('',*,*,#4030,.T.);
#3603=ORIENTED_EDGE('',*,*,#5485,.F.);
#3604=ORIENTED_EDGE('',*,*,#3957,.F.);
#3605=ORIENTED_EDGE('',*,*,#5487,.T.);
#3606=ORIENTED_EDGE('',*,*,#4031,.T.);
#3607=ORIENTED_EDGE('',*,*,#5486,.F.);
#3608=ORIENTED_EDGE('',*,*,#3956,.F.);
#3609=ORIENTED_EDGE('',*,*,#5488,.T.);
#3610=ORIENTED_EDGE('',*,*,#4032,.T.);
#3611=ORIENTED_EDGE('',*,*,#5487,.F.);
#3612=ORIENTED_EDGE('',*,*,#3955,.F.);
#3613=ORIENTED_EDGE('',*,*,#5484,.T.);
#3614=ORIENTED_EDGE('',*,*,#4033,.T.);
#3615=ORIENTED_EDGE('',*,*,#5488,.F.);
#3616=ORIENTED_EDGE('',*,*,#3954,.F.);
#3617=ORIENTED_EDGE('',*,*,#5489,.T.);
#3618=ORIENTED_EDGE('',*,*,#4082,.T.);
#3619=ORIENTED_EDGE('',*,*,#5490,.F.);
#3620=ORIENTED_EDGE('',*,*,#3959,.F.);
#3621=ORIENTED_EDGE('',*,*,#5491,.T.);
#3622=ORIENTED_EDGE('',*,*,#4083,.T.);
#3623=ORIENTED_EDGE('',*,*,#5489,.F.);
#3624=ORIENTED_EDGE('',*,*,#3958,.F.);
#3625=ORIENTED_EDGE('',*,*,#5492,.T.);
#3626=ORIENTED_EDGE('',*,*,#4084,.T.);
#3627=ORIENTED_EDGE('',*,*,#5491,.F.);
#3628=ORIENTED_EDGE('',*,*,#3963,.F.);
#3629=ORIENTED_EDGE('',*,*,#5493,.T.);
#3630=ORIENTED_EDGE('',*,*,#4085,.T.);
#3631=ORIENTED_EDGE('',*,*,#5492,.F.);
#3632=ORIENTED_EDGE('',*,*,#3962,.F.);
#3633=ORIENTED_EDGE('',*,*,#5494,.T.);
#3634=ORIENTED_EDGE('',*,*,#4086,.T.);
#3635=ORIENTED_EDGE('',*,*,#5493,.F.);
#3636=ORIENTED_EDGE('',*,*,#3961,.F.);
#3637=ORIENTED_EDGE('',*,*,#5490,.T.);
#3638=ORIENTED_EDGE('',*,*,#4087,.T.);
#3639=ORIENTED_EDGE('',*,*,#5494,.F.);
#3640=ORIENTED_EDGE('',*,*,#3960,.F.);
#3641=ORIENTED_EDGE('',*,*,#5495,.T.);
#3642=ORIENTED_EDGE('',*,*,#4022,.T.);
#3643=ORIENTED_EDGE('',*,*,#5496,.F.);
#3644=ORIENTED_EDGE('',*,*,#3965,.F.);
#3645=ORIENTED_EDGE('',*,*,#5497,.T.);
#3646=ORIENTED_EDGE('',*,*,#4023,.T.);
#3647=ORIENTED_EDGE('',*,*,#5495,.F.);
#3648=ORIENTED_EDGE('',*,*,#3964,.F.);
#3649=ORIENTED_EDGE('',*,*,#5498,.T.);
#3650=ORIENTED_EDGE('',*,*,#4024,.T.);
#3651=ORIENTED_EDGE('',*,*,#5497,.F.);
#3652=ORIENTED_EDGE('',*,*,#3969,.F.);
#3653=ORIENTED_EDGE('',*,*,#5499,.T.);
#3654=ORIENTED_EDGE('',*,*,#4025,.T.);
#3655=ORIENTED_EDGE('',*,*,#5498,.F.);
#3656=ORIENTED_EDGE('',*,*,#3968,.F.);
#3657=ORIENTED_EDGE('',*,*,#5500,.T.);
#3658=ORIENTED_EDGE('',*,*,#4026,.T.);
#3659=ORIENTED_EDGE('',*,*,#5499,.F.);
#3660=ORIENTED_EDGE('',*,*,#3967,.F.);
#3661=ORIENTED_EDGE('',*,*,#5496,.T.);
#3662=ORIENTED_EDGE('',*,*,#4027,.T.);
#3663=ORIENTED_EDGE('',*,*,#5500,.F.);
#3664=ORIENTED_EDGE('',*,*,#3966,.F.);
#3665=ORIENTED_EDGE('',*,*,#5501,.T.);
#3666=ORIENTED_EDGE('',*,*,#4088,.T.);
#3667=ORIENTED_EDGE('',*,*,#5502,.F.);
#3668=ORIENTED_EDGE('',*,*,#3971,.F.);
#3669=ORIENTED_EDGE('',*,*,#5503,.T.);
#3670=ORIENTED_EDGE('',*,*,#4089,.T.);
#3671=ORIENTED_EDGE('',*,*,#5501,.F.);
#3672=ORIENTED_EDGE('',*,*,#3970,.F.);
#3673=ORIENTED_EDGE('',*,*,#5504,.T.);
#3674=ORIENTED_EDGE('',*,*,#4090,.T.);
#3675=ORIENTED_EDGE('',*,*,#5503,.F.);
#3676=ORIENTED_EDGE('',*,*,#3975,.F.);
#3677=ORIENTED_EDGE('',*,*,#5505,.T.);
#3678=ORIENTED_EDGE('',*,*,#4091,.T.);
#3679=ORIENTED_EDGE('',*,*,#5504,.F.);
#3680=ORIENTED_EDGE('',*,*,#3974,.F.);
#3681=ORIENTED_EDGE('',*,*,#5506,.T.);
#3682=ORIENTED_EDGE('',*,*,#4092,.T.);
#3683=ORIENTED_EDGE('',*,*,#5505,.F.);
#3684=ORIENTED_EDGE('',*,*,#3973,.F.);
#3685=ORIENTED_EDGE('',*,*,#5502,.T.);
#3686=ORIENTED_EDGE('',*,*,#4093,.T.);
#3687=ORIENTED_EDGE('',*,*,#5506,.F.);
#3688=ORIENTED_EDGE('',*,*,#3972,.F.);
#3689=ORIENTED_EDGE('',*,*,#5507,.T.);
#3690=ORIENTED_EDGE('',*,*,#4004,.T.);
#3691=ORIENTED_EDGE('',*,*,#5508,.F.);
#3692=ORIENTED_EDGE('',*,*,#3993,.F.);
#3693=ORIENTED_EDGE('',*,*,#5509,.T.);
#3694=ORIENTED_EDGE('',*,*,#4005,.T.);
#3695=ORIENTED_EDGE('',*,*,#5507,.F.);
#3696=ORIENTED_EDGE('',*,*,#3992,.F.);
#3697=ORIENTED_EDGE('',*,*,#5510,.T.);
#3698=ORIENTED_EDGE('',*,*,#4006,.T.);
#3699=ORIENTED_EDGE('',*,*,#5509,.F.);
#3700=ORIENTED_EDGE('',*,*,#3997,.F.);
#3701=ORIENTED_EDGE('',*,*,#5511,.T.);
#3702=ORIENTED_EDGE('',*,*,#4007,.T.);
#3703=ORIENTED_EDGE('',*,*,#5510,.F.);
#3704=ORIENTED_EDGE('',*,*,#3996,.F.);
#3705=ORIENTED_EDGE('',*,*,#5512,.T.);
#3706=ORIENTED_EDGE('',*,*,#4008,.T.);
#3707=ORIENTED_EDGE('',*,*,#5511,.F.);
#3708=ORIENTED_EDGE('',*,*,#3995,.F.);
#3709=ORIENTED_EDGE('',*,*,#5508,.T.);
#3710=ORIENTED_EDGE('',*,*,#4009,.T.);
#3711=ORIENTED_EDGE('',*,*,#5512,.F.);
#3712=ORIENTED_EDGE('',*,*,#3994,.F.);
#3713=ORIENTED_EDGE('',*,*,#5513,.T.);
#3714=ORIENTED_EDGE('',*,*,#4100,.T.);
#3715=ORIENTED_EDGE('',*,*,#5514,.F.);
#3716=ORIENTED_EDGE('',*,*,#3999,.F.);
#3717=ORIENTED_EDGE('',*,*,#5515,.T.);
#3718=ORIENTED_EDGE('',*,*,#4101,.T.);
#3719=ORIENTED_EDGE('',*,*,#5513,.F.);
#3720=ORIENTED_EDGE('',*,*,#3998,.F.);
#3721=ORIENTED_EDGE('',*,*,#5516,.T.);
#3722=ORIENTED_EDGE('',*,*,#4102,.T.);
#3723=ORIENTED_EDGE('',*,*,#5515,.F.);
#3724=ORIENTED_EDGE('',*,*,#4003,.F.);
#3725=ORIENTED_EDGE('',*,*,#5517,.T.);
#3726=ORIENTED_EDGE('',*,*,#4103,.T.);
#3727=ORIENTED_EDGE('',*,*,#5516,.F.);
#3728=ORIENTED_EDGE('',*,*,#4002,.F.);
#3729=ORIENTED_EDGE('',*,*,#5518,.T.);
#3730=ORIENTED_EDGE('',*,*,#4104,.T.);
#3731=ORIENTED_EDGE('',*,*,#5517,.F.);
#3732=ORIENTED_EDGE('',*,*,#4001,.F.);
#3733=ORIENTED_EDGE('',*,*,#5514,.T.);
#3734=ORIENTED_EDGE('',*,*,#4105,.T.);
#3735=ORIENTED_EDGE('',*,*,#5518,.F.);
#3736=ORIENTED_EDGE('',*,*,#4000,.F.);
#3737=ORIENTED_EDGE('',*,*,#3890,.T.);
#3738=ORIENTED_EDGE('',*,*,#5022,.F.);
#3739=ORIENTED_EDGE('',*,*,#5519,.T.);
#3740=ORIENTED_EDGE('',*,*,#4712,.F.);
#3741=ORIENTED_EDGE('',*,*,#5520,.F.);
#3742=ORIENTED_EDGE('',*,*,#5024,.F.);
#3743=ORIENTED_EDGE('',*,*,#3896,.T.);
#3744=ORIENTED_EDGE('',*,*,#3902,.T.);
#3745=ORIENTED_EDGE('',*,*,#5025,.F.);
#3746=ORIENTED_EDGE('',*,*,#5520,.T.);
#3747=ORIENTED_EDGE('',*,*,#4711,.F.);
#3748=ORIENTED_EDGE('',*,*,#3881,.F.);
#3749=ORIENTED_EDGE('',*,*,#5020,.T.);
#3750=ORIENTED_EDGE('',*,*,#3865,.T.);
#3751=ORIENTED_EDGE('',*,*,#4715,.T.);
#3752=ORIENTED_EDGE('',*,*,#3847,.F.);
#3753=ORIENTED_EDGE('',*,*,#5019,.T.);
#3754=ORIENTED_EDGE('',*,*,#5027,.T.);
#3755=ORIENTED_EDGE('',*,*,#4705,.T.);
#3756=ORIENTED_EDGE('',*,*,#3861,.F.);
#3757=ORIENTED_EDGE('',*,*,#3851,.T.);
#3758=ORIENTED_EDGE('',*,*,#4713,.T.);
#3759=ORIENTED_EDGE('',*,*,#5519,.F.);
#3760=ORIENTED_EDGE('',*,*,#5021,.T.);
#3761=ORIENTED_EDGE('',*,*,#3833,.T.);
#3762=ORIENTED_EDGE('',*,*,#4707,.F.);
#3763=ORIENTED_EDGE('',*,*,#5028,.F.);
#3764=ORIENTED_EDGE('',*,*,#5017,.F.);
#3765=ORIENTED_EDGE('',*,*,#5016,.F.);
#3766=ORIENTED_EDGE('',*,*,#3875,.T.);
#3767=ORIENTED_EDGE('',*,*,#4709,.F.);
#3768=ORIENTED_EDGE('',*,*,#3838,.F.);
#3769=ORIENTED_EDGE('',*,*,#5521,.F.);
#3770=ORIENTED_EDGE('',*,*,#3894,.T.);
#3771=ORIENTED_EDGE('',*,*,#3798,.F.);
#3772=ORIENTED_EDGE('',*,*,#5015,.F.);
#3773=ORIENTED_EDGE('',*,*,#3810,.T.);
#3774=ORIENTED_EDGE('',*,*,#3826,.T.);
#3775=ORIENTED_EDGE('',*,*,#3895,.T.);
#3776=ORIENTED_EDGE('',*,*,#3823,.T.);
#3777=ORIENTED_EDGE('',*,*,#3820,.T.);
#3778=ORIENTED_EDGE('',*,*,#5522,.T.);
#3779=ORIENTED_EDGE('',*,*,#3801,.F.);
#3780=ORIENTED_EDGE('',*,*,#5263,.T.);
#3781=ORIENTED_EDGE('',*,*,#3888,.F.);
#3782=ORIENTED_EDGE('',*,*,#5521,.T.);
#3783=ORIENTED_EDGE('',*,*,#5262,.F.);
#3784=ORIENTED_EDGE('',*,*,#5265,.F.);
#3785=ORIENTED_EDGE('',*,*,#5266,.F.);
#3786=ORIENTED_EDGE('',*,*,#3898,.F.);
#3787=ORIENTED_EDGE('',*,*,#5023,.T.);
#3788=ORIENTED_EDGE('',*,*,#5026,.F.);
#3789=ORIENTED_EDGE('',*,*,#3887,.T.);
#3790=ORIENTED_EDGE('',*,*,#3886,.T.);
#3791=ORIENTED_EDGE('',*,*,#3885,.T.);
#3792=ORIENTED_EDGE('',*,*,#3877,.F.);
#3793=ORIENTED_EDGE('',*,*,#3802,.T.);
#3794=ORIENTED_EDGE('',*,*,#5522,.F.);
#3795=ORIENTED_EDGE('',*,*,#3819,.F.);
#3796=ORIENTED_EDGE('',*,*,#4739,.F.);
#3797=EDGE_CURVE('',#5523,#5524,#6678,.T.);
#3798=EDGE_CURVE('',#5524,#5525,#6679,.T.);
#3799=EDGE_CURVE('',#5526,#5525,#6680,.T.);
#3800=EDGE_CURVE('',#5527,#5526,#6681,.T.);
#3801=EDGE_CURVE('',#5527,#5528,#6682,.T.);
#3802=EDGE_CURVE('',#5529,#5528,#6683,.T.);
#3803=EDGE_CURVE('',#5529,#5530,#6684,.T.);
#3804=EDGE_CURVE('',#5531,#5530,#6685,.T.);
#3805=EDGE_CURVE('',#5532,#5531,#6686,.T.);
#3806=EDGE_CURVE('',#5533,#5532,#6687,.T.);
#3807=EDGE_CURVE('',#5534,#5533,#6688,.T.);
#3808=EDGE_CURVE('',#5535,#5534,#6689,.T.);
#3809=EDGE_CURVE('',#5523,#5535,#6690,.T.);
#3810=EDGE_CURVE('',#5536,#5537,#6691,.T.);
#3811=EDGE_CURVE('',#5538,#5536,#6692,.T.);
#3812=EDGE_CURVE('',#5538,#5539,#6693,.T.);
#3813=EDGE_CURVE('',#5539,#5540,#6694,.T.);
#3814=EDGE_CURVE('',#5540,#5541,#6695,.T.);
#3815=EDGE_CURVE('',#5541,#5542,#6696,.T.);
#3816=EDGE_CURVE('',#5542,#5543,#6697,.T.);
#3817=EDGE_CURVE('',#5543,#5544,#6698,.T.);
#3818=EDGE_CURVE('',#5545,#5544,#6699,.T.);
#3819=EDGE_CURVE('',#5545,#5546,#6700,.T.);
#3820=EDGE_CURVE('',#5547,#5546,#6701,.T.);
#3821=EDGE_CURVE('',#5547,#5548,#6702,.T.);
#3822=EDGE_CURVE('',#5548,#5537,#6703,.T.);
#3823=EDGE_CURVE('',#5549,#5547,#6704,.T.);
#3824=EDGE_CURVE('',#5550,#5549,#6705,.T.);
#3825=EDGE_CURVE('',#5550,#5548,#6706,.T.);
#3826=EDGE_CURVE('',#5537,#5551,#6707,.T.);
#3827=EDGE_CURVE('',#5551,#5550,#6708,.T.);
#3828=EDGE_CURVE('',#5552,#5553,#6709,.T.);
#3829=EDGE_CURVE('',#5554,#5552,#6710,.T.);
#3830=EDGE_CURVE('',#5555,#5554,#6711,.T.);
#3831=EDGE_CURVE('',#5555,#5556,#6712,.T.);
#3832=EDGE_CURVE('',#5556,#5557,#6713,.T.);
#3833=EDGE_CURVE('',#5553,#5557,#6714,.T.);
#3834=EDGE_CURVE('',#5558,#5552,#6715,.T.);
#3835=EDGE_CURVE('',#5559,#5558,#6716,.T.);
#3836=EDGE_CURVE('',#5554,#5559,#6717,.T.);
#3837=EDGE_CURVE('',#5558,#5560,#6718,.T.);
#3838=EDGE_CURVE('',#5560,#5561,#6719,.T.);
#3839=EDGE_CURVE('',#5562,#5561,#6720,.T.);
#3840=EDGE_CURVE('',#5563,#5562,#6721,.T.);
#3841=EDGE_CURVE('',#5563,#5559,#6722,.T.);
#3842=EDGE_CURVE('',#5564,#5565,#6723,.T.);
#3843=EDGE_CURVE('',#5565,#5566,#6724,.T.);
#3844=EDGE_CURVE('',#5567,#5566,#6725,.T.);
#3845=EDGE_CURVE('',#5567,#5564,#6726,.T.);
#3846=EDGE_CURVE('',#5568,#5566,#6727,.T.);
#3847=EDGE_CURVE('',#5568,#5569,#6728,.T.);
#3848=EDGE_CURVE('',#5569,#5570,#6729,.T.);
#3849=EDGE_CURVE('',#5571,#5570,#6730,.T.);
#3850=EDGE_CURVE('',#5567,#5571,#6731,.T.);
#3851=EDGE_CURVE('',#5572,#5573,#6732,.T.);
#3852=EDGE_CURVE('',#5572,#5565,#6733,.T.);
#3853=EDGE_CURVE('',#5564,#5574,#6734,.T.);
#3854=EDGE_CURVE('',#5574,#5575,#6735,.T.);
#3855=EDGE_CURVE('',#5573,#5575,#6736,.T.);
#3856=EDGE_CURVE('',#5576,#5577,#6737,.T.);
#3857=EDGE_CURVE('',#5577,#5578,#6738,.T.);
#3858=EDGE_CURVE('',#5579,#5578,#6739,.T.);
#3859=EDGE_CURVE('',#5579,#5576,#6740,.T.);
#3860=EDGE_CURVE('',#5580,#5578,#6741,.T.);
#3861=EDGE_CURVE('',#5580,#5581,#6742,.T.);
#3862=EDGE_CURVE('',#5581,#5582,#6743,.T.);
#3863=EDGE_CURVE('',#5583,#5582,#6744,.T.);
#3864=EDGE_CURVE('',#5579,#5583,#6745,.T.);
#3865=EDGE_CURVE('',#5584,#5585,#6746,.T.);
#3866=EDGE_CURVE('',#5584,#5577,#6747,.T.);
#3867=EDGE_CURVE('',#5576,#5586,#6748,.T.);
#3868=EDGE_CURVE('',#5586,#5587,#6749,.T.);
#3869=EDGE_CURVE('',#5585,#5587,#6750,.T.);
#3870=EDGE_CURVE('',#5588,#5589,#6751,.T.);
#3871=EDGE_CURVE('',#5590,#5588,#6752,.T.);
#3872=EDGE_CURVE('',#5591,#5590,#6753,.T.);
#3873=EDGE_CURVE('',#5591,#5592,#6754,.T.);
#3874=EDGE_CURVE('',#5592,#5593,#6755,.T.);
#3875=EDGE_CURVE('',#5589,#5593,#6756,.T.);
#3876=EDGE_CURVE('',#5594,#5588,#6757,.T.);
#3877=EDGE_CURVE('',#5594,#5595,#6758,.T.);
#3878=EDGE_CURVE('',#5596,#5595,#6759,.T.);
#3879=EDGE_CURVE('',#5590,#5596,#6760,.T.);
#3880=EDGE_CURVE('',#5597,#5598,#6761,.T.);
#3881=EDGE_CURVE('',#5598,#5599,#6762,.T.);
#3882=EDGE_CURVE('',#5600,#5599,#6763,.T.);
#3883=EDGE_CURVE('',#5601,#5600,#6764,.T.);
#3884=EDGE_CURVE('',#5601,#5596,#6765,.T.);
#3885=EDGE_CURVE('',#5602,#5595,#6766,.T.);
#3886=EDGE_CURVE('',#5603,#5602,#6767,.T.);
#3887=EDGE_CURVE('',#5597,#5603,#6768,.T.);
#3888=EDGE_CURVE('',#5604,#5605,#6769,.T.);
#3889=EDGE_CURVE('',#5605,#5606,#6770,.T.);
#3890=EDGE_CURVE('',#5607,#5606,#6771,.T.);
#3891=EDGE_CURVE('',#5607,#5608,#6772,.T.);
#3892=EDGE_CURVE('',#5609,#5608,#174,.T.);
#3893=EDGE_CURVE('',#5526,#5609,#6773,.T.);
#3894=EDGE_CURVE('',#5604,#5525,#6774,.T.);
#3895=EDGE_CURVE('',#5551,#5549,#6775,.T.);
#3896=EDGE_CURVE('',#5610,#5611,#6776,.T.);
#3897=EDGE_CURVE('',#5610,#5612,#6777,.T.);
#3898=EDGE_CURVE('',#5612,#5613,#6778,.T.);
#3899=EDGE_CURVE('',#5613,#5614,#6779,.T.);
#3900=EDGE_CURVE('',#5615,#5614,#175,.T.);
#3901=EDGE_CURVE('',#5611,#5615,#6780,.T.);
#3902=EDGE_CURVE('',#5611,#5607,#6781,.T.);
#3903=EDGE_CURVE('',#5608,#5615,#42,.T.);
#3904=EDGE_CURVE('',#5616,#5617,#6782,.T.);
#3905=EDGE_CURVE('',#5617,#5618,#6783,.T.);
#3906=EDGE_CURVE('',#5618,#5619,#6784,.T.);
#3907=EDGE_CURVE('',#5619,#5620,#6785,.T.);
#3908=EDGE_CURVE('',#5620,#5621,#6786,.T.);
#3909=EDGE_CURVE('',#5621,#5616,#6787,.T.);
#3910=EDGE_CURVE('',#5622,#5623,#6788,.T.);
#3911=EDGE_CURVE('',#5623,#5624,#6789,.T.);
#3912=EDGE_CURVE('',#5624,#5625,#6790,.T.);
#3913=EDGE_CURVE('',#5625,#5626,#6791,.T.);
#3914=EDGE_CURVE('',#5626,#5627,#6792,.T.);
#3915=EDGE_CURVE('',#5627,#5622,#6793,.T.);
#3916=EDGE_CURVE('',#5628,#5629,#6794,.T.);
#3917=EDGE_CURVE('',#5629,#5630,#6795,.T.);
#3918=EDGE_CURVE('',#5630,#5631,#6796,.T.);
#3919=EDGE_CURVE('',#5631,#5632,#6797,.T.);
#3920=EDGE_CURVE('',#5632,#5633,#6798,.T.);
#3921=EDGE_CURVE('',#5633,#5628,#6799,.T.);
#3922=EDGE_CURVE('',#5634,#5635,#6800,.T.);
#3923=EDGE_CURVE('',#5635,#5636,#6801,.T.);
#3924=EDGE_CURVE('',#5636,#5637,#6802,.T.);
#3925=EDGE_CURVE('',#5637,#5638,#6803,.T.);
#3926=EDGE_CURVE('',#5638,#5639,#6804,.T.);
#3927=EDGE_CURVE('',#5639,#5634,#6805,.T.);
#3928=EDGE_CURVE('',#5640,#5641,#6806,.T.);
#3929=EDGE_CURVE('',#5641,#5642,#6807,.T.);
#3930=EDGE_CURVE('',#5642,#5643,#6808,.T.);
#3931=EDGE_CURVE('',#5643,#5644,#6809,.T.);
#3932=EDGE_CURVE('',#5644,#5645,#6810,.T.);
#3933=EDGE_CURVE('',#5645,#5640,#6811,.T.);
#3934=EDGE_CURVE('',#5646,#5647,#6812,.T.);
#3935=EDGE_CURVE('',#5647,#5648,#6813,.T.);
#3936=EDGE_CURVE('',#5648,#5649,#6814,.T.);
#3937=EDGE_CURVE('',#5649,#5650,#6815,.T.);
#3938=EDGE_CURVE('',#5650,#5651,#6816,.T.);
#3939=EDGE_CURVE('',#5651,#5646,#6817,.T.);
#3940=EDGE_CURVE('',#5652,#5653,#6818,.T.);
#3941=EDGE_CURVE('',#5653,#5654,#6819,.T.);
#3942=EDGE_CURVE('',#5654,#5655,#6820,.T.);
#3943=EDGE_CURVE('',#5655,#5656,#6821,.T.);
#3944=EDGE_CURVE('',#5656,#5657,#6822,.T.);
#3945=EDGE_CURVE('',#5657,#5652,#6823,.T.);
#3946=EDGE_CURVE('',#5658,#5659,#6824,.T.);
#3947=EDGE_CURVE('',#5659,#5660,#6825,.T.);
#3948=EDGE_CURVE('',#5660,#5661,#6826,.T.);
#3949=EDGE_CURVE('',#5661,#5662,#6827,.T.);
#3950=EDGE_CURVE('',#5662,#5663,#6828,.T.);
#3951=EDGE_CURVE('',#5663,#5658,#6829,.T.);
#3952=EDGE_CURVE('',#5664,#5665,#6830,.T.);
#3953=EDGE_CURVE('',#5665,#5666,#6831,.T.);
#3954=EDGE_CURVE('',#5666,#5667,#6832,.T.);
#3955=EDGE_CURVE('',#5667,#5668,#6833,.T.);
#3956=EDGE_CURVE('',#5668,#5669,#6834,.T.);
#3957=EDGE_CURVE('',#5669,#5664,#6835,.T.);
#3958=EDGE_CURVE('',#5670,#5671,#6836,.T.);
#3959=EDGE_CURVE('',#5671,#5672,#6837,.T.);
#3960=EDGE_CURVE('',#5672,#5673,#6838,.T.);
#3961=EDGE_CURVE('',#5673,#5674,#6839,.T.);
#3962=EDGE_CURVE('',#5674,#5675,#6840,.T.);
#3963=EDGE_CURVE('',#5675,#5670,#6841,.T.);
#3964=EDGE_CURVE('',#5676,#5677,#6842,.T.);
#3965=EDGE_CURVE('',#5677,#5678,#6843,.T.);
#3966=EDGE_CURVE('',#5678,#5679,#6844,.T.);
#3967=EDGE_CURVE('',#5679,#5680,#6845,.T.);
#3968=EDGE_CURVE('',#5680,#5681,#6846,.T.);
#3969=EDGE_CURVE('',#5681,#5676,#6847,.T.);
#3970=EDGE_CURVE('',#5682,#5683,#6848,.T.);
#3971=EDGE_CURVE('',#5683,#5684,#6849,.T.);
#3972=EDGE_CURVE('',#5684,#5685,#6850,.T.);
#3973=EDGE_CURVE('',#5685,#5686,#6851,.T.);
#3974=EDGE_CURVE('',#5686,#5687,#6852,.T.);
#3975=EDGE_CURVE('',#5687,#5682,#6853,.T.);
#3976=EDGE_CURVE('',#5688,#5689,#6854,.T.);
#3977=EDGE_CURVE('',#5689,#5690,#6855,.T.);
#3978=EDGE_CURVE('',#5690,#5691,#6856,.T.);
#3979=EDGE_CURVE('',#5691,#5692,#6857,.T.);
#3980=EDGE_CURVE('',#5692,#5693,#6858,.T.);
#3981=EDGE_CURVE('',#5693,#5694,#6859,.T.);
#3982=EDGE_CURVE('',#5694,#5695,#6860,.T.);
#3983=EDGE_CURVE('',#5695,#5696,#6861,.T.);
#3984=EDGE_CURVE('',#5697,#5696,#6862,.T.);
#3985=EDGE_CURVE('',#5688,#5697,#6863,.T.);
#3986=EDGE_CURVE('',#5698,#5699,#6864,.T.);
#3987=EDGE_CURVE('',#5699,#5700,#6865,.T.);
#3988=EDGE_CURVE('',#5700,#5701,#6866,.T.);
#3989=EDGE_CURVE('',#5701,#5702,#6867,.T.);
#3990=EDGE_CURVE('',#5702,#5703,#6868,.T.);
#3991=EDGE_CURVE('',#5703,#5698,#6869,.T.);
#3992=EDGE_CURVE('',#5704,#5705,#6870,.T.);
#3993=EDGE_CURVE('',#5705,#5706,#6871,.T.);
#3994=EDGE_CURVE('',#5706,#5707,#6872,.T.);
#3995=EDGE_CURVE('',#5707,#5708,#6873,.T.);
#3996=EDGE_CURVE('',#5708,#5709,#6874,.T.);
#3997=EDGE_CURVE('',#5709,#5704,#6875,.T.);
#3998=EDGE_CURVE('',#5710,#5711,#6876,.T.);
#3999=EDGE_CURVE('',#5711,#5712,#6877,.T.);
#4000=EDGE_CURVE('',#5712,#5713,#6878,.T.);
#4001=EDGE_CURVE('',#5713,#5714,#6879,.T.);
#4002=EDGE_CURVE('',#5714,#5715,#6880,.T.);
#4003=EDGE_CURVE('',#5715,#5710,#6881,.T.);
#4004=EDGE_CURVE('',#5716,#5717,#176,.T.);
#4005=EDGE_CURVE('',#5718,#5716,#43,.T.);
#4006=EDGE_CURVE('',#5719,#5718,#177,.T.);
#4007=EDGE_CURVE('',#5720,#5719,#178,.T.);
#4008=EDGE_CURVE('',#5721,#5720,#44,.T.);
#4009=EDGE_CURVE('',#5717,#5721,#179,.T.);
#4010=EDGE_CURVE('',#5722,#5723,#180,.T.);
#4011=EDGE_CURVE('',#5724,#5722,#45,.T.);
#4012=EDGE_CURVE('',#5725,#5724,#6882,.F.);
#4013=EDGE_CURVE('',#5725,#5726,#46,.T.);
#4014=EDGE_CURVE('',#5727,#5726,#12,.T.);
#4015=EDGE_CURVE('',#5727,#5728,#47,.T.);
#4016=EDGE_CURVE('',#5729,#5728,#6883,.T.);
#4017=EDGE_CURVE('',#5730,#5729,#48,.T.);
#4018=EDGE_CURVE('',#5731,#5730,#181,.T.);
#4019=EDGE_CURVE('',#5732,#5731,#182,.T.);
#4020=EDGE_CURVE('',#5733,#5732,#49,.T.);
#4021=EDGE_CURVE('',#5723,#5733,#183,.T.);
#4022=EDGE_CURVE('',#5734,#5735,#184,.T.);
#4023=EDGE_CURVE('',#5736,#5734,#50,.T.);
#4024=EDGE_CURVE('',#5737,#5736,#185,.T.);
#4025=EDGE_CURVE('',#5738,#5737,#186,.T.);
#4026=EDGE_CURVE('',#5739,#5738,#51,.T.);
#4027=EDGE_CURVE('',#5735,#5739,#187,.T.);
#4028=EDGE_CURVE('',#5740,#5741,#188,.T.);
#4029=EDGE_CURVE('',#5742,#5740,#52,.T.);
#4030=EDGE_CURVE('',#5743,#5742,#189,.T.);
#4031=EDGE_CURVE('',#5744,#5743,#190,.T.);
#4032=EDGE_CURVE('',#5745,#5744,#53,.T.);
#4033=EDGE_CURVE('',#5741,#5745,#191,.T.);
#4034=EDGE_CURVE('',#5746,#5747,#192,.T.);
#4035=EDGE_CURVE('',#5748,#5746,#54,.T.);
#4036=EDGE_CURVE('',#5749,#5748,#193,.T.);
#4037=EDGE_CURVE('',#5750,#5749,#194,.T.);
#4038=EDGE_CURVE('',#5751,#5750,#55,.T.);
#4039=EDGE_CURVE('',#5747,#5751,#195,.T.);
#4040=EDGE_CURVE('',#5752,#5753,#196,.T.);
#4041=EDGE_CURVE('',#5754,#5752,#56,.T.);
#4042=EDGE_CURVE('',#5755,#5754,#197,.T.);
#4043=EDGE_CURVE('',#5756,#5755,#198,.T.);
#4044=EDGE_CURVE('',#5757,#5756,#57,.T.);
#4045=EDGE_CURVE('',#5753,#5757,#199,.T.);
#4046=EDGE_CURVE('',#5758,#5759,#200,.T.);
#4047=EDGE_CURVE('',#5760,#5758,#58,.T.);
#4048=EDGE_CURVE('',#5761,#5760,#201,.T.);
#4049=EDGE_CURVE('',#5762,#5761,#202,.T.);
#4050=EDGE_CURVE('',#5763,#5762,#59,.T.);
#4051=EDGE_CURVE('',#5759,#5763,#203,.T.);
#4052=EDGE_CURVE('',#5764,#5765,#204,.T.);
#4053=EDGE_CURVE('',#5766,#5764,#60,.T.);
#4054=EDGE_CURVE('',#5767,#5766,#205,.T.);
#4055=EDGE_CURVE('',#5768,#5767,#206,.T.);
#4056=EDGE_CURVE('',#5769,#5768,#61,.T.);
#4057=EDGE_CURVE('',#5765,#5769,#207,.T.);
#4058=EDGE_CURVE('',#5770,#5771,#208,.T.);
#4059=EDGE_CURVE('',#5772,#5770,#62,.T.);
#4060=EDGE_CURVE('',#5773,#5772,#209,.T.);
#4061=EDGE_CURVE('',#5774,#5773,#210,.T.);
#4062=EDGE_CURVE('',#5775,#5774,#63,.T.);
#4063=EDGE_CURVE('',#5771,#5775,#211,.T.);
#4064=EDGE_CURVE('',#5776,#5777,#212,.T.);
#4065=EDGE_CURVE('',#5778,#5776,#64,.T.);
#4066=EDGE_CURVE('',#5779,#5778,#213,.T.);
#4067=EDGE_CURVE('',#5780,#5779,#214,.T.);
#4068=EDGE_CURVE('',#5781,#5780,#65,.T.);
#4069=EDGE_CURVE('',#5777,#5781,#215,.T.);
#4070=EDGE_CURVE('',#5782,#5783,#216,.T.);
#4071=EDGE_CURVE('',#5784,#5782,#66,.T.);
#4072=EDGE_CURVE('',#5785,#5784,#217,.T.);
#4073=EDGE_CURVE('',#5786,#5785,#218,.T.);
#4074=EDGE_CURVE('',#5787,#5786,#67,.T.);
#4075=EDGE_CURVE('',#5783,#5787,#219,.T.);
#4076=EDGE_CURVE('',#5788,#5789,#220,.T.);
#4077=EDGE_CURVE('',#5790,#5788,#68,.T.);
#4078=EDGE_CURVE('',#5791,#5790,#221,.T.);
#4079=EDGE_CURVE('',#5792,#5791,#222,.T.);
#4080=EDGE_CURVE('',#5793,#5792,#69,.T.);
#4081=EDGE_CURVE('',#5789,#5793,#223,.T.);
#4082=EDGE_CURVE('',#5794,#5795,#224,.T.);
#4083=EDGE_CURVE('',#5796,#5794,#70,.T.);
#4084=EDGE_CURVE('',#5797,#5796,#225,.T.);
#4085=EDGE_CURVE('',#5798,#5797,#226,.T.);
#4086=EDGE_CURVE('',#5799,#5798,#71,.T.);
#4087=EDGE_CURVE('',#5795,#5799,#227,.T.);
#4088=EDGE_CURVE('',#5800,#5801,#228,.T.);
#4089=EDGE_CURVE('',#5802,#5800,#72,.T.);
#4090=EDGE_CURVE('',#5803,#5802,#229,.T.);
#4091=EDGE_CURVE('',#5804,#5803,#230,.T.);
#4092=EDGE_CURVE('',#5805,#5804,#73,.T.);
#4093=EDGE_CURVE('',#5801,#5805,#231,.T.);
#4094=EDGE_CURVE('',#5806,#5807,#232,.T.);
#4095=EDGE_CURVE('',#5808,#5806,#74,.T.);
#4096=EDGE_CURVE('',#5809,#5808,#233,.T.);
#4097=EDGE_CURVE('',#5810,#5809,#234,.T.);
#4098=EDGE_CURVE('',#5811,#5810,#75,.T.);
#4099=EDGE_CURVE('',#5807,#5811,#235,.T.);
#4100=EDGE_CURVE('',#5812,#5813,#236,.T.);
#4101=EDGE_CURVE('',#5814,#5812,#76,.T.);
#4102=EDGE_CURVE('',#5815,#5814,#237,.T.);
#4103=EDGE_CURVE('',#5816,#5815,#238,.T.);
#4104=EDGE_CURVE('',#5817,#5816,#77,.T.);
#4105=EDGE_CURVE('',#5813,#5817,#239,.T.);
#4106=EDGE_CURVE('',#5583,#5586,#6884,.T.);
#4107=EDGE_CURVE('',#5555,#5563,#6885,.T.);
#4108=EDGE_CURVE('',#5818,#5818,#78,.T.);
#4109=EDGE_CURVE('',#5819,#5820,#6886,.T.);
#4110=EDGE_CURVE('',#5820,#5821,#6887,.T.);
#4111=EDGE_CURVE('',#5822,#5821,#6888,.T.);
#4112=EDGE_CURVE('',#5819,#5822,#6889,.T.);
#4113=EDGE_CURVE('',#5571,#5574,#6890,.T.);
#4114=EDGE_CURVE('',#5591,#5601,#6891,.T.);
#4115=EDGE_CURVE('',#5823,#5722,#6892,.T.);
#4116=EDGE_CURVE('',#5824,#5823,#79,.T.);
#4117=EDGE_CURVE('',#5825,#5824,#6893,.T.);
#4118=EDGE_CURVE('',#5826,#5825,#80,.T.);
#4119=EDGE_CURVE('',#5826,#5827,#6894,.T.);
#4120=EDGE_CURVE('',#5827,#5828,#81,.T.);
#4121=EDGE_CURVE('',#5829,#5828,#6895,.T.);
#4122=EDGE_CURVE('',#5829,#5830,#6896,.T.);
#4123=EDGE_CURVE('',#5830,#5531,#6897,.T.);
#4124=EDGE_CURVE('',#5544,#5530,#6898,.T.);
#4125=EDGE_CURVE('',#5543,#5831,#6899,.T.);
#4126=EDGE_CURVE('',#5832,#5831,#6900,.T.);
#4127=EDGE_CURVE('',#5832,#5540,#6901,.T.);
#4128=EDGE_CURVE('',#5539,#5535,#6902,.T.);
#4129=EDGE_CURVE('',#5534,#5833,#6903,.T.);
#4130=EDGE_CURVE('',#5833,#5834,#6904,.T.);
#4131=EDGE_CURVE('',#5834,#5835,#6905,.T.);
#4132=EDGE_CURVE('',#5835,#5836,#82,.T.);
#4133=EDGE_CURVE('',#5836,#5837,#6906,.T.);
#4134=EDGE_CURVE('',#5838,#5837,#83,.T.);
#4135=EDGE_CURVE('',#5730,#5838,#6907,.T.);
#4136=EDGE_CURVE('',#5695,#5729,#6908,.T.);
#4137=EDGE_CURVE('',#5839,#5694,#6909,.T.);
#4138=EDGE_CURVE('',#5839,#5840,#6910,.T.);
#4139=EDGE_CURVE('',#5689,#5840,#6911,.T.);
#4140=EDGE_CURVE('',#5724,#5688,#6912,.T.);
#4141=EDGE_CURVE('',#5841,#5841,#13,.T.);
#4142=EDGE_CURVE('',#5842,#5843,#84,.T.);
#4143=EDGE_CURVE('',#5843,#5842,#85,.T.);
#4144=EDGE_CURVE('',#5844,#5844,#14,.T.);
#4145=EDGE_CURVE('',#5845,#5845,#15,.T.);
#4146=EDGE_CURVE('',#5846,#5846,#16,.T.);
#4147=EDGE_CURVE('',#5614,#5847,#240,.T.);
#4148=EDGE_CURVE('',#5847,#5848,#86,.T.);
#4149=EDGE_CURVE('',#5848,#5609,#241,.T.);
#4150=EDGE_CURVE('',#5849,#5823,#242,.T.);
#4151=EDGE_CURVE('',#5850,#5849,#87,.T.);
#4152=EDGE_CURVE('',#5838,#5850,#243,.T.);
#4153=EDGE_CURVE('',#5837,#5851,#244,.T.);
#4154=EDGE_CURVE('',#5851,#5852,#88,.T.);
#4155=EDGE_CURVE('',#5852,#5826,#245,.T.);
#4156=EDGE_CURVE('',#5825,#5824,#89,.T.);
#4157=EDGE_CURVE('',#5853,#5854,#6913,.T.);
#4158=EDGE_CURVE('',#5855,#5853,#6914,.T.);
#4159=EDGE_CURVE('',#5855,#5856,#6915,.T.);
#4160=EDGE_CURVE('',#5857,#5856,#6916,.T.);
#4161=EDGE_CURVE('',#5858,#5857,#6917,.T.);
#4162=EDGE_CURVE('',#5858,#5854,#6918,.T.);
#4163=EDGE_CURVE('',#5859,#5855,#6919,.T.);
#4164=EDGE_CURVE('',#5860,#5859,#6920,.T.);
#4165=EDGE_CURVE('',#5856,#5860,#6921,.T.);
#4166=EDGE_CURVE('',#5861,#5861,#90,.F.);
#4167=EDGE_CURVE('',#5862,#5863,#6922,.T.);
#4168=EDGE_CURVE('',#5862,#5864,#6923,.T.);
#4169=EDGE_CURVE('',#5865,#5864,#6924,.T.);
#4170=EDGE_CURVE('',#5866,#5865,#6925,.T.);
#4171=EDGE_CURVE('',#5863,#5866,#6926,.F.);
#4172=EDGE_CURVE('',#5863,#5867,#246,.F.);
#4173=EDGE_CURVE('',#5860,#5866,#91,.T.);
#4174=EDGE_CURVE('',#5867,#5859,#92,.F.);
#4175=EDGE_CURVE('',#5862,#5854,#6927,.T.);
#4176=EDGE_CURVE('',#5868,#5858,#6928,.T.);
#4177=EDGE_CURVE('',#5864,#5868,#93,.F.);
#4178=EDGE_CURVE('',#5869,#5870,#6929,.T.);
#4179=EDGE_CURVE('',#5870,#5871,#6930,.T.);
#4180=EDGE_CURVE('',#5871,#5872,#6931,.T.);
#4181=EDGE_CURVE('',#5873,#5872,#6932,.F.);
#4182=EDGE_CURVE('',#5874,#5873,#6933,.T.);
#4183=EDGE_CURVE('',#5869,#5874,#6934,.T.);
#4184=EDGE_CURVE('',#5875,#5876,#6935,.T.);
#4185=EDGE_CURVE('',#5877,#5876,#6936,.T.);
#4186=EDGE_CURVE('',#5878,#5877,#6937,.T.);
#4187=EDGE_CURVE('',#5879,#5878,#6938,.T.);
#4188=EDGE_CURVE('',#5880,#5879,#6939,.T.);
#4189=EDGE_CURVE('',#5881,#5880,#6940,.T.);
#4190=EDGE_CURVE('',#5882,#5881,#6941,.T.);
#4191=EDGE_CURVE('',#5875,#5882,#6942,.T.);
#4192=EDGE_CURVE('',#5883,#5884,#6943,.T.);
#4193=EDGE_CURVE('',#5885,#5883,#6944,.T.);
#4194=EDGE_CURVE('',#5886,#5885,#6945,.T.);
#4195=EDGE_CURVE('',#5887,#5886,#6946,.T.);
#4196=EDGE_CURVE('',#5888,#5887,#6947,.T.);
#4197=EDGE_CURVE('',#5889,#5888,#6948,.T.);
#4198=EDGE_CURVE('',#5884,#5889,#6949,.T.);
#4199=EDGE_CURVE('',#5890,#5891,#6950,.T.);
#4200=EDGE_CURVE('',#5892,#5890,#6951,.T.);
#4201=EDGE_CURVE('',#5893,#5892,#6952,.T.);
#4202=EDGE_CURVE('',#5894,#5893,#6953,.T.);
#4203=EDGE_CURVE('',#5895,#5894,#6954,.T.);
#4204=EDGE_CURVE('',#5891,#5895,#6955,.T.);
#4205=EDGE_CURVE('',#5896,#5897,#6956,.T.);
#4206=EDGE_CURVE('',#5898,#5896,#6957,.T.);
#4207=EDGE_CURVE('',#5899,#5898,#6958,.T.);
#4208=EDGE_CURVE('',#5900,#5899,#6959,.T.);
#4209=EDGE_CURVE('',#5901,#5900,#6960,.T.);
#4210=EDGE_CURVE('',#5897,#5901,#6961,.T.);
#4211=EDGE_CURVE('',#5902,#5903,#6962,.T.);
#4212=EDGE_CURVE('',#5904,#5902,#6963,.T.);
#4213=EDGE_CURVE('',#5905,#5904,#6964,.T.);
#4214=EDGE_CURVE('',#5906,#5905,#6965,.T.);
#4215=EDGE_CURVE('',#5907,#5906,#6966,.T.);
#4216=EDGE_CURVE('',#5903,#5907,#6967,.T.);
#4217=EDGE_CURVE('',#5908,#5909,#6968,.T.);
#4218=EDGE_CURVE('',#5910,#5908,#6969,.T.);
#4219=EDGE_CURVE('',#5911,#5910,#6970,.T.);
#4220=EDGE_CURVE('',#5912,#5911,#6971,.T.);
#4221=EDGE_CURVE('',#5913,#5912,#6972,.T.);
#4222=EDGE_CURVE('',#5909,#5913,#6973,.T.);
#4223=EDGE_CURVE('',#5914,#5915,#6974,.T.);
#4224=EDGE_CURVE('',#5916,#5914,#6975,.T.);
#4225=EDGE_CURVE('',#5917,#5916,#6976,.T.);
#4226=EDGE_CURVE('',#5918,#5917,#6977,.T.);
#4227=EDGE_CURVE('',#5919,#5918,#6978,.T.);
#4228=EDGE_CURVE('',#5915,#5919,#6979,.T.);
#4229=EDGE_CURVE('',#5920,#5921,#6980,.T.);
#4230=EDGE_CURVE('',#5922,#5920,#6981,.T.);
#4231=EDGE_CURVE('',#5923,#5922,#6982,.T.);
#4232=EDGE_CURVE('',#5924,#5923,#6983,.T.);
#4233=EDGE_CURVE('',#5925,#5924,#6984,.T.);
#4234=EDGE_CURVE('',#5921,#5925,#6985,.T.);
#4235=EDGE_CURVE('',#5926,#5927,#6986,.T.);
#4236=EDGE_CURVE('',#5928,#5926,#6987,.T.);
#4237=EDGE_CURVE('',#5929,#5928,#6988,.T.);
#4238=EDGE_CURVE('',#5930,#5929,#6989,.T.);
#4239=EDGE_CURVE('',#5931,#5930,#6990,.T.);
#4240=EDGE_CURVE('',#5927,#5931,#6991,.T.);
#4241=EDGE_CURVE('',#5932,#5933,#6992,.T.);
#4242=EDGE_CURVE('',#5934,#5932,#6993,.T.);
#4243=EDGE_CURVE('',#5935,#5934,#6994,.T.);
#4244=EDGE_CURVE('',#5936,#5935,#6995,.T.);
#4245=EDGE_CURVE('',#5937,#5936,#6996,.T.);
#4246=EDGE_CURVE('',#5933,#5937,#6997,.T.);
#4247=EDGE_CURVE('',#5938,#5939,#6998,.T.);
#4248=EDGE_CURVE('',#5940,#5938,#6999,.T.);
#4249=EDGE_CURVE('',#5941,#5940,#7000,.T.);
#4250=EDGE_CURVE('',#5942,#5941,#7001,.T.);
#4251=EDGE_CURVE('',#5943,#5942,#7002,.T.);
#4252=EDGE_CURVE('',#5939,#5943,#7003,.T.);
#4253=EDGE_CURVE('',#5944,#5945,#7004,.T.);
#4254=EDGE_CURVE('',#5946,#5944,#7005,.T.);
#4255=EDGE_CURVE('',#5947,#5946,#7006,.T.);
#4256=EDGE_CURVE('',#5948,#5947,#7007,.T.);
#4257=EDGE_CURVE('',#5949,#5948,#7008,.T.);
#4258=EDGE_CURVE('',#5945,#5949,#7009,.T.);
#4259=EDGE_CURVE('',#5950,#5951,#7010,.T.);
#4260=EDGE_CURVE('',#5952,#5950,#7011,.T.);
#4261=EDGE_CURVE('',#5953,#5952,#7012,.T.);
#4262=EDGE_CURVE('',#5954,#5953,#7013,.T.);
#4263=EDGE_CURVE('',#5955,#5954,#7014,.T.);
#4264=EDGE_CURVE('',#5951,#5955,#7015,.T.);
#4265=EDGE_CURVE('',#5956,#5957,#7016,.T.);
#4266=EDGE_CURVE('',#5958,#5956,#7017,.T.);
#4267=EDGE_CURVE('',#5959,#5958,#7018,.T.);
#4268=EDGE_CURVE('',#5960,#5959,#7019,.T.);
#4269=EDGE_CURVE('',#5961,#5960,#7020,.T.);
#4270=EDGE_CURVE('',#5957,#5961,#7021,.T.);
#4271=EDGE_CURVE('',#5962,#5963,#7022,.T.);
#4272=EDGE_CURVE('',#5964,#5962,#7023,.T.);
#4273=EDGE_CURVE('',#5965,#5964,#7024,.T.);
#4274=EDGE_CURVE('',#5966,#5965,#7025,.T.);
#4275=EDGE_CURVE('',#5967,#5966,#7026,.T.);
#4276=EDGE_CURVE('',#5963,#5967,#7027,.T.);
#4277=EDGE_CURVE('',#5968,#5969,#7028,.T.);
#4278=EDGE_CURVE('',#5970,#5968,#7029,.T.);
#4279=EDGE_CURVE('',#5971,#5970,#7030,.T.);
#4280=EDGE_CURVE('',#5972,#5971,#7031,.T.);
#4281=EDGE_CURVE('',#5973,#5972,#7032,.T.);
#4282=EDGE_CURVE('',#5969,#5973,#7033,.T.);
#4283=EDGE_CURVE('',#5974,#5975,#7034,.T.);
#4284=EDGE_CURVE('',#5976,#5974,#7035,.T.);
#4285=EDGE_CURVE('',#5977,#5976,#7036,.T.);
#4286=EDGE_CURVE('',#5978,#5977,#7037,.T.);
#4287=EDGE_CURVE('',#5979,#5978,#7038,.T.);
#4288=EDGE_CURVE('',#5975,#5979,#7039,.T.);
#4289=EDGE_CURVE('',#5980,#5981,#7040,.T.);
#4290=EDGE_CURVE('',#5982,#5980,#7041,.T.);
#4291=EDGE_CURVE('',#5983,#5982,#7042,.T.);
#4292=EDGE_CURVE('',#5984,#5983,#7043,.T.);
#4293=EDGE_CURVE('',#5985,#5984,#7044,.T.);
#4294=EDGE_CURVE('',#5981,#5985,#7045,.T.);
#4295=EDGE_CURVE('',#5986,#5987,#7046,.T.);
#4296=EDGE_CURVE('',#5988,#5986,#7047,.T.);
#4297=EDGE_CURVE('',#5989,#5988,#7048,.T.);
#4298=EDGE_CURVE('',#5990,#5989,#7049,.T.);
#4299=EDGE_CURVE('',#5991,#5990,#7050,.T.);
#4300=EDGE_CURVE('',#5987,#5991,#7051,.T.);
#4301=EDGE_CURVE('',#5992,#5993,#7052,.T.);
#4302=EDGE_CURVE('',#5994,#5992,#7053,.T.);
#4303=EDGE_CURVE('',#5995,#5994,#7054,.T.);
#4304=EDGE_CURVE('',#5996,#5995,#7055,.T.);
#4305=EDGE_CURVE('',#5997,#5996,#7056,.T.);
#4306=EDGE_CURVE('',#5993,#5997,#7057,.T.);
#4307=EDGE_CURVE('',#5998,#5999,#7058,.T.);
#4308=EDGE_CURVE('',#6000,#5998,#7059,.T.);
#4309=EDGE_CURVE('',#6001,#6000,#7060,.T.);
#4310=EDGE_CURVE('',#6002,#6001,#7061,.T.);
#4311=EDGE_CURVE('',#6003,#6002,#7062,.T.);
#4312=EDGE_CURVE('',#5999,#6003,#7063,.T.);
#4313=EDGE_CURVE('',#6004,#6005,#7064,.T.);
#4314=EDGE_CURVE('',#6006,#6004,#7065,.T.);
#4315=EDGE_CURVE('',#6007,#6006,#7066,.T.);
#4316=EDGE_CURVE('',#6008,#6007,#7067,.T.);
#4317=EDGE_CURVE('',#6009,#6008,#7068,.T.);
#4318=EDGE_CURVE('',#6005,#6009,#7069,.T.);
#4319=EDGE_CURVE('',#6010,#6011,#7070,.T.);
#4320=EDGE_CURVE('',#6012,#6010,#7071,.T.);
#4321=EDGE_CURVE('',#6013,#6012,#7072,.T.);
#4322=EDGE_CURVE('',#6014,#6013,#7073,.T.);
#4323=EDGE_CURVE('',#6015,#6014,#7074,.T.);
#4324=EDGE_CURVE('',#6011,#6015,#7075,.T.);
#4325=EDGE_CURVE('',#6016,#6017,#7076,.T.);
#4326=EDGE_CURVE('',#6018,#6016,#7077,.T.);
#4327=EDGE_CURVE('',#6019,#6018,#7078,.T.);
#4328=EDGE_CURVE('',#6020,#6019,#7079,.T.);
#4329=EDGE_CURVE('',#6021,#6020,#7080,.T.);
#4330=EDGE_CURVE('',#6017,#6021,#7081,.T.);
#4331=EDGE_CURVE('',#6022,#6023,#7082,.T.);
#4332=EDGE_CURVE('',#6024,#6022,#7083,.T.);
#4333=EDGE_CURVE('',#6025,#6024,#7084,.T.);
#4334=EDGE_CURVE('',#6026,#6025,#7085,.T.);
#4335=EDGE_CURVE('',#6027,#6026,#7086,.T.);
#4336=EDGE_CURVE('',#6023,#6027,#7087,.T.);
#4337=EDGE_CURVE('',#6028,#6029,#7088,.T.);
#4338=EDGE_CURVE('',#6030,#6028,#7089,.T.);
#4339=EDGE_CURVE('',#6031,#6030,#7090,.T.);
#4340=EDGE_CURVE('',#6032,#6031,#7091,.T.);
#4341=EDGE_CURVE('',#6033,#6032,#7092,.T.);
#4342=EDGE_CURVE('',#6029,#6033,#7093,.T.);
#4343=EDGE_CURVE('',#6034,#6035,#7094,.T.);
#4344=EDGE_CURVE('',#6036,#6034,#7095,.T.);
#4345=EDGE_CURVE('',#6037,#6036,#7096,.T.);
#4346=EDGE_CURVE('',#6038,#6037,#7097,.T.);
#4347=EDGE_CURVE('',#6039,#6038,#7098,.T.);
#4348=EDGE_CURVE('',#6035,#6039,#7099,.T.);
#4349=EDGE_CURVE('',#6040,#6041,#7100,.T.);
#4350=EDGE_CURVE('',#6042,#6040,#7101,.T.);
#4351=EDGE_CURVE('',#6043,#6042,#7102,.T.);
#4352=EDGE_CURVE('',#6044,#6043,#7103,.T.);
#4353=EDGE_CURVE('',#6045,#6044,#7104,.T.);
#4354=EDGE_CURVE('',#6041,#6045,#7105,.T.);
#4355=EDGE_CURVE('',#6046,#6047,#7106,.T.);
#4356=EDGE_CURVE('',#6048,#6046,#7107,.T.);
#4357=EDGE_CURVE('',#6049,#6048,#7108,.T.);
#4358=EDGE_CURVE('',#6050,#6049,#7109,.T.);
#4359=EDGE_CURVE('',#6051,#6050,#7110,.T.);
#4360=EDGE_CURVE('',#6047,#6051,#7111,.T.);
#4361=EDGE_CURVE('',#6052,#6053,#7112,.T.);
#4362=EDGE_CURVE('',#6054,#6052,#7113,.T.);
#4363=EDGE_CURVE('',#6055,#6054,#7114,.T.);
#4364=EDGE_CURVE('',#6056,#6055,#7115,.T.);
#4365=EDGE_CURVE('',#6057,#6056,#7116,.T.);
#4366=EDGE_CURVE('',#6053,#6057,#7117,.T.);
#4367=EDGE_CURVE('',#6058,#6059,#7118,.T.);
#4368=EDGE_CURVE('',#6060,#6058,#7119,.T.);
#4369=EDGE_CURVE('',#6061,#6060,#7120,.T.);
#4370=EDGE_CURVE('',#6062,#6061,#7121,.T.);
#4371=EDGE_CURVE('',#6063,#6062,#7122,.T.);
#4372=EDGE_CURVE('',#6059,#6063,#7123,.T.);
#4373=EDGE_CURVE('',#6064,#6065,#7124,.T.);
#4374=EDGE_CURVE('',#6066,#6064,#7125,.T.);
#4375=EDGE_CURVE('',#6067,#6066,#7126,.T.);
#4376=EDGE_CURVE('',#6068,#6067,#7127,.T.);
#4377=EDGE_CURVE('',#6069,#6068,#7128,.T.);
#4378=EDGE_CURVE('',#6065,#6069,#7129,.T.);
#4379=EDGE_CURVE('',#6070,#6071,#7130,.T.);
#4380=EDGE_CURVE('',#6072,#6070,#7131,.T.);
#4381=EDGE_CURVE('',#6073,#6072,#7132,.T.);
#4382=EDGE_CURVE('',#6074,#6073,#7133,.T.);
#4383=EDGE_CURVE('',#6075,#6074,#7134,.T.);
#4384=EDGE_CURVE('',#6071,#6075,#7135,.T.);
#4385=EDGE_CURVE('',#6076,#6077,#7136,.T.);
#4386=EDGE_CURVE('',#6078,#6076,#7137,.T.);
#4387=EDGE_CURVE('',#6079,#6078,#7138,.T.);
#4388=EDGE_CURVE('',#6080,#6079,#7139,.T.);
#4389=EDGE_CURVE('',#6081,#6080,#7140,.T.);
#4390=EDGE_CURVE('',#6077,#6081,#7141,.T.);
#4391=EDGE_CURVE('',#6082,#6083,#7142,.T.);
#4392=EDGE_CURVE('',#6084,#6082,#7143,.T.);
#4393=EDGE_CURVE('',#6085,#6084,#7144,.T.);
#4394=EDGE_CURVE('',#6086,#6085,#7145,.T.);
#4395=EDGE_CURVE('',#6087,#6086,#7146,.T.);
#4396=EDGE_CURVE('',#6083,#6087,#7147,.T.);
#4397=EDGE_CURVE('',#5865,#6088,#94,.T.);
#4398=EDGE_CURVE('',#6088,#5857,#7148,.T.);
#4399=EDGE_CURVE('',#6089,#6089,#95,.T.);
#4400=EDGE_CURVE('',#6090,#6091,#96,.T.);
#4401=EDGE_CURVE('',#6090,#6092,#7149,.T.);
#4402=EDGE_CURVE('',#6092,#6093,#97,.T.);
#4403=EDGE_CURVE('',#6094,#6093,#98,.T.);
#4404=EDGE_CURVE('',#6095,#6094,#7150,.T.);
#4405=EDGE_CURVE('',#6095,#6096,#7151,.T.);
#4406=EDGE_CURVE('',#6096,#6097,#7152,.T.);
#4407=EDGE_CURVE('',#6098,#6097,#99,.T.);
#4408=EDGE_CURVE('',#6098,#5874,#100,.T.);
#4409=EDGE_CURVE('',#6099,#5873,#101,.T.);
#4410=EDGE_CURVE('',#6091,#6099,#7153,.T.);
#4411=EDGE_CURVE('',#6100,#6101,#7154,.T.);
#4412=EDGE_CURVE('',#6101,#6102,#7155,.T.);
#4413=EDGE_CURVE('',#6102,#6103,#7156,.T.);
#4414=EDGE_CURVE('',#6103,#6104,#7157,.T.);
#4415=EDGE_CURVE('',#6104,#6105,#7158,.T.);
#4416=EDGE_CURVE('',#6105,#6100,#7159,.T.);
#4417=EDGE_CURVE('',#6106,#6107,#7160,.T.);
#4418=EDGE_CURVE('',#6107,#6108,#7161,.T.);
#4419=EDGE_CURVE('',#6108,#6109,#7162,.T.);
#4420=EDGE_CURVE('',#6109,#6110,#7163,.T.);
#4421=EDGE_CURVE('',#6110,#6111,#7164,.T.);
#4422=EDGE_CURVE('',#6111,#6106,#7165,.T.);
#4423=EDGE_CURVE('',#6112,#6113,#7166,.T.);
#4424=EDGE_CURVE('',#6113,#6114,#7167,.T.);
#4425=EDGE_CURVE('',#6114,#6115,#7168,.T.);
#4426=EDGE_CURVE('',#6115,#6116,#7169,.T.);
#4427=EDGE_CURVE('',#6116,#6117,#7170,.T.);
#4428=EDGE_CURVE('',#6117,#6112,#7171,.T.);
#4429=EDGE_CURVE('',#6118,#6119,#7172,.T.);
#4430=EDGE_CURVE('',#6119,#6120,#7173,.T.);
#4431=EDGE_CURVE('',#6120,#6121,#7174,.T.);
#4432=EDGE_CURVE('',#6121,#6122,#7175,.T.);
#4433=EDGE_CURVE('',#6122,#6123,#7176,.T.);
#4434=EDGE_CURVE('',#6123,#6118,#7177,.T.);
#4435=EDGE_CURVE('',#6124,#6125,#7178,.T.);
#4436=EDGE_CURVE('',#6125,#6126,#7179,.T.);
#4437=EDGE_CURVE('',#6126,#6127,#7180,.T.);
#4438=EDGE_CURVE('',#6127,#6128,#7181,.T.);
#4439=EDGE_CURVE('',#6128,#6129,#7182,.T.);
#4440=EDGE_CURVE('',#6129,#6124,#7183,.T.);
#4441=EDGE_CURVE('',#6130,#6131,#7184,.T.);
#4442=EDGE_CURVE('',#6131,#6132,#7185,.T.);
#4443=EDGE_CURVE('',#6132,#6133,#7186,.T.);
#4444=EDGE_CURVE('',#6133,#6134,#7187,.T.);
#4445=EDGE_CURVE('',#6134,#6135,#7188,.T.);
#4446=EDGE_CURVE('',#6135,#6130,#7189,.T.);
#4447=EDGE_CURVE('',#6136,#6137,#7190,.T.);
#4448=EDGE_CURVE('',#6137,#6138,#7191,.T.);
#4449=EDGE_CURVE('',#6138,#6139,#7192,.T.);
#4450=EDGE_CURVE('',#6139,#6140,#7193,.T.);
#4451=EDGE_CURVE('',#6140,#6141,#7194,.T.);
#4452=EDGE_CURVE('',#6141,#6136,#7195,.T.);
#4453=EDGE_CURVE('',#6142,#6143,#7196,.T.);
#4454=EDGE_CURVE('',#6143,#6144,#7197,.T.);
#4455=EDGE_CURVE('',#6144,#6145,#7198,.T.);
#4456=EDGE_CURVE('',#6145,#6146,#7199,.T.);
#4457=EDGE_CURVE('',#6146,#6147,#7200,.T.);
#4458=EDGE_CURVE('',#6147,#6142,#7201,.T.);
#4459=EDGE_CURVE('',#6148,#6149,#7202,.T.);
#4460=EDGE_CURVE('',#6149,#6150,#7203,.T.);
#4461=EDGE_CURVE('',#6150,#6151,#7204,.T.);
#4462=EDGE_CURVE('',#6151,#6152,#7205,.T.);
#4463=EDGE_CURVE('',#6152,#6153,#7206,.T.);
#4464=EDGE_CURVE('',#6153,#6148,#7207,.T.);
#4465=EDGE_CURVE('',#6154,#6155,#7208,.T.);
#4466=EDGE_CURVE('',#6155,#6156,#7209,.T.);
#4467=EDGE_CURVE('',#6156,#6157,#7210,.T.);
#4468=EDGE_CURVE('',#6157,#6158,#7211,.T.);
#4469=EDGE_CURVE('',#6158,#6159,#7212,.T.);
#4470=EDGE_CURVE('',#6159,#6154,#7213,.T.);
#4471=EDGE_CURVE('',#6160,#6161,#7214,.T.);
#4472=EDGE_CURVE('',#6161,#6162,#7215,.T.);
#4473=EDGE_CURVE('',#6162,#6163,#7216,.T.);
#4474=EDGE_CURVE('',#6163,#6164,#7217,.T.);
#4475=EDGE_CURVE('',#6164,#6165,#7218,.T.);
#4476=EDGE_CURVE('',#6165,#6160,#7219,.T.);
#4477=EDGE_CURVE('',#6166,#6167,#7220,.T.);
#4478=EDGE_CURVE('',#6167,#6168,#7221,.T.);
#4479=EDGE_CURVE('',#6168,#6169,#7222,.T.);
#4480=EDGE_CURVE('',#6169,#6170,#7223,.T.);
#4481=EDGE_CURVE('',#6170,#6171,#7224,.T.);
#4482=EDGE_CURVE('',#6171,#6166,#7225,.T.);
#4483=EDGE_CURVE('',#6172,#6173,#7226,.T.);
#4484=EDGE_CURVE('',#6173,#6174,#7227,.T.);
#4485=EDGE_CURVE('',#6174,#6175,#7228,.T.);
#4486=EDGE_CURVE('',#6175,#6176,#7229,.T.);
#4487=EDGE_CURVE('',#6176,#6177,#7230,.T.);
#4488=EDGE_CURVE('',#6177,#6172,#7231,.T.);
#4489=EDGE_CURVE('',#6178,#6179,#7232,.T.);
#4490=EDGE_CURVE('',#6179,#6180,#7233,.T.);
#4491=EDGE_CURVE('',#6180,#6181,#7234,.T.);
#4492=EDGE_CURVE('',#6181,#6182,#7235,.T.);
#4493=EDGE_CURVE('',#6182,#6183,#7236,.T.);
#4494=EDGE_CURVE('',#6183,#6178,#7237,.T.);
#4495=EDGE_CURVE('',#6184,#6185,#7238,.T.);
#4496=EDGE_CURVE('',#6185,#6186,#7239,.T.);
#4497=EDGE_CURVE('',#6186,#6187,#7240,.T.);
#4498=EDGE_CURVE('',#6187,#6188,#7241,.T.);
#4499=EDGE_CURVE('',#6188,#6189,#7242,.T.);
#4500=EDGE_CURVE('',#6189,#6184,#7243,.T.);
#4501=EDGE_CURVE('',#6190,#6191,#7244,.T.);
#4502=EDGE_CURVE('',#6191,#6192,#7245,.T.);
#4503=EDGE_CURVE('',#6192,#6193,#7246,.T.);
#4504=EDGE_CURVE('',#6193,#6194,#7247,.T.);
#4505=EDGE_CURVE('',#6194,#6195,#7248,.T.);
#4506=EDGE_CURVE('',#6195,#6190,#7249,.T.);
#4507=EDGE_CURVE('',#6196,#6197,#7250,.T.);
#4508=EDGE_CURVE('',#6197,#6198,#7251,.T.);
#4509=EDGE_CURVE('',#6198,#6199,#7252,.T.);
#4510=EDGE_CURVE('',#6199,#6200,#7253,.T.);
#4511=EDGE_CURVE('',#6200,#6201,#7254,.T.);
#4512=EDGE_CURVE('',#6201,#6196,#7255,.T.);
#4513=EDGE_CURVE('',#6202,#6203,#7256,.T.);
#4514=EDGE_CURVE('',#6203,#6204,#7257,.T.);
#4515=EDGE_CURVE('',#6204,#6205,#7258,.T.);
#4516=EDGE_CURVE('',#6205,#6206,#7259,.T.);
#4517=EDGE_CURVE('',#6206,#6207,#7260,.T.);
#4518=EDGE_CURVE('',#6207,#6202,#7261,.T.);
#4519=EDGE_CURVE('',#6208,#6209,#7262,.T.);
#4520=EDGE_CURVE('',#6209,#6210,#7263,.T.);
#4521=EDGE_CURVE('',#6210,#6211,#7264,.T.);
#4522=EDGE_CURVE('',#6211,#6212,#7265,.T.);
#4523=EDGE_CURVE('',#6212,#6213,#7266,.T.);
#4524=EDGE_CURVE('',#6213,#6208,#7267,.T.);
#4525=EDGE_CURVE('',#6214,#6215,#7268,.T.);
#4526=EDGE_CURVE('',#6215,#6216,#7269,.T.);
#4527=EDGE_CURVE('',#6216,#6217,#7270,.T.);
#4528=EDGE_CURVE('',#6217,#6218,#7271,.T.);
#4529=EDGE_CURVE('',#6218,#6219,#7272,.T.);
#4530=EDGE_CURVE('',#6219,#6214,#7273,.T.);
#4531=EDGE_CURVE('',#6220,#6221,#7274,.T.);
#4532=EDGE_CURVE('',#6221,#6222,#7275,.T.);
#4533=EDGE_CURVE('',#6222,#6223,#7276,.T.);
#4534=EDGE_CURVE('',#6223,#6224,#7277,.T.);
#4535=EDGE_CURVE('',#6224,#6225,#7278,.T.);
#4536=EDGE_CURVE('',#6225,#6220,#7279,.T.);
#4537=EDGE_CURVE('',#6226,#6227,#7280,.T.);
#4538=EDGE_CURVE('',#6227,#6228,#7281,.T.);
#4539=EDGE_CURVE('',#6228,#6229,#7282,.T.);
#4540=EDGE_CURVE('',#6229,#6230,#7283,.T.);
#4541=EDGE_CURVE('',#6230,#6231,#7284,.T.);
#4542=EDGE_CURVE('',#6231,#6226,#7285,.T.);
#4543=EDGE_CURVE('',#6232,#6233,#7286,.T.);
#4544=EDGE_CURVE('',#6233,#6234,#7287,.T.);
#4545=EDGE_CURVE('',#6234,#6235,#7288,.T.);
#4546=EDGE_CURVE('',#6235,#6236,#7289,.T.);
#4547=EDGE_CURVE('',#6236,#6237,#7290,.T.);
#4548=EDGE_CURVE('',#6237,#6232,#7291,.T.);
#4549=EDGE_CURVE('',#6238,#6239,#7292,.T.);
#4550=EDGE_CURVE('',#6239,#5830,#7293,.T.);
#4551=EDGE_CURVE('',#5829,#6240,#7294,.T.);
#4552=EDGE_CURVE('',#6240,#6241,#7295,.T.);
#4553=EDGE_CURVE('',#5834,#6241,#7296,.T.);
#4554=EDGE_CURVE('',#5833,#6242,#7297,.T.);
#4555=EDGE_CURVE('',#6242,#6243,#7298,.T.);
#4556=EDGE_CURVE('',#6243,#6238,#7299,.T.);
#4557=EDGE_CURVE('',#6244,#6245,#102,.T.);
#4558=EDGE_CURVE('',#6245,#6246,#247,.T.);
#4559=EDGE_CURVE('',#6246,#6247,#248,.T.);
#4560=EDGE_CURVE('',#6247,#6248,#103,.T.);
#4561=EDGE_CURVE('',#6248,#6249,#249,.T.);
#4562=EDGE_CURVE('',#6249,#6244,#250,.T.);
#4563=EDGE_CURVE('',#6250,#6251,#104,.T.);
#4564=EDGE_CURVE('',#6251,#6252,#251,.T.);
#4565=EDGE_CURVE('',#6252,#6253,#252,.T.);
#4566=EDGE_CURVE('',#6253,#6254,#105,.T.);
#4567=EDGE_CURVE('',#6254,#6255,#253,.T.);
#4568=EDGE_CURVE('',#6255,#6250,#254,.T.);
#4569=EDGE_CURVE('',#6256,#6257,#106,.T.);
#4570=EDGE_CURVE('',#6257,#6258,#255,.T.);
#4571=EDGE_CURVE('',#6258,#6259,#256,.T.);
#4572=EDGE_CURVE('',#6259,#6260,#107,.T.);
#4573=EDGE_CURVE('',#6260,#6261,#257,.T.);
#4574=EDGE_CURVE('',#6261,#6256,#258,.T.);
#4575=EDGE_CURVE('',#6262,#6263,#108,.T.);
#4576=EDGE_CURVE('',#6263,#6264,#259,.T.);
#4577=EDGE_CURVE('',#6264,#6265,#260,.T.);
#4578=EDGE_CURVE('',#6265,#6266,#109,.T.);
#4579=EDGE_CURVE('',#6266,#6267,#261,.T.);
#4580=EDGE_CURVE('',#6267,#6262,#262,.T.);
#4581=EDGE_CURVE('',#6268,#6269,#110,.T.);
#4582=EDGE_CURVE('',#6269,#6270,#263,.T.);
#4583=EDGE_CURVE('',#6270,#6271,#264,.T.);
#4584=EDGE_CURVE('',#6271,#6272,#111,.T.);
#4585=EDGE_CURVE('',#6272,#6273,#265,.T.);
#4586=EDGE_CURVE('',#6273,#6268,#266,.T.);
#4587=EDGE_CURVE('',#6274,#6275,#112,.T.);
#4588=EDGE_CURVE('',#6275,#6276,#267,.T.);
#4589=EDGE_CURVE('',#6276,#6277,#268,.T.);
#4590=EDGE_CURVE('',#6277,#6278,#113,.T.);
#4591=EDGE_CURVE('',#6278,#6279,#269,.T.);
#4592=EDGE_CURVE('',#6279,#6274,#270,.T.);
#4593=EDGE_CURVE('',#6280,#6281,#114,.T.);
#4594=EDGE_CURVE('',#6281,#6282,#271,.T.);
#4595=EDGE_CURVE('',#6282,#6283,#272,.T.);
#4596=EDGE_CURVE('',#6283,#6284,#115,.T.);
#4597=EDGE_CURVE('',#6284,#6285,#273,.T.);
#4598=EDGE_CURVE('',#6285,#6280,#274,.T.);
#4599=EDGE_CURVE('',#6286,#6287,#116,.T.);
#4600=EDGE_CURVE('',#6287,#6288,#275,.T.);
#4601=EDGE_CURVE('',#6288,#6289,#276,.T.);
#4602=EDGE_CURVE('',#6289,#6290,#117,.T.);
#4603=EDGE_CURVE('',#6290,#6291,#277,.T.);
#4604=EDGE_CURVE('',#6291,#6286,#278,.T.);
#4605=EDGE_CURVE('',#6292,#6293,#118,.T.);
#4606=EDGE_CURVE('',#6293,#6294,#279,.T.);
#4607=EDGE_CURVE('',#6294,#6295,#280,.T.);
#4608=EDGE_CURVE('',#6295,#6296,#119,.T.);
#4609=EDGE_CURVE('',#6296,#6297,#281,.T.);
#4610=EDGE_CURVE('',#6297,#6292,#282,.T.);
#4611=EDGE_CURVE('',#6298,#6299,#120,.T.);
#4612=EDGE_CURVE('',#6299,#6300,#283,.T.);
#4613=EDGE_CURVE('',#6300,#6301,#284,.T.);
#4614=EDGE_CURVE('',#6301,#6302,#121,.T.);
#4615=EDGE_CURVE('',#6302,#6303,#285,.T.);
#4616=EDGE_CURVE('',#6303,#6298,#286,.T.);
#4617=EDGE_CURVE('',#6304,#6305,#122,.T.);
#4618=EDGE_CURVE('',#6305,#6306,#287,.T.);
#4619=EDGE_CURVE('',#6306,#6307,#288,.T.);
#4620=EDGE_CURVE('',#6307,#6308,#123,.T.);
#4621=EDGE_CURVE('',#6308,#6309,#289,.T.);
#4622=EDGE_CURVE('',#6309,#6304,#290,.T.);
#4623=EDGE_CURVE('',#5827,#6310,#291,.T.);
#4624=EDGE_CURVE('',#6310,#6311,#292,.T.);
#4625=EDGE_CURVE('',#6311,#6312,#124,.T.);
#4626=EDGE_CURVE('',#6312,#6313,#293,.T.);
#4627=EDGE_CURVE('',#6313,#5836,#294,.T.);
#4628=EDGE_CURVE('',#5835,#6314,#7300,.T.);
#4629=EDGE_CURVE('',#6314,#6315,#125,.T.);
#4630=EDGE_CURVE('',#6315,#6316,#17,.T.);
#4631=EDGE_CURVE('',#6316,#6317,#126,.T.);
#4632=EDGE_CURVE('',#5828,#6317,#7301,.T.);
#4633=EDGE_CURVE('',#6318,#6319,#127,.T.);
#4634=EDGE_CURVE('',#6319,#6320,#295,.T.);
#4635=EDGE_CURVE('',#6320,#6321,#296,.T.);
#4636=EDGE_CURVE('',#6321,#6322,#128,.T.);
#4637=EDGE_CURVE('',#6322,#6323,#297,.T.);
#4638=EDGE_CURVE('',#6323,#6318,#298,.T.);
#4639=EDGE_CURVE('',#6324,#6325,#129,.T.);
#4640=EDGE_CURVE('',#6325,#6326,#299,.T.);
#4641=EDGE_CURVE('',#6326,#6327,#300,.T.);
#4642=EDGE_CURVE('',#6327,#6328,#130,.T.);
#4643=EDGE_CURVE('',#6328,#6329,#301,.T.);
#4644=EDGE_CURVE('',#6329,#6324,#302,.T.);
#4645=EDGE_CURVE('',#6330,#6331,#131,.T.);
#4646=EDGE_CURVE('',#6331,#6332,#303,.T.);
#4647=EDGE_CURVE('',#6332,#6333,#304,.T.);
#4648=EDGE_CURVE('',#6333,#6334,#132,.T.);
#4649=EDGE_CURVE('',#6334,#6335,#305,.T.);
#4650=EDGE_CURVE('',#6335,#6330,#306,.T.);
#4651=EDGE_CURVE('',#6336,#6337,#133,.T.);
#4652=EDGE_CURVE('',#6337,#6338,#307,.T.);
#4653=EDGE_CURVE('',#6338,#6339,#308,.T.);
#4654=EDGE_CURVE('',#6339,#6340,#134,.T.);
#4655=EDGE_CURVE('',#6340,#6341,#309,.T.);
#4656=EDGE_CURVE('',#6341,#6336,#310,.T.);
#4657=EDGE_CURVE('',#6342,#6343,#135,.T.);
#4658=EDGE_CURVE('',#6343,#6344,#311,.T.);
#4659=EDGE_CURVE('',#6344,#6345,#312,.T.);
#4660=EDGE_CURVE('',#6345,#6346,#136,.T.);
#4661=EDGE_CURVE('',#6346,#6347,#313,.T.);
#4662=EDGE_CURVE('',#6347,#6342,#314,.T.);
#4663=EDGE_CURVE('',#6348,#6349,#137,.T.);
#4664=EDGE_CURVE('',#6349,#6350,#315,.T.);
#4665=EDGE_CURVE('',#6350,#6351,#316,.T.);
#4666=EDGE_CURVE('',#6351,#6352,#138,.T.);
#4667=EDGE_CURVE('',#6352,#6353,#317,.T.);
#4668=EDGE_CURVE('',#6353,#6348,#318,.T.);
#4669=EDGE_CURVE('',#6354,#6355,#139,.T.);
#4670=EDGE_CURVE('',#6355,#6356,#319,.T.);
#4671=EDGE_CURVE('',#6356,#6357,#320,.T.);
#4672=EDGE_CURVE('',#6357,#6358,#140,.T.);
#4673=EDGE_CURVE('',#6358,#6359,#321,.T.);
#4674=EDGE_CURVE('',#6359,#6354,#322,.T.);
#4675=EDGE_CURVE('',#6360,#6361,#141,.T.);
#4676=EDGE_CURVE('',#6361,#6362,#323,.T.);
#4677=EDGE_CURVE('',#6362,#6363,#324,.T.);
#4678=EDGE_CURVE('',#6363,#6364,#142,.T.);
#4679=EDGE_CURVE('',#6364,#6365,#325,.T.);
#4680=EDGE_CURVE('',#6365,#6360,#326,.T.);
#4681=EDGE_CURVE('',#6366,#6367,#143,.T.);
#4682=EDGE_CURVE('',#6367,#6368,#327,.T.);
#4683=EDGE_CURVE('',#6368,#6369,#328,.T.);
#4684=EDGE_CURVE('',#6369,#6370,#144,.T.);
#4685=EDGE_CURVE('',#6370,#6371,#329,.T.);
#4686=EDGE_CURVE('',#6371,#6366,#330,.T.);
#4687=EDGE_CURVE('',#6372,#6373,#145,.T.);
#4688=EDGE_CURVE('',#6373,#6374,#331,.T.);
#4689=EDGE_CURVE('',#6374,#6375,#332,.T.);
#4690=EDGE_CURVE('',#6375,#6376,#146,.T.);
#4691=EDGE_CURVE('',#6376,#6377,#333,.T.);
#4692=EDGE_CURVE('',#6377,#6372,#334,.T.);
#4693=EDGE_CURVE('',#6378,#6379,#147,.T.);
#4694=EDGE_CURVE('',#6379,#6380,#335,.T.);
#4695=EDGE_CURVE('',#6380,#6381,#336,.T.);
#4696=EDGE_CURVE('',#6381,#6382,#148,.T.);
#4697=EDGE_CURVE('',#6382,#6383,#337,.T.);
#4698=EDGE_CURVE('',#6383,#6378,#338,.T.);
#4699=EDGE_CURVE('',#6384,#6385,#149,.T.);
#4700=EDGE_CURVE('',#6385,#6386,#339,.T.);
#4701=EDGE_CURVE('',#6386,#6387,#340,.T.);
#4702=EDGE_CURVE('',#6387,#6388,#150,.T.);
#4703=EDGE_CURVE('',#6388,#6389,#341,.T.);
#4704=EDGE_CURVE('',#6389,#6384,#342,.T.);
#4705=EDGE_CURVE('',#6390,#5581,#7302,.T.);
#4706=EDGE_CURVE('',#6391,#6390,#7303,.T.);
#4707=EDGE_CURVE('',#6391,#5557,#7304,.T.);
#4708=EDGE_CURVE('',#5556,#5562,#7305,.T.);
#4709=EDGE_CURVE('',#5561,#5593,#7306,.T.);
#4710=EDGE_CURVE('',#5592,#5600,#7307,.T.);
#4711=EDGE_CURVE('',#5599,#6392,#7308,.T.);
#4712=EDGE_CURVE('',#6392,#6393,#7309,.T.);
#4713=EDGE_CURVE('',#5573,#6393,#7310,.T.);
#4714=EDGE_CURVE('',#5570,#5575,#7311,.T.);
#4715=EDGE_CURVE('',#5585,#5569,#7312,.T.);
#4716=EDGE_CURVE('',#5582,#5587,#7313,.T.);
#4717=EDGE_CURVE('',#5538,#5523,#7314,.T.);
#4718=EDGE_CURVE('',#6394,#5819,#7315,.T.);
#4719=EDGE_CURVE('',#6394,#6395,#7316,.T.);
#4720=EDGE_CURVE('',#6395,#5820,#7317,.T.);
#4721=EDGE_CURVE('',#6395,#6396,#7318,.T.);
#4722=EDGE_CURVE('',#6396,#5821,#7319,.T.);
#4723=EDGE_CURVE('',#6397,#6396,#7320,.T.);
#4724=EDGE_CURVE('',#6397,#5822,#7321,.T.);
#4725=EDGE_CURVE('',#6394,#6397,#7322,.T.);
#4726=EDGE_CURVE('',#6398,#6399,#18,.T.);
#4727=EDGE_CURVE('',#6400,#6398,#151,.T.);
#4728=EDGE_CURVE('',#6401,#6400,#152,.T.);
#4729=EDGE_CURVE('',#6402,#6401,#153,.T.);
#4730=EDGE_CURVE('',#6402,#6403,#19,.T.);
#4731=EDGE_CURVE('',#6399,#6403,#154,.T.);
#4732=EDGE_CURVE('',#6404,#6091,#7323,.T.);
#4733=EDGE_CURVE('',#6404,#6405,#155,.F.);
#4734=EDGE_CURVE('',#6405,#6090,#7324,.T.);
#4735=EDGE_CURVE('',#6406,#5872,#156,.T.);
#4736=EDGE_CURVE('',#6406,#6099,#7325,.T.);
#4737=EDGE_CURVE('',#6407,#5871,#7326,.T.);
#4738=EDGE_CURVE('',#6407,#6406,#7327,.T.);
#4739=EDGE_CURVE('',#5529,#5545,#7328,.T.);
#4740=EDGE_CURVE('',#6408,#6409,#7329,.T.);
#4741=EDGE_CURVE('',#6410,#6408,#7330,.T.);
#4742=EDGE_CURVE('',#6411,#6410,#7331,.T.);
#4743=EDGE_CURVE('',#6412,#6411,#7332,.T.);
#4744=EDGE_CURVE('',#6413,#6412,#7333,.T.);
#4745=EDGE_CURVE('',#6409,#6413,#7334,.T.);
#4746=EDGE_CURVE('',#6414,#6415,#7335,.T.);
#4747=EDGE_CURVE('',#6414,#6416,#7336,.T.);
#4748=EDGE_CURVE('',#6417,#6416,#7337,.T.);
#4749=EDGE_CURVE('',#6418,#6417,#7338,.T.);
#4750=EDGE_CURVE('',#6419,#6418,#7339,.T.);
#4751=EDGE_CURVE('',#6420,#6419,#7340,.T.);
#4752=EDGE_CURVE('',#6420,#6421,#7341,.T.);
#4753=EDGE_CURVE('',#6422,#6421,#7342,.T.);
#4754=EDGE_CURVE('',#6423,#6422,#7343,.T.);
#4755=EDGE_CURVE('',#6424,#6423,#7344,.T.);
#4756=EDGE_CURVE('',#6425,#6424,#7345,.T.);
#4757=EDGE_CURVE('',#6425,#6400,#7346,.T.);
#4758=EDGE_CURVE('',#6398,#5726,#7347,.F.);
#4759=EDGE_CURVE('',#5725,#5697,#7348,.T.);
#4760=EDGE_CURVE('',#5696,#5728,#7349,.T.);
#4761=EDGE_CURVE('',#5727,#6399,#7350,.T.);
#4762=EDGE_CURVE('',#6315,#6403,#7351,.T.);
#4763=EDGE_CURVE('',#6241,#6314,#7352,.T.);
#4764=EDGE_CURVE('',#6240,#6317,#7353,.T.);
#4765=EDGE_CURVE('',#6402,#6316,#7354,.F.);
#4766=EDGE_CURVE('',#6401,#6426,#7355,.T.);
#4767=EDGE_CURVE('',#6427,#6426,#7356,.T.);
#4768=EDGE_CURVE('',#6428,#6427,#7357,.T.);
#4769=EDGE_CURVE('',#6429,#6428,#7358,.T.);
#4770=EDGE_CURVE('',#6430,#6429,#7359,.T.);
#4771=EDGE_CURVE('',#6430,#6431,#7360,.T.);
#4772=EDGE_CURVE('',#6432,#6431,#7361,.T.);
#4773=EDGE_CURVE('',#6433,#6432,#7362,.T.);
#4774=EDGE_CURVE('',#6415,#6433,#7363,.T.);
#4775=EDGE_CURVE('',#6434,#6435,#7364,.T.);
#4776=EDGE_CURVE('',#6436,#6434,#7365,.T.);
#4777=EDGE_CURVE('',#6437,#6436,#7366,.T.);
#4778=EDGE_CURVE('',#6438,#6437,#7367,.T.);
#4779=EDGE_CURVE('',#6439,#6438,#7368,.T.);
#4780=EDGE_CURVE('',#6435,#6439,#7369,.T.);
#4781=EDGE_CURVE('',#6440,#6441,#7370,.T.);
#4782=EDGE_CURVE('',#6442,#6440,#7371,.T.);
#4783=EDGE_CURVE('',#6443,#6442,#7372,.T.);
#4784=EDGE_CURVE('',#6444,#6443,#7373,.T.);
#4785=EDGE_CURVE('',#6445,#6444,#7374,.T.);
#4786=EDGE_CURVE('',#6441,#6445,#7375,.T.);
#4787=EDGE_CURVE('',#6446,#6447,#7376,.T.);
#4788=EDGE_CURVE('',#6448,#6446,#7377,.T.);
#4789=EDGE_CURVE('',#6449,#6448,#7378,.T.);
#4790=EDGE_CURVE('',#6450,#6449,#7379,.T.);
#4791=EDGE_CURVE('',#6451,#6450,#7380,.T.);
#4792=EDGE_CURVE('',#6447,#6451,#7381,.T.);
#4793=EDGE_CURVE('',#6452,#6453,#7382,.T.);
#4794=EDGE_CURVE('',#6454,#6452,#7383,.T.);
#4795=EDGE_CURVE('',#6455,#6454,#7384,.T.);
#4796=EDGE_CURVE('',#6456,#6455,#7385,.T.);
#4797=EDGE_CURVE('',#6457,#6456,#7386,.T.);
#4798=EDGE_CURVE('',#6453,#6457,#7387,.T.);
#4799=EDGE_CURVE('',#6458,#6459,#7388,.T.);
#4800=EDGE_CURVE('',#6460,#6458,#7389,.T.);
#4801=EDGE_CURVE('',#6461,#6460,#7390,.T.);
#4802=EDGE_CURVE('',#6462,#6461,#7391,.T.);
#4803=EDGE_CURVE('',#6463,#6462,#7392,.T.);
#4804=EDGE_CURVE('',#6459,#6463,#7393,.T.);
#4805=EDGE_CURVE('',#6464,#6465,#7394,.T.);
#4806=EDGE_CURVE('',#6466,#6464,#7395,.T.);
#4807=EDGE_CURVE('',#6467,#6466,#7396,.T.);
#4808=EDGE_CURVE('',#6468,#6467,#7397,.T.);
#4809=EDGE_CURVE('',#6469,#6468,#7398,.T.);
#4810=EDGE_CURVE('',#6465,#6469,#7399,.T.);
#4811=EDGE_CURVE('',#6470,#6471,#7400,.T.);
#4812=EDGE_CURVE('',#6472,#6470,#7401,.T.);
#4813=EDGE_CURVE('',#6473,#6472,#7402,.T.);
#4814=EDGE_CURVE('',#6474,#6473,#7403,.T.);
#4815=EDGE_CURVE('',#6475,#6474,#7404,.T.);
#4816=EDGE_CURVE('',#6471,#6475,#7405,.T.);
#4817=EDGE_CURVE('',#6476,#6477,#7406,.T.);
#4818=EDGE_CURVE('',#6478,#6476,#7407,.T.);
#4819=EDGE_CURVE('',#6479,#6478,#7408,.T.);
#4820=EDGE_CURVE('',#6480,#6479,#7409,.T.);
#4821=EDGE_CURVE('',#6481,#6480,#7410,.T.);
#4822=EDGE_CURVE('',#6477,#6481,#7411,.T.);
#4823=EDGE_CURVE('',#6482,#6483,#7412,.T.);
#4824=EDGE_CURVE('',#6484,#6482,#7413,.T.);
#4825=EDGE_CURVE('',#6485,#6484,#7414,.T.);
#4826=EDGE_CURVE('',#6486,#6485,#7415,.T.);
#4827=EDGE_CURVE('',#6487,#6486,#7416,.T.);
#4828=EDGE_CURVE('',#6483,#6487,#7417,.T.);
#4829=EDGE_CURVE('',#6488,#6489,#7418,.T.);
#4830=EDGE_CURVE('',#6490,#6488,#7419,.T.);
#4831=EDGE_CURVE('',#6491,#6490,#7420,.T.);
#4832=EDGE_CURVE('',#6492,#6491,#7421,.T.);
#4833=EDGE_CURVE('',#6493,#6492,#7422,.T.);
#4834=EDGE_CURVE('',#6489,#6493,#7423,.T.);
#4835=EDGE_CURVE('',#6494,#6495,#7424,.T.);
#4836=EDGE_CURVE('',#6496,#6494,#7425,.T.);
#4837=EDGE_CURVE('',#6497,#6496,#7426,.T.);
#4838=EDGE_CURVE('',#6498,#6497,#7427,.T.);
#4839=EDGE_CURVE('',#6499,#6498,#7428,.T.);
#4840=EDGE_CURVE('',#6495,#6499,#7429,.T.);
#4841=EDGE_CURVE('',#6500,#6501,#7430,.T.);
#4842=EDGE_CURVE('',#6502,#6500,#7431,.T.);
#4843=EDGE_CURVE('',#6503,#6502,#7432,.T.);
#4844=EDGE_CURVE('',#6504,#6503,#7433,.T.);
#4845=EDGE_CURVE('',#6505,#6504,#7434,.T.);
#4846=EDGE_CURVE('',#6501,#6505,#7435,.T.);
#4847=EDGE_CURVE('',#6506,#6507,#7436,.T.);
#4848=EDGE_CURVE('',#6508,#6506,#7437,.T.);
#4849=EDGE_CURVE('',#6509,#6508,#7438,.T.);
#4850=EDGE_CURVE('',#6510,#6509,#7439,.T.);
#4851=EDGE_CURVE('',#6511,#6510,#7440,.T.);
#4852=EDGE_CURVE('',#6507,#6511,#7441,.T.);
#4853=EDGE_CURVE('',#6512,#6513,#7442,.T.);
#4854=EDGE_CURVE('',#6514,#6512,#7443,.T.);
#4855=EDGE_CURVE('',#6515,#6514,#7444,.T.);
#4856=EDGE_CURVE('',#6516,#6515,#7445,.T.);
#4857=EDGE_CURVE('',#6517,#6516,#7446,.T.);
#4858=EDGE_CURVE('',#6513,#6517,#7447,.T.);
#4859=EDGE_CURVE('',#6518,#6519,#7448,.T.);
#4860=EDGE_CURVE('',#6520,#6518,#7449,.T.);
#4861=EDGE_CURVE('',#6521,#6520,#7450,.T.);
#4862=EDGE_CURVE('',#6522,#6521,#7451,.T.);
#4863=EDGE_CURVE('',#6523,#6522,#7452,.T.);
#4864=EDGE_CURVE('',#6519,#6523,#7453,.T.);
#4865=EDGE_CURVE('',#6524,#6525,#7454,.T.);
#4866=EDGE_CURVE('',#6526,#6524,#7455,.T.);
#4867=EDGE_CURVE('',#6527,#6526,#7456,.T.);
#4868=EDGE_CURVE('',#6528,#6527,#7457,.T.);
#4869=EDGE_CURVE('',#6529,#6528,#7458,.T.);
#4870=EDGE_CURVE('',#6525,#6529,#7459,.T.);
#4871=EDGE_CURVE('',#6530,#6531,#7460,.T.);
#4872=EDGE_CURVE('',#6532,#6530,#7461,.T.);
#4873=EDGE_CURVE('',#6533,#6532,#7462,.T.);
#4874=EDGE_CURVE('',#6534,#6533,#7463,.T.);
#4875=EDGE_CURVE('',#6535,#6534,#7464,.T.);
#4876=EDGE_CURVE('',#6531,#6535,#7465,.T.);
#4877=EDGE_CURVE('',#6536,#6537,#7466,.T.);
#4878=EDGE_CURVE('',#6538,#6536,#7467,.T.);
#4879=EDGE_CURVE('',#6539,#6538,#7468,.T.);
#4880=EDGE_CURVE('',#6540,#6539,#7469,.T.);
#4881=EDGE_CURVE('',#6541,#6540,#7470,.T.);
#4882=EDGE_CURVE('',#6537,#6541,#7471,.T.);
#4883=EDGE_CURVE('',#6542,#6543,#7472,.T.);
#4884=EDGE_CURVE('',#6544,#6542,#7473,.T.);
#4885=EDGE_CURVE('',#6545,#6544,#7474,.T.);
#4886=EDGE_CURVE('',#6546,#6545,#7475,.T.);
#4887=EDGE_CURVE('',#6547,#6546,#7476,.T.);
#4888=EDGE_CURVE('',#6543,#6547,#7477,.T.);
#4889=EDGE_CURVE('',#6548,#6549,#7478,.T.);
#4890=EDGE_CURVE('',#6550,#6548,#7479,.T.);
#4891=EDGE_CURVE('',#6551,#6550,#7480,.T.);
#4892=EDGE_CURVE('',#6552,#6551,#7481,.T.);
#4893=EDGE_CURVE('',#6553,#6552,#7482,.T.);
#4894=EDGE_CURVE('',#6549,#6553,#7483,.T.);
#4895=EDGE_CURVE('',#6554,#6555,#7484,.T.);
#4896=EDGE_CURVE('',#6556,#6554,#7485,.T.);
#4897=EDGE_CURVE('',#6557,#6556,#7486,.T.);
#4898=EDGE_CURVE('',#6558,#6557,#7487,.T.);
#4899=EDGE_CURVE('',#6559,#6558,#7488,.T.);
#4900=EDGE_CURVE('',#6555,#6559,#7489,.T.);
#4901=EDGE_CURVE('',#6560,#6561,#7490,.T.);
#4902=EDGE_CURVE('',#6562,#6560,#7491,.T.);
#4903=EDGE_CURVE('',#6563,#6562,#7492,.T.);
#4904=EDGE_CURVE('',#6564,#6563,#7493,.T.);
#4905=EDGE_CURVE('',#6565,#6564,#7494,.T.);
#4906=EDGE_CURVE('',#6561,#6565,#7495,.T.);
#4907=EDGE_CURVE('',#6566,#6567,#7496,.T.);
#4908=EDGE_CURVE('',#6568,#6566,#7497,.T.);
#4909=EDGE_CURVE('',#6569,#6568,#7498,.T.);
#4910=EDGE_CURVE('',#6570,#6569,#7499,.T.);
#4911=EDGE_CURVE('',#6571,#6570,#7500,.T.);
#4912=EDGE_CURVE('',#6567,#6571,#7501,.T.);
#4913=EDGE_CURVE('',#6572,#6573,#7502,.T.);
#4914=EDGE_CURVE('',#6574,#6572,#7503,.T.);
#4915=EDGE_CURVE('',#6575,#6574,#7504,.T.);
#4916=EDGE_CURVE('',#6576,#6575,#7505,.T.);
#4917=EDGE_CURVE('',#6577,#6576,#7506,.T.);
#4918=EDGE_CURVE('',#6573,#6577,#7507,.T.);
#4919=EDGE_CURVE('',#6578,#6579,#7508,.T.);
#4920=EDGE_CURVE('',#6580,#6578,#7509,.T.);
#4921=EDGE_CURVE('',#6581,#6580,#7510,.T.);
#4922=EDGE_CURVE('',#6582,#6581,#7511,.T.);
#4923=EDGE_CURVE('',#6583,#6582,#7512,.T.);
#4924=EDGE_CURVE('',#6579,#6583,#7513,.T.);
#4925=EDGE_CURVE('',#6584,#6585,#7514,.T.);
#4926=EDGE_CURVE('',#6586,#6584,#7515,.T.);
#4927=EDGE_CURVE('',#6587,#6586,#7516,.T.);
#4928=EDGE_CURVE('',#6588,#6587,#7517,.T.);
#4929=EDGE_CURVE('',#6589,#6588,#7518,.T.);
#4930=EDGE_CURVE('',#6585,#6589,#7519,.T.);
#4931=EDGE_CURVE('',#6590,#6591,#7520,.T.);
#4932=EDGE_CURVE('',#6592,#6590,#7521,.T.);
#4933=EDGE_CURVE('',#6593,#6592,#7522,.T.);
#4934=EDGE_CURVE('',#6594,#6593,#7523,.T.);
#4935=EDGE_CURVE('',#6595,#6594,#7524,.T.);
#4936=EDGE_CURVE('',#6591,#6595,#7525,.T.);
#4937=EDGE_CURVE('',#6596,#6597,#7526,.T.);
#4938=EDGE_CURVE('',#6598,#6596,#7527,.T.);
#4939=EDGE_CURVE('',#6599,#6598,#7528,.T.);
#4940=EDGE_CURVE('',#6600,#6599,#7529,.T.);
#4941=EDGE_CURVE('',#6601,#6600,#7530,.T.);
#4942=EDGE_CURVE('',#6597,#6601,#7531,.T.);
#4943=EDGE_CURVE('',#6602,#6603,#7532,.T.);
#4944=EDGE_CURVE('',#6604,#6602,#7533,.T.);
#4945=EDGE_CURVE('',#6605,#6604,#7534,.T.);
#4946=EDGE_CURVE('',#6606,#6605,#7535,.T.);
#4947=EDGE_CURVE('',#6607,#6606,#7536,.T.);
#4948=EDGE_CURVE('',#6603,#6607,#7537,.T.);
#4949=EDGE_CURVE('',#6608,#6609,#7538,.T.);
#4950=EDGE_CURVE('',#6610,#6608,#7539,.T.);
#4951=EDGE_CURVE('',#6611,#6610,#7540,.T.);
#4952=EDGE_CURVE('',#6612,#6611,#7541,.T.);
#4953=EDGE_CURVE('',#6613,#6612,#7542,.T.);
#4954=EDGE_CURVE('',#6609,#6613,#7543,.T.);
#4955=EDGE_CURVE('',#6614,#6414,#7544,.T.);
#4956=EDGE_CURVE('',#6614,#6615,#7545,.T.);
#4957=EDGE_CURVE('',#6431,#6615,#7546,.T.);
#4958=EDGE_CURVE('',#6616,#6430,#7547,.T.);
#4959=EDGE_CURVE('',#6616,#6617,#7548,.T.);
#4960=EDGE_CURVE('',#6426,#6617,#7549,.T.);
#4961=EDGE_CURVE('',#5825,#6401,#7550,.T.);
#4962=EDGE_CURVE('',#5824,#6400,#7551,.T.);
#4963=EDGE_CURVE('',#6618,#6425,#7552,.T.);
#4964=EDGE_CURVE('',#6618,#6619,#7553,.T.);
#4965=EDGE_CURVE('',#6421,#6619,#7554,.T.);
#4966=EDGE_CURVE('',#6620,#6420,#7555,.T.);
#4967=EDGE_CURVE('',#6620,#6621,#7556,.T.);
#4968=EDGE_CURVE('',#6416,#6621,#7557,.T.);
#4969=EDGE_CURVE('',#5825,#5824,#157,.T.);
#4970=EDGE_CURVE('',#6401,#6400,#158,.T.);
#4971=EDGE_CURVE('',#6622,#6622,#159,.F.);
#4972=EDGE_CURVE('',#6623,#6624,#7558,.T.);
#4973=EDGE_CURVE('',#6623,#6097,#7559,.T.);
#4974=EDGE_CURVE('',#6624,#6096,#7560,.T.);
#4975=EDGE_CURVE('',#6624,#6625,#7561,.T.);
#4976=EDGE_CURVE('',#6626,#6095,#7562,.T.);
#4977=EDGE_CURVE('',#6627,#6626,#7563,.T.);
#4978=EDGE_CURVE('',#6628,#6627,#7564,.T.);
#4979=EDGE_CURVE('',#6629,#6628,#7565,.T.);
#4980=EDGE_CURVE('',#6629,#6630,#7566,.T.);
#4981=EDGE_CURVE('',#6625,#6630,#7567,.T.);
#4982=EDGE_CURVE('',#6631,#6094,#7568,.T.);
#4983=EDGE_CURVE('',#6631,#6626,#7569,.T.);
#4984=EDGE_CURVE('',#6093,#6632,#7570,.F.);
#4985=EDGE_CURVE('',#6632,#6633,#160,.F.);
#4986=EDGE_CURVE('',#6633,#6631,#343,.F.);
#4987=EDGE_CURVE('',#6407,#6634,#7571,.T.);
#4988=EDGE_CURVE('',#6634,#6404,#7572,.T.);
#4989=EDGE_CURVE('',#6635,#6635,#161,.T.);
#4990=EDGE_CURVE('',#6623,#6636,#162,.F.);
#4991=EDGE_CURVE('',#6636,#6098,#7573,.F.);
#4992=EDGE_CURVE('',#6630,#6637,#7574,.T.);
#4993=EDGE_CURVE('',#6638,#6629,#7575,.T.);
#4994=EDGE_CURVE('',#6637,#6638,#7576,.T.);
#4995=EDGE_CURVE('',#6639,#6639,#163,.F.);
#4996=EDGE_CURVE('',#6640,#6640,#164,.T.);
#4997=EDGE_CURVE('',#6641,#6641,#165,.T.);
#4998=EDGE_CURVE('',#6642,#6642,#166,.T.);
#4999=EDGE_CURVE('',#6643,#6643,#167,.T.);
#5000=EDGE_CURVE('',#6644,#6645,#7577,.T.);
#5001=EDGE_CURVE('',#6644,#6646,#7578,.T.);
#5002=EDGE_CURVE('',#5870,#6646,#7579,.T.);
#5003=EDGE_CURVE('',#5869,#6645,#168,.T.);
#5004=EDGE_CURVE('',#6092,#6647,#7580,.F.);
#5005=EDGE_CURVE('',#6647,#6632,#169,.F.);
#5006=EDGE_CURVE('',#6636,#6648,#170,.F.);
#5007=EDGE_CURVE('',#6648,#6645,#344,.F.);
#5008=EDGE_CURVE('',#6405,#6647,#7581,.T.);
#5009=EDGE_CURVE('',#6644,#6637,#7582,.T.);
#5010=EDGE_CURVE('',#6638,#6646,#7583,.T.);
#5011=EDGE_CURVE('',#5868,#6088,#7584,.T.);
#5012=EDGE_CURVE('',#6649,#6649,#171,.T.);
#5013=EDGE_CURVE('',#6650,#6650,#172,.T.);
#5014=EDGE_CURVE('',#6651,#6651,#173,.T.);
#5015=EDGE_CURVE('',#5536,#5524,#7585,.T.);
#5016=EDGE_CURVE('',#5589,#5560,#7586,.T.);
#5017=EDGE_CURVE('',#5553,#6652,#7587,.T.);
#5018=EDGE_CURVE('',#6652,#6653,#7588,.T.);
#5019=EDGE_CURVE('',#5580,#6653,#7589,.T.);
#5020=EDGE_CURVE('',#5568,#5584,#7590,.T.);
#5021=EDGE_CURVE('',#6654,#5572,#7591,.T.);
#5022=EDGE_CURVE('',#6654,#5606,#7592,.T.);
#5023=EDGE_CURVE('',#5612,#5605,#7593,.T.);
#5024=EDGE_CURVE('',#5610,#6655,#7594,.T.);
#5025=EDGE_CURVE('',#6655,#5598,#7595,.T.);
#5026=EDGE_CURVE('',#5597,#5594,#7596,.T.);
#5027=EDGE_CURVE('',#6653,#6390,#7597,.T.);
#5028=EDGE_CURVE('',#6652,#6391,#7598,.T.);
#5029=EDGE_CURVE('',#6417,#5880,#7599,.T.);
#5030=EDGE_CURVE('',#6418,#5879,#7600,.T.);
#5031=EDGE_CURVE('',#6419,#5878,#7601,.T.);
#5032=EDGE_CURVE('',#6656,#5877,#7602,.T.);
#5033=EDGE_CURVE('',#6620,#6656,#7603,.T.);
#5034=EDGE_CURVE('',#5876,#6657,#7604,.T.);
#5035=EDGE_CURVE('',#6656,#6657,#7605,.T.);
#5036=EDGE_CURVE('',#6658,#5882,#7606,.T.);
#5037=EDGE_CURVE('',#6659,#5881,#7607,.T.);
#5038=EDGE_CURVE('',#6658,#6659,#7608,.T.);
#5039=EDGE_CURVE('',#6659,#6621,#7609,.T.);
#5040=EDGE_CURVE('',#6660,#6657,#7610,.T.);
#5041=EDGE_CURVE('',#6658,#6660,#7611,.T.);
#5042=EDGE_CURVE('',#6432,#5888,#7612,.T.);
#5043=EDGE_CURVE('',#6433,#5887,#7613,.T.);
#5044=EDGE_CURVE('',#6415,#5886,#7614,.T.);
#5045=EDGE_CURVE('',#6661,#5885,#7615,.T.);
#5046=EDGE_CURVE('',#6614,#6661,#7616,.T.);
#5047=EDGE_CURVE('',#5883,#6662,#7617,.T.);
#5048=EDGE_CURVE('',#6661,#6662,#7618,.T.);
#5049=EDGE_CURVE('',#6663,#5884,#7619,.T.);
#5050=EDGE_CURVE('',#6664,#5889,#7620,.T.);
#5051=EDGE_CURVE('',#6663,#6664,#7621,.T.);
#5052=EDGE_CURVE('',#6664,#6615,#7622,.T.);
#5053=EDGE_CURVE('',#6663,#6662,#7623,.T.);
#5054=EDGE_CURVE('',#6427,#6024,#7624,.T.);
#5055=EDGE_CURVE('',#6428,#6022,#7625,.T.);
#5056=EDGE_CURVE('',#6429,#6023,#7626,.T.);
#5057=EDGE_CURVE('',#6665,#6027,#7627,.T.);
#5058=EDGE_CURVE('',#6616,#6665,#7628,.T.);
#5059=EDGE_CURVE('',#6666,#6026,#7629,.T.);
#5060=EDGE_CURVE('',#6665,#6666,#7630,.T.);
#5061=EDGE_CURVE('',#6667,#6025,#7631,.T.);
#5062=EDGE_CURVE('',#6666,#6667,#7632,.T.);
#5063=EDGE_CURVE('',#6667,#6617,#7633,.T.);
#5064=EDGE_CURVE('',#6422,#5952,#7634,.T.);
#5065=EDGE_CURVE('',#6423,#5950,#7635,.T.);
#5066=EDGE_CURVE('',#6424,#5951,#7636,.T.);
#5067=EDGE_CURVE('',#6668,#5955,#7637,.T.);
#5068=EDGE_CURVE('',#6618,#6668,#7638,.T.);
#5069=EDGE_CURVE('',#6669,#5954,#7639,.T.);
#5070=EDGE_CURVE('',#6668,#6669,#7640,.T.);
#5071=EDGE_CURVE('',#6670,#5953,#7641,.T.);
#5072=EDGE_CURVE('',#6669,#6670,#7642,.T.);
#5073=EDGE_CURVE('',#6670,#6619,#7643,.T.);
#5074=EDGE_CURVE('',#6609,#6084,#7644,.T.);
#5075=EDGE_CURVE('',#6608,#6082,#7645,.T.);
#5076=EDGE_CURVE('',#6610,#6083,#7646,.T.);
#5077=EDGE_CURVE('',#6611,#6087,#7647,.T.);
#5078=EDGE_CURVE('',#6612,#6086,#7648,.T.);
#5079=EDGE_CURVE('',#6613,#6085,#7649,.T.);
#5080=EDGE_CURVE('',#6603,#6078,#7650,.T.);
#5081=EDGE_CURVE('',#6602,#6076,#7651,.T.);
#5082=EDGE_CURVE('',#6604,#6077,#7652,.T.);
#5083=EDGE_CURVE('',#6605,#6081,#7653,.T.);
#5084=EDGE_CURVE('',#6606,#6080,#7654,.T.);
#5085=EDGE_CURVE('',#6607,#6079,#7655,.T.);
#5086=EDGE_CURVE('',#6597,#6072,#7656,.T.);
#5087=EDGE_CURVE('',#6596,#6070,#7657,.T.);
#5088=EDGE_CURVE('',#6598,#6071,#7658,.T.);
#5089=EDGE_CURVE('',#6599,#6075,#7659,.T.);
#5090=EDGE_CURVE('',#6600,#6074,#7660,.T.);
#5091=EDGE_CURVE('',#6601,#6073,#7661,.T.);
#5092=EDGE_CURVE('',#6591,#6066,#7662,.T.);
#5093=EDGE_CURVE('',#6590,#6064,#7663,.T.);
#5094=EDGE_CURVE('',#6592,#6065,#7664,.T.);
#5095=EDGE_CURVE('',#6593,#6069,#7665,.T.);
#5096=EDGE_CURVE('',#6594,#6068,#7666,.T.);
#5097=EDGE_CURVE('',#6595,#6067,#7667,.T.);
#5098=EDGE_CURVE('',#6585,#6060,#7668,.T.);
#5099=EDGE_CURVE('',#6584,#6058,#7669,.T.);
#5100=EDGE_CURVE('',#6586,#6059,#7670,.T.);
#5101=EDGE_CURVE('',#6587,#6063,#7671,.T.);
#5102=EDGE_CURVE('',#6588,#6062,#7672,.T.);
#5103=EDGE_CURVE('',#6589,#6061,#7673,.T.);
#5104=EDGE_CURVE('',#6579,#6054,#7674,.T.);
#5105=EDGE_CURVE('',#6578,#6052,#7675,.T.);
#5106=EDGE_CURVE('',#6580,#6053,#7676,.T.);
#5107=EDGE_CURVE('',#6581,#6057,#7677,.T.);
#5108=EDGE_CURVE('',#6582,#6056,#7678,.T.);
#5109=EDGE_CURVE('',#6583,#6055,#7679,.T.);
#5110=EDGE_CURVE('',#6573,#6048,#7680,.T.);
#5111=EDGE_CURVE('',#6572,#6046,#7681,.T.);
#5112=EDGE_CURVE('',#6574,#6047,#7682,.T.);
#5113=EDGE_CURVE('',#6575,#6051,#7683,.T.);
#5114=EDGE_CURVE('',#6576,#6050,#7684,.T.);
#5115=EDGE_CURVE('',#6577,#6049,#7685,.T.);
#5116=EDGE_CURVE('',#6567,#6042,#7686,.T.);
#5117=EDGE_CURVE('',#6566,#6040,#7687,.T.);
#5118=EDGE_CURVE('',#6568,#6041,#7688,.T.);
#5119=EDGE_CURVE('',#6569,#6045,#7689,.T.);
#5120=EDGE_CURVE('',#6570,#6044,#7690,.T.);
#5121=EDGE_CURVE('',#6571,#6043,#7691,.T.);
#5122=EDGE_CURVE('',#6561,#6036,#7692,.T.);
#5123=EDGE_CURVE('',#6560,#6034,#7693,.T.);
#5124=EDGE_CURVE('',#6562,#6035,#7694,.T.);
#5125=EDGE_CURVE('',#6563,#6039,#7695,.T.);
#5126=EDGE_CURVE('',#6564,#6038,#7696,.T.);
#5127=EDGE_CURVE('',#6565,#6037,#7697,.T.);
#5128=EDGE_CURVE('',#6555,#6030,#7698,.T.);
#5129=EDGE_CURVE('',#6554,#6028,#7699,.T.);
#5130=EDGE_CURVE('',#6556,#6029,#7700,.T.);
#5131=EDGE_CURVE('',#6557,#6033,#7701,.T.);
#5132=EDGE_CURVE('',#6558,#6032,#7702,.T.);
#5133=EDGE_CURVE('',#6559,#6031,#7703,.T.);
#5134=EDGE_CURVE('',#6549,#6018,#7704,.T.);
#5135=EDGE_CURVE('',#6548,#6016,#7705,.T.);
#5136=EDGE_CURVE('',#6550,#6017,#7706,.T.);
#5137=EDGE_CURVE('',#6551,#6021,#7707,.T.);
#5138=EDGE_CURVE('',#6552,#6020,#7708,.T.);
#5139=EDGE_CURVE('',#6553,#6019,#7709,.T.);
#5140=EDGE_CURVE('',#6543,#6012,#7710,.T.);
#5141=EDGE_CURVE('',#6542,#6010,#7711,.T.);
#5142=EDGE_CURVE('',#6544,#6011,#7712,.T.);
#5143=EDGE_CURVE('',#6545,#6015,#7713,.T.);
#5144=EDGE_CURVE('',#6546,#6014,#7714,.T.);
#5145=EDGE_CURVE('',#6547,#6013,#7715,.T.);
#5146=EDGE_CURVE('',#6537,#6006,#7716,.T.);
#5147=EDGE_CURVE('',#6536,#6004,#7717,.T.);
#5148=EDGE_CURVE('',#6538,#6005,#7718,.T.);
#5149=EDGE_CURVE('',#6539,#6009,#7719,.T.);
#5150=EDGE_CURVE('',#6540,#6008,#7720,.T.);
#5151=EDGE_CURVE('',#6541,#6007,#7721,.T.);
#5152=EDGE_CURVE('',#6531,#6000,#7722,.T.);
#5153=EDGE_CURVE('',#6530,#5998,#7723,.T.);
#5154=EDGE_CURVE('',#6532,#5999,#7724,.T.);
#5155=EDGE_CURVE('',#6533,#6003,#7725,.T.);
#5156=EDGE_CURVE('',#6534,#6002,#7726,.T.);
#5157=EDGE_CURVE('',#6535,#6001,#7727,.T.);
#5158=EDGE_CURVE('',#6525,#5994,#7728,.T.);
#5159=EDGE_CURVE('',#6524,#5992,#7729,.T.);
#5160=EDGE_CURVE('',#6526,#5993,#7730,.T.);
#5161=EDGE_CURVE('',#6527,#5997,#7731,.T.);
#5162=EDGE_CURVE('',#6528,#5996,#7732,.T.);
#5163=EDGE_CURVE('',#6529,#5995,#7733,.T.);
#5164=EDGE_CURVE('',#6519,#5988,#7734,.T.);
#5165=EDGE_CURVE('',#6518,#5986,#7735,.T.);
#5166=EDGE_CURVE('',#6520,#5987,#7736,.T.);
#5167=EDGE_CURVE('',#6521,#5991,#7737,.T.);
#5168=EDGE_CURVE('',#6522,#5990,#7738,.T.);
#5169=EDGE_CURVE('',#6523,#5989,#7739,.T.);
#5170=EDGE_CURVE('',#6513,#5982,#7740,.T.);
#5171=EDGE_CURVE('',#6512,#5980,#7741,.T.);
#5172=EDGE_CURVE('',#6514,#5981,#7742,.T.);
#5173=EDGE_CURVE('',#6515,#5985,#7743,.T.);
#5174=EDGE_CURVE('',#6516,#5984,#7744,.T.);
#5175=EDGE_CURVE('',#6517,#5983,#7745,.T.);
#5176=EDGE_CURVE('',#6507,#5976,#7746,.T.);
#5177=EDGE_CURVE('',#6506,#5974,#7747,.T.);
#5178=EDGE_CURVE('',#6508,#5975,#7748,.T.);
#5179=EDGE_CURVE('',#6509,#5979,#7749,.T.);
#5180=EDGE_CURVE('',#6510,#5978,#7750,.T.);
#5181=EDGE_CURVE('',#6511,#5977,#7751,.T.);
#5182=EDGE_CURVE('',#6501,#5970,#7752,.T.);
#5183=EDGE_CURVE('',#6500,#5968,#7753,.T.);
#5184=EDGE_CURVE('',#6502,#5969,#7754,.T.);
#5185=EDGE_CURVE('',#6503,#5973,#7755,.T.);
#5186=EDGE_CURVE('',#6504,#5972,#7756,.T.);
#5187=EDGE_CURVE('',#6505,#5971,#7757,.T.);
#5188=EDGE_CURVE('',#6495,#5964,#7758,.T.);
#5189=EDGE_CURVE('',#6494,#5962,#7759,.T.);
#5190=EDGE_CURVE('',#6496,#5963,#7760,.T.);
#5191=EDGE_CURVE('',#6497,#5967,#7761,.T.);
#5192=EDGE_CURVE('',#6498,#5966,#7762,.T.);
#5193=EDGE_CURVE('',#6499,#5965,#7763,.T.);
#5194=EDGE_CURVE('',#6489,#5958,#7764,.T.);
#5195=EDGE_CURVE('',#6488,#5956,#7765,.T.);
#5196=EDGE_CURVE('',#6490,#5957,#7766,.T.);
#5197=EDGE_CURVE('',#6491,#5961,#7767,.T.);
#5198=EDGE_CURVE('',#6492,#5960,#7768,.T.);
#5199=EDGE_CURVE('',#6493,#5959,#7769,.T.);
#5200=EDGE_CURVE('',#6483,#5946,#7770,.T.);
#5201=EDGE_CURVE('',#6482,#5944,#7771,.T.);
#5202=EDGE_CURVE('',#6484,#5945,#7772,.T.);
#5203=EDGE_CURVE('',#6485,#5949,#7773,.T.);
#5204=EDGE_CURVE('',#6486,#5948,#7774,.T.);
#5205=EDGE_CURVE('',#6487,#5947,#7775,.T.);
#5206=EDGE_CURVE('',#6477,#5940,#7776,.T.);
#5207=EDGE_CURVE('',#6476,#5938,#7777,.T.);
#5208=EDGE_CURVE('',#6478,#5939,#7778,.T.);
#5209=EDGE_CURVE('',#6479,#5943,#7779,.T.);
#5210=EDGE_CURVE('',#6480,#5942,#7780,.T.);
#5211=EDGE_CURVE('',#6481,#5941,#7781,.T.);
#5212=EDGE_CURVE('',#6471,#5934,#7782,.T.);
#5213=EDGE_CURVE('',#6470,#5932,#7783,.T.);
#5214=EDGE_CURVE('',#6472,#5933,#7784,.T.);
#5215=EDGE_CURVE('',#6473,#5937,#7785,.T.);
#5216=EDGE_CURVE('',#6474,#5936,#7786,.T.);
#5217=EDGE_CURVE('',#6475,#5935,#7787,.T.);
#5218=EDGE_CURVE('',#6465,#5928,#7788,.T.);
#5219=EDGE_CURVE('',#6464,#5926,#7789,.T.);
#5220=EDGE_CURVE('',#6466,#5927,#7790,.T.);
#5221=EDGE_CURVE('',#6467,#5931,#7791,.T.);
#5222=EDGE_CURVE('',#6468,#5930,#7792,.T.);
#5223=EDGE_CURVE('',#6469,#5929,#7793,.T.);
#5224=EDGE_CURVE('',#6459,#5922,#7794,.T.);
#5225=EDGE_CURVE('',#6458,#5920,#7795,.T.);
#5226=EDGE_CURVE('',#6460,#5921,#7796,.T.);
#5227=EDGE_CURVE('',#6461,#5925,#7797,.T.);
#5228=EDGE_CURVE('',#6462,#5924,#7798,.T.);
#5229=EDGE_CURVE('',#6463,#5923,#7799,.T.);
#5230=EDGE_CURVE('',#6453,#5916,#7800,.T.);
#5231=EDGE_CURVE('',#6452,#5914,#7801,.T.);
#5232=EDGE_CURVE('',#6454,#5915,#7802,.T.);
#5233=EDGE_CURVE('',#6455,#5919,#7803,.T.);
#5234=EDGE_CURVE('',#6456,#5918,#7804,.T.);
#5235=EDGE_CURVE('',#6457,#5917,#7805,.T.);
#5236=EDGE_CURVE('',#6447,#5910,#7806,.T.);
#5237=EDGE_CURVE('',#6446,#5908,#7807,.T.);
#5238=EDGE_CURVE('',#6448,#5909,#7808,.T.);
#5239=EDGE_CURVE('',#6449,#5913,#7809,.T.);
#5240=EDGE_CURVE('',#6450,#5912,#7810,.T.);
#5241=EDGE_CURVE('',#6451,#5911,#7811,.T.);
#5242=EDGE_CURVE('',#6441,#5904,#7812,.T.);
#5243=EDGE_CURVE('',#6440,#5902,#7813,.T.);
#5244=EDGE_CURVE('',#6442,#5903,#7814,.T.);
#5245=EDGE_CURVE('',#6443,#5907,#7815,.T.);
#5246=EDGE_CURVE('',#6444,#5906,#7816,.T.);
#5247=EDGE_CURVE('',#6445,#5905,#7817,.T.);
#5248=EDGE_CURVE('',#6435,#5898,#7818,.T.);
#5249=EDGE_CURVE('',#6434,#5896,#7819,.T.);
#5250=EDGE_CURVE('',#6436,#5897,#7820,.T.);
#5251=EDGE_CURVE('',#6437,#5901,#7821,.T.);
#5252=EDGE_CURVE('',#6438,#5900,#7822,.T.);
#5253=EDGE_CURVE('',#6439,#5899,#7823,.T.);
#5254=EDGE_CURVE('',#6409,#5892,#7824,.T.);
#5255=EDGE_CURVE('',#6408,#5890,#7825,.T.);
#5256=EDGE_CURVE('',#6410,#5891,#7826,.T.);
#5257=EDGE_CURVE('',#6411,#5895,#7827,.T.);
#5258=EDGE_CURVE('',#6412,#5894,#7828,.T.);
#5259=EDGE_CURVE('',#6413,#5893,#7829,.T.);
#5260=EDGE_CURVE('',#6660,#5875,#7830,.T.);
#5261=EDGE_CURVE('',#6671,#5848,#7831,.T.);
#5262=EDGE_CURVE('',#6671,#6672,#7832,.T.);
#5263=EDGE_CURVE('',#5527,#6672,#7833,.T.);
#5264=EDGE_CURVE('',#6673,#5847,#7834,.T.);
#5265=EDGE_CURVE('',#6673,#6671,#7835,.T.);
#5266=EDGE_CURVE('',#5613,#6673,#7836,.T.);
#5267=EDGE_CURVE('',#6227,#6380,#7837,.T.);
#5268=EDGE_CURVE('',#6228,#6379,#7838,.T.);
#5269=EDGE_CURVE('',#6229,#6378,#7839,.T.);
#5270=EDGE_CURVE('',#6230,#6383,#7840,.T.);
#5271=EDGE_CURVE('',#6226,#6627,#7841,.T.);
#5272=EDGE_CURVE('',#6633,#6381,#7842,.T.);
#5273=EDGE_CURVE('',#6231,#6628,#7843,.T.);
#5274=EDGE_CURVE('',#6634,#6382,#7844,.T.);
#5275=EDGE_CURVE('',#6167,#6320,#7845,.T.);
#5276=EDGE_CURVE('',#6168,#6319,#7846,.T.);
#5277=EDGE_CURVE('',#6169,#6318,#7847,.T.);
#5278=EDGE_CURVE('',#6170,#6323,#7848,.T.);
#5279=EDGE_CURVE('',#6171,#6322,#7849,.T.);
#5280=EDGE_CURVE('',#6648,#6321,#7850,.T.);
#5281=EDGE_CURVE('',#6166,#6625,#7851,.T.);
#5282=EDGE_CURVE('',#5533,#5851,#7852,.T.);
#5283=EDGE_CURVE('',#6242,#6313,#7853,.T.);
#5284=EDGE_CURVE('',#5532,#5852,#7854,.T.);
#5285=EDGE_CURVE('',#6239,#6310,#7855,.T.);
#5286=EDGE_CURVE('',#6238,#6311,#7856,.T.);
#5287=EDGE_CURVE('',#6243,#6312,#7857,.T.);
#5288=EDGE_CURVE('',#5831,#6674,#7858,.T.);
#5289=EDGE_CURVE('',#6674,#6675,#7859,.T.);
#5290=EDGE_CURVE('',#6675,#5832,#7860,.T.);
#5291=EDGE_CURVE('',#6674,#5542,#7861,.T.);
#5292=EDGE_CURVE('',#6675,#5541,#7862,.T.);
#5293=EDGE_CURVE('',#6233,#6386,#7863,.T.);
#5294=EDGE_CURVE('',#6234,#6385,#7864,.T.);
#5295=EDGE_CURVE('',#6235,#6384,#7865,.T.);
#5296=EDGE_CURVE('',#6236,#6389,#7866,.T.);
#5297=EDGE_CURVE('',#6237,#6388,#7867,.T.);
#5298=EDGE_CURVE('',#6232,#6387,#7868,.T.);
#5299=EDGE_CURVE('',#6221,#6374,#7869,.T.);
#5300=EDGE_CURVE('',#6222,#6373,#7870,.T.);
#5301=EDGE_CURVE('',#6223,#6372,#7871,.T.);
#5302=EDGE_CURVE('',#6224,#6377,#7872,.T.);
#5303=EDGE_CURVE('',#6225,#6376,#7873,.T.);
#5304=EDGE_CURVE('',#6220,#6375,#7874,.T.);
#5305=EDGE_CURVE('',#6215,#6368,#7875,.T.);
#5306=EDGE_CURVE('',#6216,#6367,#7876,.T.);
#5307=EDGE_CURVE('',#6217,#6366,#7877,.T.);
#5308=EDGE_CURVE('',#6218,#6371,#7878,.T.);
#5309=EDGE_CURVE('',#6219,#6370,#7879,.T.);
#5310=EDGE_CURVE('',#6214,#6369,#7880,.T.);
#5311=EDGE_CURVE('',#6209,#6362,#7881,.T.);
#5312=EDGE_CURVE('',#6210,#6361,#7882,.T.);
#5313=EDGE_CURVE('',#6211,#6360,#7883,.T.);
#5314=EDGE_CURVE('',#6212,#6365,#7884,.T.);
#5315=EDGE_CURVE('',#6213,#6364,#7885,.T.);
#5316=EDGE_CURVE('',#6208,#6363,#7886,.T.);
#5317=EDGE_CURVE('',#6203,#6356,#7887,.T.);
#5318=EDGE_CURVE('',#6204,#6355,#7888,.T.);
#5319=EDGE_CURVE('',#6205,#6354,#7889,.T.);
#5320=EDGE_CURVE('',#6206,#6359,#7890,.T.);
#5321=EDGE_CURVE('',#6207,#6358,#7891,.T.);
#5322=EDGE_CURVE('',#6202,#6357,#7892,.T.);
#5323=EDGE_CURVE('',#6197,#6350,#7893,.T.);
#5324=EDGE_CURVE('',#6198,#6349,#7894,.T.);
#5325=EDGE_CURVE('',#6199,#6348,#7895,.T.);
#5326=EDGE_CURVE('',#6200,#6353,#7896,.T.);
#5327=EDGE_CURVE('',#6201,#6352,#7897,.T.);
#5328=EDGE_CURVE('',#6196,#6351,#7898,.T.);
#5329=EDGE_CURVE('',#6191,#6344,#7899,.T.);
#5330=EDGE_CURVE('',#6192,#6343,#7900,.T.);
#5331=EDGE_CURVE('',#6193,#6342,#7901,.T.);
#5332=EDGE_CURVE('',#6194,#6347,#7902,.T.);
#5333=EDGE_CURVE('',#6195,#6346,#7903,.T.);
#5334=EDGE_CURVE('',#6190,#6345,#7904,.T.);
#5335=EDGE_CURVE('',#6185,#6338,#7905,.T.);
#5336=EDGE_CURVE('',#6186,#6337,#7906,.T.);
#5337=EDGE_CURVE('',#6187,#6336,#7907,.T.);
#5338=EDGE_CURVE('',#6188,#6341,#7908,.T.);
#5339=EDGE_CURVE('',#6189,#6340,#7909,.T.);
#5340=EDGE_CURVE('',#6184,#6339,#7910,.T.);
#5341=EDGE_CURVE('',#6179,#6332,#7911,.T.);
#5342=EDGE_CURVE('',#6180,#6331,#7912,.T.);
#5343=EDGE_CURVE('',#6181,#6330,#7913,.T.);
#5344=EDGE_CURVE('',#6182,#6335,#7914,.T.);
#5345=EDGE_CURVE('',#6183,#6334,#7915,.T.);
#5346=EDGE_CURVE('',#6178,#6333,#7916,.T.);
#5347=EDGE_CURVE('',#6173,#6326,#7917,.T.);
#5348=EDGE_CURVE('',#6174,#6325,#7918,.T.);
#5349=EDGE_CURVE('',#6175,#6324,#7919,.T.);
#5350=EDGE_CURVE('',#6176,#6329,#7920,.T.);
#5351=EDGE_CURVE('',#6177,#6328,#7921,.T.);
#5352=EDGE_CURVE('',#6172,#6327,#7922,.T.);
#5353=EDGE_CURVE('',#6161,#6306,#7923,.T.);
#5354=EDGE_CURVE('',#6162,#6305,#7924,.T.);
#5355=EDGE_CURVE('',#6163,#6304,#7925,.T.);
#5356=EDGE_CURVE('',#6164,#6309,#7926,.T.);
#5357=EDGE_CURVE('',#6165,#6308,#7927,.T.);
#5358=EDGE_CURVE('',#6160,#6307,#7928,.T.);
#5359=EDGE_CURVE('',#6155,#6300,#7929,.T.);
#5360=EDGE_CURVE('',#6156,#6299,#7930,.T.);
#5361=EDGE_CURVE('',#6157,#6298,#7931,.T.);
#5362=EDGE_CURVE('',#6158,#6303,#7932,.T.);
#5363=EDGE_CURVE('',#6159,#6302,#7933,.T.);
#5364=EDGE_CURVE('',#6154,#6301,#7934,.T.);
#5365=EDGE_CURVE('',#6149,#6294,#7935,.T.);
#5366=EDGE_CURVE('',#6150,#6293,#7936,.T.);
#5367=EDGE_CURVE('',#6151,#6292,#7937,.T.);
#5368=EDGE_CURVE('',#6152,#6297,#7938,.T.);
#5369=EDGE_CURVE('',#6153,#6296,#7939,.T.);
#5370=EDGE_CURVE('',#6148,#6295,#7940,.T.);
#5371=EDGE_CURVE('',#6143,#6288,#7941,.T.);
#5372=EDGE_CURVE('',#6144,#6287,#7942,.T.);
#5373=EDGE_CURVE('',#6145,#6286,#7943,.T.);
#5374=EDGE_CURVE('',#6146,#6291,#7944,.T.);
#5375=EDGE_CURVE('',#6147,#6290,#7945,.T.);
#5376=EDGE_CURVE('',#6142,#6289,#7946,.T.);
#5377=EDGE_CURVE('',#6137,#6282,#7947,.T.);
#5378=EDGE_CURVE('',#6138,#6281,#7948,.T.);
#5379=EDGE_CURVE('',#6139,#6280,#7949,.T.);
#5380=EDGE_CURVE('',#6140,#6285,#7950,.T.);
#5381=EDGE_CURVE('',#6141,#6284,#7951,.T.);
#5382=EDGE_CURVE('',#6136,#6283,#7952,.T.);
#5383=EDGE_CURVE('',#6131,#6276,#7953,.T.);
#5384=EDGE_CURVE('',#6132,#6275,#7954,.T.);
#5385=EDGE_CURVE('',#6133,#6274,#7955,.T.);
#5386=EDGE_CURVE('',#6134,#6279,#7956,.T.);
#5387=EDGE_CURVE('',#6135,#6278,#7957,.T.);
#5388=EDGE_CURVE('',#6130,#6277,#7958,.T.);
#5389=EDGE_CURVE('',#6125,#6270,#7959,.T.);
#5390=EDGE_CURVE('',#6126,#6269,#7960,.T.);
#5391=EDGE_CURVE('',#6127,#6268,#7961,.T.);
#5392=EDGE_CURVE('',#6128,#6273,#7962,.T.);
#5393=EDGE_CURVE('',#6129,#6272,#7963,.T.);
#5394=EDGE_CURVE('',#6124,#6271,#7964,.T.);
#5395=EDGE_CURVE('',#6119,#6264,#7965,.T.);
#5396=EDGE_CURVE('',#6120,#6263,#7966,.T.);
#5397=EDGE_CURVE('',#6121,#6262,#7967,.T.);
#5398=EDGE_CURVE('',#6122,#6267,#7968,.T.);
#5399=EDGE_CURVE('',#6123,#6266,#7969,.T.);
#5400=EDGE_CURVE('',#6118,#6265,#7970,.T.);
#5401=EDGE_CURVE('',#6113,#6258,#7971,.T.);
#5402=EDGE_CURVE('',#6114,#6257,#7972,.T.);
#5403=EDGE_CURVE('',#6115,#6256,#7973,.T.);
#5404=EDGE_CURVE('',#6116,#6261,#7974,.T.);
#5405=EDGE_CURVE('',#6117,#6260,#7975,.T.);
#5406=EDGE_CURVE('',#6112,#6259,#7976,.T.);
#5407=EDGE_CURVE('',#6107,#6252,#7977,.T.);
#5408=EDGE_CURVE('',#6108,#6251,#7978,.T.);
#5409=EDGE_CURVE('',#6109,#6250,#7979,.T.);
#5410=EDGE_CURVE('',#6110,#6255,#7980,.T.);
#5411=EDGE_CURVE('',#6111,#6254,#7981,.T.);
#5412=EDGE_CURVE('',#6106,#6253,#7982,.T.);
#5413=EDGE_CURVE('',#6101,#6246,#7983,.T.);
#5414=EDGE_CURVE('',#6102,#6245,#7984,.T.);
#5415=EDGE_CURVE('',#6103,#6244,#7985,.T.);
#5416=EDGE_CURVE('',#6104,#6249,#7986,.T.);
#5417=EDGE_CURVE('',#6105,#6248,#7987,.T.);
#5418=EDGE_CURVE('',#6100,#6247,#7988,.T.);
#5419=EDGE_CURVE('',#5699,#5806,#7989,.T.);
#5420=EDGE_CURVE('',#5700,#5807,#7990,.T.);
#5421=EDGE_CURVE('',#5698,#5808,#7991,.T.);
#5422=EDGE_CURVE('',#5703,#5809,#7992,.T.);
#5423=EDGE_CURVE('',#5701,#5811,#7993,.T.);
#5424=EDGE_CURVE('',#5867,#5810,#7994,.T.);
#5425=EDGE_CURVE('',#5702,#5853,#7995,.T.);
#5426=EDGE_CURVE('',#5692,#5732,#7996,.T.);
#5427=EDGE_CURVE('',#5693,#5731,#7997,.T.);
#5428=EDGE_CURVE('',#5691,#5733,#7998,.T.);
#5429=EDGE_CURVE('',#5690,#5723,#7999,.T.);
#5430=EDGE_CURVE('',#6676,#5839,#8000,.T.);
#5431=EDGE_CURVE('',#6677,#6676,#8001,.T.);
#5432=EDGE_CURVE('',#5840,#6677,#8002,.T.);
#5433=EDGE_CURVE('',#6677,#5849,#8003,.T.);
#5434=EDGE_CURVE('',#6676,#5850,#8004,.T.);
#5435=EDGE_CURVE('',#5617,#5764,#8005,.T.);
#5436=EDGE_CURVE('',#5618,#5765,#8006,.T.);
#5437=EDGE_CURVE('',#5616,#5766,#8007,.T.);
#5438=EDGE_CURVE('',#5621,#5767,#8008,.T.);
#5439=EDGE_CURVE('',#5620,#5768,#8009,.T.);
#5440=EDGE_CURVE('',#5619,#5769,#8010,.T.);
#5441=EDGE_CURVE('',#5623,#5770,#8011,.T.);
#5442=EDGE_CURVE('',#5624,#5771,#8012,.T.);
#5443=EDGE_CURVE('',#5622,#5772,#8013,.T.);
#5444=EDGE_CURVE('',#5627,#5773,#8014,.T.);
#5445=EDGE_CURVE('',#5626,#5774,#8015,.T.);
#5446=EDGE_CURVE('',#5625,#5775,#8016,.T.);
#5447=EDGE_CURVE('',#5629,#5758,#8017,.T.);
#5448=EDGE_CURVE('',#5630,#5759,#8018,.T.);
#5449=EDGE_CURVE('',#5628,#5760,#8019,.T.);
#5450=EDGE_CURVE('',#5633,#5761,#8020,.T.);
#5451=EDGE_CURVE('',#5632,#5762,#8021,.T.);
#5452=EDGE_CURVE('',#5631,#5763,#8022,.T.);
#5453=EDGE_CURVE('',#5635,#5776,#8023,.T.);
#5454=EDGE_CURVE('',#5636,#5777,#8024,.T.);
#5455=EDGE_CURVE('',#5634,#5778,#8025,.T.);
#5456=EDGE_CURVE('',#5639,#5779,#8026,.T.);
#5457=EDGE_CURVE('',#5638,#5780,#8027,.T.);
#5458=EDGE_CURVE('',#5637,#5781,#8028,.T.);
#5459=EDGE_CURVE('',#5641,#5752,#8029,.T.);
#5460=EDGE_CURVE('',#5642,#5753,#8030,.T.);
#5461=EDGE_CURVE('',#5640,#5754,#8031,.T.);
#5462=EDGE_CURVE('',#5645,#5755,#8032,.T.);
#5463=EDGE_CURVE('',#5644,#5756,#8033,.T.);
#5464=EDGE_CURVE('',#5643,#5757,#8034,.T.);
#5465=EDGE_CURVE('',#5647,#5782,#8035,.T.);
#5466=EDGE_CURVE('',#5648,#5783,#8036,.T.);
#5467=EDGE_CURVE('',#5646,#5784,#8037,.T.);
#5468=EDGE_CURVE('',#5651,#5785,#8038,.T.);
#5469=EDGE_CURVE('',#5650,#5786,#8039,.T.);
#5470=EDGE_CURVE('',#5649,#5787,#8040,.T.);
#5471=EDGE_CURVE('',#5653,#5746,#8041,.T.);
#5472=EDGE_CURVE('',#5654,#5747,#8042,.T.);
#5473=EDGE_CURVE('',#5652,#5748,#8043,.T.);
#5474=EDGE_CURVE('',#5657,#5749,#8044,.T.);
#5475=EDGE_CURVE('',#5656,#5750,#8045,.T.);
#5476=EDGE_CURVE('',#5655,#5751,#8046,.T.);
#5477=EDGE_CURVE('',#5659,#5788,#8047,.T.);
#5478=EDGE_CURVE('',#5660,#5789,#8048,.T.);
#5479=EDGE_CURVE('',#5658,#5790,#8049,.T.);
#5480=EDGE_CURVE('',#5663,#5791,#8050,.T.);
#5481=EDGE_CURVE('',#5662,#5792,#8051,.T.);
#5482=EDGE_CURVE('',#5661,#5793,#8052,.T.);
#5483=EDGE_CURVE('',#5665,#5740,#8053,.T.);
#5484=EDGE_CURVE('',#5666,#5741,#8054,.T.);
#5485=EDGE_CURVE('',#5664,#5742,#8055,.T.);
#5486=EDGE_CURVE('',#5669,#5743,#8056,.T.);
#5487=EDGE_CURVE('',#5668,#5744,#8057,.T.);
#5488=EDGE_CURVE('',#5667,#5745,#8058,.T.);
#5489=EDGE_CURVE('',#5671,#5794,#8059,.T.);
#5490=EDGE_CURVE('',#5672,#5795,#8060,.T.);
#5491=EDGE_CURVE('',#5670,#5796,#8061,.T.);
#5492=EDGE_CURVE('',#5675,#5797,#8062,.T.);
#5493=EDGE_CURVE('',#5674,#5798,#8063,.T.);
#5494=EDGE_CURVE('',#5673,#5799,#8064,.T.);
#5495=EDGE_CURVE('',#5677,#5734,#8065,.T.);
#5496=EDGE_CURVE('',#5678,#5735,#8066,.T.);
#5497=EDGE_CURVE('',#5676,#5736,#8067,.T.);
#5498=EDGE_CURVE('',#5681,#5737,#8068,.T.);
#5499=EDGE_CURVE('',#5680,#5738,#8069,.T.);
#5500=EDGE_CURVE('',#5679,#5739,#8070,.T.);
#5501=EDGE_CURVE('',#5683,#5800,#8071,.T.);
#5502=EDGE_CURVE('',#5684,#5801,#8072,.T.);
#5503=EDGE_CURVE('',#5682,#5802,#8073,.T.);
#5504=EDGE_CURVE('',#5687,#5803,#8074,.T.);
#5505=EDGE_CURVE('',#5686,#5804,#8075,.T.);
#5506=EDGE_CURVE('',#5685,#5805,#8076,.T.);
#5507=EDGE_CURVE('',#5705,#5716,#8077,.T.);
#5508=EDGE_CURVE('',#5706,#5717,#8078,.T.);
#5509=EDGE_CURVE('',#5704,#5718,#8079,.T.);
#5510=EDGE_CURVE('',#5709,#5719,#8080,.T.);
#5511=EDGE_CURVE('',#5708,#5720,#8081,.T.);
#5512=EDGE_CURVE('',#5707,#5721,#8082,.T.);
#5513=EDGE_CURVE('',#5711,#5812,#8083,.T.);
#5514=EDGE_CURVE('',#5712,#5813,#8084,.T.);
#5515=EDGE_CURVE('',#5710,#5814,#8085,.T.);
#5516=EDGE_CURVE('',#5715,#5815,#8086,.T.);
#5517=EDGE_CURVE('',#5714,#5816,#8087,.T.);
#5518=EDGE_CURVE('',#5713,#5817,#8088,.T.);
#5519=EDGE_CURVE('',#6654,#6393,#8089,.T.);
#5520=EDGE_CURVE('',#6655,#6392,#8090,.T.);
#5521=EDGE_CURVE('',#5604,#6672,#8091,.T.);
#5522=EDGE_CURVE('',#5546,#5528,#8092,.T.);
#5523=VERTEX_POINT('',#16131);
#5524=VERTEX_POINT('',#16132);
#5525=VERTEX_POINT('',#16134);
#5526=VERTEX_POINT('',#16136);
#5527=VERTEX_POINT('',#16138);
#5528=VERTEX_POINT('',#16140);
#5529=VERTEX_POINT('',#16142);
#5530=VERTEX_POINT('',#16144);
#5531=VERTEX_POINT('',#16146);
#5532=VERTEX_POINT('',#16148);
#5533=VERTEX_POINT('',#16150);
#5534=VERTEX_POINT('',#16152);
#5535=VERTEX_POINT('',#16154);
#5536=VERTEX_POINT('',#16158);
#5537=VERTEX_POINT('',#16159);
#5538=VERTEX_POINT('',#16161);
#5539=VERTEX_POINT('',#16163);
#5540=VERTEX_POINT('',#16165);
#5541=VERTEX_POINT('',#16167);
#5542=VERTEX_POINT('',#16169);
#5543=VERTEX_POINT('',#16171);
#5544=VERTEX_POINT('',#16173);
#5545=VERTEX_POINT('',#16175);
#5546=VERTEX_POINT('',#16177);
#5547=VERTEX_POINT('',#16179);
#5548=VERTEX_POINT('',#16181);
#5549=VERTEX_POINT('',#16185);
#5550=VERTEX_POINT('',#16187);
#5551=VERTEX_POINT('',#16191);
#5552=VERTEX_POINT('',#16195);
#5553=VERTEX_POINT('',#16196);
#5554=VERTEX_POINT('',#16198);
#5555=VERTEX_POINT('',#16200);
#5556=VERTEX_POINT('',#16202);
#5557=VERTEX_POINT('',#16204);
#5558=VERTEX_POINT('',#16208);
#5559=VERTEX_POINT('',#16210);
#5560=VERTEX_POINT('',#16214);
#5561=VERTEX_POINT('',#16216);
#5562=VERTEX_POINT('',#16218);
#5563=VERTEX_POINT('',#16220);
#5564=VERTEX_POINT('',#16224);
#5565=VERTEX_POINT('',#16225);
#5566=VERTEX_POINT('',#16227);
#5567=VERTEX_POINT('',#16229);
#5568=VERTEX_POINT('',#16233);
#5569=VERTEX_POINT('',#16235);
#5570=VERTEX_POINT('',#16237);
#5571=VERTEX_POINT('',#16239);
#5572=VERTEX_POINT('',#16243);
#5573=VERTEX_POINT('',#16244);
#5574=VERTEX_POINT('',#16247);
#5575=VERTEX_POINT('',#16249);
#5576=VERTEX_POINT('',#16253);
#5577=VERTEX_POINT('',#16254);
#5578=VERTEX_POINT('',#16256);
#5579=VERTEX_POINT('',#16258);
#5580=VERTEX_POINT('',#16262);
#5581=VERTEX_POINT('',#16264);
#5582=VERTEX_POINT('',#16266);
#5583=VERTEX_POINT('',#16268);
#5584=VERTEX_POINT('',#16272);
#5585=VERTEX_POINT('',#16273);
#5586=VERTEX_POINT('',#16276);
#5587=VERTEX_POINT('',#16278);
#5588=VERTEX_POINT('',#16282);
#5589=VERTEX_POINT('',#16283);
#5590=VERTEX_POINT('',#16285);
#5591=VERTEX_POINT('',#16287);
#5592=VERTEX_POINT('',#16289);
#5593=VERTEX_POINT('',#16291);
#5594=VERTEX_POINT('',#16295);
#5595=VERTEX_POINT('',#16297);
#5596=VERTEX_POINT('',#16299);
#5597=VERTEX_POINT('',#16303);
#5598=VERTEX_POINT('',#16304);
#5599=VERTEX_POINT('',#16306);
#5600=VERTEX_POINT('',#16308);
#5601=VERTEX_POINT('',#16310);
#5602=VERTEX_POINT('',#16313);
#5603=VERTEX_POINT('',#16315);
#5604=VERTEX_POINT('',#16319);
#5605=VERTEX_POINT('',#16320);
#5606=VERTEX_POINT('',#16322);
#5607=VERTEX_POINT('',#16324);
#5608=VERTEX_POINT('',#16326);
#5609=VERTEX_POINT('',#16328);
#5610=VERTEX_POINT('',#16335);
#5611=VERTEX_POINT('',#16336);
#5612=VERTEX_POINT('',#16338);
#5613=VERTEX_POINT('',#16340);
#5614=VERTEX_POINT('',#16342);
#5615=VERTEX_POINT('',#16344);
#5616=VERTEX_POINT('',#16351);
#5617=VERTEX_POINT('',#16352);
#5618=VERTEX_POINT('',#16354);
#5619=VERTEX_POINT('',#16356);
#5620=VERTEX_POINT('',#16358);
#5621=VERTEX_POINT('',#16360);
#5622=VERTEX_POINT('',#16363);
#5623=VERTEX_POINT('',#16364);
#5624=VERTEX_POINT('',#16366);
#5625=VERTEX_POINT('',#16368);
#5626=VERTEX_POINT('',#16370);
#5627=VERTEX_POINT('',#16372);
#5628=VERTEX_POINT('',#16375);
#5629=VERTEX_POINT('',#16376);
#5630=VERTEX_POINT('',#16378);
#5631=VERTEX_POINT('',#16380);
#5632=VERTEX_POINT('',#16382);
#5633=VERTEX_POINT('',#16384);
#5634=VERTEX_POINT('',#16387);
#5635=VERTEX_POINT('',#16388);
#5636=VERTEX_POINT('',#16390);
#5637=VERTEX_POINT('',#16392);
#5638=VERTEX_POINT('',#16394);
#5639=VERTEX_POINT('',#16396);
#5640=VERTEX_POINT('',#16399);
#5641=VERTEX_POINT('',#16400);
#5642=VERTEX_POINT('',#16402);
#5643=VERTEX_POINT('',#16404);
#5644=VERTEX_POINT('',#16406);
#5645=VERTEX_POINT('',#16408);
#5646=VERTEX_POINT('',#16411);
#5647=VERTEX_POINT('',#16412);
#5648=VERTEX_POINT('',#16414);
#5649=VERTEX_POINT('',#16416);
#5650=VERTEX_POINT('',#16418);
#5651=VERTEX_POINT('',#16420);
#5652=VERTEX_POINT('',#16423);
#5653=VERTEX_POINT('',#16424);
#5654=VERTEX_POINT('',#16426);
#5655=VERTEX_POINT('',#16428);
#5656=VERTEX_POINT('',#16430);
#5657=VERTEX_POINT('',#16432);
#5658=VERTEX_POINT('',#16435);
#5659=VERTEX_POINT('',#16436);
#5660=VERTEX_POINT('',#16438);
#5661=VERTEX_POINT('',#16440);
#5662=VERTEX_POINT('',#16442);
#5663=VERTEX_POINT('',#16444);
#5664=VERTEX_POINT('',#16447);
#5665=VERTEX_POINT('',#16448);
#5666=VERTEX_POINT('',#16450);
#5667=VERTEX_POINT('',#16452);
#5668=VERTEX_POINT('',#16454);
#5669=VERTEX_POINT('',#16456);
#5670=VERTEX_POINT('',#16459);
#5671=VERTEX_POINT('',#16460);
#5672=VERTEX_POINT('',#16462);
#5673=VERTEX_POINT('',#16464);
#5674=VERTEX_POINT('',#16466);
#5675=VERTEX_POINT('',#16468);
#5676=VERTEX_POINT('',#16471);
#5677=VERTEX_POINT('',#16472);
#5678=VERTEX_POINT('',#16474);
#5679=VERTEX_POINT('',#16476);
#5680=VERTEX_POINT('',#16478);
#5681=VERTEX_POINT('',#16480);
#5682=VERTEX_POINT('',#16483);
#5683=VERTEX_POINT('',#16484);
#5684=VERTEX_POINT('',#16486);
#5685=VERTEX_POINT('',#16488);
#5686=VERTEX_POINT('',#16490);
#5687=VERTEX_POINT('',#16492);
#5688=VERTEX_POINT('',#16495);
#5689=VERTEX_POINT('',#16496);
#5690=VERTEX_POINT('',#16498);
#5691=VERTEX_POINT('',#16500);
#5692=VERTEX_POINT('',#16502);
#5693=VERTEX_POINT('',#16504);
#5694=VERTEX_POINT('',#16506);
#5695=VERTEX_POINT('',#16508);
#5696=VERTEX_POINT('',#16510);
#5697=VERTEX_POINT('',#16512);
#5698=VERTEX_POINT('',#16515);
#5699=VERTEX_POINT('',#16516);
#5700=VERTEX_POINT('',#16518);
#5701=VERTEX_POINT('',#16520);
#5702=VERTEX_POINT('',#16522);
#5703=VERTEX_POINT('',#16524);
#5704=VERTEX_POINT('',#16527);
#5705=VERTEX_POINT('',#16528);
#5706=VERTEX_POINT('',#16530);
#5707=VERTEX_POINT('',#16532);
#5708=VERTEX_POINT('',#16534);
#5709=VERTEX_POINT('',#16536);
#5710=VERTEX_POINT('',#16539);
#5711=VERTEX_POINT('',#16540);
#5712=VERTEX_POINT('',#16542);
#5713=VERTEX_POINT('',#16544);
#5714=VERTEX_POINT('',#16546);
#5715=VERTEX_POINT('',#16548);
#5716=VERTEX_POINT('',#16552);
#5717=VERTEX_POINT('',#16553);
#5718=VERTEX_POINT('',#16555);
#5719=VERTEX_POINT('',#16557);
#5720=VERTEX_POINT('',#16559);
#5721=VERTEX_POINT('',#16561);
#5722=VERTEX_POINT('',#16564);
#5723=VERTEX_POINT('',#16565);
#5724=VERTEX_POINT('',#16567);
#5725=VERTEX_POINT('',#16569);
#5726=VERTEX_POINT('',#16571);
#5727=VERTEX_POINT('',#16583);
#5728=VERTEX_POINT('',#16585);
#5729=VERTEX_POINT('',#16587);
#5730=VERTEX_POINT('',#16589);
#5731=VERTEX_POINT('',#16591);
#5732=VERTEX_POINT('',#16593);
#5733=VERTEX_POINT('',#16595);
#5734=VERTEX_POINT('',#16598);
#5735=VERTEX_POINT('',#16599);
#5736=VERTEX_POINT('',#16601);
#5737=VERTEX_POINT('',#16603);
#5738=VERTEX_POINT('',#16605);
#5739=VERTEX_POINT('',#16607);
#5740=VERTEX_POINT('',#16610);
#5741=VERTEX_POINT('',#16611);
#5742=VERTEX_POINT('',#16613);
#5743=VERTEX_POINT('',#16615);
#5744=VERTEX_POINT('',#16617);
#5745=VERTEX_POINT('',#16619);
#5746=VERTEX_POINT('',#16622);
#5747=VERTEX_POINT('',#16623);
#5748=VERTEX_POINT('',#16625);
#5749=VERTEX_POINT('',#16627);
#5750=VERTEX_POINT('',#16629);
#5751=VERTEX_POINT('',#16631);
#5752=VERTEX_POINT('',#16634);
#5753=VERTEX_POINT('',#16635);
#5754=VERTEX_POINT('',#16637);
#5755=VERTEX_POINT('',#16639);
#5756=VERTEX_POINT('',#16641);
#5757=VERTEX_POINT('',#16643);
#5758=VERTEX_POINT('',#16646);
#5759=VERTEX_POINT('',#16647);
#5760=VERTEX_POINT('',#16649);
#5761=VERTEX_POINT('',#16651);
#5762=VERTEX_POINT('',#16653);
#5763=VERTEX_POINT('',#16655);
#5764=VERTEX_POINT('',#16658);
#5765=VERTEX_POINT('',#16659);
#5766=VERTEX_POINT('',#16661);
#5767=VERTEX_POINT('',#16663);
#5768=VERTEX_POINT('',#16665);
#5769=VERTEX_POINT('',#16667);
#5770=VERTEX_POINT('',#16670);
#5771=VERTEX_POINT('',#16671);
#5772=VERTEX_POINT('',#16673);
#5773=VERTEX_POINT('',#16675);
#5774=VERTEX_POINT('',#16677);
#5775=VERTEX_POINT('',#16679);
#5776=VERTEX_POINT('',#16682);
#5777=VERTEX_POINT('',#16683);
#5778=VERTEX_POINT('',#16685);
#5779=VERTEX_POINT('',#16687);
#5780=VERTEX_POINT('',#16689);
#5781=VERTEX_POINT('',#16691);
#5782=VERTEX_POINT('',#16694);
#5783=VERTEX_POINT('',#16695);
#5784=VERTEX_POINT('',#16697);
#5785=VERTEX_POINT('',#16699);
#5786=VERTEX_POINT('',#16701);
#5787=VERTEX_POINT('',#16703);
#5788=VERTEX_POINT('',#16706);
#5789=VERTEX_POINT('',#16707);
#5790=VERTEX_POINT('',#16709);
#5791=VERTEX_POINT('',#16711);
#5792=VERTEX_POINT('',#16713);
#5793=VERTEX_POINT('',#16715);
#5794=VERTEX_POINT('',#16718);
#5795=VERTEX_POINT('',#16719);
#5796=VERTEX_POINT('',#16721);
#5797=VERTEX_POINT('',#16723);
#5798=VERTEX_POINT('',#16725);
#5799=VERTEX_POINT('',#16727);
#5800=VERTEX_POINT('',#16730);
#5801=VERTEX_POINT('',#16731);
#5802=VERTEX_POINT('',#16733);
#5803=VERTEX_POINT('',#16735);
#5804=VERTEX_POINT('',#16737);
#5805=VERTEX_POINT('',#16739);
#5806=VERTEX_POINT('',#16742);
#5807=VERTEX_POINT('',#16743);
#5808=VERTEX_POINT('',#16745);
#5809=VERTEX_POINT('',#16747);
#5810=VERTEX_POINT('',#16749);
#5811=VERTEX_POINT('',#16751);
#5812=VERTEX_POINT('',#16754);
#5813=VERTEX_POINT('',#16755);
#5814=VERTEX_POINT('',#16757);
#5815=VERTEX_POINT('',#16759);
#5816=VERTEX_POINT('',#16761);
#5817=VERTEX_POINT('',#16763);
#5818=VERTEX_POINT('',#16769);
#5819=VERTEX_POINT('',#16771);
#5820=VERTEX_POINT('',#16772);
#5821=VERTEX_POINT('',#16774);
#5822=VERTEX_POINT('',#16776);
#5823=VERTEX_POINT('',#16781);
#5824=VERTEX_POINT('',#16783);
#5825=VERTEX_POINT('',#16785);
#5826=VERTEX_POINT('',#16787);
#5827=VERTEX_POINT('',#16789);
#5828=VERTEX_POINT('',#16791);
#5829=VERTEX_POINT('',#16793);
#5830=VERTEX_POINT('',#16795);
#5831=VERTEX_POINT('',#16799);
#5832=VERTEX_POINT('',#16801);
#5833=VERTEX_POINT('',#16805);
#5834=VERTEX_POINT('',#16807);
#5835=VERTEX_POINT('',#16809);
#5836=VERTEX_POINT('',#16811);
#5837=VERTEX_POINT('',#16813);
#5838=VERTEX_POINT('',#16815);
#5839=VERTEX_POINT('',#16819);
#5840=VERTEX_POINT('',#16821);
#5841=VERTEX_POINT('',#16836);
#5842=VERTEX_POINT('',#16838);
#5843=VERTEX_POINT('',#16839);
#5844=VERTEX_POINT('',#16852);
#5845=VERTEX_POINT('',#16864);
#5846=VERTEX_POINT('',#16876);
#5847=VERTEX_POINT('',#16878);
#5848=VERTEX_POINT('',#16880);
#5849=VERTEX_POINT('',#16883);
#5850=VERTEX_POINT('',#16885);
#5851=VERTEX_POINT('',#16888);
#5852=VERTEX_POINT('',#16890);
#5853=VERTEX_POINT('',#16895);
#5854=VERTEX_POINT('',#16896);
#5855=VERTEX_POINT('',#16898);
#5856=VERTEX_POINT('',#16900);
#5857=VERTEX_POINT('',#16902);
#5858=VERTEX_POINT('',#16904);
#5859=VERTEX_POINT('',#16908);
#5860=VERTEX_POINT('',#16910);
#5861=VERTEX_POINT('',#16914);
#5862=VERTEX_POINT('',#16916);
#5863=VERTEX_POINT('',#16917);
#5864=VERTEX_POINT('',#16919);
#5865=VERTEX_POINT('',#16921);
#5866=VERTEX_POINT('',#16923);
#5867=VERTEX_POINT('',#16927);
#5868=VERTEX_POINT('',#16933);
#5869=VERTEX_POINT('',#16937);
#5870=VERTEX_POINT('',#16938);
#5871=VERTEX_POINT('',#16940);
#5872=VERTEX_POINT('',#16942);
#5873=VERTEX_POINT('',#16944);
#5874=VERTEX_POINT('',#16946);
#5875=VERTEX_POINT('',#16950);
#5876=VERTEX_POINT('',#16951);
#5877=VERTEX_POINT('',#16953);
#5878=VERTEX_POINT('',#16955);
#5879=VERTEX_POINT('',#16957);
#5880=VERTEX_POINT('',#16959);
#5881=VERTEX_POINT('',#16961);
#5882=VERTEX_POINT('',#16963);
#5883=VERTEX_POINT('',#16966);
#5884=VERTEX_POINT('',#16967);
#5885=VERTEX_POINT('',#16969);
#5886=VERTEX_POINT('',#16971);
#5887=VERTEX_POINT('',#16973);
#5888=VERTEX_POINT('',#16975);
#5889=VERTEX_POINT('',#16977);
#5890=VERTEX_POINT('',#16980);
#5891=VERTEX_POINT('',#16981);
#5892=VERTEX_POINT('',#16983);
#5893=VERTEX_POINT('',#16985);
#5894=VERTEX_POINT('',#16987);
#5895=VERTEX_POINT('',#16989);
#5896=VERTEX_POINT('',#16992);
#5897=VERTEX_POINT('',#16993);
#5898=VERTEX_POINT('',#16995);
#5899=VERTEX_POINT('',#16997);
#5900=VERTEX_POINT('',#16999);
#5901=VERTEX_POINT('',#17001);
#5902=VERTEX_POINT('',#17004);
#5903=VERTEX_POINT('',#17005);
#5904=VERTEX_POINT('',#17007);
#5905=VERTEX_POINT('',#17009);
#5906=VERTEX_POINT('',#17011);
#5907=VERTEX_POINT('',#17013);
#5908=VERTEX_POINT('',#17016);
#5909=VERTEX_POINT('',#17017);
#5910=VERTEX_POINT('',#17019);
#5911=VERTEX_POINT('',#17021);
#5912=VERTEX_POINT('',#17023);
#5913=VERTEX_POINT('',#17025);
#5914=VERTEX_POINT('',#17028);
#5915=VERTEX_POINT('',#17029);
#5916=VERTEX_POINT('',#17031);
#5917=VERTEX_POINT('',#17033);
#5918=VERTEX_POINT('',#17035);
#5919=VERTEX_POINT('',#17037);
#5920=VERTEX_POINT('',#17040);
#5921=VERTEX_POINT('',#17041);
#5922=VERTEX_POINT('',#17043);
#5923=VERTEX_POINT('',#17045);
#5924=VERTEX_POINT('',#17047);
#5925=VERTEX_POINT('',#17049);
#5926=VERTEX_POINT('',#17052);
#5927=VERTEX_POINT('',#17053);
#5928=VERTEX_POINT('',#17055);
#5929=VERTEX_POINT('',#17057);
#5930=VERTEX_POINT('',#17059);
#5931=VERTEX_POINT('',#17061);
#5932=VERTEX_POINT('',#17064);
#5933=VERTEX_POINT('',#17065);
#5934=VERTEX_POINT('',#17067);
#5935=VERTEX_POINT('',#17069);
#5936=VERTEX_POINT('',#17071);
#5937=VERTEX_POINT('',#17073);
#5938=VERTEX_POINT('',#17076);
#5939=VERTEX_POINT('',#17077);
#5940=VERTEX_POINT('',#17079);
#5941=VERTEX_POINT('',#17081);
#5942=VERTEX_POINT('',#17083);
#5943=VERTEX_POINT('',#17085);
#5944=VERTEX_POINT('',#17088);
#5945=VERTEX_POINT('',#17089);
#5946=VERTEX_POINT('',#17091);
#5947=VERTEX_POINT('',#17093);
#5948=VERTEX_POINT('',#17095);
#5949=VERTEX_POINT('',#17097);
#5950=VERTEX_POINT('',#17100);
#5951=VERTEX_POINT('',#17101);
#5952=VERTEX_POINT('',#17103);
#5953=VERTEX_POINT('',#17105);
#5954=VERTEX_POINT('',#17107);
#5955=VERTEX_POINT('',#17109);
#5956=VERTEX_POINT('',#17112);
#5957=VERTEX_POINT('',#17113);
#5958=VERTEX_POINT('',#17115);
#5959=VERTEX_POINT('',#17117);
#5960=VERTEX_POINT('',#17119);
#5961=VERTEX_POINT('',#17121);
#5962=VERTEX_POINT('',#17124);
#5963=VERTEX_POINT('',#17125);
#5964=VERTEX_POINT('',#17127);
#5965=VERTEX_POINT('',#17129);
#5966=VERTEX_POINT('',#17131);
#5967=VERTEX_POINT('',#17133);
#5968=VERTEX_POINT('',#17136);
#5969=VERTEX_POINT('',#17137);
#5970=VERTEX_POINT('',#17139);
#5971=VERTEX_POINT('',#17141);
#5972=VERTEX_POINT('',#17143);
#5973=VERTEX_POINT('',#17145);
#5974=VERTEX_POINT('',#17148);
#5975=VERTEX_POINT('',#17149);
#5976=VERTEX_POINT('',#17151);
#5977=VERTEX_POINT('',#17153);
#5978=VERTEX_POINT('',#17155);
#5979=VERTEX_POINT('',#17157);
#5980=VERTEX_POINT('',#17160);
#5981=VERTEX_POINT('',#17161);
#5982=VERTEX_POINT('',#17163);
#5983=VERTEX_POINT('',#17165);
#5984=VERTEX_POINT('',#17167);
#5985=VERTEX_POINT('',#17169);
#5986=VERTEX_POINT('',#17172);
#5987=VERTEX_POINT('',#17173);
#5988=VERTEX_POINT('',#17175);
#5989=VERTEX_POINT('',#17177);
#5990=VERTEX_POINT('',#17179);
#5991=VERTEX_POINT('',#17181);
#5992=VERTEX_POINT('',#17184);
#5993=VERTEX_POINT('',#17185);
#5994=VERTEX_POINT('',#17187);
#5995=VERTEX_POINT('',#17189);
#5996=VERTEX_POINT('',#17191);
#5997=VERTEX_POINT('',#17193);
#5998=VERTEX_POINT('',#17196);
#5999=VERTEX_POINT('',#17197);
#6000=VERTEX_POINT('',#17199);
#6001=VERTEX_POINT('',#17201);
#6002=VERTEX_POINT('',#17203);
#6003=VERTEX_POINT('',#17205);
#6004=VERTEX_POINT('',#17208);
#6005=VERTEX_POINT('',#17209);
#6006=VERTEX_POINT('',#17211);
#6007=VERTEX_POINT('',#17213);
#6008=VERTEX_POINT('',#17215);
#6009=VERTEX_POINT('',#17217);
#6010=VERTEX_POINT('',#17220);
#6011=VERTEX_POINT('',#17221);
#6012=VERTEX_POINT('',#17223);
#6013=VERTEX_POINT('',#17225);
#6014=VERTEX_POINT('',#17227);
#6015=VERTEX_POINT('',#17229);
#6016=VERTEX_POINT('',#17232);
#6017=VERTEX_POINT('',#17233);
#6018=VERTEX_POINT('',#17235);
#6019=VERTEX_POINT('',#17237);
#6020=VERTEX_POINT('',#17239);
#6021=VERTEX_POINT('',#17241);
#6022=VERTEX_POINT('',#17244);
#6023=VERTEX_POINT('',#17245);
#6024=VERTEX_POINT('',#17247);
#6025=VERTEX_POINT('',#17249);
#6026=VERTEX_POINT('',#17251);
#6027=VERTEX_POINT('',#17253);
#6028=VERTEX_POINT('',#17256);
#6029=VERTEX_POINT('',#17257);
#6030=VERTEX_POINT('',#17259);
#6031=VERTEX_POINT('',#17261);
#6032=VERTEX_POINT('',#17263);
#6033=VERTEX_POINT('',#17265);
#6034=VERTEX_POINT('',#17268);
#6035=VERTEX_POINT('',#17269);
#6036=VERTEX_POINT('',#17271);
#6037=VERTEX_POINT('',#17273);
#6038=VERTEX_POINT('',#17275);
#6039=VERTEX_POINT('',#17277);
#6040=VERTEX_POINT('',#17280);
#6041=VERTEX_POINT('',#17281);
#6042=VERTEX_POINT('',#17283);
#6043=VERTEX_POINT('',#17285);
#6044=VERTEX_POINT('',#17287);
#6045=VERTEX_POINT('',#17289);
#6046=VERTEX_POINT('',#17292);
#6047=VERTEX_POINT('',#17293);
#6048=VERTEX_POINT('',#17295);
#6049=VERTEX_POINT('',#17297);
#6050=VERTEX_POINT('',#17299);
#6051=VERTEX_POINT('',#17301);
#6052=VERTEX_POINT('',#17304);
#6053=VERTEX_POINT('',#17305);
#6054=VERTEX_POINT('',#17307);
#6055=VERTEX_POINT('',#17309);
#6056=VERTEX_POINT('',#17311);
#6057=VERTEX_POINT('',#17313);
#6058=VERTEX_POINT('',#17316);
#6059=VERTEX_POINT('',#17317);
#6060=VERTEX_POINT('',#17319);
#6061=VERTEX_POINT('',#17321);
#6062=VERTEX_POINT('',#17323);
#6063=VERTEX_POINT('',#17325);
#6064=VERTEX_POINT('',#17328);
#6065=VERTEX_POINT('',#17329);
#6066=VERTEX_POINT('',#17331);
#6067=VERTEX_POINT('',#17333);
#6068=VERTEX_POINT('',#17335);
#6069=VERTEX_POINT('',#17337);
#6070=VERTEX_POINT('',#17340);
#6071=VERTEX_POINT('',#17341);
#6072=VERTEX_POINT('',#17343);
#6073=VERTEX_POINT('',#17345);
#6074=VERTEX_POINT('',#17347);
#6075=VERTEX_POINT('',#17349);
#6076=VERTEX_POINT('',#17352);
#6077=VERTEX_POINT('',#17353);
#6078=VERTEX_POINT('',#17355);
#6079=VERTEX_POINT('',#17357);
#6080=VERTEX_POINT('',#17359);
#6081=VERTEX_POINT('',#17361);
#6082=VERTEX_POINT('',#17364);
#6083=VERTEX_POINT('',#17365);
#6084=VERTEX_POINT('',#17367);
#6085=VERTEX_POINT('',#17369);
#6086=VERTEX_POINT('',#17371);
#6087=VERTEX_POINT('',#17373);
#6088=VERTEX_POINT('',#17376);
#6089=VERTEX_POINT('',#17379);
#6090=VERTEX_POINT('',#17381);
#6091=VERTEX_POINT('',#17382);
#6092=VERTEX_POINT('',#17384);
#6093=VERTEX_POINT('',#17386);
#6094=VERTEX_POINT('',#17388);
#6095=VERTEX_POINT('',#17390);
#6096=VERTEX_POINT('',#17392);
#6097=VERTEX_POINT('',#17394);
#6098=VERTEX_POINT('',#17396);
#6099=VERTEX_POINT('',#17399);
#6100=VERTEX_POINT('',#17403);
#6101=VERTEX_POINT('',#17404);
#6102=VERTEX_POINT('',#17406);
#6103=VERTEX_POINT('',#17408);
#6104=VERTEX_POINT('',#17410);
#6105=VERTEX_POINT('',#17412);
#6106=VERTEX_POINT('',#17415);
#6107=VERTEX_POINT('',#17416);
#6108=VERTEX_POINT('',#17418);
#6109=VERTEX_POINT('',#17420);
#6110=VERTEX_POINT('',#17422);
#6111=VERTEX_POINT('',#17424);
#6112=VERTEX_POINT('',#17427);
#6113=VERTEX_POINT('',#17428);
#6114=VERTEX_POINT('',#17430);
#6115=VERTEX_POINT('',#17432);
#6116=VERTEX_POINT('',#17434);
#6117=VERTEX_POINT('',#17436);
#6118=VERTEX_POINT('',#17439);
#6119=VERTEX_POINT('',#17440);
#6120=VERTEX_POINT('',#17442);
#6121=VERTEX_POINT('',#17444);
#6122=VERTEX_POINT('',#17446);
#6123=VERTEX_POINT('',#17448);
#6124=VERTEX_POINT('',#17451);
#6125=VERTEX_POINT('',#17452);
#6126=VERTEX_POINT('',#17454);
#6127=VERTEX_POINT('',#17456);
#6128=VERTEX_POINT('',#17458);
#6129=VERTEX_POINT('',#17460);
#6130=VERTEX_POINT('',#17463);
#6131=VERTEX_POINT('',#17464);
#6132=VERTEX_POINT('',#17466);
#6133=VERTEX_POINT('',#17468);
#6134=VERTEX_POINT('',#17470);
#6135=VERTEX_POINT('',#17472);
#6136=VERTEX_POINT('',#17475);
#6137=VERTEX_POINT('',#17476);
#6138=VERTEX_POINT('',#17478);
#6139=VERTEX_POINT('',#17480);
#6140=VERTEX_POINT('',#17482);
#6141=VERTEX_POINT('',#17484);
#6142=VERTEX_POINT('',#17487);
#6143=VERTEX_POINT('',#17488);
#6144=VERTEX_POINT('',#17490);
#6145=VERTEX_POINT('',#17492);
#6146=VERTEX_POINT('',#17494);
#6147=VERTEX_POINT('',#17496);
#6148=VERTEX_POINT('',#17499);
#6149=VERTEX_POINT('',#17500);
#6150=VERTEX_POINT('',#17502);
#6151=VERTEX_POINT('',#17504);
#6152=VERTEX_POINT('',#17506);
#6153=VERTEX_POINT('',#17508);
#6154=VERTEX_POINT('',#17511);
#6155=VERTEX_POINT('',#17512);
#6156=VERTEX_POINT('',#17514);
#6157=VERTEX_POINT('',#17516);
#6158=VERTEX_POINT('',#17518);
#6159=VERTEX_POINT('',#17520);
#6160=VERTEX_POINT('',#17523);
#6161=VERTEX_POINT('',#17524);
#6162=VERTEX_POINT('',#17526);
#6163=VERTEX_POINT('',#17528);
#6164=VERTEX_POINT('',#17530);
#6165=VERTEX_POINT('',#17532);
#6166=VERTEX_POINT('',#17535);
#6167=VERTEX_POINT('',#17536);
#6168=VERTEX_POINT('',#17538);
#6169=VERTEX_POINT('',#17540);
#6170=VERTEX_POINT('',#17542);
#6171=VERTEX_POINT('',#17544);
#6172=VERTEX_POINT('',#17547);
#6173=VERTEX_POINT('',#17548);
#6174=VERTEX_POINT('',#17550);
#6175=VERTEX_POINT('',#17552);
#6176=VERTEX_POINT('',#17554);
#6177=VERTEX_POINT('',#17556);
#6178=VERTEX_POINT('',#17559);
#6179=VERTEX_POINT('',#17560);
#6180=VERTEX_POINT('',#17562);
#6181=VERTEX_POINT('',#17564);
#6182=VERTEX_POINT('',#17566);
#6183=VERTEX_POINT('',#17568);
#6184=VERTEX_POINT('',#17571);
#6185=VERTEX_POINT('',#17572);
#6186=VERTEX_POINT('',#17574);
#6187=VERTEX_POINT('',#17576);
#6188=VERTEX_POINT('',#17578);
#6189=VERTEX_POINT('',#17580);
#6190=VERTEX_POINT('',#17583);
#6191=VERTEX_POINT('',#17584);
#6192=VERTEX_POINT('',#17586);
#6193=VERTEX_POINT('',#17588);
#6194=VERTEX_POINT('',#17590);
#6195=VERTEX_POINT('',#17592);
#6196=VERTEX_POINT('',#17595);
#6197=VERTEX_POINT('',#17596);
#6198=VERTEX_POINT('',#17598);
#6199=VERTEX_POINT('',#17600);
#6200=VERTEX_POINT('',#17602);
#6201=VERTEX_POINT('',#17604);
#6202=VERTEX_POINT('',#17607);
#6203=VERTEX_POINT('',#17608);
#6204=VERTEX_POINT('',#17610);
#6205=VERTEX_POINT('',#17612);
#6206=VERTEX_POINT('',#17614);
#6207=VERTEX_POINT('',#17616);
#6208=VERTEX_POINT('',#17619);
#6209=VERTEX_POINT('',#17620);
#6210=VERTEX_POINT('',#17622);
#6211=VERTEX_POINT('',#17624);
#6212=VERTEX_POINT('',#17626);
#6213=VERTEX_POINT('',#17628);
#6214=VERTEX_POINT('',#17631);
#6215=VERTEX_POINT('',#17632);
#6216=VERTEX_POINT('',#17634);
#6217=VERTEX_POINT('',#17636);
#6218=VERTEX_POINT('',#17638);
#6219=VERTEX_POINT('',#17640);
#6220=VERTEX_POINT('',#17643);
#6221=VERTEX_POINT('',#17644);
#6222=VERTEX_POINT('',#17646);
#6223=VERTEX_POINT('',#17648);
#6224=VERTEX_POINT('',#17650);
#6225=VERTEX_POINT('',#17652);
#6226=VERTEX_POINT('',#17655);
#6227=VERTEX_POINT('',#17656);
#6228=VERTEX_POINT('',#17658);
#6229=VERTEX_POINT('',#17660);
#6230=VERTEX_POINT('',#17662);
#6231=VERTEX_POINT('',#17664);
#6232=VERTEX_POINT('',#17667);
#6233=VERTEX_POINT('',#17668);
#6234=VERTEX_POINT('',#17670);
#6235=VERTEX_POINT('',#17672);
#6236=VERTEX_POINT('',#17674);
#6237=VERTEX_POINT('',#17676);
#6238=VERTEX_POINT('',#17679);
#6239=VERTEX_POINT('',#17680);
#6240=VERTEX_POINT('',#17683);
#6241=VERTEX_POINT('',#17685);
#6242=VERTEX_POINT('',#17688);
#6243=VERTEX_POINT('',#17690);
#6244=VERTEX_POINT('',#17694);
#6245=VERTEX_POINT('',#17695);
#6246=VERTEX_POINT('',#17697);
#6247=VERTEX_POINT('',#17699);
#6248=VERTEX_POINT('',#17701);
#6249=VERTEX_POINT('',#17703);
#6250=VERTEX_POINT('',#17706);
#6251=VERTEX_POINT('',#17707);
#6252=VERTEX_POINT('',#17709);
#6253=VERTEX_POINT('',#17711);
#6254=VERTEX_POINT('',#17713);
#6255=VERTEX_POINT('',#17715);
#6256=VERTEX_POINT('',#17718);
#6257=VERTEX_POINT('',#17719);
#6258=VERTEX_POINT('',#17721);
#6259=VERTEX_POINT('',#17723);
#6260=VERTEX_POINT('',#17725);
#6261=VERTEX_POINT('',#17727);
#6262=VERTEX_POINT('',#17730);
#6263=VERTEX_POINT('',#17731);
#6264=VERTEX_POINT('',#17733);
#6265=VERTEX_POINT('',#17735);
#6266=VERTEX_POINT('',#17737);
#6267=VERTEX_POINT('',#17739);
#6268=VERTEX_POINT('',#17742);
#6269=VERTEX_POINT('',#17743);
#6270=VERTEX_POINT('',#17745);
#6271=VERTEX_POINT('',#17747);
#6272=VERTEX_POINT('',#17749);
#6273=VERTEX_POINT('',#17751);
#6274=VERTEX_POINT('',#17754);
#6275=VERTEX_POINT('',#17755);
#6276=VERTEX_POINT('',#17757);
#6277=VERTEX_POINT('',#17759);
#6278=VERTEX_POINT('',#17761);
#6279=VERTEX_POINT('',#17763);
#6280=VERTEX_POINT('',#17766);
#6281=VERTEX_POINT('',#17767);
#6282=VERTEX_POINT('',#17769);
#6283=VERTEX_POINT('',#17771);
#6284=VERTEX_POINT('',#17773);
#6285=VERTEX_POINT('',#17775);
#6286=VERTEX_POINT('',#17778);
#6287=VERTEX_POINT('',#17779);
#6288=VERTEX_POINT('',#17781);
#6289=VERTEX_POINT('',#17783);
#6290=VERTEX_POINT('',#17785);
#6291=VERTEX_POINT('',#17787);
#6292=VERTEX_POINT('',#17790);
#6293=VERTEX_POINT('',#17791);
#6294=VERTEX_POINT('',#17793);
#6295=VERTEX_POINT('',#17795);
#6296=VERTEX_POINT('',#17797);
#6297=VERTEX_POINT('',#17799);
#6298=VERTEX_POINT('',#17802);
#6299=VERTEX_POINT('',#17803);
#6300=VERTEX_POINT('',#17805);
#6301=VERTEX_POINT('',#17807);
#6302=VERTEX_POINT('',#17809);
#6303=VERTEX_POINT('',#17811);
#6304=VERTEX_POINT('',#17814);
#6305=VERTEX_POINT('',#17815);
#6306=VERTEX_POINT('',#17817);
#6307=VERTEX_POINT('',#17819);
#6308=VERTEX_POINT('',#17821);
#6309=VERTEX_POINT('',#17823);
#6310=VERTEX_POINT('',#17826);
#6311=VERTEX_POINT('',#17828);
#6312=VERTEX_POINT('',#17830);
#6313=VERTEX_POINT('',#17832);
#6314=VERTEX_POINT('',#17835);
#6315=VERTEX_POINT('',#17837);
#6316=VERTEX_POINT('',#17849);
#6317=VERTEX_POINT('',#17851);
#6318=VERTEX_POINT('',#17854);
#6319=VERTEX_POINT('',#17855);
#6320=VERTEX_POINT('',#17857);
#6321=VERTEX_POINT('',#17859);
#6322=VERTEX_POINT('',#17861);
#6323=VERTEX_POINT('',#17863);
#6324=VERTEX_POINT('',#17866);
#6325=VERTEX_POINT('',#17867);
#6326=VERTEX_POINT('',#17869);
#6327=VERTEX_POINT('',#17871);
#6328=VERTEX_POINT('',#17873);
#6329=VERTEX_POINT('',#17875);
#6330=VERTEX_POINT('',#17878);
#6331=VERTEX_POINT('',#17879);
#6332=VERTEX_POINT('',#17881);
#6333=VERTEX_POINT('',#17883);
#6334=VERTEX_POINT('',#17885);
#6335=VERTEX_POINT('',#17887);
#6336=VERTEX_POINT('',#17890);
#6337=VERTEX_POINT('',#17891);
#6338=VERTEX_POINT('',#17893);
#6339=VERTEX_POINT('',#17895);
#6340=VERTEX_POINT('',#17897);
#6341=VERTEX_POINT('',#17899);
#6342=VERTEX_POINT('',#17902);
#6343=VERTEX_POINT('',#17903);
#6344=VERTEX_POINT('',#17905);
#6345=VERTEX_POINT('',#17907);
#6346=VERTEX_POINT('',#17909);
#6347=VERTEX_POINT('',#17911);
#6348=VERTEX_POINT('',#17914);
#6349=VERTEX_POINT('',#17915);
#6350=VERTEX_POINT('',#17917);
#6351=VERTEX_POINT('',#17919);
#6352=VERTEX_POINT('',#17921);
#6353=VERTEX_POINT('',#17923);
#6354=VERTEX_POINT('',#17926);
#6355=VERTEX_POINT('',#17927);
#6356=VERTEX_POINT('',#17929);
#6357=VERTEX_POINT('',#17931);
#6358=VERTEX_POINT('',#17933);
#6359=VERTEX_POINT('',#17935);
#6360=VERTEX_POINT('',#17938);
#6361=VERTEX_POINT('',#17939);
#6362=VERTEX_POINT('',#17941);
#6363=VERTEX_POINT('',#17943);
#6364=VERTEX_POINT('',#17945);
#6365=VERTEX_POINT('',#17947);
#6366=VERTEX_POINT('',#17950);
#6367=VERTEX_POINT('',#17951);
#6368=VERTEX_POINT('',#17953);
#6369=VERTEX_POINT('',#17955);
#6370=VERTEX_POINT('',#17957);
#6371=VERTEX_POINT('',#17959);
#6372=VERTEX_POINT('',#17962);
#6373=VERTEX_POINT('',#17963);
#6374=VERTEX_POINT('',#17965);
#6375=VERTEX_POINT('',#17967);
#6376=VERTEX_POINT('',#17969);
#6377=VERTEX_POINT('',#17971);
#6378=VERTEX_POINT('',#17974);
#6379=VERTEX_POINT('',#17975);
#6380=VERTEX_POINT('',#17977);
#6381=VERTEX_POINT('',#17979);
#6382=VERTEX_POINT('',#17981);
#6383=VERTEX_POINT('',#17983);
#6384=VERTEX_POINT('',#17986);
#6385=VERTEX_POINT('',#17987);
#6386=VERTEX_POINT('',#17989);
#6387=VERTEX_POINT('',#17991);
#6388=VERTEX_POINT('',#17993);
#6389=VERTEX_POINT('',#17995);
#6390=VERTEX_POINT('',#17999);
#6391=VERTEX_POINT('',#18001);
#6392=VERTEX_POINT('',#18007);
#6393=VERTEX_POINT('',#18009);
#6394=VERTEX_POINT('',#18018);
#6395=VERTEX_POINT('',#18020);
#6396=VERTEX_POINT('',#18024);
#6397=VERTEX_POINT('',#18028);
#6398=VERTEX_POINT('',#18037);
#6399=VERTEX_POINT('',#18038);
#6400=VERTEX_POINT('',#18040);
#6401=VERTEX_POINT('',#18042);
#6402=VERTEX_POINT('',#18044);
#6403=VERTEX_POINT('',#18052);
#6404=VERTEX_POINT('',#18056);
#6405=VERTEX_POINT('',#18058);
#6406=VERTEX_POINT('',#18062);
#6407=VERTEX_POINT('',#18066);
#6408=VERTEX_POINT('',#18072);
#6409=VERTEX_POINT('',#18073);
#6410=VERTEX_POINT('',#18075);
#6411=VERTEX_POINT('',#18077);
#6412=VERTEX_POINT('',#18079);
#6413=VERTEX_POINT('',#18081);
#6414=VERTEX_POINT('',#18084);
#6415=VERTEX_POINT('',#18085);
#6416=VERTEX_POINT('',#18087);
#6417=VERTEX_POINT('',#18089);
#6418=VERTEX_POINT('',#18091);
#6419=VERTEX_POINT('',#18093);
#6420=VERTEX_POINT('',#18095);
#6421=VERTEX_POINT('',#18097);
#6422=VERTEX_POINT('',#18099);
#6423=VERTEX_POINT('',#18101);
#6424=VERTEX_POINT('',#18103);
#6425=VERTEX_POINT('',#18105);
#6426=VERTEX_POINT('',#18116);
#6427=VERTEX_POINT('',#18118);
#6428=VERTEX_POINT('',#18120);
#6429=VERTEX_POINT('',#18122);
#6430=VERTEX_POINT('',#18124);
#6431=VERTEX_POINT('',#18126);
#6432=VERTEX_POINT('',#18128);
#6433=VERTEX_POINT('',#18130);
#6434=VERTEX_POINT('',#18133);
#6435=VERTEX_POINT('',#18134);
#6436=VERTEX_POINT('',#18136);
#6437=VERTEX_POINT('',#18138);
#6438=VERTEX_POINT('',#18140);
#6439=VERTEX_POINT('',#18142);
#6440=VERTEX_POINT('',#18145);
#6441=VERTEX_POINT('',#18146);
#6442=VERTEX_POINT('',#18148);
#6443=VERTEX_POINT('',#18150);
#6444=VERTEX_POINT('',#18152);
#6445=VERTEX_POINT('',#18154);
#6446=VERTEX_POINT('',#18157);
#6447=VERTEX_POINT('',#18158);
#6448=VERTEX_POINT('',#18160);
#6449=VERTEX_POINT('',#18162);
#6450=VERTEX_POINT('',#18164);
#6451=VERTEX_POINT('',#18166);
#6452=VERTEX_POINT('',#18169);
#6453=VERTEX_POINT('',#18170);
#6454=VERTEX_POINT('',#18172);
#6455=VERTEX_POINT('',#18174);
#6456=VERTEX_POINT('',#18176);
#6457=VERTEX_POINT('',#18178);
#6458=VERTEX_POINT('',#18181);
#6459=VERTEX_POINT('',#18182);
#6460=VERTEX_POINT('',#18184);
#6461=VERTEX_POINT('',#18186);
#6462=VERTEX_POINT('',#18188);
#6463=VERTEX_POINT('',#18190);
#6464=VERTEX_POINT('',#18193);
#6465=VERTEX_POINT('',#18194);
#6466=VERTEX_POINT('',#18196);
#6467=VERTEX_POINT('',#18198);
#6468=VERTEX_POINT('',#18200);
#6469=VERTEX_POINT('',#18202);
#6470=VERTEX_POINT('',#18205);
#6471=VERTEX_POINT('',#18206);
#6472=VERTEX_POINT('',#18208);
#6473=VERTEX_POINT('',#18210);
#6474=VERTEX_POINT('',#18212);
#6475=VERTEX_POINT('',#18214);
#6476=VERTEX_POINT('',#18217);
#6477=VERTEX_POINT('',#18218);
#6478=VERTEX_POINT('',#18220);
#6479=VERTEX_POINT('',#18222);
#6480=VERTEX_POINT('',#18224);
#6481=VERTEX_POINT('',#18226);
#6482=VERTEX_POINT('',#18229);
#6483=VERTEX_POINT('',#18230);
#6484=VERTEX_POINT('',#18232);
#6485=VERTEX_POINT('',#18234);
#6486=VERTEX_POINT('',#18236);
#6487=VERTEX_POINT('',#18238);
#6488=VERTEX_POINT('',#18241);
#6489=VERTEX_POINT('',#18242);
#6490=VERTEX_POINT('',#18244);
#6491=VERTEX_POINT('',#18246);
#6492=VERTEX_POINT('',#18248);
#6493=VERTEX_POINT('',#18250);
#6494=VERTEX_POINT('',#18253);
#6495=VERTEX_POINT('',#18254);
#6496=VERTEX_POINT('',#18256);
#6497=VERTEX_POINT('',#18258);
#6498=VERTEX_POINT('',#18260);
#6499=VERTEX_POINT('',#18262);
#6500=VERTEX_POINT('',#18265);
#6501=VERTEX_POINT('',#18266);
#6502=VERTEX_POINT('',#18268);
#6503=VERTEX_POINT('',#18270);
#6504=VERTEX_POINT('',#18272);
#6505=VERTEX_POINT('',#18274);
#6506=VERTEX_POINT('',#18277);
#6507=VERTEX_POINT('',#18278);
#6508=VERTEX_POINT('',#18280);
#6509=VERTEX_POINT('',#18282);
#6510=VERTEX_POINT('',#18284);
#6511=VERTEX_POINT('',#18286);
#6512=VERTEX_POINT('',#18289);
#6513=VERTEX_POINT('',#18290);
#6514=VERTEX_POINT('',#18292);
#6515=VERTEX_POINT('',#18294);
#6516=VERTEX_POINT('',#18296);
#6517=VERTEX_POINT('',#18298);
#6518=VERTEX_POINT('',#18301);
#6519=VERTEX_POINT('',#18302);
#6520=VERTEX_POINT('',#18304);
#6521=VERTEX_POINT('',#18306);
#6522=VERTEX_POINT('',#18308);
#6523=VERTEX_POINT('',#18310);
#6524=VERTEX_POINT('',#18313);
#6525=VERTEX_POINT('',#18314);
#6526=VERTEX_POINT('',#18316);
#6527=VERTEX_POINT('',#18318);
#6528=VERTEX_POINT('',#18320);
#6529=VERTEX_POINT('',#18322);
#6530=VERTEX_POINT('',#18325);
#6531=VERTEX_POINT('',#18326);
#6532=VERTEX_POINT('',#18328);
#6533=VERTEX_POINT('',#18330);
#6534=VERTEX_POINT('',#18332);
#6535=VERTEX_POINT('',#18334);
#6536=VERTEX_POINT('',#18337);
#6537=VERTEX_POINT('',#18338);
#6538=VERTEX_POINT('',#18340);
#6539=VERTEX_POINT('',#18342);
#6540=VERTEX_POINT('',#18344);
#6541=VERTEX_POINT('',#18346);
#6542=VERTEX_POINT('',#18349);
#6543=VERTEX_POINT('',#18350);
#6544=VERTEX_POINT('',#18352);
#6545=VERTEX_POINT('',#18354);
#6546=VERTEX_POINT('',#18356);
#6547=VERTEX_POINT('',#18358);
#6548=VERTEX_POINT('',#18361);
#6549=VERTEX_POINT('',#18362);
#6550=VERTEX_POINT('',#18364);
#6551=VERTEX_POINT('',#18366);
#6552=VERTEX_POINT('',#18368);
#6553=VERTEX_POINT('',#18370);
#6554=VERTEX_POINT('',#18373);
#6555=VERTEX_POINT('',#18374);
#6556=VERTEX_POINT('',#18376);
#6557=VERTEX_POINT('',#18378);
#6558=VERTEX_POINT('',#18380);
#6559=VERTEX_POINT('',#18382);
#6560=VERTEX_POINT('',#18385);
#6561=VERTEX_POINT('',#18386);
#6562=VERTEX_POINT('',#18388);
#6563=VERTEX_POINT('',#18390);
#6564=VERTEX_POINT('',#18392);
#6565=VERTEX_POINT('',#18394);
#6566=VERTEX_POINT('',#18397);
#6567=VERTEX_POINT('',#18398);
#6568=VERTEX_POINT('',#18400);
#6569=VERTEX_POINT('',#18402);
#6570=VERTEX_POINT('',#18404);
#6571=VERTEX_POINT('',#18406);
#6572=VERTEX_POINT('',#18409);
#6573=VERTEX_POINT('',#18410);
#6574=VERTEX_POINT('',#18412);
#6575=VERTEX_POINT('',#18414);
#6576=VERTEX_POINT('',#18416);
#6577=VERTEX_POINT('',#18418);
#6578=VERTEX_POINT('',#18421);
#6579=VERTEX_POINT('',#18422);
#6580=VERTEX_POINT('',#18424);
#6581=VERTEX_POINT('',#18426);
#6582=VERTEX_POINT('',#18428);
#6583=VERTEX_POINT('',#18430);
#6584=VERTEX_POINT('',#18433);
#6585=VERTEX_POINT('',#18434);
#6586=VERTEX_POINT('',#18436);
#6587=VERTEX_POINT('',#18438);
#6588=VERTEX_POINT('',#18440);
#6589=VERTEX_POINT('',#18442);
#6590=VERTEX_POINT('',#18445);
#6591=VERTEX_POINT('',#18446);
#6592=VERTEX_POINT('',#18448);
#6593=VERTEX_POINT('',#18450);
#6594=VERTEX_POINT('',#18452);
#6595=VERTEX_POINT('',#18454);
#6596=VERTEX_POINT('',#18457);
#6597=VERTEX_POINT('',#18458);
#6598=VERTEX_POINT('',#18460);
#6599=VERTEX_POINT('',#18462);
#6600=VERTEX_POINT('',#18464);
#6601=VERTEX_POINT('',#18466);
#6602=VERTEX_POINT('',#18469);
#6603=VERTEX_POINT('',#18470);
#6604=VERTEX_POINT('',#18472);
#6605=VERTEX_POINT('',#18474);
#6606=VERTEX_POINT('',#18476);
#6607=VERTEX_POINT('',#18478);
#6608=VERTEX_POINT('',#18481);
#6609=VERTEX_POINT('',#18482);
#6610=VERTEX_POINT('',#18484);
#6611=VERTEX_POINT('',#18486);
#6612=VERTEX_POINT('',#18488);
#6613=VERTEX_POINT('',#18490);
#6614=VERTEX_POINT('',#18494);
#6615=VERTEX_POINT('',#18496);
#6616=VERTEX_POINT('',#18499);
#6617=VERTEX_POINT('',#18501);
#6618=VERTEX_POINT('',#18506);
#6619=VERTEX_POINT('',#18508);
#6620=VERTEX_POINT('',#18511);
#6621=VERTEX_POINT('',#18513);
#6622=VERTEX_POINT('',#18522);
#6623=VERTEX_POINT('',#18525);
#6624=VERTEX_POINT('',#18526);
#6625=VERTEX_POINT('',#18531);
#6626=VERTEX_POINT('',#18533);
#6627=VERTEX_POINT('',#18535);
#6628=VERTEX_POINT('',#18537);
#6629=VERTEX_POINT('',#18539);
#6630=VERTEX_POINT('',#18541);
#6631=VERTEX_POINT('',#18545);
#6632=VERTEX_POINT('',#18549);
#6633=VERTEX_POINT('',#18551);
#6634=VERTEX_POINT('',#18555);
#6635=VERTEX_POINT('',#18558);
#6636=VERTEX_POINT('',#18561);
#6637=VERTEX_POINT('',#18565);
#6638=VERTEX_POINT('',#18567);
#6639=VERTEX_POINT('',#18571);
#6640=VERTEX_POINT('',#18574);
#6641=VERTEX_POINT('',#18578);
#6642=VERTEX_POINT('',#18582);
#6643=VERTEX_POINT('',#18586);
#6644=VERTEX_POINT('',#18590);
#6645=VERTEX_POINT('',#18591);
#6646=VERTEX_POINT('',#18593);
#6647=VERTEX_POINT('',#18598);
#6648=VERTEX_POINT('',#18602);
#6649=VERTEX_POINT('',#18614);
#6650=VERTEX_POINT('',#18617);
#6651=VERTEX_POINT('',#18621);
#6652=VERTEX_POINT('',#18627);
#6653=VERTEX_POINT('',#18629);
#6654=VERTEX_POINT('',#18633);
#6655=VERTEX_POINT('',#18637);
#6656=VERTEX_POINT('',#18658);
#6657=VERTEX_POINT('',#18662);
#6658=VERTEX_POINT('',#18666);
#6659=VERTEX_POINT('',#18668);
#6660=VERTEX_POINT('',#18674);
#6661=VERTEX_POINT('',#18683);
#6662=VERTEX_POINT('',#18687);
#6663=VERTEX_POINT('',#18691);
#6664=VERTEX_POINT('',#18693);
#6665=VERTEX_POINT('',#18706);
#6666=VERTEX_POINT('',#18710);
#6667=VERTEX_POINT('',#18714);
#6668=VERTEX_POINT('',#18726);
#6669=VERTEX_POINT('',#18730);
#6670=VERTEX_POINT('',#18734);
#6671=VERTEX_POINT('',#19117);
#6672=VERTEX_POINT('',#19119);
#6673=VERTEX_POINT('',#19123);
#6674=VERTEX_POINT('',#19169);
#6675=VERTEX_POINT('',#19171);
#6676=VERTEX_POINT('',#19452);
#6677=VERTEX_POINT('',#19454);
#6678=LINE('',#16130,#8093);
#6679=LINE('',#16133,#8094);
#6680=LINE('',#16135,#8095);
#6681=LINE('',#16137,#8096);
#6682=LINE('',#16139,#8097);
#6683=LINE('',#16141,#8098);
#6684=LINE('',#16143,#8099);
#6685=LINE('',#16145,#8100);
#6686=LINE('',#16147,#8101);
#6687=LINE('',#16149,#8102);
#6688=LINE('',#16151,#8103);
#6689=LINE('',#16153,#8104);
#6690=LINE('',#16155,#8105);
#6691=LINE('',#16157,#8106);
#6692=LINE('',#16160,#8107);
#6693=LINE('',#16162,#8108);
#6694=LINE('',#16164,#8109);
#6695=LINE('',#16166,#8110);
#6696=LINE('',#16168,#8111);
#6697=LINE('',#16170,#8112);
#6698=LINE('',#16172,#8113);
#6699=LINE('',#16174,#8114);
#6700=LINE('',#16176,#8115);
#6701=LINE('',#16178,#8116);
#6702=LINE('',#16180,#8117);
#6703=LINE('',#16182,#8118);
#6704=LINE('',#16184,#8119);
#6705=LINE('',#16186,#8120);
#6706=LINE('',#16188,#8121);
#6707=LINE('',#16190,#8122);
#6708=LINE('',#16192,#8123);
#6709=LINE('',#16194,#8124);
#6710=LINE('',#16197,#8125);
#6711=LINE('',#16199,#8126);
#6712=LINE('',#16201,#8127);
#6713=LINE('',#16203,#8128);
#6714=LINE('',#16205,#8129);
#6715=LINE('',#16207,#8130);
#6716=LINE('',#16209,#8131);
#6717=LINE('',#16211,#8132);
#6718=LINE('',#16213,#8133);
#6719=LINE('',#16215,#8134);
#6720=LINE('',#16217,#8135);
#6721=LINE('',#16219,#8136);
#6722=LINE('',#16221,#8137);
#6723=LINE('',#16223,#8138);
#6724=LINE('',#16226,#8139);
#6725=LINE('',#16228,#8140);
#6726=LINE('',#16230,#8141);
#6727=LINE('',#16232,#8142);
#6728=LINE('',#16234,#8143);
#6729=LINE('',#16236,#8144);
#6730=LINE('',#16238,#8145);
#6731=LINE('',#16240,#8146);
#6732=LINE('',#16242,#8147);
#6733=LINE('',#16245,#8148);
#6734=LINE('',#16246,#8149);
#6735=LINE('',#16248,#8150);
#6736=LINE('',#16250,#8151);
#6737=LINE('',#16252,#8152);
#6738=LINE('',#16255,#8153);
#6739=LINE('',#16257,#8154);
#6740=LINE('',#16259,#8155);
#6741=LINE('',#16261,#8156);
#6742=LINE('',#16263,#8157);
#6743=LINE('',#16265,#8158);
#6744=LINE('',#16267,#8159);
#6745=LINE('',#16269,#8160);
#6746=LINE('',#16271,#8161);
#6747=LINE('',#16274,#8162);
#6748=LINE('',#16275,#8163);
#6749=LINE('',#16277,#8164);
#6750=LINE('',#16279,#8165);
#6751=LINE('',#16281,#8166);
#6752=LINE('',#16284,#8167);
#6753=LINE('',#16286,#8168);
#6754=LINE('',#16288,#8169);
#6755=LINE('',#16290,#8170);
#6756=LINE('',#16292,#8171);
#6757=LINE('',#16294,#8172);
#6758=LINE('',#16296,#8173);
#6759=LINE('',#16298,#8174);
#6760=LINE('',#16300,#8175);
#6761=LINE('',#16302,#8176);
#6762=LINE('',#16305,#8177);
#6763=LINE('',#16307,#8178);
#6764=LINE('',#16309,#8179);
#6765=LINE('',#16311,#8180);
#6766=LINE('',#16312,#8181);
#6767=LINE('',#16314,#8182);
#6768=LINE('',#16316,#8183);
#6769=LINE('',#16318,#8184);
#6770=LINE('',#16321,#8185);
#6771=LINE('',#16323,#8186);
#6772=LINE('',#16325,#8187);
#6773=LINE('',#16329,#8188);
#6774=LINE('',#16330,#8189);
#6775=LINE('',#16332,#8190);
#6776=LINE('',#16334,#8191);
#6777=LINE('',#16337,#8192);
#6778=LINE('',#16339,#8193);
#6779=LINE('',#16341,#8194);
#6780=LINE('',#16345,#8195);
#6781=LINE('',#16347,#8196);
#6782=LINE('',#16350,#8197);
#6783=LINE('',#16353,#8198);
#6784=LINE('',#16355,#8199);
#6785=LINE('',#16357,#8200);
#6786=LINE('',#16359,#8201);
#6787=LINE('',#16361,#8202);
#6788=LINE('',#16362,#8203);
#6789=LINE('',#16365,#8204);
#6790=LINE('',#16367,#8205);
#6791=LINE('',#16369,#8206);
#6792=LINE('',#16371,#8207);
#6793=LINE('',#16373,#8208);
#6794=LINE('',#16374,#8209);
#6795=LINE('',#16377,#8210);
#6796=LINE('',#16379,#8211);
#6797=LINE('',#16381,#8212);
#6798=LINE('',#16383,#8213);
#6799=LINE('',#16385,#8214);
#6800=LINE('',#16386,#8215);
#6801=LINE('',#16389,#8216);
#6802=LINE('',#16391,#8217);
#6803=LINE('',#16393,#8218);
#6804=LINE('',#16395,#8219);
#6805=LINE('',#16397,#8220);
#6806=LINE('',#16398,#8221);
#6807=LINE('',#16401,#8222);
#6808=LINE('',#16403,#8223);
#6809=LINE('',#16405,#8224);
#6810=LINE('',#16407,#8225);
#6811=LINE('',#16409,#8226);
#6812=LINE('',#16410,#8227);
#6813=LINE('',#16413,#8228);
#6814=LINE('',#16415,#8229);
#6815=LINE('',#16417,#8230);
#6816=LINE('',#16419,#8231);
#6817=LINE('',#16421,#8232);
#6818=LINE('',#16422,#8233);
#6819=LINE('',#16425,#8234);
#6820=LINE('',#16427,#8235);
#6821=LINE('',#16429,#8236);
#6822=LINE('',#16431,#8237);
#6823=LINE('',#16433,#8238);
#6824=LINE('',#16434,#8239);
#6825=LINE('',#16437,#8240);
#6826=LINE('',#16439,#8241);
#6827=LINE('',#16441,#8242);
#6828=LINE('',#16443,#8243);
#6829=LINE('',#16445,#8244);
#6830=LINE('',#16446,#8245);
#6831=LINE('',#16449,#8246);
#6832=LINE('',#16451,#8247);
#6833=LINE('',#16453,#8248);
#6834=LINE('',#16455,#8249);
#6835=LINE('',#16457,#8250);
#6836=LINE('',#16458,#8251);
#6837=LINE('',#16461,#8252);
#6838=LINE('',#16463,#8253);
#6839=LINE('',#16465,#8254);
#6840=LINE('',#16467,#8255);
#6841=LINE('',#16469,#8256);
#6842=LINE('',#16470,#8257);
#6843=LINE('',#16473,#8258);
#6844=LINE('',#16475,#8259);
#6845=LINE('',#16477,#8260);
#6846=LINE('',#16479,#8261);
#6847=LINE('',#16481,#8262);
#6848=LINE('',#16482,#8263);
#6849=LINE('',#16485,#8264);
#6850=LINE('',#16487,#8265);
#6851=LINE('',#16489,#8266);
#6852=LINE('',#16491,#8267);
#6853=LINE('',#16493,#8268);
#6854=LINE('',#16494,#8269);
#6855=LINE('',#16497,#8270);
#6856=LINE('',#16499,#8271);
#6857=LINE('',#16501,#8272);
#6858=LINE('',#16503,#8273);
#6859=LINE('',#16505,#8274);
#6860=LINE('',#16507,#8275);
#6861=LINE('',#16509,#8276);
#6862=LINE('',#16511,#8277);
#6863=LINE('',#16513,#8278);
#6864=LINE('',#16514,#8279);
#6865=LINE('',#16517,#8280);
#6866=LINE('',#16519,#8281);
#6867=LINE('',#16521,#8282);
#6868=LINE('',#16523,#8283);
#6869=LINE('',#16525,#8284);
#6870=LINE('',#16526,#8285);
#6871=LINE('',#16529,#8286);
#6872=LINE('',#16531,#8287);
#6873=LINE('',#16533,#8288);
#6874=LINE('',#16535,#8289);
#6875=LINE('',#16537,#8290);
#6876=LINE('',#16538,#8291);
#6877=LINE('',#16541,#8292);
#6878=LINE('',#16543,#8293);
#6879=LINE('',#16545,#8294);
#6880=LINE('',#16547,#8295);
#6881=LINE('',#16549,#8296);
#6882=LINE('',#16568,#8297);
#6883=LINE('',#16586,#8298);
#6884=LINE('',#16766,#8299);
#6885=LINE('',#16767,#8300);
#6886=LINE('',#16770,#8301);
#6887=LINE('',#16773,#8302);
#6888=LINE('',#16775,#8303);
#6889=LINE('',#16777,#8304);
#6890=LINE('',#16778,#8305);
#6891=LINE('',#16779,#8306);
#6892=LINE('',#16780,#8307);
#6893=LINE('',#16784,#8308);
#6894=LINE('',#16788,#8309);
#6895=LINE('',#16792,#8310);
#6896=LINE('',#16794,#8311);
#6897=LINE('',#16796,#8312);
#6898=LINE('',#16797,#8313);
#6899=LINE('',#16798,#8314);
#6900=LINE('',#16800,#8315);
#6901=LINE('',#16802,#8316);
#6902=LINE('',#16803,#8317);
#6903=LINE('',#16804,#8318);
#6904=LINE('',#16806,#8319);
#6905=LINE('',#16808,#8320);
#6906=LINE('',#16812,#8321);
#6907=LINE('',#16816,#8322);
#6908=LINE('',#16817,#8323);
#6909=LINE('',#16818,#8324);
#6910=LINE('',#16820,#8325);
#6911=LINE('',#16822,#8326);
#6912=LINE('',#16823,#8327);
#6913=LINE('',#16894,#8328);
#6914=LINE('',#16897,#8329);
#6915=LINE('',#16899,#8330);
#6916=LINE('',#16901,#8331);
#6917=LINE('',#16903,#8332);
#6918=LINE('',#16905,#8333);
#6919=LINE('',#16907,#8334);
#6920=LINE('',#16909,#8335);
#6921=LINE('',#16911,#8336);
#6922=LINE('',#16915,#8337);
#6923=LINE('',#16918,#8338);
#6924=LINE('',#16920,#8339);
#6925=LINE('',#16922,#8340);
#6926=LINE('',#16924,#8341);
#6927=LINE('',#16931,#8342);
#6928=LINE('',#16932,#8343);
#6929=LINE('',#16936,#8344);
#6930=LINE('',#16939,#8345);
#6931=LINE('',#16941,#8346);
#6932=LINE('',#16943,#8347);
#6933=LINE('',#16945,#8348);
#6934=LINE('',#16947,#8349);
#6935=LINE('',#16949,#8350);
#6936=LINE('',#16952,#8351);
#6937=LINE('',#16954,#8352);
#6938=LINE('',#16956,#8353);
#6939=LINE('',#16958,#8354);
#6940=LINE('',#16960,#8355);
#6941=LINE('',#16962,#8356);
#6942=LINE('',#16964,#8357);
#6943=LINE('',#16965,#8358);
#6944=LINE('',#16968,#8359);
#6945=LINE('',#16970,#8360);
#6946=LINE('',#16972,#8361);
#6947=LINE('',#16974,#8362);
#6948=LINE('',#16976,#8363);
#6949=LINE('',#16978,#8364);
#6950=LINE('',#16979,#8365);
#6951=LINE('',#16982,#8366);
#6952=LINE('',#16984,#8367);
#6953=LINE('',#16986,#8368);
#6954=LINE('',#16988,#8369);
#6955=LINE('',#16990,#8370);
#6956=LINE('',#16991,#8371);
#6957=LINE('',#16994,#8372);
#6958=LINE('',#16996,#8373);
#6959=LINE('',#16998,#8374);
#6960=LINE('',#17000,#8375);
#6961=LINE('',#17002,#8376);
#6962=LINE('',#17003,#8377);
#6963=LINE('',#17006,#8378);
#6964=LINE('',#17008,#8379);
#6965=LINE('',#17010,#8380);
#6966=LINE('',#17012,#8381);
#6967=LINE('',#17014,#8382);
#6968=LINE('',#17015,#8383);
#6969=LINE('',#17018,#8384);
#6970=LINE('',#17020,#8385);
#6971=LINE('',#17022,#8386);
#6972=LINE('',#17024,#8387);
#6973=LINE('',#17026,#8388);
#6974=LINE('',#17027,#8389);
#6975=LINE('',#17030,#8390);
#6976=LINE('',#17032,#8391);
#6977=LINE('',#17034,#8392);
#6978=LINE('',#17036,#8393);
#6979=LINE('',#17038,#8394);
#6980=LINE('',#17039,#8395);
#6981=LINE('',#17042,#8396);
#6982=LINE('',#17044,#8397);
#6983=LINE('',#17046,#8398);
#6984=LINE('',#17048,#8399);
#6985=LINE('',#17050,#8400);
#6986=LINE('',#17051,#8401);
#6987=LINE('',#17054,#8402);
#6988=LINE('',#17056,#8403);
#6989=LINE('',#17058,#8404);
#6990=LINE('',#17060,#8405);
#6991=LINE('',#17062,#8406);
#6992=LINE('',#17063,#8407);
#6993=LINE('',#17066,#8408);
#6994=LINE('',#17068,#8409);
#6995=LINE('',#17070,#8410);
#6996=LINE('',#17072,#8411);
#6997=LINE('',#17074,#8412);
#6998=LINE('',#17075,#8413);
#6999=LINE('',#17078,#8414);
#7000=LINE('',#17080,#8415);
#7001=LINE('',#17082,#8416);
#7002=LINE('',#17084,#8417);
#7003=LINE('',#17086,#8418);
#7004=LINE('',#17087,#8419);
#7005=LINE('',#17090,#8420);
#7006=LINE('',#17092,#8421);
#7007=LINE('',#17094,#8422);
#7008=LINE('',#17096,#8423);
#7009=LINE('',#17098,#8424);
#7010=LINE('',#17099,#8425);
#7011=LINE('',#17102,#8426);
#7012=LINE('',#17104,#8427);
#7013=LINE('',#17106,#8428);
#7014=LINE('',#17108,#8429);
#7015=LINE('',#17110,#8430);
#7016=LINE('',#17111,#8431);
#7017=LINE('',#17114,#8432);
#7018=LINE('',#17116,#8433);
#7019=LINE('',#17118,#8434);
#7020=LINE('',#17120,#8435);
#7021=LINE('',#17122,#8436);
#7022=LINE('',#17123,#8437);
#7023=LINE('',#17126,#8438);
#7024=LINE('',#17128,#8439);
#7025=LINE('',#17130,#8440);
#7026=LINE('',#17132,#8441);
#7027=LINE('',#17134,#8442);
#7028=LINE('',#17135,#8443);
#7029=LINE('',#17138,#8444);
#7030=LINE('',#17140,#8445);
#7031=LINE('',#17142,#8446);
#7032=LINE('',#17144,#8447);
#7033=LINE('',#17146,#8448);
#7034=LINE('',#17147,#8449);
#7035=LINE('',#17150,#8450);
#7036=LINE('',#17152,#8451);
#7037=LINE('',#17154,#8452);
#7038=LINE('',#17156,#8453);
#7039=LINE('',#17158,#8454);
#7040=LINE('',#17159,#8455);
#7041=LINE('',#17162,#8456);
#7042=LINE('',#17164,#8457);
#7043=LINE('',#17166,#8458);
#7044=LINE('',#17168,#8459);
#7045=LINE('',#17170,#8460);
#7046=LINE('',#17171,#8461);
#7047=LINE('',#17174,#8462);
#7048=LINE('',#17176,#8463);
#7049=LINE('',#17178,#8464);
#7050=LINE('',#17180,#8465);
#7051=LINE('',#17182,#8466);
#7052=LINE('',#17183,#8467);
#7053=LINE('',#17186,#8468);
#7054=LINE('',#17188,#8469);
#7055=LINE('',#17190,#8470);
#7056=LINE('',#17192,#8471);
#7057=LINE('',#17194,#8472);
#7058=LINE('',#17195,#8473);
#7059=LINE('',#17198,#8474);
#7060=LINE('',#17200,#8475);
#7061=LINE('',#17202,#8476);
#7062=LINE('',#17204,#8477);
#7063=LINE('',#17206,#8478);
#7064=LINE('',#17207,#8479);
#7065=LINE('',#17210,#8480);
#7066=LINE('',#17212,#8481);
#7067=LINE('',#17214,#8482);
#7068=LINE('',#17216,#8483);
#7069=LINE('',#17218,#8484);
#7070=LINE('',#17219,#8485);
#7071=LINE('',#17222,#8486);
#7072=LINE('',#17224,#8487);
#7073=LINE('',#17226,#8488);
#7074=LINE('',#17228,#8489);
#7075=LINE('',#17230,#8490);
#7076=LINE('',#17231,#8491);
#7077=LINE('',#17234,#8492);
#7078=LINE('',#17236,#8493);
#7079=LINE('',#17238,#8494);
#7080=LINE('',#17240,#8495);
#7081=LINE('',#17242,#8496);
#7082=LINE('',#17243,#8497);
#7083=LINE('',#17246,#8498);
#7084=LINE('',#17248,#8499);
#7085=LINE('',#17250,#8500);
#7086=LINE('',#17252,#8501);
#7087=LINE('',#17254,#8502);
#7088=LINE('',#17255,#8503);
#7089=LINE('',#17258,#8504);
#7090=LINE('',#17260,#8505);
#7091=LINE('',#17262,#8506);
#7092=LINE('',#17264,#8507);
#7093=LINE('',#17266,#8508);
#7094=LINE('',#17267,#8509);
#7095=LINE('',#17270,#8510);
#7096=LINE('',#17272,#8511);
#7097=LINE('',#17274,#8512);
#7098=LINE('',#17276,#8513);
#7099=LINE('',#17278,#8514);
#7100=LINE('',#17279,#8515);
#7101=LINE('',#17282,#8516);
#7102=LINE('',#17284,#8517);
#7103=LINE('',#17286,#8518);
#7104=LINE('',#17288,#8519);
#7105=LINE('',#17290,#8520);
#7106=LINE('',#17291,#8521);
#7107=LINE('',#17294,#8522);
#7108=LINE('',#17296,#8523);
#7109=LINE('',#17298,#8524);
#7110=LINE('',#17300,#8525);
#7111=LINE('',#17302,#8526);
#7112=LINE('',#17303,#8527);
#7113=LINE('',#17306,#8528);
#7114=LINE('',#17308,#8529);
#7115=LINE('',#17310,#8530);
#7116=LINE('',#17312,#8531);
#7117=LINE('',#17314,#8532);
#7118=LINE('',#17315,#8533);
#7119=LINE('',#17318,#8534);
#7120=LINE('',#17320,#8535);
#7121=LINE('',#17322,#8536);
#7122=LINE('',#17324,#8537);
#7123=LINE('',#17326,#8538);
#7124=LINE('',#17327,#8539);
#7125=LINE('',#17330,#8540);
#7126=LINE('',#17332,#8541);
#7127=LINE('',#17334,#8542);
#7128=LINE('',#17336,#8543);
#7129=LINE('',#17338,#8544);
#7130=LINE('',#17339,#8545);
#7131=LINE('',#17342,#8546);
#7132=LINE('',#17344,#8547);
#7133=LINE('',#17346,#8548);
#7134=LINE('',#17348,#8549);
#7135=LINE('',#17350,#8550);
#7136=LINE('',#17351,#8551);
#7137=LINE('',#17354,#8552);
#7138=LINE('',#17356,#8553);
#7139=LINE('',#17358,#8554);
#7140=LINE('',#17360,#8555);
#7141=LINE('',#17362,#8556);
#7142=LINE('',#17363,#8557);
#7143=LINE('',#17366,#8558);
#7144=LINE('',#17368,#8559);
#7145=LINE('',#17370,#8560);
#7146=LINE('',#17372,#8561);
#7147=LINE('',#17374,#8562);
#7148=LINE('',#17377,#8563);
#7149=LINE('',#17383,#8564);
#7150=LINE('',#17389,#8565);
#7151=LINE('',#17391,#8566);
#7152=LINE('',#17393,#8567);
#7153=LINE('',#17400,#8568);
#7154=LINE('',#17402,#8569);
#7155=LINE('',#17405,#8570);
#7156=LINE('',#17407,#8571);
#7157=LINE('',#17409,#8572);
#7158=LINE('',#17411,#8573);
#7159=LINE('',#17413,#8574);
#7160=LINE('',#17414,#8575);
#7161=LINE('',#17417,#8576);
#7162=LINE('',#17419,#8577);
#7163=LINE('',#17421,#8578);
#7164=LINE('',#17423,#8579);
#7165=LINE('',#17425,#8580);
#7166=LINE('',#17426,#8581);
#7167=LINE('',#17429,#8582);
#7168=LINE('',#17431,#8583);
#7169=LINE('',#17433,#8584);
#7170=LINE('',#17435,#8585);
#7171=LINE('',#17437,#8586);
#7172=LINE('',#17438,#8587);
#7173=LINE('',#17441,#8588);
#7174=LINE('',#17443,#8589);
#7175=LINE('',#17445,#8590);
#7176=LINE('',#17447,#8591);
#7177=LINE('',#17449,#8592);
#7178=LINE('',#17450,#8593);
#7179=LINE('',#17453,#8594);
#7180=LINE('',#17455,#8595);
#7181=LINE('',#17457,#8596);
#7182=LINE('',#17459,#8597);
#7183=LINE('',#17461,#8598);
#7184=LINE('',#17462,#8599);
#7185=LINE('',#17465,#8600);
#7186=LINE('',#17467,#8601);
#7187=LINE('',#17469,#8602);
#7188=LINE('',#17471,#8603);
#7189=LINE('',#17473,#8604);
#7190=LINE('',#17474,#8605);
#7191=LINE('',#17477,#8606);
#7192=LINE('',#17479,#8607);
#7193=LINE('',#17481,#8608);
#7194=LINE('',#17483,#8609);
#7195=LINE('',#17485,#8610);
#7196=LINE('',#17486,#8611);
#7197=LINE('',#17489,#8612);
#7198=LINE('',#17491,#8613);
#7199=LINE('',#17493,#8614);
#7200=LINE('',#17495,#8615);
#7201=LINE('',#17497,#8616);
#7202=LINE('',#17498,#8617);
#7203=LINE('',#17501,#8618);
#7204=LINE('',#17503,#8619);
#7205=LINE('',#17505,#8620);
#7206=LINE('',#17507,#8621);
#7207=LINE('',#17509,#8622);
#7208=LINE('',#17510,#8623);
#7209=LINE('',#17513,#8624);
#7210=LINE('',#17515,#8625);
#7211=LINE('',#17517,#8626);
#7212=LINE('',#17519,#8627);
#7213=LINE('',#17521,#8628);
#7214=LINE('',#17522,#8629);
#7215=LINE('',#17525,#8630);
#7216=LINE('',#17527,#8631);
#7217=LINE('',#17529,#8632);
#7218=LINE('',#17531,#8633);
#7219=LINE('',#17533,#8634);
#7220=LINE('',#17534,#8635);
#7221=LINE('',#17537,#8636);
#7222=LINE('',#17539,#8637);
#7223=LINE('',#17541,#8638);
#7224=LINE('',#17543,#8639);
#7225=LINE('',#17545,#8640);
#7226=LINE('',#17546,#8641);
#7227=LINE('',#17549,#8642);
#7228=LINE('',#17551,#8643);
#7229=LINE('',#17553,#8644);
#7230=LINE('',#17555,#8645);
#7231=LINE('',#17557,#8646);
#7232=LINE('',#17558,#8647);
#7233=LINE('',#17561,#8648);
#7234=LINE('',#17563,#8649);
#7235=LINE('',#17565,#8650);
#7236=LINE('',#17567,#8651);
#7237=LINE('',#17569,#8652);
#7238=LINE('',#17570,#8653);
#7239=LINE('',#17573,#8654);
#7240=LINE('',#17575,#8655);
#7241=LINE('',#17577,#8656);
#7242=LINE('',#17579,#8657);
#7243=LINE('',#17581,#8658);
#7244=LINE('',#17582,#8659);
#7245=LINE('',#17585,#8660);
#7246=LINE('',#17587,#8661);
#7247=LINE('',#17589,#8662);
#7248=LINE('',#17591,#8663);
#7249=LINE('',#17593,#8664);
#7250=LINE('',#17594,#8665);
#7251=LINE('',#17597,#8666);
#7252=LINE('',#17599,#8667);
#7253=LINE('',#17601,#8668);
#7254=LINE('',#17603,#8669);
#7255=LINE('',#17605,#8670);
#7256=LINE('',#17606,#8671);
#7257=LINE('',#17609,#8672);
#7258=LINE('',#17611,#8673);
#7259=LINE('',#17613,#8674);
#7260=LINE('',#17615,#8675);
#7261=LINE('',#17617,#8676);
#7262=LINE('',#17618,#8677);
#7263=LINE('',#17621,#8678);
#7264=LINE('',#17623,#8679);
#7265=LINE('',#17625,#8680);
#7266=LINE('',#17627,#8681);
#7267=LINE('',#17629,#8682);
#7268=LINE('',#17630,#8683);
#7269=LINE('',#17633,#8684);
#7270=LINE('',#17635,#8685);
#7271=LINE('',#17637,#8686);
#7272=LINE('',#17639,#8687);
#7273=LINE('',#17641,#8688);
#7274=LINE('',#17642,#8689);
#7275=LINE('',#17645,#8690);
#7276=LINE('',#17647,#8691);
#7277=LINE('',#17649,#8692);
#7278=LINE('',#17651,#8693);
#7279=LINE('',#17653,#8694);
#7280=LINE('',#17654,#8695);
#7281=LINE('',#17657,#8696);
#7282=LINE('',#17659,#8697);
#7283=LINE('',#17661,#8698);
#7284=LINE('',#17663,#8699);
#7285=LINE('',#17665,#8700);
#7286=LINE('',#17666,#8701);
#7287=LINE('',#17669,#8702);
#7288=LINE('',#17671,#8703);
#7289=LINE('',#17673,#8704);
#7290=LINE('',#17675,#8705);
#7291=LINE('',#17677,#8706);
#7292=LINE('',#17678,#8707);
#7293=LINE('',#17681,#8708);
#7294=LINE('',#17682,#8709);
#7295=LINE('',#17684,#8710);
#7296=LINE('',#17686,#8711);
#7297=LINE('',#17687,#8712);
#7298=LINE('',#17689,#8713);
#7299=LINE('',#17691,#8714);
#7300=LINE('',#17834,#8715);
#7301=LINE('',#17852,#8716);
#7302=LINE('',#17998,#8717);
#7303=LINE('',#18000,#8718);
#7304=LINE('',#18002,#8719);
#7305=LINE('',#18003,#8720);
#7306=LINE('',#18004,#8721);
#7307=LINE('',#18005,#8722);
#7308=LINE('',#18006,#8723);
#7309=LINE('',#18008,#8724);
#7310=LINE('',#18010,#8725);
#7311=LINE('',#18011,#8726);
#7312=LINE('',#18012,#8727);
#7313=LINE('',#18013,#8728);
#7314=LINE('',#18015,#8729);
#7315=LINE('',#18017,#8730);
#7316=LINE('',#18019,#8731);
#7317=LINE('',#18021,#8732);
#7318=LINE('',#18023,#8733);
#7319=LINE('',#18025,#8734);
#7320=LINE('',#18027,#8735);
#7321=LINE('',#18029,#8736);
#7322=LINE('',#18031,#8737);
#7323=LINE('',#18055,#8738);
#7324=LINE('',#18059,#8739);
#7325=LINE('',#18063,#8740);
#7326=LINE('',#18065,#8741);
#7327=LINE('',#18067,#8742);
#7328=LINE('',#18069,#8743);
#7329=LINE('',#18071,#8744);
#7330=LINE('',#18074,#8745);
#7331=LINE('',#18076,#8746);
#7332=LINE('',#18078,#8747);
#7333=LINE('',#18080,#8748);
#7334=LINE('',#18082,#8749);
#7335=LINE('',#18083,#8750);
#7336=LINE('',#18086,#8751);
#7337=LINE('',#18088,#8752);
#7338=LINE('',#18090,#8753);
#7339=LINE('',#18092,#8754);
#7340=LINE('',#18094,#8755);
#7341=LINE('',#18096,#8756);
#7342=LINE('',#18098,#8757);
#7343=LINE('',#18100,#8758);
#7344=LINE('',#18102,#8759);
#7345=LINE('',#18104,#8760);
#7346=LINE('',#18106,#8761);
#7347=LINE('',#18107,#8762);
#7348=LINE('',#18108,#8763);
#7349=LINE('',#18109,#8764);
#7350=LINE('',#18110,#8765);
#7351=LINE('',#18111,#8766);
#7352=LINE('',#18112,#8767);
#7353=LINE('',#18113,#8768);
#7354=LINE('',#18114,#8769);
#7355=LINE('',#18115,#8770);
#7356=LINE('',#18117,#8771);
#7357=LINE('',#18119,#8772);
#7358=LINE('',#18121,#8773);
#7359=LINE('',#18123,#8774);
#7360=LINE('',#18125,#8775);
#7361=LINE('',#18127,#8776);
#7362=LINE('',#18129,#8777);
#7363=LINE('',#18131,#8778);
#7364=LINE('',#18132,#8779);
#7365=LINE('',#18135,#8780);
#7366=LINE('',#18137,#8781);
#7367=LINE('',#18139,#8782);
#7368=LINE('',#18141,#8783);
#7369=LINE('',#18143,#8784);
#7370=LINE('',#18144,#8785);
#7371=LINE('',#18147,#8786);
#7372=LINE('',#18149,#8787);
#7373=LINE('',#18151,#8788);
#7374=LINE('',#18153,#8789);
#7375=LINE('',#18155,#8790);
#7376=LINE('',#18156,#8791);
#7377=LINE('',#18159,#8792);
#7378=LINE('',#18161,#8793);
#7379=LINE('',#18163,#8794);
#7380=LINE('',#18165,#8795);
#7381=LINE('',#18167,#8796);
#7382=LINE('',#18168,#8797);
#7383=LINE('',#18171,#8798);
#7384=LINE('',#18173,#8799);
#7385=LINE('',#18175,#8800);
#7386=LINE('',#18177,#8801);
#7387=LINE('',#18179,#8802);
#7388=LINE('',#18180,#8803);
#7389=LINE('',#18183,#8804);
#7390=LINE('',#18185,#8805);
#7391=LINE('',#18187,#8806);
#7392=LINE('',#18189,#8807);
#7393=LINE('',#18191,#8808);
#7394=LINE('',#18192,#8809);
#7395=LINE('',#18195,#8810);
#7396=LINE('',#18197,#8811);
#7397=LINE('',#18199,#8812);
#7398=LINE('',#18201,#8813);
#7399=LINE('',#18203,#8814);
#7400=LINE('',#18204,#8815);
#7401=LINE('',#18207,#8816);
#7402=LINE('',#18209,#8817);
#7403=LINE('',#18211,#8818);
#7404=LINE('',#18213,#8819);
#7405=LINE('',#18215,#8820);
#7406=LINE('',#18216,#8821);
#7407=LINE('',#18219,#8822);
#7408=LINE('',#18221,#8823);
#7409=LINE('',#18223,#8824);
#7410=LINE('',#18225,#8825);
#7411=LINE('',#18227,#8826);
#7412=LINE('',#18228,#8827);
#7413=LINE('',#18231,#8828);
#7414=LINE('',#18233,#8829);
#7415=LINE('',#18235,#8830);
#7416=LINE('',#18237,#8831);
#7417=LINE('',#18239,#8832);
#7418=LINE('',#18240,#8833);
#7419=LINE('',#18243,#8834);
#7420=LINE('',#18245,#8835);
#7421=LINE('',#18247,#8836);
#7422=LINE('',#18249,#8837);
#7423=LINE('',#18251,#8838);
#7424=LINE('',#18252,#8839);
#7425=LINE('',#18255,#8840);
#7426=LINE('',#18257,#8841);
#7427=LINE('',#18259,#8842);
#7428=LINE('',#18261,#8843);
#7429=LINE('',#18263,#8844);
#7430=LINE('',#18264,#8845);
#7431=LINE('',#18267,#8846);
#7432=LINE('',#18269,#8847);
#7433=LINE('',#18271,#8848);
#7434=LINE('',#18273,#8849);
#7435=LINE('',#18275,#8850);
#7436=LINE('',#18276,#8851);
#7437=LINE('',#18279,#8852);
#7438=LINE('',#18281,#8853);
#7439=LINE('',#18283,#8854);
#7440=LINE('',#18285,#8855);
#7441=LINE('',#18287,#8856);
#7442=LINE('',#18288,#8857);
#7443=LINE('',#18291,#8858);
#7444=LINE('',#18293,#8859);
#7445=LINE('',#18295,#8860);
#7446=LINE('',#18297,#8861);
#7447=LINE('',#18299,#8862);
#7448=LINE('',#18300,#8863);
#7449=LINE('',#18303,#8864);
#7450=LINE('',#18305,#8865);
#7451=LINE('',#18307,#8866);
#7452=LINE('',#18309,#8867);
#7453=LINE('',#18311,#8868);
#7454=LINE('',#18312,#8869);
#7455=LINE('',#18315,#8870);
#7456=LINE('',#18317,#8871);
#7457=LINE('',#18319,#8872);
#7458=LINE('',#18321,#8873);
#7459=LINE('',#18323,#8874);
#7460=LINE('',#18324,#8875);
#7461=LINE('',#18327,#8876);
#7462=LINE('',#18329,#8877);
#7463=LINE('',#18331,#8878);
#7464=LINE('',#18333,#8879);
#7465=LINE('',#18335,#8880);
#7466=LINE('',#18336,#8881);
#7467=LINE('',#18339,#8882);
#7468=LINE('',#18341,#8883);
#7469=LINE('',#18343,#8884);
#7470=LINE('',#18345,#8885);
#7471=LINE('',#18347,#8886);
#7472=LINE('',#18348,#8887);
#7473=LINE('',#18351,#8888);
#7474=LINE('',#18353,#8889);
#7475=LINE('',#18355,#8890);
#7476=LINE('',#18357,#8891);
#7477=LINE('',#18359,#8892);
#7478=LINE('',#18360,#8893);
#7479=LINE('',#18363,#8894);
#7480=LINE('',#18365,#8895);
#7481=LINE('',#18367,#8896);
#7482=LINE('',#18369,#8897);
#7483=LINE('',#18371,#8898);
#7484=LINE('',#18372,#8899);
#7485=LINE('',#18375,#8900);
#7486=LINE('',#18377,#8901);
#7487=LINE('',#18379,#8902);
#7488=LINE('',#18381,#8903);
#7489=LINE('',#18383,#8904);
#7490=LINE('',#18384,#8905);
#7491=LINE('',#18387,#8906);
#7492=LINE('',#18389,#8907);
#7493=LINE('',#18391,#8908);
#7494=LINE('',#18393,#8909);
#7495=LINE('',#18395,#8910);
#7496=LINE('',#18396,#8911);
#7497=LINE('',#18399,#8912);
#7498=LINE('',#18401,#8913);
#7499=LINE('',#18403,#8914);
#7500=LINE('',#18405,#8915);
#7501=LINE('',#18407,#8916);
#7502=LINE('',#18408,#8917);
#7503=LINE('',#18411,#8918);
#7504=LINE('',#18413,#8919);
#7505=LINE('',#18415,#8920);
#7506=LINE('',#18417,#8921);
#7507=LINE('',#18419,#8922);
#7508=LINE('',#18420,#8923);
#7509=LINE('',#18423,#8924);
#7510=LINE('',#18425,#8925);
#7511=LINE('',#18427,#8926);
#7512=LINE('',#18429,#8927);
#7513=LINE('',#18431,#8928);
#7514=LINE('',#18432,#8929);
#7515=LINE('',#18435,#8930);
#7516=LINE('',#18437,#8931);
#7517=LINE('',#18439,#8932);
#7518=LINE('',#18441,#8933);
#7519=LINE('',#18443,#8934);
#7520=LINE('',#18444,#8935);
#7521=LINE('',#18447,#8936);
#7522=LINE('',#18449,#8937);
#7523=LINE('',#18451,#8938);
#7524=LINE('',#18453,#8939);
#7525=LINE('',#18455,#8940);
#7526=LINE('',#18456,#8941);
#7527=LINE('',#18459,#8942);
#7528=LINE('',#18461,#8943);
#7529=LINE('',#18463,#8944);
#7530=LINE('',#18465,#8945);
#7531=LINE('',#18467,#8946);
#7532=LINE('',#18468,#8947);
#7533=LINE('',#18471,#8948);
#7534=LINE('',#18473,#8949);
#7535=LINE('',#18475,#8950);
#7536=LINE('',#18477,#8951);
#7537=LINE('',#18479,#8952);
#7538=LINE('',#18480,#8953);
#7539=LINE('',#18483,#8954);
#7540=LINE('',#18485,#8955);
#7541=LINE('',#18487,#8956);
#7542=LINE('',#18489,#8957);
#7543=LINE('',#18491,#8958);
#7544=LINE('',#18493,#8959);
#7545=LINE('',#18495,#8960);
#7546=LINE('',#18497,#8961);
#7547=LINE('',#18498,#8962);
#7548=LINE('',#18500,#8963);
#7549=LINE('',#18502,#8964);
#7550=LINE('',#18503,#8965);
#7551=LINE('',#18504,#8966);
#7552=LINE('',#18505,#8967);
#7553=LINE('',#18507,#8968);
#7554=LINE('',#18509,#8969);
#7555=LINE('',#18510,#8970);
#7556=LINE('',#18512,#8971);
#7557=LINE('',#18514,#8972);
#7558=LINE('',#18524,#8973);
#7559=LINE('',#18527,#8974);
#7560=LINE('',#18528,#8975);
#7561=LINE('',#18530,#8976);
#7562=LINE('',#18532,#8977);
#7563=LINE('',#18534,#8978);
#7564=LINE('',#18536,#8979);
#7565=LINE('',#18538,#8980);
#7566=LINE('',#18540,#8981);
#7567=LINE('',#18542,#8982);
#7568=LINE('',#18544,#8983);
#7569=LINE('',#18546,#8984);
#7570=LINE('',#18548,#8985);
#7571=LINE('',#18554,#8986);
#7572=LINE('',#18556,#8987);
#7573=LINE('',#18562,#8988);
#7574=LINE('',#18564,#8989);
#7575=LINE('',#18566,#8990);
#7576=LINE('',#18568,#8991);
#7577=LINE('',#18589,#8992);
#7578=LINE('',#18592,#8993);
#7579=LINE('',#18594,#8994);
#7580=LINE('',#18597,#8995);
#7581=LINE('',#18605,#8996);
#7582=LINE('',#18607,#8997);
#7583=LINE('',#18608,#8998);
#7584=LINE('',#18610,#8999);
#7585=LINE('',#18624,#9000);
#7586=LINE('',#18625,#9001);
#7587=LINE('',#18626,#9002);
#7588=LINE('',#18628,#9003);
#7589=LINE('',#18630,#9004);
#7590=LINE('',#18631,#9005);
#7591=LINE('',#18632,#9006);
#7592=LINE('',#18634,#9007);
#7593=LINE('',#18635,#9008);
#7594=LINE('',#18636,#9009);
#7595=LINE('',#18638,#9010);
#7596=LINE('',#18639,#9011);
#7597=LINE('',#18641,#9012);
#7598=LINE('',#18642,#9013);
#7599=LINE('',#18652,#9014);
#7600=LINE('',#18653,#9015);
#7601=LINE('',#18655,#9016);
#7602=LINE('',#18657,#9017);
#7603=LINE('',#18659,#9018);
#7604=LINE('',#18661,#9019);
#7605=LINE('',#18663,#9020);
#7606=LINE('',#18665,#9021);
#7607=LINE('',#18667,#9022);
#7608=LINE('',#18669,#9023);
#7609=LINE('',#18671,#9024);
#7610=LINE('',#18673,#9025);
#7611=LINE('',#18675,#9026);
#7612=LINE('',#18677,#9027);
#7613=LINE('',#18678,#9028);
#7614=LINE('',#18680,#9029);
#7615=LINE('',#18682,#9030);
#7616=LINE('',#18684,#9031);
#7617=LINE('',#18686,#9032);
#7618=LINE('',#18688,#9033);
#7619=LINE('',#18690,#9034);
#7620=LINE('',#18692,#9035);
#7621=LINE('',#18694,#9036);
#7622=LINE('',#18696,#9037);
#7623=LINE('',#18698,#9038);
#7624=LINE('',#18700,#9039);
#7625=LINE('',#18701,#9040);
#7626=LINE('',#18703,#9041);
#7627=LINE('',#18705,#9042);
#7628=LINE('',#18707,#9043);
#7629=LINE('',#18709,#9044);
#7630=LINE('',#18711,#9045);
#7631=LINE('',#18713,#9046);
#7632=LINE('',#18715,#9047);
#7633=LINE('',#18717,#9048);
#7634=LINE('',#18720,#9049);
#7635=LINE('',#18721,#9050);
#7636=LINE('',#18723,#9051);
#7637=LINE('',#18725,#9052);
#7638=LINE('',#18727,#9053);
#7639=LINE('',#18729,#9054);
#7640=LINE('',#18731,#9055);
#7641=LINE('',#18733,#9056);
#7642=LINE('',#18735,#9057);
#7643=LINE('',#18737,#9058);
#7644=LINE('',#18740,#9059);
#7645=LINE('',#18741,#9060);
#7646=LINE('',#18743,#9061);
#7647=LINE('',#18745,#9062);
#7648=LINE('',#18747,#9063);
#7649=LINE('',#18749,#9064);
#7650=LINE('',#18752,#9065);
#7651=LINE('',#18753,#9066);
#7652=LINE('',#18755,#9067);
#7653=LINE('',#18757,#9068);
#7654=LINE('',#18759,#9069);
#7655=LINE('',#18761,#9070);
#7656=LINE('',#18764,#9071);
#7657=LINE('',#18765,#9072);
#7658=LINE('',#18767,#9073);
#7659=LINE('',#18769,#9074);
#7660=LINE('',#18771,#9075);
#7661=LINE('',#18773,#9076);
#7662=LINE('',#18776,#9077);
#7663=LINE('',#18777,#9078);
#7664=LINE('',#18779,#9079);
#7665=LINE('',#18781,#9080);
#7666=LINE('',#18783,#9081);
#7667=LINE('',#18785,#9082);
#7668=LINE('',#18788,#9083);
#7669=LINE('',#18789,#9084);
#7670=LINE('',#18791,#9085);
#7671=LINE('',#18793,#9086);
#7672=LINE('',#18795,#9087);
#7673=LINE('',#18797,#9088);
#7674=LINE('',#18800,#9089);
#7675=LINE('',#18801,#9090);
#7676=LINE('',#18803,#9091);
#7677=LINE('',#18805,#9092);
#7678=LINE('',#18807,#9093);
#7679=LINE('',#18809,#9094);
#7680=LINE('',#18812,#9095);
#7681=LINE('',#18813,#9096);
#7682=LINE('',#18815,#9097);
#7683=LINE('',#18817,#9098);
#7684=LINE('',#18819,#9099);
#7685=LINE('',#18821,#9100);
#7686=LINE('',#18824,#9101);
#7687=LINE('',#18825,#9102);
#7688=LINE('',#18827,#9103);
#7689=LINE('',#18829,#9104);
#7690=LINE('',#18831,#9105);
#7691=LINE('',#18833,#9106);
#7692=LINE('',#18836,#9107);
#7693=LINE('',#18837,#9108);
#7694=LINE('',#18839,#9109);
#7695=LINE('',#18841,#9110);
#7696=LINE('',#18843,#9111);
#7697=LINE('',#18845,#9112);
#7698=LINE('',#18848,#9113);
#7699=LINE('',#18849,#9114);
#7700=LINE('',#18851,#9115);
#7701=LINE('',#18853,#9116);
#7702=LINE('',#18855,#9117);
#7703=LINE('',#18857,#9118);
#7704=LINE('',#18860,#9119);
#7705=LINE('',#18861,#9120);
#7706=LINE('',#18863,#9121);
#7707=LINE('',#18865,#9122);
#7708=LINE('',#18867,#9123);
#7709=LINE('',#18869,#9124);
#7710=LINE('',#18872,#9125);
#7711=LINE('',#18873,#9126);
#7712=LINE('',#18875,#9127);
#7713=LINE('',#18877,#9128);
#7714=LINE('',#18879,#9129);
#7715=LINE('',#18881,#9130);
#7716=LINE('',#18884,#9131);
#7717=LINE('',#18885,#9132);
#7718=LINE('',#18887,#9133);
#7719=LINE('',#18889,#9134);
#7720=LINE('',#18891,#9135);
#7721=LINE('',#18893,#9136);
#7722=LINE('',#18896,#9137);
#7723=LINE('',#18897,#9138);
#7724=LINE('',#18899,#9139);
#7725=LINE('',#18901,#9140);
#7726=LINE('',#18903,#9141);
#7727=LINE('',#18905,#9142);
#7728=LINE('',#18908,#9143);
#7729=LINE('',#18909,#9144);
#7730=LINE('',#18911,#9145);
#7731=LINE('',#18913,#9146);
#7732=LINE('',#18915,#9147);
#7733=LINE('',#18917,#9148);
#7734=LINE('',#18920,#9149);
#7735=LINE('',#18921,#9150);
#7736=LINE('',#18923,#9151);
#7737=LINE('',#18925,#9152);
#7738=LINE('',#18927,#9153);
#7739=LINE('',#18929,#9154);
#7740=LINE('',#18932,#9155);
#7741=LINE('',#18933,#9156);
#7742=LINE('',#18935,#9157);
#7743=LINE('',#18937,#9158);
#7744=LINE('',#18939,#9159);
#7745=LINE('',#18941,#9160);
#7746=LINE('',#18944,#9161);
#7747=LINE('',#18945,#9162);
#7748=LINE('',#18947,#9163);
#7749=LINE('',#18949,#9164);
#7750=LINE('',#18951,#9165);
#7751=LINE('',#18953,#9166);
#7752=LINE('',#18956,#9167);
#7753=LINE('',#18957,#9168);
#7754=LINE('',#18959,#9169);
#7755=LINE('',#18961,#9170);
#7756=LINE('',#18963,#9171);
#7757=LINE('',#18965,#9172);
#7758=LINE('',#18968,#9173);
#7759=LINE('',#18969,#9174);
#7760=LINE('',#18971,#9175);
#7761=LINE('',#18973,#9176);
#7762=LINE('',#18975,#9177);
#7763=LINE('',#18977,#9178);
#7764=LINE('',#18980,#9179);
#7765=LINE('',#18981,#9180);
#7766=LINE('',#18983,#9181);
#7767=LINE('',#18985,#9182);
#7768=LINE('',#18987,#9183);
#7769=LINE('',#18989,#9184);
#7770=LINE('',#18992,#9185);
#7771=LINE('',#18993,#9186);
#7772=LINE('',#18995,#9187);
#7773=LINE('',#18997,#9188);
#7774=LINE('',#18999,#9189);
#7775=LINE('',#19001,#9190);
#7776=LINE('',#19004,#9191);
#7777=LINE('',#19005,#9192);
#7778=LINE('',#19007,#9193);
#7779=LINE('',#19009,#9194);
#7780=LINE('',#19011,#9195);
#7781=LINE('',#19013,#9196);
#7782=LINE('',#19016,#9197);
#7783=LINE('',#19017,#9198);
#7784=LINE('',#19019,#9199);
#7785=LINE('',#19021,#9200);
#7786=LINE('',#19023,#9201);
#7787=LINE('',#19025,#9202);
#7788=LINE('',#19028,#9203);
#7789=LINE('',#19029,#9204);
#7790=LINE('',#19031,#9205);
#7791=LINE('',#19033,#9206);
#7792=LINE('',#19035,#9207);
#7793=LINE('',#19037,#9208);
#7794=LINE('',#19040,#9209);
#7795=LINE('',#19041,#9210);
#7796=LINE('',#19043,#9211);
#7797=LINE('',#19045,#9212);
#7798=LINE('',#19047,#9213);
#7799=LINE('',#19049,#9214);
#7800=LINE('',#19052,#9215);
#7801=LINE('',#19053,#9216);
#7802=LINE('',#19055,#9217);
#7803=LINE('',#19057,#9218);
#7804=LINE('',#19059,#9219);
#7805=LINE('',#19061,#9220);
#7806=LINE('',#19064,#9221);
#7807=LINE('',#19065,#9222);
#7808=LINE('',#19067,#9223);
#7809=LINE('',#19069,#9224);
#7810=LINE('',#19071,#9225);
#7811=LINE('',#19073,#9226);
#7812=LINE('',#19076,#9227);
#7813=LINE('',#19077,#9228);
#7814=LINE('',#19079,#9229);
#7815=LINE('',#19081,#9230);
#7816=LINE('',#19083,#9231);
#7817=LINE('',#19085,#9232);
#7818=LINE('',#19088,#9233);
#7819=LINE('',#19089,#9234);
#7820=LINE('',#19091,#9235);
#7821=LINE('',#19093,#9236);
#7822=LINE('',#19095,#9237);
#7823=LINE('',#19097,#9238);
#7824=LINE('',#19100,#9239);
#7825=LINE('',#19101,#9240);
#7826=LINE('',#19103,#9241);
#7827=LINE('',#19105,#9242);
#7828=LINE('',#19107,#9243);
#7829=LINE('',#19109,#9244);
#7830=LINE('',#19112,#9245);
#7831=LINE('',#19116,#9246);
#7832=LINE('',#19118,#9247);
#7833=LINE('',#19120,#9248);
#7834=LINE('',#19122,#9249);
#7835=LINE('',#19124,#9250);
#7836=LINE('',#19126,#9251);
#7837=LINE('',#19128,#9252);
#7838=LINE('',#19129,#9253);
#7839=LINE('',#19131,#9254);
#7840=LINE('',#19133,#9255);
#7841=LINE('',#19135,#9256);
#7842=LINE('',#19136,#9257);
#7843=LINE('',#19138,#9258);
#7844=LINE('',#19140,#9259);
#7845=LINE('',#19143,#9260);
#7846=LINE('',#19144,#9261);
#7847=LINE('',#19146,#9262);
#7848=LINE('',#19148,#9263);
#7849=LINE('',#19150,#9264);
#7850=LINE('',#19152,#9265);
#7851=LINE('',#19153,#9266);
#7852=LINE('',#19156,#9267);
#7853=LINE('',#19157,#9268);
#7854=LINE('',#19159,#9269);
#7855=LINE('',#19161,#9270);
#7856=LINE('',#19163,#9271);
#7857=LINE('',#19165,#9272);
#7858=LINE('',#19168,#9273);
#7859=LINE('',#19170,#9274);
#7860=LINE('',#19172,#9275);
#7861=LINE('',#19174,#9276);
#7862=LINE('',#19176,#9277);
#7863=LINE('',#19179,#9278);
#7864=LINE('',#19180,#9279);
#7865=LINE('',#19182,#9280);
#7866=LINE('',#19184,#9281);
#7867=LINE('',#19186,#9282);
#7868=LINE('',#19188,#9283);
#7869=LINE('',#19191,#9284);
#7870=LINE('',#19192,#9285);
#7871=LINE('',#19194,#9286);
#7872=LINE('',#19196,#9287);
#7873=LINE('',#19198,#9288);
#7874=LINE('',#19200,#9289);
#7875=LINE('',#19203,#9290);
#7876=LINE('',#19204,#9291);
#7877=LINE('',#19206,#9292);
#7878=LINE('',#19208,#9293);
#7879=LINE('',#19210,#9294);
#7880=LINE('',#19212,#9295);
#7881=LINE('',#19215,#9296);
#7882=LINE('',#19216,#9297);
#7883=LINE('',#19218,#9298);
#7884=LINE('',#19220,#9299);
#7885=LINE('',#19222,#9300);
#7886=LINE('',#19224,#9301);
#7887=LINE('',#19227,#9302);
#7888=LINE('',#19228,#9303);
#7889=LINE('',#19230,#9304);
#7890=LINE('',#19232,#9305);
#7891=LINE('',#19234,#9306);
#7892=LINE('',#19236,#9307);
#7893=LINE('',#19239,#9308);
#7894=LINE('',#19240,#9309);
#7895=LINE('',#19242,#9310);
#7896=LINE('',#19244,#9311);
#7897=LINE('',#19246,#9312);
#7898=LINE('',#19248,#9313);
#7899=LINE('',#19251,#9314);
#7900=LINE('',#19252,#9315);
#7901=LINE('',#19254,#9316);
#7902=LINE('',#19256,#9317);
#7903=LINE('',#19258,#9318);
#7904=LINE('',#19260,#9319);
#7905=LINE('',#19263,#9320);
#7906=LINE('',#19264,#9321);
#7907=LINE('',#19266,#9322);
#7908=LINE('',#19268,#9323);
#7909=LINE('',#19270,#9324);
#7910=LINE('',#19272,#9325);
#7911=LINE('',#19275,#9326);
#7912=LINE('',#19276,#9327);
#7913=LINE('',#19278,#9328);
#7914=LINE('',#19280,#9329);
#7915=LINE('',#19282,#9330);
#7916=LINE('',#19284,#9331);
#7917=LINE('',#19287,#9332);
#7918=LINE('',#19288,#9333);
#7919=LINE('',#19290,#9334);
#7920=LINE('',#19292,#9335);
#7921=LINE('',#19294,#9336);
#7922=LINE('',#19296,#9337);
#7923=LINE('',#19299,#9338);
#7924=LINE('',#19300,#9339);
#7925=LINE('',#19302,#9340);
#7926=LINE('',#19304,#9341);
#7927=LINE('',#19306,#9342);
#7928=LINE('',#19308,#9343);
#7929=LINE('',#19311,#9344);
#7930=LINE('',#19312,#9345);
#7931=LINE('',#19314,#9346);
#7932=LINE('',#19316,#9347);
#7933=LINE('',#19318,#9348);
#7934=LINE('',#19320,#9349);
#7935=LINE('',#19323,#9350);
#7936=LINE('',#19324,#9351);
#7937=LINE('',#19326,#9352);
#7938=LINE('',#19328,#9353);
#7939=LINE('',#19330,#9354);
#7940=LINE('',#19332,#9355);
#7941=LINE('',#19335,#9356);
#7942=LINE('',#19336,#9357);
#7943=LINE('',#19338,#9358);
#7944=LINE('',#19340,#9359);
#7945=LINE('',#19342,#9360);
#7946=LINE('',#19344,#9361);
#7947=LINE('',#19347,#9362);
#7948=LINE('',#19348,#9363);
#7949=LINE('',#19350,#9364);
#7950=LINE('',#19352,#9365);
#7951=LINE('',#19354,#9366);
#7952=LINE('',#19356,#9367);
#7953=LINE('',#19359,#9368);
#7954=LINE('',#19360,#9369);
#7955=LINE('',#19362,#9370);
#7956=LINE('',#19364,#9371);
#7957=LINE('',#19366,#9372);
#7958=LINE('',#19368,#9373);
#7959=LINE('',#19371,#9374);
#7960=LINE('',#19372,#9375);
#7961=LINE('',#19374,#9376);
#7962=LINE('',#19376,#9377);
#7963=LINE('',#19378,#9378);
#7964=LINE('',#19380,#9379);
#7965=LINE('',#19383,#9380);
#7966=LINE('',#19384,#9381);
#7967=LINE('',#19386,#9382);
#7968=LINE('',#19388,#9383);
#7969=LINE('',#19390,#9384);
#7970=LINE('',#19392,#9385);
#7971=LINE('',#19395,#9386);
#7972=LINE('',#19396,#9387);
#7973=LINE('',#19398,#9388);
#7974=LINE('',#19400,#9389);
#7975=LINE('',#19402,#9390);
#7976=LINE('',#19404,#9391);
#7977=LINE('',#19407,#9392);
#7978=LINE('',#19408,#9393);
#7979=LINE('',#19410,#9394);
#7980=LINE('',#19412,#9395);
#7981=LINE('',#19414,#9396);
#7982=LINE('',#19416,#9397);
#7983=LINE('',#19419,#9398);
#7984=LINE('',#19420,#9399);
#7985=LINE('',#19422,#9400);
#7986=LINE('',#19424,#9401);
#7987=LINE('',#19426,#9402);
#7988=LINE('',#19428,#9403);
#7989=LINE('',#19431,#9404);
#7990=LINE('',#19432,#9405);
#7991=LINE('',#19434,#9406);
#7992=LINE('',#19436,#9407);
#7993=LINE('',#19438,#9408);
#7994=LINE('',#19440,#9409);
#7995=LINE('',#19441,#9410);
#7996=LINE('',#19444,#9411);
#7997=LINE('',#19445,#9412);
#7998=LINE('',#19447,#9413);
#7999=LINE('',#19449,#9414);
#8000=LINE('',#19451,#9415);
#8001=LINE('',#19453,#9416);
#8002=LINE('',#19455,#9417);
#8003=LINE('',#19457,#9418);
#8004=LINE('',#19459,#9419);
#8005=LINE('',#19462,#9420);
#8006=LINE('',#19463,#9421);
#8007=LINE('',#19465,#9422);
#8008=LINE('',#19467,#9423);
#8009=LINE('',#19469,#9424);
#8010=LINE('',#19471,#9425);
#8011=LINE('',#19474,#9426);
#8012=LINE('',#19475,#9427);
#8013=LINE('',#19477,#9428);
#8014=LINE('',#19479,#9429);
#8015=LINE('',#19481,#9430);
#8016=LINE('',#19483,#9431);
#8017=LINE('',#19486,#9432);
#8018=LINE('',#19487,#9433);
#8019=LINE('',#19489,#9434);
#8020=LINE('',#19491,#9435);
#8021=LINE('',#19493,#9436);
#8022=LINE('',#19495,#9437);
#8023=LINE('',#19498,#9438);
#8024=LINE('',#19499,#9439);
#8025=LINE('',#19501,#9440);
#8026=LINE('',#19503,#9441);
#8027=LINE('',#19505,#9442);
#8028=LINE('',#19507,#9443);
#8029=LINE('',#19510,#9444);
#8030=LINE('',#19511,#9445);
#8031=LINE('',#19513,#9446);
#8032=LINE('',#19515,#9447);
#8033=LINE('',#19517,#9448);
#8034=LINE('',#19519,#9449);
#8035=LINE('',#19522,#9450);
#8036=LINE('',#19523,#9451);
#8037=LINE('',#19525,#9452);
#8038=LINE('',#19527,#9453);
#8039=LINE('',#19529,#9454);
#8040=LINE('',#19531,#9455);
#8041=LINE('',#19534,#9456);
#8042=LINE('',#19535,#9457);
#8043=LINE('',#19537,#9458);
#8044=LINE('',#19539,#9459);
#8045=LINE('',#19541,#9460);
#8046=LINE('',#19543,#9461);
#8047=LINE('',#19546,#9462);
#8048=LINE('',#19547,#9463);
#8049=LINE('',#19549,#9464);
#8050=LINE('',#19551,#9465);
#8051=LINE('',#19553,#9466);
#8052=LINE('',#19555,#9467);
#8053=LINE('',#19558,#9468);
#8054=LINE('',#19559,#9469);
#8055=LINE('',#19561,#9470);
#8056=LINE('',#19563,#9471);
#8057=LINE('',#19565,#9472);
#8058=LINE('',#19567,#9473);
#8059=LINE('',#19570,#9474);
#8060=LINE('',#19571,#9475);
#8061=LINE('',#19573,#9476);
#8062=LINE('',#19575,#9477);
#8063=LINE('',#19577,#9478);
#8064=LINE('',#19579,#9479);
#8065=LINE('',#19582,#9480);
#8066=LINE('',#19583,#9481);
#8067=LINE('',#19585,#9482);
#8068=LINE('',#19587,#9483);
#8069=LINE('',#19589,#9484);
#8070=LINE('',#19591,#9485);
#8071=LINE('',#19594,#9486);
#8072=LINE('',#19595,#9487);
#8073=LINE('',#19597,#9488);
#8074=LINE('',#19599,#9489);
#8075=LINE('',#19601,#9490);
#8076=LINE('',#19603,#9491);
#8077=LINE('',#19606,#9492);
#8078=LINE('',#19607,#9493);
#8079=LINE('',#19609,#9494);
#8080=LINE('',#19611,#9495);
#8081=LINE('',#19613,#9496);
#8082=LINE('',#19615,#9497);
#8083=LINE('',#19618,#9498);
#8084=LINE('',#19619,#9499);
#8085=LINE('',#19621,#9500);
#8086=LINE('',#19623,#9501);
#8087=LINE('',#19625,#9502);
#8088=LINE('',#19627,#9503);
#8089=LINE('',#19630,#9504);
#8090=LINE('',#19631,#9505);
#8091=LINE('',#19639,#9506);
#8092=LINE('',#19640,#9507);
#8093=VECTOR('',#12979,100.);
#8094=VECTOR('',#12980,100.);
#8095=VECTOR('',#12981,100.);
#8096=VECTOR('',#12982,100.);
#8097=VECTOR('',#12983,100.);
#8098=VECTOR('',#12984,100.);
#8099=VECTOR('',#12985,100.);
#8100=VECTOR('',#12986,100.);
#8101=VECTOR('',#12987,100.);
#8102=VECTOR('',#12988,100.);
#8103=VECTOR('',#12989,100.);
#8104=VECTOR('',#12990,100.);
#8105=VECTOR('',#12991,100.);
#8106=VECTOR('',#12994,100.);
#8107=VECTOR('',#12995,100.);
#8108=VECTOR('',#12996,100.);
#8109=VECTOR('',#12997,100.);
#8110=VECTOR('',#12998,100.);
#8111=VECTOR('',#12999,100.);
#8112=VECTOR('',#13000,100.);
#8113=VECTOR('',#13001,100.);
#8114=VECTOR('',#13002,100.);
#8115=VECTOR('',#13003,100.);
#8116=VECTOR('',#13004,100.);
#8117=VECTOR('',#13005,100.);
#8118=VECTOR('',#13006,100.);
#8119=VECTOR('',#13009,100.);
#8120=VECTOR('',#13010,100.);
#8121=VECTOR('',#13011,100.);
#8122=VECTOR('',#13014,100.);
#8123=VECTOR('',#13015,100.);
#8124=VECTOR('',#13018,100.);
#8125=VECTOR('',#13019,100.);
#8126=VECTOR('',#13020,100.);
#8127=VECTOR('',#13021,100.);
#8128=VECTOR('',#13022,100.);
#8129=VECTOR('',#13023,100.);
#8130=VECTOR('',#13026,100.);
#8131=VECTOR('',#13027,100.);
#8132=VECTOR('',#13028,100.);
#8133=VECTOR('',#13031,100.);
#8134=VECTOR('',#13032,100.);
#8135=VECTOR('',#13033,100.);
#8136=VECTOR('',#13034,100.);
#8137=VECTOR('',#13035,100.);
#8138=VECTOR('',#13038,100.);
#8139=VECTOR('',#13039,100.);
#8140=VECTOR('',#13040,100.);
#8141=VECTOR('',#13041,100.);
#8142=VECTOR('',#13044,100.);
#8143=VECTOR('',#13045,100.);
#8144=VECTOR('',#13046,100.);
#8145=VECTOR('',#13047,100.);
#8146=VECTOR('',#13048,100.);
#8147=VECTOR('',#13051,100.);
#8148=VECTOR('',#13052,100.);
#8149=VECTOR('',#13053,100.);
#8150=VECTOR('',#13054,100.);
#8151=VECTOR('',#13055,100.);
#8152=VECTOR('',#13058,100.);
#8153=VECTOR('',#13059,100.);
#8154=VECTOR('',#13060,100.);
#8155=VECTOR('',#13061,100.);
#8156=VECTOR('',#13064,100.);
#8157=VECTOR('',#13065,100.);
#8158=VECTOR('',#13066,100.);
#8159=VECTOR('',#13067,100.);
#8160=VECTOR('',#13068,100.);
#8161=VECTOR('',#13071,100.);
#8162=VECTOR('',#13072,100.);
#8163=VECTOR('',#13073,100.);
#8164=VECTOR('',#13074,100.);
#8165=VECTOR('',#13075,100.);
#8166=VECTOR('',#13078,100.);
#8167=VECTOR('',#13079,100.);
#8168=VECTOR('',#13080,100.);
#8169=VECTOR('',#13081,100.);
#8170=VECTOR('',#13082,100.);
#8171=VECTOR('',#13083,100.);
#8172=VECTOR('',#13086,100.);
#8173=VECTOR('',#13087,100.);
#8174=VECTOR('',#13088,100.);
#8175=VECTOR('',#13089,100.);
#8176=VECTOR('',#13092,100.);
#8177=VECTOR('',#13093,100.);
#8178=VECTOR('',#13094,100.);
#8179=VECTOR('',#13095,100.);
#8180=VECTOR('',#13096,100.);
#8181=VECTOR('',#13097,100.);
#8182=VECTOR('',#13098,100.);
#8183=VECTOR('',#13099,100.);
#8184=VECTOR('',#13102,100.);
#8185=VECTOR('',#13103,100.);
#8186=VECTOR('',#13104,100.);
#8187=VECTOR('',#13105,100.);
#8188=VECTOR('',#13108,100.);
#8189=VECTOR('',#13109,100.);
#8190=VECTOR('',#13112,100.);
#8191=VECTOR('',#13115,100.);
#8192=VECTOR('',#13116,100.);
#8193=VECTOR('',#13117,100.);
#8194=VECTOR('',#13118,100.);
#8195=VECTOR('',#13121,100.);
#8196=VECTOR('',#13124,100.);
#8197=VECTOR('',#13129,100.);
#8198=VECTOR('',#13130,100.);
#8199=VECTOR('',#13131,100.);
#8200=VECTOR('',#13132,100.);
#8201=VECTOR('',#13133,100.);
#8202=VECTOR('',#13134,100.);
#8203=VECTOR('',#13135,100.);
#8204=VECTOR('',#13136,100.);
#8205=VECTOR('',#13137,100.);
#8206=VECTOR('',#13138,100.);
#8207=VECTOR('',#13139,100.);
#8208=VECTOR('',#13140,100.);
#8209=VECTOR('',#13141,100.);
#8210=VECTOR('',#13142,100.);
#8211=VECTOR('',#13143,100.);
#8212=VECTOR('',#13144,100.);
#8213=VECTOR('',#13145,100.);
#8214=VECTOR('',#13146,100.);
#8215=VECTOR('',#13147,100.);
#8216=VECTOR('',#13148,100.);
#8217=VECTOR('',#13149,100.);
#8218=VECTOR('',#13150,100.);
#8219=VECTOR('',#13151,100.);
#8220=VECTOR('',#13152,100.);
#8221=VECTOR('',#13153,100.);
#8222=VECTOR('',#13154,100.);
#8223=VECTOR('',#13155,100.);
#8224=VECTOR('',#13156,100.);
#8225=VECTOR('',#13157,100.);
#8226=VECTOR('',#13158,100.);
#8227=VECTOR('',#13159,100.);
#8228=VECTOR('',#13160,100.);
#8229=VECTOR('',#13161,100.);
#8230=VECTOR('',#13162,100.);
#8231=VECTOR('',#13163,100.);
#8232=VECTOR('',#13164,100.);
#8233=VECTOR('',#13165,100.);
#8234=VECTOR('',#13166,100.);
#8235=VECTOR('',#13167,100.);
#8236=VECTOR('',#13168,100.);
#8237=VECTOR('',#13169,100.);
#8238=VECTOR('',#13170,100.);
#8239=VECTOR('',#13171,100.);
#8240=VECTOR('',#13172,100.);
#8241=VECTOR('',#13173,100.);
#8242=VECTOR('',#13174,100.);
#8243=VECTOR('',#13175,100.);
#8244=VECTOR('',#13176,100.);
#8245=VECTOR('',#13177,100.);
#8246=VECTOR('',#13178,100.);
#8247=VECTOR('',#13179,100.);
#8248=VECTOR('',#13180,100.);
#8249=VECTOR('',#13181,100.);
#8250=VECTOR('',#13182,100.);
#8251=VECTOR('',#13183,100.);
#8252=VECTOR('',#13184,100.);
#8253=VECTOR('',#13185,100.);
#8254=VECTOR('',#13186,100.);
#8255=VECTOR('',#13187,100.);
#8256=VECTOR('',#13188,100.);
#8257=VECTOR('',#13189,100.);
#8258=VECTOR('',#13190,100.);
#8259=VECTOR('',#13191,100.);
#8260=VECTOR('',#13192,100.);
#8261=VECTOR('',#13193,100.);
#8262=VECTOR('',#13194,100.);
#8263=VECTOR('',#13195,100.);
#8264=VECTOR('',#13196,100.);
#8265=VECTOR('',#13197,100.);
#8266=VECTOR('',#13198,100.);
#8267=VECTOR('',#13199,100.);
#8268=VECTOR('',#13200,100.);
#8269=VECTOR('',#13201,100.);
#8270=VECTOR('',#13202,100.);
#8271=VECTOR('',#13203,100.);
#8272=VECTOR('',#13204,100.);
#8273=VECTOR('',#13205,100.);
#8274=VECTOR('',#13206,100.);
#8275=VECTOR('',#13207,100.);
#8276=VECTOR('',#13208,100.);
#8277=VECTOR('',#13209,100.);
#8278=VECTOR('',#13210,100.);
#8279=VECTOR('',#13211,100.);
#8280=VECTOR('',#13212,100.);
#8281=VECTOR('',#13213,100.);
#8282=VECTOR('',#13214,100.);
#8283=VECTOR('',#13215,100.);
#8284=VECTOR('',#13216,100.);
#8285=VECTOR('',#13217,100.);
#8286=VECTOR('',#13218,100.);
#8287=VECTOR('',#13219,100.);
#8288=VECTOR('',#13220,100.);
#8289=VECTOR('',#13221,100.);
#8290=VECTOR('',#13222,100.);
#8291=VECTOR('',#13223,100.);
#8292=VECTOR('',#13224,100.);
#8293=VECTOR('',#13225,100.);
#8294=VECTOR('',#13226,100.);
#8295=VECTOR('',#13227,100.);
#8296=VECTOR('',#13228,100.);
#8297=VECTOR('',#13247,100.);
#8298=VECTOR('',#13252,100.);
#8299=VECTOR('',#13433,100.);
#8300=VECTOR('',#13434,100.);
#8301=VECTOR('',#13437,100.);
#8302=VECTOR('',#13438,100.);
#8303=VECTOR('',#13439,100.);
#8304=VECTOR('',#13440,100.);
#8305=VECTOR('',#13441,100.);
#8306=VECTOR('',#13442,100.);
#8307=VECTOR('',#13443,100.);
#8308=VECTOR('',#13446,100.);
#8309=VECTOR('',#13449,100.);
#8310=VECTOR('',#13452,100.);
#8311=VECTOR('',#13453,100.);
#8312=VECTOR('',#13454,100.);
#8313=VECTOR('',#13455,100.);
#8314=VECTOR('',#13456,100.);
#8315=VECTOR('',#13457,100.);
#8316=VECTOR('',#13458,100.);
#8317=VECTOR('',#13459,100.);
#8318=VECTOR('',#13460,100.);
#8319=VECTOR('',#13461,100.);
#8320=VECTOR('',#13462,100.);
#8321=VECTOR('',#13465,100.);
#8322=VECTOR('',#13468,100.);
#8323=VECTOR('',#13469,100.);
#8324=VECTOR('',#13470,100.);
#8325=VECTOR('',#13471,100.);
#8326=VECTOR('',#13472,100.);
#8327=VECTOR('',#13473,100.);
#8328=VECTOR('',#13502,100.);
#8329=VECTOR('',#13503,100.);
#8330=VECTOR('',#13504,100.);
#8331=VECTOR('',#13505,100.);
#8332=VECTOR('',#13506,100.);
#8333=VECTOR('',#13507,100.);
#8334=VECTOR('',#13510,100.);
#8335=VECTOR('',#13511,100.);
#8336=VECTOR('',#13512,100.);
#8337=VECTOR('',#13517,100.);
#8338=VECTOR('',#13518,100.);
#8339=VECTOR('',#13519,100.);
#8340=VECTOR('',#13520,100.);
#8341=VECTOR('',#13521,100.);
#8342=VECTOR('',#13532,100.);
#8343=VECTOR('',#13533,100.);
#8344=VECTOR('',#13538,100.);
#8345=VECTOR('',#13539,100.);
#8346=VECTOR('',#13540,100.);
#8347=VECTOR('',#13541,100.);
#8348=VECTOR('',#13542,100.);
#8349=VECTOR('',#13543,100.);
#8350=VECTOR('',#13546,100.);
#8351=VECTOR('',#13547,100.);
#8352=VECTOR('',#13548,100.);
#8353=VECTOR('',#13549,100.);
#8354=VECTOR('',#13550,100.);
#8355=VECTOR('',#13551,100.);
#8356=VECTOR('',#13552,100.);
#8357=VECTOR('',#13553,100.);
#8358=VECTOR('',#13554,100.);
#8359=VECTOR('',#13555,100.);
#8360=VECTOR('',#13556,100.);
#8361=VECTOR('',#13557,100.);
#8362=VECTOR('',#13558,100.);
#8363=VECTOR('',#13559,100.);
#8364=VECTOR('',#13560,100.);
#8365=VECTOR('',#13561,100.);
#8366=VECTOR('',#13562,100.);
#8367=VECTOR('',#13563,100.);
#8368=VECTOR('',#13564,100.);
#8369=VECTOR('',#13565,100.);
#8370=VECTOR('',#13566,100.);
#8371=VECTOR('',#13567,100.);
#8372=VECTOR('',#13568,100.);
#8373=VECTOR('',#13569,100.);
#8374=VECTOR('',#13570,100.);
#8375=VECTOR('',#13571,100.);
#8376=VECTOR('',#13572,100.);
#8377=VECTOR('',#13573,100.);
#8378=VECTOR('',#13574,100.);
#8379=VECTOR('',#13575,100.);
#8380=VECTOR('',#13576,100.);
#8381=VECTOR('',#13577,100.);
#8382=VECTOR('',#13578,100.);
#8383=VECTOR('',#13579,100.);
#8384=VECTOR('',#13580,100.);
#8385=VECTOR('',#13581,100.);
#8386=VECTOR('',#13582,100.);
#8387=VECTOR('',#13583,100.);
#8388=VECTOR('',#13584,100.);
#8389=VECTOR('',#13585,100.);
#8390=VECTOR('',#13586,100.);
#8391=VECTOR('',#13587,100.);
#8392=VECTOR('',#13588,100.);
#8393=VECTOR('',#13589,100.);
#8394=VECTOR('',#13590,100.);
#8395=VECTOR('',#13591,100.);
#8396=VECTOR('',#13592,100.);
#8397=VECTOR('',#13593,100.);
#8398=VECTOR('',#13594,100.);
#8399=VECTOR('',#13595,100.);
#8400=VECTOR('',#13596,100.);
#8401=VECTOR('',#13597,100.);
#8402=VECTOR('',#13598,100.);
#8403=VECTOR('',#13599,100.);
#8404=VECTOR('',#13600,100.);
#8405=VECTOR('',#13601,100.);
#8406=VECTOR('',#13602,100.);
#8407=VECTOR('',#13603,100.);
#8408=VECTOR('',#13604,100.);
#8409=VECTOR('',#13605,100.);
#8410=VECTOR('',#13606,100.);
#8411=VECTOR('',#13607,100.);
#8412=VECTOR('',#13608,100.);
#8413=VECTOR('',#13609,100.);
#8414=VECTOR('',#13610,100.);
#8415=VECTOR('',#13611,100.);
#8416=VECTOR('',#13612,100.);
#8417=VECTOR('',#13613,100.);
#8418=VECTOR('',#13614,100.);
#8419=VECTOR('',#13615,100.);
#8420=VECTOR('',#13616,100.);
#8421=VECTOR('',#13617,100.);
#8422=VECTOR('',#13618,100.);
#8423=VECTOR('',#13619,100.);
#8424=VECTOR('',#13620,100.);
#8425=VECTOR('',#13621,100.);
#8426=VECTOR('',#13622,100.);
#8427=VECTOR('',#13623,100.);
#8428=VECTOR('',#13624,100.);
#8429=VECTOR('',#13625,100.);
#8430=VECTOR('',#13626,100.);
#8431=VECTOR('',#13627,100.);
#8432=VECTOR('',#13628,100.);
#8433=VECTOR('',#13629,100.);
#8434=VECTOR('',#13630,100.);
#8435=VECTOR('',#13631,100.);
#8436=VECTOR('',#13632,100.);
#8437=VECTOR('',#13633,100.);
#8438=VECTOR('',#13634,100.);
#8439=VECTOR('',#13635,100.);
#8440=VECTOR('',#13636,100.);
#8441=VECTOR('',#13637,100.);
#8442=VECTOR('',#13638,100.);
#8443=VECTOR('',#13639,100.);
#8444=VECTOR('',#13640,100.);
#8445=VECTOR('',#13641,100.);
#8446=VECTOR('',#13642,100.);
#8447=VECTOR('',#13643,100.);
#8448=VECTOR('',#13644,100.);
#8449=VECTOR('',#13645,100.);
#8450=VECTOR('',#13646,100.);
#8451=VECTOR('',#13647,100.);
#8452=VECTOR('',#13648,100.);
#8453=VECTOR('',#13649,100.);
#8454=VECTOR('',#13650,100.);
#8455=VECTOR('',#13651,100.);
#8456=VECTOR('',#13652,100.);
#8457=VECTOR('',#13653,100.);
#8458=VECTOR('',#13654,100.);
#8459=VECTOR('',#13655,100.);
#8460=VECTOR('',#13656,100.);
#8461=VECTOR('',#13657,100.);
#8462=VECTOR('',#13658,100.);
#8463=VECTOR('',#13659,100.);
#8464=VECTOR('',#13660,100.);
#8465=VECTOR('',#13661,100.);
#8466=VECTOR('',#13662,100.);
#8467=VECTOR('',#13663,100.);
#8468=VECTOR('',#13664,100.);
#8469=VECTOR('',#13665,100.);
#8470=VECTOR('',#13666,100.);
#8471=VECTOR('',#13667,100.);
#8472=VECTOR('',#13668,100.);
#8473=VECTOR('',#13669,100.);
#8474=VECTOR('',#13670,100.);
#8475=VECTOR('',#13671,100.);
#8476=VECTOR('',#13672,100.);
#8477=VECTOR('',#13673,100.);
#8478=VECTOR('',#13674,100.);
#8479=VECTOR('',#13675,100.);
#8480=VECTOR('',#13676,100.);
#8481=VECTOR('',#13677,100.);
#8482=VECTOR('',#13678,100.);
#8483=VECTOR('',#13679,100.);
#8484=VECTOR('',#13680,100.);
#8485=VECTOR('',#13681,100.);
#8486=VECTOR('',#13682,100.);
#8487=VECTOR('',#13683,100.);
#8488=VECTOR('',#13684,100.);
#8489=VECTOR('',#13685,100.);
#8490=VECTOR('',#13686,100.);
#8491=VECTOR('',#13687,100.);
#8492=VECTOR('',#13688,100.);
#8493=VECTOR('',#13689,100.);
#8494=VECTOR('',#13690,100.);
#8495=VECTOR('',#13691,100.);
#8496=VECTOR('',#13692,100.);
#8497=VECTOR('',#13693,100.);
#8498=VECTOR('',#13694,100.);
#8499=VECTOR('',#13695,100.);
#8500=VECTOR('',#13696,100.);
#8501=VECTOR('',#13697,100.);
#8502=VECTOR('',#13698,100.);
#8503=VECTOR('',#13699,100.);
#8504=VECTOR('',#13700,100.);
#8505=VECTOR('',#13701,100.);
#8506=VECTOR('',#13702,100.);
#8507=VECTOR('',#13703,100.);
#8508=VECTOR('',#13704,100.);
#8509=VECTOR('',#13705,100.);
#8510=VECTOR('',#13706,100.);
#8511=VECTOR('',#13707,100.);
#8512=VECTOR('',#13708,100.);
#8513=VECTOR('',#13709,100.);
#8514=VECTOR('',#13710,100.);
#8515=VECTOR('',#13711,100.);
#8516=VECTOR('',#13712,100.);
#8517=VECTOR('',#13713,100.);
#8518=VECTOR('',#13714,100.);
#8519=VECTOR('',#13715,100.);
#8520=VECTOR('',#13716,100.);
#8521=VECTOR('',#13717,100.);
#8522=VECTOR('',#13718,100.);
#8523=VECTOR('',#13719,100.);
#8524=VECTOR('',#13720,100.);
#8525=VECTOR('',#13721,100.);
#8526=VECTOR('',#13722,100.);
#8527=VECTOR('',#13723,100.);
#8528=VECTOR('',#13724,100.);
#8529=VECTOR('',#13725,100.);
#8530=VECTOR('',#13726,100.);
#8531=VECTOR('',#13727,100.);
#8532=VECTOR('',#13728,100.);
#8533=VECTOR('',#13729,100.);
#8534=VECTOR('',#13730,100.);
#8535=VECTOR('',#13731,100.);
#8536=VECTOR('',#13732,100.);
#8537=VECTOR('',#13733,100.);
#8538=VECTOR('',#13734,100.);
#8539=VECTOR('',#13735,100.);
#8540=VECTOR('',#13736,100.);
#8541=VECTOR('',#13737,100.);
#8542=VECTOR('',#13738,100.);
#8543=VECTOR('',#13739,100.);
#8544=VECTOR('',#13740,100.);
#8545=VECTOR('',#13741,100.);
#8546=VECTOR('',#13742,100.);
#8547=VECTOR('',#13743,100.);
#8548=VECTOR('',#13744,100.);
#8549=VECTOR('',#13745,100.);
#8550=VECTOR('',#13746,100.);
#8551=VECTOR('',#13747,100.);
#8552=VECTOR('',#13748,100.);
#8553=VECTOR('',#13749,100.);
#8554=VECTOR('',#13750,100.);
#8555=VECTOR('',#13751,100.);
#8556=VECTOR('',#13752,100.);
#8557=VECTOR('',#13753,100.);
#8558=VECTOR('',#13754,100.);
#8559=VECTOR('',#13755,100.);
#8560=VECTOR('',#13756,100.);
#8561=VECTOR('',#13757,100.);
#8562=VECTOR('',#13758,100.);
#8563=VECTOR('',#13761,100.);
#8564=VECTOR('',#13766,100.);
#8565=VECTOR('',#13771,100.);
#8566=VECTOR('',#13772,100.);
#8567=VECTOR('',#13773,100.);
#8568=VECTOR('',#13780,100.);
#8569=VECTOR('',#13783,100.);
#8570=VECTOR('',#13784,100.);
#8571=VECTOR('',#13785,100.);
#8572=VECTOR('',#13786,100.);
#8573=VECTOR('',#13787,100.);
#8574=VECTOR('',#13788,100.);
#8575=VECTOR('',#13789,100.);
#8576=VECTOR('',#13790,100.);
#8577=VECTOR('',#13791,100.);
#8578=VECTOR('',#13792,100.);
#8579=VECTOR('',#13793,100.);
#8580=VECTOR('',#13794,100.);
#8581=VECTOR('',#13795,100.);
#8582=VECTOR('',#13796,100.);
#8583=VECTOR('',#13797,100.);
#8584=VECTOR('',#13798,100.);
#8585=VECTOR('',#13799,100.);
#8586=VECTOR('',#13800,100.);
#8587=VECTOR('',#13801,100.);
#8588=VECTOR('',#13802,100.);
#8589=VECTOR('',#13803,100.);
#8590=VECTOR('',#13804,100.);
#8591=VECTOR('',#13805,100.);
#8592=VECTOR('',#13806,100.);
#8593=VECTOR('',#13807,100.);
#8594=VECTOR('',#13808,100.);
#8595=VECTOR('',#13809,100.);
#8596=VECTOR('',#13810,100.);
#8597=VECTOR('',#13811,100.);
#8598=VECTOR('',#13812,100.);
#8599=VECTOR('',#13813,100.);
#8600=VECTOR('',#13814,100.);
#8601=VECTOR('',#13815,100.);
#8602=VECTOR('',#13816,100.);
#8603=VECTOR('',#13817,100.);
#8604=VECTOR('',#13818,100.);
#8605=VECTOR('',#13819,100.);
#8606=VECTOR('',#13820,100.);
#8607=VECTOR('',#13821,100.);
#8608=VECTOR('',#13822,100.);
#8609=VECTOR('',#13823,100.);
#8610=VECTOR('',#13824,100.);
#8611=VECTOR('',#13825,100.);
#8612=VECTOR('',#13826,100.);
#8613=VECTOR('',#13827,100.);
#8614=VECTOR('',#13828,100.);
#8615=VECTOR('',#13829,100.);
#8616=VECTOR('',#13830,100.);
#8617=VECTOR('',#13831,100.);
#8618=VECTOR('',#13832,100.);
#8619=VECTOR('',#13833,100.);
#8620=VECTOR('',#13834,100.);
#8621=VECTOR('',#13835,100.);
#8622=VECTOR('',#13836,100.);
#8623=VECTOR('',#13837,100.);
#8624=VECTOR('',#13838,100.);
#8625=VECTOR('',#13839,100.);
#8626=VECTOR('',#13840,100.);
#8627=VECTOR('',#13841,100.);
#8628=VECTOR('',#13842,100.);
#8629=VECTOR('',#13843,100.);
#8630=VECTOR('',#13844,100.);
#8631=VECTOR('',#13845,100.);
#8632=VECTOR('',#13846,100.);
#8633=VECTOR('',#13847,100.);
#8634=VECTOR('',#13848,100.);
#8635=VECTOR('',#13849,100.);
#8636=VECTOR('',#13850,100.);
#8637=VECTOR('',#13851,100.);
#8638=VECTOR('',#13852,100.);
#8639=VECTOR('',#13853,100.);
#8640=VECTOR('',#13854,100.);
#8641=VECTOR('',#13855,100.);
#8642=VECTOR('',#13856,100.);
#8643=VECTOR('',#13857,100.);
#8644=VECTOR('',#13858,100.);
#8645=VECTOR('',#13859,100.);
#8646=VECTOR('',#13860,100.);
#8647=VECTOR('',#13861,100.);
#8648=VECTOR('',#13862,100.);
#8649=VECTOR('',#13863,100.);
#8650=VECTOR('',#13864,100.);
#8651=VECTOR('',#13865,100.);
#8652=VECTOR('',#13866,100.);
#8653=VECTOR('',#13867,100.);
#8654=VECTOR('',#13868,100.);
#8655=VECTOR('',#13869,100.);
#8656=VECTOR('',#13870,100.);
#8657=VECTOR('',#13871,100.);
#8658=VECTOR('',#13872,100.);
#8659=VECTOR('',#13873,100.);
#8660=VECTOR('',#13874,100.);
#8661=VECTOR('',#13875,100.);
#8662=VECTOR('',#13876,100.);
#8663=VECTOR('',#13877,100.);
#8664=VECTOR('',#13878,100.);
#8665=VECTOR('',#13879,100.);
#8666=VECTOR('',#13880,100.);
#8667=VECTOR('',#13881,100.);
#8668=VECTOR('',#13882,100.);
#8669=VECTOR('',#13883,100.);
#8670=VECTOR('',#13884,100.);
#8671=VECTOR('',#13885,100.);
#8672=VECTOR('',#13886,100.);
#8673=VECTOR('',#13887,100.);
#8674=VECTOR('',#13888,100.);
#8675=VECTOR('',#13889,100.);
#8676=VECTOR('',#13890,100.);
#8677=VECTOR('',#13891,100.);
#8678=VECTOR('',#13892,100.);
#8679=VECTOR('',#13893,100.);
#8680=VECTOR('',#13894,100.);
#8681=VECTOR('',#13895,100.);
#8682=VECTOR('',#13896,100.);
#8683=VECTOR('',#13897,100.);
#8684=VECTOR('',#13898,100.);
#8685=VECTOR('',#13899,100.);
#8686=VECTOR('',#13900,100.);
#8687=VECTOR('',#13901,100.);
#8688=VECTOR('',#13902,100.);
#8689=VECTOR('',#13903,100.);
#8690=VECTOR('',#13904,100.);
#8691=VECTOR('',#13905,100.);
#8692=VECTOR('',#13906,100.);
#8693=VECTOR('',#13907,100.);
#8694=VECTOR('',#13908,100.);
#8695=VECTOR('',#13909,100.);
#8696=VECTOR('',#13910,100.);
#8697=VECTOR('',#13911,100.);
#8698=VECTOR('',#13912,100.);
#8699=VECTOR('',#13913,100.);
#8700=VECTOR('',#13914,100.);
#8701=VECTOR('',#13915,100.);
#8702=VECTOR('',#13916,100.);
#8703=VECTOR('',#13917,100.);
#8704=VECTOR('',#13918,100.);
#8705=VECTOR('',#13919,100.);
#8706=VECTOR('',#13920,100.);
#8707=VECTOR('',#13921,100.);
#8708=VECTOR('',#13922,100.);
#8709=VECTOR('',#13923,100.);
#8710=VECTOR('',#13924,100.);
#8711=VECTOR('',#13925,100.);
#8712=VECTOR('',#13926,100.);
#8713=VECTOR('',#13927,100.);
#8714=VECTOR('',#13928,100.);
#8715=VECTOR('',#14073,100.);
#8716=VECTOR('',#14078,100.);
#8717=VECTOR('',#14225,100.);
#8718=VECTOR('',#14226,100.);
#8719=VECTOR('',#14227,100.);
#8720=VECTOR('',#14228,100.);
#8721=VECTOR('',#14229,100.);
#8722=VECTOR('',#14230,100.);
#8723=VECTOR('',#14231,100.);
#8724=VECTOR('',#14232,100.);
#8725=VECTOR('',#14233,100.);
#8726=VECTOR('',#14234,100.);
#8727=VECTOR('',#14235,100.);
#8728=VECTOR('',#14236,100.);
#8729=VECTOR('',#14239,100.);
#8730=VECTOR('',#14242,100.);
#8731=VECTOR('',#14243,100.);
#8732=VECTOR('',#14244,100.);
#8733=VECTOR('',#14247,100.);
#8734=VECTOR('',#14248,100.);
#8735=VECTOR('',#14251,100.);
#8736=VECTOR('',#14252,100.);
#8737=VECTOR('',#14255,100.);
#8738=VECTOR('',#14268,100.);
#8739=VECTOR('',#14271,100.);
#8740=VECTOR('',#14276,100.);
#8741=VECTOR('',#14279,100.);
#8742=VECTOR('',#14280,100.);
#8743=VECTOR('',#14283,100.);
#8744=VECTOR('',#14286,100.);
#8745=VECTOR('',#14287,100.);
#8746=VECTOR('',#14288,100.);
#8747=VECTOR('',#14289,100.);
#8748=VECTOR('',#14290,100.);
#8749=VECTOR('',#14291,100.);
#8750=VECTOR('',#14292,100.);
#8751=VECTOR('',#14293,100.);
#8752=VECTOR('',#14294,100.);
#8753=VECTOR('',#14295,100.);
#8754=VECTOR('',#14296,100.);
#8755=VECTOR('',#14297,100.);
#8756=VECTOR('',#14298,100.);
#8757=VECTOR('',#14299,100.);
#8758=VECTOR('',#14300,100.);
#8759=VECTOR('',#14301,100.);
#8760=VECTOR('',#14302,100.);
#8761=VECTOR('',#14303,100.);
#8762=VECTOR('',#14304,100.);
#8763=VECTOR('',#14305,100.);
#8764=VECTOR('',#14306,100.);
#8765=VECTOR('',#14307,100.);
#8766=VECTOR('',#14308,100.);
#8767=VECTOR('',#14309,100.);
#8768=VECTOR('',#14310,100.);
#8769=VECTOR('',#14311,100.);
#8770=VECTOR('',#14312,100.);
#8771=VECTOR('',#14313,100.);
#8772=VECTOR('',#14314,100.);
#8773=VECTOR('',#14315,100.);
#8774=VECTOR('',#14316,100.);
#8775=VECTOR('',#14317,100.);
#8776=VECTOR('',#14318,100.);
#8777=VECTOR('',#14319,100.);
#8778=VECTOR('',#14320,100.);
#8779=VECTOR('',#14321,100.);
#8780=VECTOR('',#14322,100.);
#8781=VECTOR('',#14323,100.);
#8782=VECTOR('',#14324,100.);
#8783=VECTOR('',#14325,100.);
#8784=VECTOR('',#14326,100.);
#8785=VECTOR('',#14327,100.);
#8786=VECTOR('',#14328,100.);
#8787=VECTOR('',#14329,100.);
#8788=VECTOR('',#14330,100.);
#8789=VECTOR('',#14331,100.);
#8790=VECTOR('',#14332,100.);
#8791=VECTOR('',#14333,100.);
#8792=VECTOR('',#14334,100.);
#8793=VECTOR('',#14335,100.);
#8794=VECTOR('',#14336,100.);
#8795=VECTOR('',#14337,100.);
#8796=VECTOR('',#14338,100.);
#8797=VECTOR('',#14339,100.);
#8798=VECTOR('',#14340,100.);
#8799=VECTOR('',#14341,100.);
#8800=VECTOR('',#14342,100.);
#8801=VECTOR('',#14343,100.);
#8802=VECTOR('',#14344,100.);
#8803=VECTOR('',#14345,100.);
#8804=VECTOR('',#14346,100.);
#8805=VECTOR('',#14347,100.);
#8806=VECTOR('',#14348,100.);
#8807=VECTOR('',#14349,100.);
#8808=VECTOR('',#14350,100.);
#8809=VECTOR('',#14351,100.);
#8810=VECTOR('',#14352,100.);
#8811=VECTOR('',#14353,100.);
#8812=VECTOR('',#14354,100.);
#8813=VECTOR('',#14355,100.);
#8814=VECTOR('',#14356,100.);
#8815=VECTOR('',#14357,100.);
#8816=VECTOR('',#14358,100.);
#8817=VECTOR('',#14359,100.);
#8818=VECTOR('',#14360,100.);
#8819=VECTOR('',#14361,100.);
#8820=VECTOR('',#14362,100.);
#8821=VECTOR('',#14363,100.);
#8822=VECTOR('',#14364,100.);
#8823=VECTOR('',#14365,100.);
#8824=VECTOR('',#14366,100.);
#8825=VECTOR('',#14367,100.);
#8826=VECTOR('',#14368,100.);
#8827=VECTOR('',#14369,100.);
#8828=VECTOR('',#14370,100.);
#8829=VECTOR('',#14371,100.);
#8830=VECTOR('',#14372,100.);
#8831=VECTOR('',#14373,100.);
#8832=VECTOR('',#14374,100.);
#8833=VECTOR('',#14375,100.);
#8834=VECTOR('',#14376,100.);
#8835=VECTOR('',#14377,100.);
#8836=VECTOR('',#14378,100.);
#8837=VECTOR('',#14379,100.);
#8838=VECTOR('',#14380,100.);
#8839=VECTOR('',#14381,100.);
#8840=VECTOR('',#14382,100.);
#8841=VECTOR('',#14383,100.);
#8842=VECTOR('',#14384,100.);
#8843=VECTOR('',#14385,100.);
#8844=VECTOR('',#14386,100.);
#8845=VECTOR('',#14387,100.);
#8846=VECTOR('',#14388,100.);
#8847=VECTOR('',#14389,100.);
#8848=VECTOR('',#14390,100.);
#8849=VECTOR('',#14391,100.);
#8850=VECTOR('',#14392,100.);
#8851=VECTOR('',#14393,100.);
#8852=VECTOR('',#14394,100.);
#8853=VECTOR('',#14395,100.);
#8854=VECTOR('',#14396,100.);
#8855=VECTOR('',#14397,100.);
#8856=VECTOR('',#14398,100.);
#8857=VECTOR('',#14399,100.);
#8858=VECTOR('',#14400,100.);
#8859=VECTOR('',#14401,100.);
#8860=VECTOR('',#14402,100.);
#8861=VECTOR('',#14403,100.);
#8862=VECTOR('',#14404,100.);
#8863=VECTOR('',#14405,100.);
#8864=VECTOR('',#14406,100.);
#8865=VECTOR('',#14407,100.);
#8866=VECTOR('',#14408,100.);
#8867=VECTOR('',#14409,100.);
#8868=VECTOR('',#14410,100.);
#8869=VECTOR('',#14411,100.);
#8870=VECTOR('',#14412,100.);
#8871=VECTOR('',#14413,100.);
#8872=VECTOR('',#14414,100.);
#8873=VECTOR('',#14415,100.);
#8874=VECTOR('',#14416,100.);
#8875=VECTOR('',#14417,100.);
#8876=VECTOR('',#14418,100.);
#8877=VECTOR('',#14419,100.);
#8878=VECTOR('',#14420,100.);
#8879=VECTOR('',#14421,100.);
#8880=VECTOR('',#14422,100.);
#8881=VECTOR('',#14423,100.);
#8882=VECTOR('',#14424,100.);
#8883=VECTOR('',#14425,100.);
#8884=VECTOR('',#14426,100.);
#8885=VECTOR('',#14427,100.);
#8886=VECTOR('',#14428,100.);
#8887=VECTOR('',#14429,100.);
#8888=VECTOR('',#14430,100.);
#8889=VECTOR('',#14431,100.);
#8890=VECTOR('',#14432,100.);
#8891=VECTOR('',#14433,100.);
#8892=VECTOR('',#14434,100.);
#8893=VECTOR('',#14435,100.);
#8894=VECTOR('',#14436,100.);
#8895=VECTOR('',#14437,100.);
#8896=VECTOR('',#14438,100.);
#8897=VECTOR('',#14439,100.);
#8898=VECTOR('',#14440,100.);
#8899=VECTOR('',#14441,100.);
#8900=VECTOR('',#14442,100.);
#8901=VECTOR('',#14443,100.);
#8902=VECTOR('',#14444,100.);
#8903=VECTOR('',#14445,100.);
#8904=VECTOR('',#14446,100.);
#8905=VECTOR('',#14447,100.);
#8906=VECTOR('',#14448,100.);
#8907=VECTOR('',#14449,100.);
#8908=VECTOR('',#14450,100.);
#8909=VECTOR('',#14451,100.);
#8910=VECTOR('',#14452,100.);
#8911=VECTOR('',#14453,100.);
#8912=VECTOR('',#14454,100.);
#8913=VECTOR('',#14455,100.);
#8914=VECTOR('',#14456,100.);
#8915=VECTOR('',#14457,100.);
#8916=VECTOR('',#14458,100.);
#8917=VECTOR('',#14459,100.);
#8918=VECTOR('',#14460,100.);
#8919=VECTOR('',#14461,100.);
#8920=VECTOR('',#14462,100.);
#8921=VECTOR('',#14463,100.);
#8922=VECTOR('',#14464,100.);
#8923=VECTOR('',#14465,100.);
#8924=VECTOR('',#14466,100.);
#8925=VECTOR('',#14467,100.);
#8926=VECTOR('',#14468,100.);
#8927=VECTOR('',#14469,100.);
#8928=VECTOR('',#14470,100.);
#8929=VECTOR('',#14471,100.);
#8930=VECTOR('',#14472,100.);
#8931=VECTOR('',#14473,100.);
#8932=VECTOR('',#14474,100.);
#8933=VECTOR('',#14475,100.);
#8934=VECTOR('',#14476,100.);
#8935=VECTOR('',#14477,100.);
#8936=VECTOR('',#14478,100.);
#8937=VECTOR('',#14479,100.);
#8938=VECTOR('',#14480,100.);
#8939=VECTOR('',#14481,100.);
#8940=VECTOR('',#14482,100.);
#8941=VECTOR('',#14483,100.);
#8942=VECTOR('',#14484,100.);
#8943=VECTOR('',#14485,100.);
#8944=VECTOR('',#14486,100.);
#8945=VECTOR('',#14487,100.);
#8946=VECTOR('',#14488,100.);
#8947=VECTOR('',#14489,100.);
#8948=VECTOR('',#14490,100.);
#8949=VECTOR('',#14491,100.);
#8950=VECTOR('',#14492,100.);
#8951=VECTOR('',#14493,100.);
#8952=VECTOR('',#14494,100.);
#8953=VECTOR('',#14495,100.);
#8954=VECTOR('',#14496,100.);
#8955=VECTOR('',#14497,100.);
#8956=VECTOR('',#14498,100.);
#8957=VECTOR('',#14499,100.);
#8958=VECTOR('',#14500,100.);
#8959=VECTOR('',#14503,100.);
#8960=VECTOR('',#14504,100.);
#8961=VECTOR('',#14505,100.);
#8962=VECTOR('',#14506,100.);
#8963=VECTOR('',#14507,100.);
#8964=VECTOR('',#14508,100.);
#8965=VECTOR('',#14509,100.);
#8966=VECTOR('',#14510,100.);
#8967=VECTOR('',#14511,100.);
#8968=VECTOR('',#14512,100.);
#8969=VECTOR('',#14513,100.);
#8970=VECTOR('',#14514,100.);
#8971=VECTOR('',#14515,100.);
#8972=VECTOR('',#14516,100.);
#8973=VECTOR('',#14533,100.);
#8974=VECTOR('',#14534,100.);
#8975=VECTOR('',#14535,100.);
#8976=VECTOR('',#14538,100.);
#8977=VECTOR('',#14539,100.);
#8978=VECTOR('',#14540,100.);
#8979=VECTOR('',#14541,100.);
#8980=VECTOR('',#14542,100.);
#8981=VECTOR('',#14543,100.);
#8982=VECTOR('',#14544,100.);
#8983=VECTOR('',#14547,100.);
#8984=VECTOR('',#14548,100.);
#8985=VECTOR('',#14551,100.);
#8986=VECTOR('',#14558,100.);
#8987=VECTOR('',#14559,100.);
#8988=VECTOR('',#14566,100.);
#8989=VECTOR('',#14569,100.);
#8990=VECTOR('',#14570,100.);
#8991=VECTOR('',#14571,100.);
#8992=VECTOR('',#14602,100.);
#8993=VECTOR('',#14603,100.);
#8994=VECTOR('',#14604,100.);
#8995=VECTOR('',#14609,100.);
#8996=VECTOR('',#14620,100.);
#8997=VECTOR('',#14623,100.);
#8998=VECTOR('',#14624,100.);
#8999=VECTOR('',#14627,100.);
#9000=VECTOR('',#14648,100.);
#9001=VECTOR('',#14649,100.);
#9002=VECTOR('',#14650,100.);
#9003=VECTOR('',#14651,100.);
#9004=VECTOR('',#14652,100.);
#9005=VECTOR('',#14653,100.);
#9006=VECTOR('',#14654,100.);
#9007=VECTOR('',#14655,100.);
#9008=VECTOR('',#14656,100.);
#9009=VECTOR('',#14657,100.);
#9010=VECTOR('',#14658,100.);
#9011=VECTOR('',#14659,100.);
#9012=VECTOR('',#14662,100.);
#9013=VECTOR('',#14663,100.);
#9014=VECTOR('',#14682,100.);
#9015=VECTOR('',#14683,100.);
#9016=VECTOR('',#14686,100.);
#9017=VECTOR('',#14689,100.);
#9018=VECTOR('',#14690,100.);
#9019=VECTOR('',#14693,100.);
#9020=VECTOR('',#14694,100.);
#9021=VECTOR('',#14697,100.);
#9022=VECTOR('',#14698,100.);
#9023=VECTOR('',#14699,100.);
#9024=VECTOR('',#14702,100.);
#9025=VECTOR('',#14705,100.);
#9026=VECTOR('',#14706,100.);
#9027=VECTOR('',#14709,100.);
#9028=VECTOR('',#14710,100.);
#9029=VECTOR('',#14713,100.);
#9030=VECTOR('',#14716,100.);
#9031=VECTOR('',#14717,100.);
#9032=VECTOR('',#14720,100.);
#9033=VECTOR('',#14721,100.);
#9034=VECTOR('',#14724,100.);
#9035=VECTOR('',#14725,100.);
#9036=VECTOR('',#14726,100.);
#9037=VECTOR('',#14729,100.);
#9038=VECTOR('',#14732,100.);
#9039=VECTOR('',#14735,100.);
#9040=VECTOR('',#14736,100.);
#9041=VECTOR('',#14739,100.);
#9042=VECTOR('',#14742,100.);
#9043=VECTOR('',#14743,100.);
#9044=VECTOR('',#14746,100.);
#9045=VECTOR('',#14747,100.);
#9046=VECTOR('',#14750,100.);
#9047=VECTOR('',#14751,100.);
#9048=VECTOR('',#14754,100.);
#9049=VECTOR('',#14759,100.);
#9050=VECTOR('',#14760,100.);
#9051=VECTOR('',#14763,100.);
#9052=VECTOR('',#14766,100.);
#9053=VECTOR('',#14767,100.);
#9054=VECTOR('',#14770,100.);
#9055=VECTOR('',#14771,100.);
#9056=VECTOR('',#14774,100.);
#9057=VECTOR('',#14775,100.);
#9058=VECTOR('',#14778,100.);
#9059=VECTOR('',#14783,100.);
#9060=VECTOR('',#14784,100.);
#9061=VECTOR('',#14787,100.);
#9062=VECTOR('',#14790,100.);
#9063=VECTOR('',#14793,100.);
#9064=VECTOR('',#14796,100.);
#9065=VECTOR('',#14801,100.);
#9066=VECTOR('',#14802,100.);
#9067=VECTOR('',#14805,100.);
#9068=VECTOR('',#14808,100.);
#9069=VECTOR('',#14811,100.);
#9070=VECTOR('',#14814,100.);
#9071=VECTOR('',#14819,100.);
#9072=VECTOR('',#14820,100.);
#9073=VECTOR('',#14823,100.);
#9074=VECTOR('',#14826,100.);
#9075=VECTOR('',#14829,100.);
#9076=VECTOR('',#14832,100.);
#9077=VECTOR('',#14837,100.);
#9078=VECTOR('',#14838,100.);
#9079=VECTOR('',#14841,100.);
#9080=VECTOR('',#14844,100.);
#9081=VECTOR('',#14847,100.);
#9082=VECTOR('',#14850,100.);
#9083=VECTOR('',#14855,100.);
#9084=VECTOR('',#14856,100.);
#9085=VECTOR('',#14859,100.);
#9086=VECTOR('',#14862,100.);
#9087=VECTOR('',#14865,100.);
#9088=VECTOR('',#14868,100.);
#9089=VECTOR('',#14873,100.);
#9090=VECTOR('',#14874,100.);
#9091=VECTOR('',#14877,100.);
#9092=VECTOR('',#14880,100.);
#9093=VECTOR('',#14883,100.);
#9094=VECTOR('',#14886,100.);
#9095=VECTOR('',#14891,100.);
#9096=VECTOR('',#14892,100.);
#9097=VECTOR('',#14895,100.);
#9098=VECTOR('',#14898,100.);
#9099=VECTOR('',#14901,100.);
#9100=VECTOR('',#14904,100.);
#9101=VECTOR('',#14909,100.);
#9102=VECTOR('',#14910,100.);
#9103=VECTOR('',#14913,100.);
#9104=VECTOR('',#14916,100.);
#9105=VECTOR('',#14919,100.);
#9106=VECTOR('',#14922,100.);
#9107=VECTOR('',#14927,100.);
#9108=VECTOR('',#14928,100.);
#9109=VECTOR('',#14931,100.);
#9110=VECTOR('',#14934,100.);
#9111=VECTOR('',#14937,100.);
#9112=VECTOR('',#14940,100.);
#9113=VECTOR('',#14945,100.);
#9114=VECTOR('',#14946,100.);
#9115=VECTOR('',#14949,100.);
#9116=VECTOR('',#14952,100.);
#9117=VECTOR('',#14955,100.);
#9118=VECTOR('',#14958,100.);
#9119=VECTOR('',#14963,100.);
#9120=VECTOR('',#14964,100.);
#9121=VECTOR('',#14967,100.);
#9122=VECTOR('',#14970,100.);
#9123=VECTOR('',#14973,100.);
#9124=VECTOR('',#14976,100.);
#9125=VECTOR('',#14981,100.);
#9126=VECTOR('',#14982,100.);
#9127=VECTOR('',#14985,100.);
#9128=VECTOR('',#14988,100.);
#9129=VECTOR('',#14991,100.);
#9130=VECTOR('',#14994,100.);
#9131=VECTOR('',#14999,100.);
#9132=VECTOR('',#15000,100.);
#9133=VECTOR('',#15003,100.);
#9134=VECTOR('',#15006,100.);
#9135=VECTOR('',#15009,100.);
#9136=VECTOR('',#15012,100.);
#9137=VECTOR('',#15017,100.);
#9138=VECTOR('',#15018,100.);
#9139=VECTOR('',#15021,100.);
#9140=VECTOR('',#15024,100.);
#9141=VECTOR('',#15027,100.);
#9142=VECTOR('',#15030,100.);
#9143=VECTOR('',#15035,100.);
#9144=VECTOR('',#15036,100.);
#9145=VECTOR('',#15039,100.);
#9146=VECTOR('',#15042,100.);
#9147=VECTOR('',#15045,100.);
#9148=VECTOR('',#15048,100.);
#9149=VECTOR('',#15053,100.);
#9150=VECTOR('',#15054,100.);
#9151=VECTOR('',#15057,100.);
#9152=VECTOR('',#15060,100.);
#9153=VECTOR('',#15063,100.);
#9154=VECTOR('',#15066,100.);
#9155=VECTOR('',#15071,100.);
#9156=VECTOR('',#15072,100.);
#9157=VECTOR('',#15075,100.);
#9158=VECTOR('',#15078,100.);
#9159=VECTOR('',#15081,100.);
#9160=VECTOR('',#15084,100.);
#9161=VECTOR('',#15089,100.);
#9162=VECTOR('',#15090,100.);
#9163=VECTOR('',#15093,100.);
#9164=VECTOR('',#15096,100.);
#9165=VECTOR('',#15099,100.);
#9166=VECTOR('',#15102,100.);
#9167=VECTOR('',#15107,100.);
#9168=VECTOR('',#15108,100.);
#9169=VECTOR('',#15111,100.);
#9170=VECTOR('',#15114,100.);
#9171=VECTOR('',#15117,100.);
#9172=VECTOR('',#15120,100.);
#9173=VECTOR('',#15125,100.);
#9174=VECTOR('',#15126,100.);
#9175=VECTOR('',#15129,100.);
#9176=VECTOR('',#15132,100.);
#9177=VECTOR('',#15135,100.);
#9178=VECTOR('',#15138,100.);
#9179=VECTOR('',#15143,100.);
#9180=VECTOR('',#15144,100.);
#9181=VECTOR('',#15147,100.);
#9182=VECTOR('',#15150,100.);
#9183=VECTOR('',#15153,100.);
#9184=VECTOR('',#15156,100.);
#9185=VECTOR('',#15161,100.);
#9186=VECTOR('',#15162,100.);
#9187=VECTOR('',#15165,100.);
#9188=VECTOR('',#15168,100.);
#9189=VECTOR('',#15171,100.);
#9190=VECTOR('',#15174,100.);
#9191=VECTOR('',#15179,100.);
#9192=VECTOR('',#15180,100.);
#9193=VECTOR('',#15183,100.);
#9194=VECTOR('',#15186,100.);
#9195=VECTOR('',#15189,100.);
#9196=VECTOR('',#15192,100.);
#9197=VECTOR('',#15197,100.);
#9198=VECTOR('',#15198,100.);
#9199=VECTOR('',#15201,100.);
#9200=VECTOR('',#15204,100.);
#9201=VECTOR('',#15207,100.);
#9202=VECTOR('',#15210,100.);
#9203=VECTOR('',#15215,100.);
#9204=VECTOR('',#15216,100.);
#9205=VECTOR('',#15219,100.);
#9206=VECTOR('',#15222,100.);
#9207=VECTOR('',#15225,100.);
#9208=VECTOR('',#15228,100.);
#9209=VECTOR('',#15233,100.);
#9210=VECTOR('',#15234,100.);
#9211=VECTOR('',#15237,100.);
#9212=VECTOR('',#15240,100.);
#9213=VECTOR('',#15243,100.);
#9214=VECTOR('',#15246,100.);
#9215=VECTOR('',#15251,100.);
#9216=VECTOR('',#15252,100.);
#9217=VECTOR('',#15255,100.);
#9218=VECTOR('',#15258,100.);
#9219=VECTOR('',#15261,100.);
#9220=VECTOR('',#15264,100.);
#9221=VECTOR('',#15269,100.);
#9222=VECTOR('',#15270,100.);
#9223=VECTOR('',#15273,100.);
#9224=VECTOR('',#15276,100.);
#9225=VECTOR('',#15279,100.);
#9226=VECTOR('',#15282,100.);
#9227=VECTOR('',#15287,100.);
#9228=VECTOR('',#15288,100.);
#9229=VECTOR('',#15291,100.);
#9230=VECTOR('',#15294,100.);
#9231=VECTOR('',#15297,100.);
#9232=VECTOR('',#15300,100.);
#9233=VECTOR('',#15305,100.);
#9234=VECTOR('',#15306,100.);
#9235=VECTOR('',#15309,100.);
#9236=VECTOR('',#15312,100.);
#9237=VECTOR('',#15315,100.);
#9238=VECTOR('',#15318,100.);
#9239=VECTOR('',#15323,100.);
#9240=VECTOR('',#15324,100.);
#9241=VECTOR('',#15327,100.);
#9242=VECTOR('',#15330,100.);
#9243=VECTOR('',#15333,100.);
#9244=VECTOR('',#15336,100.);
#9245=VECTOR('',#15341,100.);
#9246=VECTOR('',#15348,100.);
#9247=VECTOR('',#15349,100.);
#9248=VECTOR('',#15350,100.);
#9249=VECTOR('',#15353,100.);
#9250=VECTOR('',#15354,100.);
#9251=VECTOR('',#15357,100.);
#9252=VECTOR('',#15360,100.);
#9253=VECTOR('',#15361,100.);
#9254=VECTOR('',#15364,100.);
#9255=VECTOR('',#15367,100.);
#9256=VECTOR('',#15370,100.);
#9257=VECTOR('',#15371,100.);
#9258=VECTOR('',#15374,100.);
#9259=VECTOR('',#15377,100.);
#9260=VECTOR('',#15382,100.);
#9261=VECTOR('',#15383,100.);
#9262=VECTOR('',#15386,100.);
#9263=VECTOR('',#15389,100.);
#9264=VECTOR('',#15392,100.);
#9265=VECTOR('',#15395,100.);
#9266=VECTOR('',#15396,100.);
#9267=VECTOR('',#15401,100.);
#9268=VECTOR('',#15402,100.);
#9269=VECTOR('',#15405,100.);
#9270=VECTOR('',#15408,100.);
#9271=VECTOR('',#15411,100.);
#9272=VECTOR('',#15414,100.);
#9273=VECTOR('',#15419,100.);
#9274=VECTOR('',#15420,100.);
#9275=VECTOR('',#15421,100.);
#9276=VECTOR('',#15424,100.);
#9277=VECTOR('',#15427,100.);
#9278=VECTOR('',#15432,100.);
#9279=VECTOR('',#15433,100.);
#9280=VECTOR('',#15436,100.);
#9281=VECTOR('',#15439,100.);
#9282=VECTOR('',#15442,100.);
#9283=VECTOR('',#15445,100.);
#9284=VECTOR('',#15450,100.);
#9285=VECTOR('',#15451,100.);
#9286=VECTOR('',#15454,100.);
#9287=VECTOR('',#15457,100.);
#9288=VECTOR('',#15460,100.);
#9289=VECTOR('',#15463,100.);
#9290=VECTOR('',#15468,100.);
#9291=VECTOR('',#15469,100.);
#9292=VECTOR('',#15472,100.);
#9293=VECTOR('',#15475,100.);
#9294=VECTOR('',#15478,100.);
#9295=VECTOR('',#15481,100.);
#9296=VECTOR('',#15486,100.);
#9297=VECTOR('',#15487,100.);
#9298=VECTOR('',#15490,100.);
#9299=VECTOR('',#15493,100.);
#9300=VECTOR('',#15496,100.);
#9301=VECTOR('',#15499,100.);
#9302=VECTOR('',#15504,100.);
#9303=VECTOR('',#15505,100.);
#9304=VECTOR('',#15508,100.);
#9305=VECTOR('',#15511,100.);
#9306=VECTOR('',#15514,100.);
#9307=VECTOR('',#15517,100.);
#9308=VECTOR('',#15522,100.);
#9309=VECTOR('',#15523,100.);
#9310=VECTOR('',#15526,100.);
#9311=VECTOR('',#15529,100.);
#9312=VECTOR('',#15532,100.);
#9313=VECTOR('',#15535,100.);
#9314=VECTOR('',#15540,100.);
#9315=VECTOR('',#15541,100.);
#9316=VECTOR('',#15544,100.);
#9317=VECTOR('',#15547,100.);
#9318=VECTOR('',#15550,100.);
#9319=VECTOR('',#15553,100.);
#9320=VECTOR('',#15558,100.);
#9321=VECTOR('',#15559,100.);
#9322=VECTOR('',#15562,100.);
#9323=VECTOR('',#15565,100.);
#9324=VECTOR('',#15568,100.);
#9325=VECTOR('',#15571,100.);
#9326=VECTOR('',#15576,100.);
#9327=VECTOR('',#15577,100.);
#9328=VECTOR('',#15580,100.);
#9329=VECTOR('',#15583,100.);
#9330=VECTOR('',#15586,100.);
#9331=VECTOR('',#15589,100.);
#9332=VECTOR('',#15594,100.);
#9333=VECTOR('',#15595,100.);
#9334=VECTOR('',#15598,100.);
#9335=VECTOR('',#15601,100.);
#9336=VECTOR('',#15604,100.);
#9337=VECTOR('',#15607,100.);
#9338=VECTOR('',#15612,100.);
#9339=VECTOR('',#15613,100.);
#9340=VECTOR('',#15616,100.);
#9341=VECTOR('',#15619,100.);
#9342=VECTOR('',#15622,100.);
#9343=VECTOR('',#15625,100.);
#9344=VECTOR('',#15630,100.);
#9345=VECTOR('',#15631,100.);
#9346=VECTOR('',#15634,100.);
#9347=VECTOR('',#15637,100.);
#9348=VECTOR('',#15640,100.);
#9349=VECTOR('',#15643,100.);
#9350=VECTOR('',#15648,100.);
#9351=VECTOR('',#15649,100.);
#9352=VECTOR('',#15652,100.);
#9353=VECTOR('',#15655,100.);
#9354=VECTOR('',#15658,100.);
#9355=VECTOR('',#15661,100.);
#9356=VECTOR('',#15666,100.);
#9357=VECTOR('',#15667,100.);
#9358=VECTOR('',#15670,100.);
#9359=VECTOR('',#15673,100.);
#9360=VECTOR('',#15676,100.);
#9361=VECTOR('',#15679,100.);
#9362=VECTOR('',#15684,100.);
#9363=VECTOR('',#15685,100.);
#9364=VECTOR('',#15688,100.);
#9365=VECTOR('',#15691,100.);
#9366=VECTOR('',#15694,100.);
#9367=VECTOR('',#15697,100.);
#9368=VECTOR('',#15702,100.);
#9369=VECTOR('',#15703,100.);
#9370=VECTOR('',#15706,100.);
#9371=VECTOR('',#15709,100.);
#9372=VECTOR('',#15712,100.);
#9373=VECTOR('',#15715,100.);
#9374=VECTOR('',#15720,100.);
#9375=VECTOR('',#15721,100.);
#9376=VECTOR('',#15724,100.);
#9377=VECTOR('',#15727,100.);
#9378=VECTOR('',#15730,100.);
#9379=VECTOR('',#15733,100.);
#9380=VECTOR('',#15738,100.);
#9381=VECTOR('',#15739,100.);
#9382=VECTOR('',#15742,100.);
#9383=VECTOR('',#15745,100.);
#9384=VECTOR('',#15748,100.);
#9385=VECTOR('',#15751,100.);
#9386=VECTOR('',#15756,100.);
#9387=VECTOR('',#15757,100.);
#9388=VECTOR('',#15760,100.);
#9389=VECTOR('',#15763,100.);
#9390=VECTOR('',#15766,100.);
#9391=VECTOR('',#15769,100.);
#9392=VECTOR('',#15774,100.);
#9393=VECTOR('',#15775,100.);
#9394=VECTOR('',#15778,100.);
#9395=VECTOR('',#15781,100.);
#9396=VECTOR('',#15784,100.);
#9397=VECTOR('',#15787,100.);
#9398=VECTOR('',#15792,100.);
#9399=VECTOR('',#15793,100.);
#9400=VECTOR('',#15796,100.);
#9401=VECTOR('',#15799,100.);
#9402=VECTOR('',#15802,100.);
#9403=VECTOR('',#15805,100.);
#9404=VECTOR('',#15810,100.);
#9405=VECTOR('',#15811,100.);
#9406=VECTOR('',#15814,100.);
#9407=VECTOR('',#15817,100.);
#9408=VECTOR('',#15820,100.);
#9409=VECTOR('',#15823,100.);
#9410=VECTOR('',#15824,100.);
#9411=VECTOR('',#15829,100.);
#9412=VECTOR('',#15830,100.);
#9413=VECTOR('',#15833,100.);
#9414=VECTOR('',#15836,100.);
#9415=VECTOR('',#15839,100.);
#9416=VECTOR('',#15840,100.);
#9417=VECTOR('',#15841,100.);
#9418=VECTOR('',#15844,100.);
#9419=VECTOR('',#15847,100.);
#9420=VECTOR('',#15852,100.);
#9421=VECTOR('',#15853,100.);
#9422=VECTOR('',#15856,100.);
#9423=VECTOR('',#15859,100.);
#9424=VECTOR('',#15862,100.);
#9425=VECTOR('',#15865,100.);
#9426=VECTOR('',#15870,100.);
#9427=VECTOR('',#15871,100.);
#9428=VECTOR('',#15874,100.);
#9429=VECTOR('',#15877,100.);
#9430=VECTOR('',#15880,100.);
#9431=VECTOR('',#15883,100.);
#9432=VECTOR('',#15888,100.);
#9433=VECTOR('',#15889,100.);
#9434=VECTOR('',#15892,100.);
#9435=VECTOR('',#15895,100.);
#9436=VECTOR('',#15898,100.);
#9437=VECTOR('',#15901,100.);
#9438=VECTOR('',#15906,100.);
#9439=VECTOR('',#15907,100.);
#9440=VECTOR('',#15910,100.);
#9441=VECTOR('',#15913,100.);
#9442=VECTOR('',#15916,100.);
#9443=VECTOR('',#15919,100.);
#9444=VECTOR('',#15924,100.);
#9445=VECTOR('',#15925,100.);
#9446=VECTOR('',#15928,100.);
#9447=VECTOR('',#15931,100.);
#9448=VECTOR('',#15934,100.);
#9449=VECTOR('',#15937,100.);
#9450=VECTOR('',#15942,100.);
#9451=VECTOR('',#15943,100.);
#9452=VECTOR('',#15946,100.);
#9453=VECTOR('',#15949,100.);
#9454=VECTOR('',#15952,100.);
#9455=VECTOR('',#15955,100.);
#9456=VECTOR('',#15960,100.);
#9457=VECTOR('',#15961,100.);
#9458=VECTOR('',#15964,100.);
#9459=VECTOR('',#15967,100.);
#9460=VECTOR('',#15970,100.);
#9461=VECTOR('',#15973,100.);
#9462=VECTOR('',#15978,100.);
#9463=VECTOR('',#15979,100.);
#9464=VECTOR('',#15982,100.);
#9465=VECTOR('',#15985,100.);
#9466=VECTOR('',#15988,100.);
#9467=VECTOR('',#15991,100.);
#9468=VECTOR('',#15996,100.);
#9469=VECTOR('',#15997,100.);
#9470=VECTOR('',#16000,100.);
#9471=VECTOR('',#16003,100.);
#9472=VECTOR('',#16006,100.);
#9473=VECTOR('',#16009,100.);
#9474=VECTOR('',#16014,100.);
#9475=VECTOR('',#16015,100.);
#9476=VECTOR('',#16018,100.);
#9477=VECTOR('',#16021,100.);
#9478=VECTOR('',#16024,100.);
#9479=VECTOR('',#16027,100.);
#9480=VECTOR('',#16032,100.);
#9481=VECTOR('',#16033,100.);
#9482=VECTOR('',#16036,100.);
#9483=VECTOR('',#16039,100.);
#9484=VECTOR('',#16042,100.);
#9485=VECTOR('',#16045,100.);
#9486=VECTOR('',#16050,100.);
#9487=VECTOR('',#16051,100.);
#9488=VECTOR('',#16054,100.);
#9489=VECTOR('',#16057,100.);
#9490=VECTOR('',#16060,100.);
#9491=VECTOR('',#16063,100.);
#9492=VECTOR('',#16068,100.);
#9493=VECTOR('',#16069,100.);
#9494=VECTOR('',#16072,100.);
#9495=VECTOR('',#16075,100.);
#9496=VECTOR('',#16078,100.);
#9497=VECTOR('',#16081,100.);
#9498=VECTOR('',#16086,100.);
#9499=VECTOR('',#16087,100.);
#9500=VECTOR('',#16090,100.);
#9501=VECTOR('',#16093,100.);
#9502=VECTOR('',#16096,100.);
#9503=VECTOR('',#16099,100.);
#9504=VECTOR('',#16104,100.);
#9505=VECTOR('',#16105,100.);
#9506=VECTOR('',#16120,100.);
#9507=VECTOR('',#16121,100.);
#9508=EDGE_LOOP('',(#345,#346,#347,#348,#349,#350,#351,#352,#353,#354,#355,
#356,#357));
#9509=EDGE_LOOP('',(#358,#359,#360,#361,#362,#363,#364,#365,#366,#367,#368,
#369,#370));
#9510=EDGE_LOOP('',(#371,#372,#373,#374));
#9511=EDGE_LOOP('',(#375,#376,#377,#378));
#9512=EDGE_LOOP('',(#379,#380,#381,#382,#383,#384));
#9513=EDGE_LOOP('',(#385,#386,#387,#388));
#9514=EDGE_LOOP('',(#389,#390,#391,#392,#393,#394));
#9515=EDGE_LOOP('',(#395,#396,#397,#398));
#9516=EDGE_LOOP('',(#399,#400,#401,#402,#403,#404));
#9517=EDGE_LOOP('',(#405,#406,#407,#408,#409,#410));
#9518=EDGE_LOOP('',(#411,#412,#413,#414));
#9519=EDGE_LOOP('',(#415,#416,#417,#418,#419,#420));
#9520=EDGE_LOOP('',(#421,#422,#423,#424,#425,#426));
#9521=EDGE_LOOP('',(#427,#428,#429,#430,#431,#432));
#9522=EDGE_LOOP('',(#433,#434,#435,#436,#437));
#9523=EDGE_LOOP('',(#438,#439,#440,#441,#442,#443,#444,#445,#446));
#9524=EDGE_LOOP('',(#447,#448,#449,#450,#451,#452,#453,#454));
#9525=EDGE_LOOP('',(#455,#456,#457));
#9526=EDGE_LOOP('',(#458,#459,#460,#461,#462,#463));
#9527=EDGE_LOOP('',(#464,#465,#466,#467));
#9528=EDGE_LOOP('',(#468,#469,#470,#471,#472,#473));
#9529=EDGE_LOOP('',(#474,#475,#476,#477,#478,#479));
#9530=EDGE_LOOP('',(#480,#481,#482,#483,#484,#485));
#9531=EDGE_LOOP('',(#486,#487,#488,#489,#490,#491));
#9532=EDGE_LOOP('',(#492,#493,#494,#495,#496,#497));
#9533=EDGE_LOOP('',(#498,#499,#500,#501,#502,#503));
#9534=EDGE_LOOP('',(#504,#505,#506,#507,#508,#509));
#9535=EDGE_LOOP('',(#510,#511,#512,#513,#514,#515));
#9536=EDGE_LOOP('',(#516,#517,#518,#519,#520,#521));
#9537=EDGE_LOOP('',(#522,#523,#524,#525,#526,#527));
#9538=EDGE_LOOP('',(#528,#529,#530,#531,#532,#533));
#9539=EDGE_LOOP('',(#534,#535,#536,#537,#538,#539));
#9540=EDGE_LOOP('',(#540,#541,#542,#543,#544,#545,#546,#547,#548,#549));
#9541=EDGE_LOOP('',(#550,#551,#552,#553,#554,#555));
#9542=EDGE_LOOP('',(#556,#557,#558,#559,#560,#561));
#9543=EDGE_LOOP('',(#562,#563,#564,#565,#566,#567));
#9544=EDGE_LOOP('',(#568,#569,#570,#571,#572,#573));
#9545=EDGE_LOOP('',(#574,#575,#576,#577,#578,#579,#580,#581,#582,#583,#584,
#585));
#9546=EDGE_LOOP('',(#586,#587,#588,#589,#590,#591));
#9547=EDGE_LOOP('',(#592,#593,#594,#595,#596,#597));
#9548=EDGE_LOOP('',(#598,#599,#600,#601,#602,#603));
#9549=EDGE_LOOP('',(#604,#605,#606,#607,#608,#609));
#9550=EDGE_LOOP('',(#610,#611,#612,#613,#614,#615));
#9551=EDGE_LOOP('',(#616,#617,#618,#619,#620,#621));
#9552=EDGE_LOOP('',(#622,#623,#624,#625,#626,#627));
#9553=EDGE_LOOP('',(#628,#629,#630,#631,#632,#633));
#9554=EDGE_LOOP('',(#634,#635,#636,#637,#638,#639));
#9555=EDGE_LOOP('',(#640,#641,#642,#643,#644,#645));
#9556=EDGE_LOOP('',(#646,#647,#648,#649,#650,#651));
#9557=EDGE_LOOP('',(#652,#653,#654,#655,#656,#657));
#9558=EDGE_LOOP('',(#658,#659,#660,#661,#662,#663));
#9559=EDGE_LOOP('',(#664,#665,#666,#667,#668,#669));
#9560=EDGE_LOOP('',(#670,#671,#672,#673));
#9561=EDGE_LOOP('',(#674,#675,#676,#677));
#9562=EDGE_LOOP('',(#678));
#9563=EDGE_LOOP('',(#679,#680,#681,#682));
#9564=EDGE_LOOP('',(#683,#684,#685,#686));
#9565=EDGE_LOOP('',(#687,#688,#689,#690));
#9566=EDGE_LOOP('',(#691,#692,#693,#694,#695,#696,#697,#698,#699,#700,#701,
#702,#703,#704,#705,#706,#707,#708,#709,#710,#711,#712,#713,#714,#715,#716,
#717,#718,#719,#720,#721,#722,#723,#724));
#9567=EDGE_LOOP('',(#725));
#9568=EDGE_LOOP('',(#726,#727));
#9569=EDGE_LOOP('',(#728));
#9570=EDGE_LOOP('',(#729));
#9571=EDGE_LOOP('',(#730));
#9572=EDGE_LOOP('',(#731,#732,#733,#734,#735,#736));
#9573=EDGE_LOOP('',(#737,#738,#739,#740,#741,#742,#743,#744,#745,#746));
#9574=EDGE_LOOP('',(#747,#748,#749,#750,#751,#752));
#9575=EDGE_LOOP('',(#753,#754,#755,#756));
#9576=EDGE_LOOP('',(#757));
#9577=EDGE_LOOP('',(#758,#759,#760,#761,#762));
#9578=EDGE_LOOP('',(#763,#764,#765,#766,#767));
#9579=EDGE_LOOP('',(#768,#769,#770,#771,#772));
#9580=EDGE_LOOP('',(#773,#774,#775,#776,#777,#778));
#9581=EDGE_LOOP('',(#779,#780,#781,#782,#783,#784,#785,#786));
#9582=EDGE_LOOP('',(#787,#788,#789,#790,#791,#792,#793));
#9583=EDGE_LOOP('',(#794,#795,#796,#797,#798,#799));
#9584=EDGE_LOOP('',(#800,#801,#802,#803,#804,#805));
#9585=EDGE_LOOP('',(#806,#807,#808,#809,#810,#811));
#9586=EDGE_LOOP('',(#812,#813,#814,#815,#816,#817));
#9587=EDGE_LOOP('',(#818,#819,#820,#821,#822,#823));
#9588=EDGE_LOOP('',(#824,#825,#826,#827,#828,#829));
#9589=EDGE_LOOP('',(#830,#831,#832,#833,#834,#835));
#9590=EDGE_LOOP('',(#836,#837,#838,#839,#840,#841));
#9591=EDGE_LOOP('',(#842,#843,#844,#845,#846,#847));
#9592=EDGE_LOOP('',(#848,#849,#850,#851,#852,#853));
#9593=EDGE_LOOP('',(#854,#855,#856,#857,#858,#859));
#9594=EDGE_LOOP('',(#860,#861,#862,#863,#864,#865));
#9595=EDGE_LOOP('',(#866,#867,#868,#869,#870,#871));
#9596=EDGE_LOOP('',(#872,#873,#874,#875,#876,#877));
#9597=EDGE_LOOP('',(#878,#879,#880,#881,#882,#883));
#9598=EDGE_LOOP('',(#884,#885,#886,#887,#888,#889));
#9599=EDGE_LOOP('',(#890,#891,#892,#893,#894,#895));
#9600=EDGE_LOOP('',(#896,#897,#898,#899,#900,#901));
#9601=EDGE_LOOP('',(#902,#903,#904,#905,#906,#907));
#9602=EDGE_LOOP('',(#908,#909,#910,#911,#912,#913));
#9603=EDGE_LOOP('',(#914,#915,#916,#917,#918,#919));
#9604=EDGE_LOOP('',(#920,#921,#922,#923,#924,#925));
#9605=EDGE_LOOP('',(#926,#927,#928,#929,#930,#931));
#9606=EDGE_LOOP('',(#932,#933,#934,#935,#936,#937));
#9607=EDGE_LOOP('',(#938,#939,#940,#941,#942,#943));
#9608=EDGE_LOOP('',(#944,#945,#946,#947,#948,#949));
#9609=EDGE_LOOP('',(#950,#951,#952,#953,#954,#955));
#9610=EDGE_LOOP('',(#956,#957,#958,#959,#960,#961));
#9611=EDGE_LOOP('',(#962,#963,#964,#965,#966,#967));
#9612=EDGE_LOOP('',(#968,#969,#970,#971,#972,#973));
#9613=EDGE_LOOP('',(#974,#975,#976,#977,#978,#979));
#9614=EDGE_LOOP('',(#980,#981,#982,#983,#984,#985));
#9615=EDGE_LOOP('',(#986,#987,#988,#989,#990,#991));
#9616=EDGE_LOOP('',(#992,#993,#994,#995,#996,#997));
#9617=EDGE_LOOP('',(#998));
#9618=EDGE_LOOP('',(#999,#1000,#1001,#1002,#1003,#1004,#1005,#1006,#1007,
#1008,#1009,#1010));
#9619=EDGE_LOOP('',(#1011,#1012,#1013,#1014,#1015,#1016));
#9620=EDGE_LOOP('',(#1017,#1018,#1019,#1020,#1021,#1022));
#9621=EDGE_LOOP('',(#1023,#1024,#1025,#1026,#1027,#1028));
#9622=EDGE_LOOP('',(#1029,#1030,#1031,#1032,#1033,#1034));
#9623=EDGE_LOOP('',(#1035,#1036,#1037,#1038,#1039,#1040));
#9624=EDGE_LOOP('',(#1041,#1042,#1043,#1044,#1045,#1046));
#9625=EDGE_LOOP('',(#1047,#1048,#1049,#1050,#1051,#1052));
#9626=EDGE_LOOP('',(#1053,#1054,#1055,#1056,#1057,#1058));
#9627=EDGE_LOOP('',(#1059,#1060,#1061,#1062,#1063,#1064));
#9628=EDGE_LOOP('',(#1065,#1066,#1067,#1068,#1069,#1070));
#9629=EDGE_LOOP('',(#1071,#1072,#1073,#1074,#1075,#1076));
#9630=EDGE_LOOP('',(#1077,#1078,#1079,#1080,#1081,#1082));
#9631=EDGE_LOOP('',(#1083,#1084,#1085,#1086,#1087,#1088));
#9632=EDGE_LOOP('',(#1089,#1090,#1091,#1092,#1093,#1094));
#9633=EDGE_LOOP('',(#1095,#1096,#1097,#1098,#1099,#1100));
#9634=EDGE_LOOP('',(#1101,#1102,#1103,#1104,#1105,#1106));
#9635=EDGE_LOOP('',(#1107,#1108,#1109,#1110,#1111,#1112));
#9636=EDGE_LOOP('',(#1113,#1114,#1115,#1116,#1117,#1118));
#9637=EDGE_LOOP('',(#1119,#1120,#1121,#1122,#1123,#1124));
#9638=EDGE_LOOP('',(#1125,#1126,#1127,#1128,#1129,#1130));
#9639=EDGE_LOOP('',(#1131,#1132,#1133,#1134,#1135,#1136));
#9640=EDGE_LOOP('',(#1137,#1138,#1139,#1140,#1141,#1142));
#9641=EDGE_LOOP('',(#1143,#1144,#1145,#1146,#1147,#1148));
#9642=EDGE_LOOP('',(#1149,#1150,#1151,#1152,#1153,#1154,#1155,#1156,#1157,
#1158));
#9643=EDGE_LOOP('',(#1159,#1160,#1161,#1162,#1163,#1164));
#9644=EDGE_LOOP('',(#1165,#1166,#1167,#1168,#1169,#1170));
#9645=EDGE_LOOP('',(#1171,#1172,#1173,#1174,#1175,#1176));
#9646=EDGE_LOOP('',(#1177,#1178,#1179,#1180,#1181,#1182));
#9647=EDGE_LOOP('',(#1183,#1184,#1185,#1186,#1187,#1188));
#9648=EDGE_LOOP('',(#1189,#1190,#1191,#1192,#1193,#1194));
#9649=EDGE_LOOP('',(#1195,#1196,#1197,#1198,#1199,#1200));
#9650=EDGE_LOOP('',(#1201,#1202,#1203,#1204,#1205,#1206));
#9651=EDGE_LOOP('',(#1207,#1208,#1209,#1210,#1211,#1212));
#9652=EDGE_LOOP('',(#1213,#1214,#1215,#1216,#1217,#1218));
#9653=EDGE_LOOP('',(#1219,#1220,#1221,#1222,#1223,#1224));
#9654=EDGE_LOOP('',(#1225,#1226,#1227,#1228,#1229,#1230,#1231,#1232,#1233,
#1234,#1235,#1236));
#9655=EDGE_LOOP('',(#1237,#1238,#1239,#1240,#1241,#1242));
#9656=EDGE_LOOP('',(#1243,#1244,#1245,#1246,#1247,#1248));
#9657=EDGE_LOOP('',(#1249,#1250,#1251,#1252,#1253,#1254));
#9658=EDGE_LOOP('',(#1255,#1256,#1257,#1258,#1259,#1260));
#9659=EDGE_LOOP('',(#1261,#1262,#1263,#1264,#1265,#1266));
#9660=EDGE_LOOP('',(#1267,#1268,#1269,#1270,#1271,#1272));
#9661=EDGE_LOOP('',(#1273,#1274,#1275,#1276,#1277,#1278));
#9662=EDGE_LOOP('',(#1279,#1280,#1281,#1282,#1283,#1284));
#9663=EDGE_LOOP('',(#1285,#1286,#1287,#1288,#1289,#1290));
#9664=EDGE_LOOP('',(#1291,#1292,#1293,#1294,#1295,#1296));
#9665=EDGE_LOOP('',(#1297,#1298,#1299,#1300,#1301,#1302));
#9666=EDGE_LOOP('',(#1303,#1304,#1305,#1306,#1307,#1308));
#9667=EDGE_LOOP('',(#1309,#1310,#1311,#1312,#1313,#1314,#1315,#1316,#1317,
#1318,#1319,#1320,#1321,#1322,#1323,#1324,#1325,#1326,#1327,#1328));
#9668=EDGE_LOOP('',(#1329,#1330));
#9669=EDGE_LOOP('',(#1331,#1332,#1333,#1334));
#9670=EDGE_LOOP('',(#1335,#1336,#1337,#1338));
#9671=EDGE_LOOP('',(#1339,#1340,#1341,#1342));
#9672=EDGE_LOOP('',(#1343,#1344,#1345,#1346));
#9673=EDGE_LOOP('',(#1347,#1348,#1349,#1350));
#9674=EDGE_LOOP('',(#1351));
#9675=EDGE_LOOP('',(#1352,#1353,#1354,#1355,#1356,#1357));
#9676=EDGE_LOOP('',(#1358,#1359,#1360,#1361));
#9677=EDGE_LOOP('',(#1362,#1363,#1364,#1365));
#9678=EDGE_LOOP('',(#1366,#1367,#1368,#1369));
#9679=EDGE_LOOP('',(#1370,#1371,#1372,#1373));
#9680=EDGE_LOOP('',(#1374,#1375,#1376,#1377,#1378,#1379));
#9681=EDGE_LOOP('',(#1380,#1381,#1382,#1383,#1384,#1385,#1386,#1387,#1388,
#1389,#1390,#1391,#1392,#1393,#1394,#1395,#1396,#1397,#1398,#1399,#1400,
#1401,#1402,#1403,#1404,#1405,#1406,#1407,#1408,#1409,#1410,#1411,#1412,
#1413,#1414,#1415,#1416,#1417));
#9682=EDGE_LOOP('',(#1418,#1419,#1420,#1421,#1422,#1423));
#9683=EDGE_LOOP('',(#1424,#1425,#1426,#1427,#1428,#1429));
#9684=EDGE_LOOP('',(#1430,#1431,#1432,#1433,#1434,#1435));
#9685=EDGE_LOOP('',(#1436,#1437,#1438,#1439,#1440,#1441));
#9686=EDGE_LOOP('',(#1442,#1443,#1444,#1445,#1446,#1447));
#9687=EDGE_LOOP('',(#1448,#1449,#1450,#1451,#1452,#1453));
#9688=EDGE_LOOP('',(#1454,#1455,#1456,#1457,#1458,#1459));
#9689=EDGE_LOOP('',(#1460,#1461,#1462,#1463,#1464,#1465));
#9690=EDGE_LOOP('',(#1466,#1467,#1468,#1469,#1470,#1471));
#9691=EDGE_LOOP('',(#1472,#1473,#1474,#1475,#1476,#1477));
#9692=EDGE_LOOP('',(#1478,#1479,#1480,#1481,#1482,#1483));
#9693=EDGE_LOOP('',(#1484,#1485,#1486,#1487,#1488,#1489));
#9694=EDGE_LOOP('',(#1490,#1491,#1492,#1493,#1494,#1495));
#9695=EDGE_LOOP('',(#1496,#1497,#1498,#1499,#1500,#1501));
#9696=EDGE_LOOP('',(#1502,#1503,#1504,#1505,#1506,#1507));
#9697=EDGE_LOOP('',(#1508,#1509,#1510,#1511,#1512,#1513));
#9698=EDGE_LOOP('',(#1514,#1515,#1516,#1517,#1518,#1519));
#9699=EDGE_LOOP('',(#1520,#1521,#1522,#1523,#1524,#1525));
#9700=EDGE_LOOP('',(#1526,#1527,#1528,#1529,#1530,#1531));
#9701=EDGE_LOOP('',(#1532,#1533,#1534,#1535,#1536,#1537));
#9702=EDGE_LOOP('',(#1538,#1539,#1540,#1541,#1542,#1543));
#9703=EDGE_LOOP('',(#1544,#1545,#1546,#1547,#1548,#1549));
#9704=EDGE_LOOP('',(#1550,#1551,#1552,#1553,#1554,#1555));
#9705=EDGE_LOOP('',(#1556,#1557,#1558,#1559,#1560,#1561));
#9706=EDGE_LOOP('',(#1562,#1563,#1564,#1565,#1566,#1567));
#9707=EDGE_LOOP('',(#1568,#1569,#1570,#1571,#1572,#1573));
#9708=EDGE_LOOP('',(#1574,#1575,#1576,#1577,#1578,#1579));
#9709=EDGE_LOOP('',(#1580,#1581,#1582,#1583,#1584,#1585));
#9710=EDGE_LOOP('',(#1586,#1587,#1588,#1589,#1590,#1591));
#9711=EDGE_LOOP('',(#1592,#1593,#1594,#1595,#1596,#1597));
#9712=EDGE_LOOP('',(#1598,#1599,#1600,#1601,#1602,#1603,#1604,#1605,#1606,
#1607,#1608,#1609,#1610,#1611,#1612,#1613,#1614,#1615,#1616,#1617));
#9713=EDGE_LOOP('',(#1618,#1619,#1620,#1621));
#9714=EDGE_LOOP('',(#1622,#1623));
#9715=EDGE_LOOP('',(#1624,#1625));
#9716=EDGE_LOOP('',(#1626));
#9717=EDGE_LOOP('',(#1627));
#9718=EDGE_LOOP('',(#1628,#1629,#1630,#1631));
#9719=EDGE_LOOP('',(#1632,#1633,#1634,#1635,#1636,#1637,#1638,#1639,#1640));
#9720=EDGE_LOOP('',(#1641,#1642,#1643,#1644));
#9721=EDGE_LOOP('',(#1645,#1646,#1647,#1648,#1649));
#9722=EDGE_LOOP('',(#1650,#1651,#1652,#1653,#1654,#1655));
#9723=EDGE_LOOP('',(#1656));
#9724=EDGE_LOOP('',(#1657,#1658,#1659,#1660));
#9725=EDGE_LOOP('',(#1661,#1662,#1663,#1664));
#9726=EDGE_LOOP('',(#1665));
#9727=EDGE_LOOP('',(#1666,#1667,#1668,#1669));
#9728=EDGE_LOOP('',(#1670));
#9729=EDGE_LOOP('',(#1671));
#9730=EDGE_LOOP('',(#1672));
#9731=EDGE_LOOP('',(#1673));
#9732=EDGE_LOOP('',(#1674));
#9733=EDGE_LOOP('',(#1675));
#9734=EDGE_LOOP('',(#1676));
#9735=EDGE_LOOP('',(#1677));
#9736=EDGE_LOOP('',(#1678));
#9737=EDGE_LOOP('',(#1679));
#9738=EDGE_LOOP('',(#1680));
#9739=EDGE_LOOP('',(#1681));
#9740=EDGE_LOOP('',(#1682,#1683,#1684,#1685,#1686));
#9741=EDGE_LOOP('',(#1687,#1688,#1689,#1690));
#9742=EDGE_LOOP('',(#1691,#1692,#1693,#1694,#1695,#1696));
#9743=EDGE_LOOP('',(#1697,#1698,#1699,#1700));
#9744=EDGE_LOOP('',(#1701,#1702,#1703,#1704));
#9745=EDGE_LOOP('',(#1705,#1706,#1707,#1708));
#9746=EDGE_LOOP('',(#1709,#1710,#1711,#1712));
#9747=EDGE_LOOP('',(#1713));
#9748=EDGE_LOOP('',(#1714));
#9749=EDGE_LOOP('',(#1715));
#9750=EDGE_LOOP('',(#1716,#1717,#1718,#1719));
#9751=EDGE_LOOP('',(#1720));
#9752=EDGE_LOOP('',(#1721));
#9753=EDGE_LOOP('',(#1722));
#9754=EDGE_LOOP('',(#1723));
#9755=EDGE_LOOP('',(#1724));
#9756=EDGE_LOOP('',(#1725));
#9757=EDGE_LOOP('',(#1726,#1727,#1728,#1729));
#9758=EDGE_LOOP('',(#1730,#1731,#1732,#1733,#1734,#1735,#1736,#1737,#1738,
#1739,#1740,#1741,#1742,#1743,#1744,#1745,#1746,#1747,#1748,#1749,#1750,
#1751,#1752,#1753,#1754));
#9759=EDGE_LOOP('',(#1755,#1756,#1757,#1758));
#9760=EDGE_LOOP('',(#1759));
#9761=EDGE_LOOP('',(#1760,#1761,#1762,#1763));
#9762=EDGE_LOOP('',(#1764,#1765,#1766,#1767));
#9763=EDGE_LOOP('',(#1768,#1769,#1770,#1771));
#9764=EDGE_LOOP('',(#1772,#1773,#1774,#1775));
#9765=EDGE_LOOP('',(#1776,#1777,#1778,#1779));
#9766=EDGE_LOOP('',(#1780,#1781,#1782,#1783));
#9767=EDGE_LOOP('',(#1784,#1785,#1786,#1787));
#9768=EDGE_LOOP('',(#1788,#1789,#1790,#1791));
#9769=EDGE_LOOP('',(#1792,#1793,#1794,#1795));
#9770=EDGE_LOOP('',(#1796,#1797,#1798,#1799));
#9771=EDGE_LOOP('',(#1800,#1801,#1802,#1803));
#9772=EDGE_LOOP('',(#1804,#1805,#1806,#1807,#1808,#1809));
#9773=EDGE_LOOP('',(#1810,#1811,#1812,#1813));
#9774=EDGE_LOOP('',(#1814,#1815,#1816,#1817));
#9775=EDGE_LOOP('',(#1818,#1819,#1820,#1821,#1822,#1823));
#9776=EDGE_LOOP('',(#1824,#1825,#1826,#1827,#1828,#1829,#1830));
#9777=EDGE_LOOP('',(#1831,#1832,#1833,#1834));
#9778=EDGE_LOOP('',(#1835,#1836,#1837,#1838));
#9779=EDGE_LOOP('',(#1839,#1840,#1841,#1842,#1843,#1844));
#9780=EDGE_LOOP('',(#1845,#1846,#1847,#1848));
#9781=EDGE_LOOP('',(#1849,#1850,#1851,#1852));
#9782=EDGE_LOOP('',(#1853,#1854,#1855,#1856,#1857,#1858));
#9783=EDGE_LOOP('',(#1859,#1860,#1861,#1862,#1863,#1864));
#9784=EDGE_LOOP('',(#1865,#1866,#1867,#1868));
#9785=EDGE_LOOP('',(#1869,#1870,#1871,#1872));
#9786=EDGE_LOOP('',(#1873,#1874,#1875,#1876,#1877,#1878));
#9787=EDGE_LOOP('',(#1879,#1880,#1881,#1882));
#9788=EDGE_LOOP('',(#1883,#1884,#1885,#1886));
#9789=EDGE_LOOP('',(#1887,#1888,#1889,#1890,#1891,#1892));
#9790=EDGE_LOOP('',(#1893,#1894,#1895,#1896,#1897));
#9791=EDGE_LOOP('',(#1898,#1899,#1900,#1901));
#9792=EDGE_LOOP('',(#1902,#1903,#1904,#1905));
#9793=EDGE_LOOP('',(#1906,#1907,#1908,#1909,#1910,#1911));
#9794=EDGE_LOOP('',(#1912,#1913,#1914,#1915));
#9795=EDGE_LOOP('',(#1916,#1917,#1918,#1919));
#9796=EDGE_LOOP('',(#1920,#1921,#1922,#1923,#1924,#1925));
#9797=EDGE_LOOP('',(#1926,#1927,#1928,#1929,#1930));
#9798=EDGE_LOOP('',(#1931,#1932,#1933,#1934));
#9799=EDGE_LOOP('',(#1935,#1936,#1937,#1938));
#9800=EDGE_LOOP('',(#1939,#1940,#1941,#1942));
#9801=EDGE_LOOP('',(#1943,#1944,#1945,#1946));
#9802=EDGE_LOOP('',(#1947,#1948,#1949,#1950));
#9803=EDGE_LOOP('',(#1951,#1952,#1953,#1954));
#9804=EDGE_LOOP('',(#1955,#1956,#1957,#1958));
#9805=EDGE_LOOP('',(#1959,#1960,#1961,#1962));
#9806=EDGE_LOOP('',(#1963,#1964,#1965,#1966));
#9807=EDGE_LOOP('',(#1967,#1968,#1969,#1970));
#9808=EDGE_LOOP('',(#1971,#1972,#1973,#1974));
#9809=EDGE_LOOP('',(#1975,#1976,#1977,#1978));
#9810=EDGE_LOOP('',(#1979,#1980,#1981,#1982));
#9811=EDGE_LOOP('',(#1983,#1984,#1985,#1986));
#9812=EDGE_LOOP('',(#1987,#1988,#1989,#1990));
#9813=EDGE_LOOP('',(#1991,#1992,#1993,#1994));
#9814=EDGE_LOOP('',(#1995,#1996,#1997,#1998));
#9815=EDGE_LOOP('',(#1999,#2000,#2001,#2002));
#9816=EDGE_LOOP('',(#2003,#2004,#2005,#2006));
#9817=EDGE_LOOP('',(#2007,#2008,#2009,#2010));
#9818=EDGE_LOOP('',(#2011,#2012,#2013,#2014));
#9819=EDGE_LOOP('',(#2015,#2016,#2017,#2018));
#9820=EDGE_LOOP('',(#2019,#2020,#2021,#2022));
#9821=EDGE_LOOP('',(#2023,#2024,#2025,#2026));
#9822=EDGE_LOOP('',(#2027,#2028,#2029,#2030));
#9823=EDGE_LOOP('',(#2031,#2032,#2033,#2034));
#9824=EDGE_LOOP('',(#2035,#2036,#2037,#2038));
#9825=EDGE_LOOP('',(#2039,#2040,#2041,#2042));
#9826=EDGE_LOOP('',(#2043,#2044,#2045,#2046));
#9827=EDGE_LOOP('',(#2047,#2048,#2049,#2050));
#9828=EDGE_LOOP('',(#2051,#2052,#2053,#2054));
#9829=EDGE_LOOP('',(#2055,#2056,#2057,#2058));
#9830=EDGE_LOOP('',(#2059,#2060,#2061,#2062));
#9831=EDGE_LOOP('',(#2063,#2064,#2065,#2066));
#9832=EDGE_LOOP('',(#2067,#2068,#2069,#2070));
#9833=EDGE_LOOP('',(#2071,#2072,#2073,#2074));
#9834=EDGE_LOOP('',(#2075,#2076,#2077,#2078));
#9835=EDGE_LOOP('',(#2079,#2080,#2081,#2082));
#9836=EDGE_LOOP('',(#2083,#2084,#2085,#2086));
#9837=EDGE_LOOP('',(#2087,#2088,#2089,#2090));
#9838=EDGE_LOOP('',(#2091,#2092,#2093,#2094));
#9839=EDGE_LOOP('',(#2095,#2096,#2097,#2098));
#9840=EDGE_LOOP('',(#2099,#2100,#2101,#2102));
#9841=EDGE_LOOP('',(#2103,#2104,#2105,#2106));
#9842=EDGE_LOOP('',(#2107,#2108,#2109,#2110));
#9843=EDGE_LOOP('',(#2111,#2112,#2113,#2114));
#9844=EDGE_LOOP('',(#2115,#2116,#2117,#2118));
#9845=EDGE_LOOP('',(#2119,#2120,#2121,#2122));
#9846=EDGE_LOOP('',(#2123,#2124,#2125,#2126));
#9847=EDGE_LOOP('',(#2127,#2128,#2129,#2130));
#9848=EDGE_LOOP('',(#2131,#2132,#2133,#2134));
#9849=EDGE_LOOP('',(#2135,#2136,#2137,#2138));
#9850=EDGE_LOOP('',(#2139,#2140,#2141,#2142));
#9851=EDGE_LOOP('',(#2143,#2144,#2145,#2146));
#9852=EDGE_LOOP('',(#2147,#2148,#2149,#2150));
#9853=EDGE_LOOP('',(#2151,#2152,#2153,#2154));
#9854=EDGE_LOOP('',(#2155,#2156,#2157,#2158));
#9855=EDGE_LOOP('',(#2159,#2160,#2161,#2162));
#9856=EDGE_LOOP('',(#2163,#2164,#2165,#2166));
#9857=EDGE_LOOP('',(#2167,#2168,#2169,#2170));
#9858=EDGE_LOOP('',(#2171,#2172,#2173,#2174));
#9859=EDGE_LOOP('',(#2175,#2176,#2177,#2178));
#9860=EDGE_LOOP('',(#2179,#2180,#2181,#2182));
#9861=EDGE_LOOP('',(#2183,#2184,#2185,#2186));
#9862=EDGE_LOOP('',(#2187,#2188,#2189,#2190));
#9863=EDGE_LOOP('',(#2191,#2192,#2193,#2194));
#9864=EDGE_LOOP('',(#2195,#2196,#2197,#2198));
#9865=EDGE_LOOP('',(#2199,#2200,#2201,#2202));
#9866=EDGE_LOOP('',(#2203,#2204,#2205,#2206));
#9867=EDGE_LOOP('',(#2207,#2208,#2209,#2210));
#9868=EDGE_LOOP('',(#2211,#2212,#2213,#2214));
#9869=EDGE_LOOP('',(#2215,#2216,#2217,#2218));
#9870=EDGE_LOOP('',(#2219,#2220,#2221,#2222));
#9871=EDGE_LOOP('',(#2223,#2224,#2225,#2226));
#9872=EDGE_LOOP('',(#2227,#2228,#2229,#2230));
#9873=EDGE_LOOP('',(#2231,#2232,#2233,#2234));
#9874=EDGE_LOOP('',(#2235,#2236,#2237,#2238));
#9875=EDGE_LOOP('',(#2239,#2240,#2241,#2242));
#9876=EDGE_LOOP('',(#2243,#2244,#2245,#2246));
#9877=EDGE_LOOP('',(#2247,#2248,#2249,#2250));
#9878=EDGE_LOOP('',(#2251,#2252,#2253,#2254));
#9879=EDGE_LOOP('',(#2255,#2256,#2257,#2258));
#9880=EDGE_LOOP('',(#2259,#2260,#2261,#2262));
#9881=EDGE_LOOP('',(#2263,#2264,#2265,#2266));
#9882=EDGE_LOOP('',(#2267,#2268,#2269,#2270));
#9883=EDGE_LOOP('',(#2271,#2272,#2273,#2274));
#9884=EDGE_LOOP('',(#2275,#2276,#2277,#2278));
#9885=EDGE_LOOP('',(#2279,#2280,#2281,#2282));
#9886=EDGE_LOOP('',(#2283,#2284,#2285,#2286));
#9887=EDGE_LOOP('',(#2287,#2288,#2289,#2290));
#9888=EDGE_LOOP('',(#2291,#2292,#2293,#2294));
#9889=EDGE_LOOP('',(#2295,#2296,#2297,#2298));
#9890=EDGE_LOOP('',(#2299,#2300,#2301,#2302));
#9891=EDGE_LOOP('',(#2303,#2304,#2305,#2306));
#9892=EDGE_LOOP('',(#2307,#2308,#2309,#2310));
#9893=EDGE_LOOP('',(#2311,#2312,#2313,#2314));
#9894=EDGE_LOOP('',(#2315,#2316,#2317,#2318));
#9895=EDGE_LOOP('',(#2319,#2320,#2321,#2322));
#9896=EDGE_LOOP('',(#2323,#2324,#2325,#2326));
#9897=EDGE_LOOP('',(#2327,#2328,#2329,#2330));
#9898=EDGE_LOOP('',(#2331,#2332,#2333,#2334));
#9899=EDGE_LOOP('',(#2335,#2336,#2337,#2338));
#9900=EDGE_LOOP('',(#2339,#2340,#2341,#2342));
#9901=EDGE_LOOP('',(#2343,#2344,#2345,#2346));
#9902=EDGE_LOOP('',(#2347,#2348,#2349,#2350));
#9903=EDGE_LOOP('',(#2351,#2352,#2353,#2354));
#9904=EDGE_LOOP('',(#2355,#2356,#2357,#2358));
#9905=EDGE_LOOP('',(#2359,#2360,#2361,#2362));
#9906=EDGE_LOOP('',(#2363,#2364,#2365,#2366));
#9907=EDGE_LOOP('',(#2367,#2368,#2369,#2370));
#9908=EDGE_LOOP('',(#2371,#2372,#2373,#2374));
#9909=EDGE_LOOP('',(#2375,#2376,#2377,#2378));
#9910=EDGE_LOOP('',(#2379,#2380,#2381,#2382));
#9911=EDGE_LOOP('',(#2383,#2384,#2385,#2386));
#9912=EDGE_LOOP('',(#2387,#2388,#2389,#2390));
#9913=EDGE_LOOP('',(#2391,#2392,#2393,#2394));
#9914=EDGE_LOOP('',(#2395,#2396,#2397,#2398));
#9915=EDGE_LOOP('',(#2399,#2400,#2401,#2402));
#9916=EDGE_LOOP('',(#2403,#2404,#2405,#2406));
#9917=EDGE_LOOP('',(#2407,#2408,#2409,#2410));
#9918=EDGE_LOOP('',(#2411,#2412,#2413,#2414));
#9919=EDGE_LOOP('',(#2415,#2416,#2417,#2418));
#9920=EDGE_LOOP('',(#2419,#2420,#2421,#2422));
#9921=EDGE_LOOP('',(#2423,#2424,#2425,#2426));
#9922=EDGE_LOOP('',(#2427,#2428,#2429,#2430));
#9923=EDGE_LOOP('',(#2431,#2432,#2433,#2434));
#9924=EDGE_LOOP('',(#2435,#2436,#2437,#2438));
#9925=EDGE_LOOP('',(#2439,#2440,#2441,#2442));
#9926=EDGE_LOOP('',(#2443,#2444,#2445,#2446));
#9927=EDGE_LOOP('',(#2447,#2448,#2449,#2450));
#9928=EDGE_LOOP('',(#2451,#2452,#2453,#2454));
#9929=EDGE_LOOP('',(#2455,#2456,#2457,#2458));
#9930=EDGE_LOOP('',(#2459,#2460,#2461,#2462));
#9931=EDGE_LOOP('',(#2463,#2464,#2465,#2466));
#9932=EDGE_LOOP('',(#2467,#2468,#2469,#2470));
#9933=EDGE_LOOP('',(#2471,#2472,#2473,#2474));
#9934=EDGE_LOOP('',(#2475,#2476,#2477,#2478));
#9935=EDGE_LOOP('',(#2479,#2480,#2481,#2482));
#9936=EDGE_LOOP('',(#2483,#2484,#2485,#2486));
#9937=EDGE_LOOP('',(#2487,#2488,#2489,#2490));
#9938=EDGE_LOOP('',(#2491,#2492,#2493,#2494));
#9939=EDGE_LOOP('',(#2495,#2496,#2497,#2498));
#9940=EDGE_LOOP('',(#2499,#2500,#2501,#2502));
#9941=EDGE_LOOP('',(#2503,#2504,#2505,#2506));
#9942=EDGE_LOOP('',(#2507,#2508,#2509,#2510));
#9943=EDGE_LOOP('',(#2511,#2512,#2513,#2514));
#9944=EDGE_LOOP('',(#2515,#2516,#2517,#2518));
#9945=EDGE_LOOP('',(#2519,#2520,#2521,#2522));
#9946=EDGE_LOOP('',(#2523,#2524,#2525,#2526));
#9947=EDGE_LOOP('',(#2527,#2528,#2529,#2530));
#9948=EDGE_LOOP('',(#2531,#2532,#2533,#2534));
#9949=EDGE_LOOP('',(#2535,#2536,#2537,#2538));
#9950=EDGE_LOOP('',(#2539,#2540,#2541,#2542));
#9951=EDGE_LOOP('',(#2543,#2544,#2545,#2546));
#9952=EDGE_LOOP('',(#2547,#2548,#2549,#2550));
#9953=EDGE_LOOP('',(#2551,#2552,#2553,#2554));
#9954=EDGE_LOOP('',(#2555,#2556,#2557,#2558));
#9955=EDGE_LOOP('',(#2559,#2560,#2561,#2562));
#9956=EDGE_LOOP('',(#2563,#2564,#2565,#2566));
#9957=EDGE_LOOP('',(#2567,#2568,#2569,#2570));
#9958=EDGE_LOOP('',(#2571,#2572,#2573,#2574));
#9959=EDGE_LOOP('',(#2575,#2576,#2577,#2578));
#9960=EDGE_LOOP('',(#2579,#2580,#2581,#2582));
#9961=EDGE_LOOP('',(#2583,#2584,#2585,#2586));
#9962=EDGE_LOOP('',(#2587,#2588,#2589,#2590));
#9963=EDGE_LOOP('',(#2591,#2592,#2593,#2594));
#9964=EDGE_LOOP('',(#2595,#2596,#2597,#2598));
#9965=EDGE_LOOP('',(#2599,#2600,#2601,#2602));
#9966=EDGE_LOOP('',(#2603,#2604,#2605,#2606));
#9967=EDGE_LOOP('',(#2607,#2608,#2609,#2610));
#9968=EDGE_LOOP('',(#2611,#2612,#2613,#2614));
#9969=EDGE_LOOP('',(#2615,#2616,#2617,#2618));
#9970=EDGE_LOOP('',(#2619,#2620,#2621,#2622));
#9971=EDGE_LOOP('',(#2623,#2624,#2625,#2626));
#9972=EDGE_LOOP('',(#2627,#2628,#2629,#2630));
#9973=EDGE_LOOP('',(#2631,#2632,#2633,#2634));
#9974=EDGE_LOOP('',(#2635,#2636,#2637,#2638));
#9975=EDGE_LOOP('',(#2639,#2640,#2641,#2642));
#9976=EDGE_LOOP('',(#2643,#2644,#2645,#2646));
#9977=EDGE_LOOP('',(#2647,#2648,#2649,#2650));
#9978=EDGE_LOOP('',(#2651,#2652,#2653,#2654));
#9979=EDGE_LOOP('',(#2655,#2656,#2657,#2658));
#9980=EDGE_LOOP('',(#2659,#2660,#2661,#2662));
#9981=EDGE_LOOP('',(#2663,#2664,#2665,#2666));
#9982=EDGE_LOOP('',(#2667,#2668,#2669,#2670));
#9983=EDGE_LOOP('',(#2671,#2672,#2673,#2674));
#9984=EDGE_LOOP('',(#2675,#2676,#2677,#2678));
#9985=EDGE_LOOP('',(#2679,#2680,#2681,#2682));
#9986=EDGE_LOOP('',(#2683,#2684,#2685,#2686));
#9987=EDGE_LOOP('',(#2687,#2688,#2689,#2690,#2691,#2692));
#9988=EDGE_LOOP('',(#2693,#2694,#2695,#2696));
#9989=EDGE_LOOP('',(#2697,#2698,#2699,#2700));
#9990=EDGE_LOOP('',(#2701,#2702,#2703,#2704));
#9991=EDGE_LOOP('',(#2705,#2706,#2707,#2708));
#9992=EDGE_LOOP('',(#2709,#2710,#2711,#2712));
#9993=EDGE_LOOP('',(#2713,#2714,#2715,#2716,#2717,#2718,#2719,#2720));
#9994=EDGE_LOOP('',(#2721,#2722,#2723,#2724));
#9995=EDGE_LOOP('',(#2725,#2726,#2727,#2728,#2729,#2730,#2731,#2732));
#9996=EDGE_LOOP('',(#2733,#2734,#2735,#2736,#2737,#2738,#2739,#2740,#2741,
#2742,#2743,#2744));
#9997=EDGE_LOOP('',(#2745,#2746,#2747,#2748));
#9998=EDGE_LOOP('',(#2749,#2750,#2751,#2752));
#9999=EDGE_LOOP('',(#2753,#2754,#2755,#2756));
#10000=EDGE_LOOP('',(#2757,#2758,#2759,#2760));
#10001=EDGE_LOOP('',(#2761,#2762,#2763,#2764,#2765,#2766,#2767,#2768,#2769));
#10002=EDGE_LOOP('',(#2770,#2771,#2772,#2773,#2774,#2775,#2776,#2777,#2778,
#2779));
#10003=EDGE_LOOP('',(#2780,#2781,#2782,#2783,#2784,#2785,#2786,#2787));
#10004=EDGE_LOOP('',(#2788,#2789,#2790,#2791));
#10005=EDGE_LOOP('',(#2792,#2793,#2794,#2795,#2796,#2797,#2798,#2799));
#10006=EDGE_LOOP('',(#2800,#2801,#2802,#2803));
#10007=EDGE_LOOP('',(#2804,#2805,#2806,#2807));
#10008=EDGE_LOOP('',(#2808,#2809,#2810,#2811));
#10009=EDGE_LOOP('',(#2812,#2813,#2814,#2815));
#10010=EDGE_LOOP('',(#2816,#2817,#2818,#2819));
#10011=EDGE_LOOP('',(#2820,#2821,#2822,#2823));
#10012=EDGE_LOOP('',(#2824,#2825,#2826,#2827));
#10013=EDGE_LOOP('',(#2828,#2829,#2830,#2831));
#10014=EDGE_LOOP('',(#2832,#2833,#2834,#2835));
#10015=EDGE_LOOP('',(#2836,#2837,#2838,#2839));
#10016=EDGE_LOOP('',(#2840,#2841,#2842,#2843));
#10017=EDGE_LOOP('',(#2844,#2845,#2846,#2847));
#10018=EDGE_LOOP('',(#2848,#2849,#2850,#2851));
#10019=EDGE_LOOP('',(#2852,#2853,#2854,#2855));
#10020=EDGE_LOOP('',(#2856,#2857,#2858,#2859));
#10021=EDGE_LOOP('',(#2860,#2861,#2862,#2863));
#10022=EDGE_LOOP('',(#2864,#2865,#2866,#2867));
#10023=EDGE_LOOP('',(#2868,#2869,#2870,#2871));
#10024=EDGE_LOOP('',(#2872,#2873,#2874,#2875));
#10025=EDGE_LOOP('',(#2876,#2877,#2878,#2879));
#10026=EDGE_LOOP('',(#2880,#2881,#2882,#2883));
#10027=EDGE_LOOP('',(#2884,#2885,#2886,#2887));
#10028=EDGE_LOOP('',(#2888,#2889,#2890,#2891));
#10029=EDGE_LOOP('',(#2892,#2893,#2894,#2895));
#10030=EDGE_LOOP('',(#2896,#2897,#2898,#2899));
#10031=EDGE_LOOP('',(#2900,#2901,#2902,#2903));
#10032=EDGE_LOOP('',(#2904,#2905,#2906,#2907));
#10033=EDGE_LOOP('',(#2908,#2909,#2910,#2911));
#10034=EDGE_LOOP('',(#2912,#2913,#2914,#2915));
#10035=EDGE_LOOP('',(#2916,#2917,#2918,#2919));
#10036=EDGE_LOOP('',(#2920,#2921,#2922,#2923));
#10037=EDGE_LOOP('',(#2924,#2925,#2926,#2927));
#10038=EDGE_LOOP('',(#2928,#2929,#2930,#2931));
#10039=EDGE_LOOP('',(#2932,#2933,#2934,#2935));
#10040=EDGE_LOOP('',(#2936,#2937,#2938,#2939));
#10041=EDGE_LOOP('',(#2940,#2941,#2942,#2943));
#10042=EDGE_LOOP('',(#2944,#2945,#2946,#2947));
#10043=EDGE_LOOP('',(#2948,#2949,#2950,#2951));
#10044=EDGE_LOOP('',(#2952,#2953,#2954,#2955));
#10045=EDGE_LOOP('',(#2956,#2957,#2958,#2959));
#10046=EDGE_LOOP('',(#2960,#2961,#2962,#2963));
#10047=EDGE_LOOP('',(#2964,#2965,#2966,#2967));
#10048=EDGE_LOOP('',(#2968,#2969,#2970,#2971));
#10049=EDGE_LOOP('',(#2972,#2973,#2974,#2975));
#10050=EDGE_LOOP('',(#2976,#2977,#2978,#2979));
#10051=EDGE_LOOP('',(#2980,#2981,#2982,#2983));
#10052=EDGE_LOOP('',(#2984,#2985,#2986,#2987));
#10053=EDGE_LOOP('',(#2988,#2989,#2990,#2991));
#10054=EDGE_LOOP('',(#2992,#2993,#2994,#2995));
#10055=EDGE_LOOP('',(#2996,#2997,#2998,#2999));
#10056=EDGE_LOOP('',(#3000,#3001,#3002,#3003));
#10057=EDGE_LOOP('',(#3004,#3005,#3006,#3007));
#10058=EDGE_LOOP('',(#3008,#3009,#3010,#3011));
#10059=EDGE_LOOP('',(#3012,#3013,#3014,#3015));
#10060=EDGE_LOOP('',(#3016,#3017,#3018,#3019));
#10061=EDGE_LOOP('',(#3020,#3021,#3022,#3023));
#10062=EDGE_LOOP('',(#3024,#3025,#3026,#3027));
#10063=EDGE_LOOP('',(#3028,#3029,#3030,#3031));
#10064=EDGE_LOOP('',(#3032,#3033,#3034,#3035));
#10065=EDGE_LOOP('',(#3036,#3037,#3038,#3039));
#10066=EDGE_LOOP('',(#3040,#3041,#3042,#3043));
#10067=EDGE_LOOP('',(#3044,#3045,#3046,#3047));
#10068=EDGE_LOOP('',(#3048,#3049,#3050,#3051));
#10069=EDGE_LOOP('',(#3052,#3053,#3054,#3055));
#10070=EDGE_LOOP('',(#3056,#3057,#3058,#3059));
#10071=EDGE_LOOP('',(#3060,#3061,#3062,#3063));
#10072=EDGE_LOOP('',(#3064,#3065,#3066,#3067));
#10073=EDGE_LOOP('',(#3068,#3069,#3070,#3071));
#10074=EDGE_LOOP('',(#3072,#3073,#3074,#3075));
#10075=EDGE_LOOP('',(#3076,#3077,#3078,#3079));
#10076=EDGE_LOOP('',(#3080,#3081,#3082,#3083));
#10077=EDGE_LOOP('',(#3084,#3085,#3086,#3087));
#10078=EDGE_LOOP('',(#3088,#3089,#3090,#3091));
#10079=EDGE_LOOP('',(#3092,#3093,#3094,#3095));
#10080=EDGE_LOOP('',(#3096,#3097,#3098,#3099));
#10081=EDGE_LOOP('',(#3100,#3101,#3102,#3103));
#10082=EDGE_LOOP('',(#3104,#3105,#3106,#3107));
#10083=EDGE_LOOP('',(#3108,#3109,#3110,#3111));
#10084=EDGE_LOOP('',(#3112,#3113,#3114,#3115));
#10085=EDGE_LOOP('',(#3116,#3117,#3118,#3119));
#10086=EDGE_LOOP('',(#3120,#3121,#3122,#3123));
#10087=EDGE_LOOP('',(#3124,#3125,#3126,#3127));
#10088=EDGE_LOOP('',(#3128,#3129,#3130,#3131));
#10089=EDGE_LOOP('',(#3132,#3133,#3134,#3135));
#10090=EDGE_LOOP('',(#3136,#3137,#3138,#3139));
#10091=EDGE_LOOP('',(#3140,#3141,#3142,#3143));
#10092=EDGE_LOOP('',(#3144,#3145,#3146,#3147));
#10093=EDGE_LOOP('',(#3148,#3149,#3150,#3151));
#10094=EDGE_LOOP('',(#3152,#3153,#3154,#3155));
#10095=EDGE_LOOP('',(#3156,#3157,#3158,#3159));
#10096=EDGE_LOOP('',(#3160,#3161,#3162,#3163));
#10097=EDGE_LOOP('',(#3164,#3165,#3166,#3167));
#10098=EDGE_LOOP('',(#3168,#3169,#3170,#3171));
#10099=EDGE_LOOP('',(#3172,#3173,#3174,#3175));
#10100=EDGE_LOOP('',(#3176,#3177,#3178,#3179));
#10101=EDGE_LOOP('',(#3180,#3181,#3182,#3183));
#10102=EDGE_LOOP('',(#3184,#3185,#3186,#3187));
#10103=EDGE_LOOP('',(#3188,#3189,#3190,#3191));
#10104=EDGE_LOOP('',(#3192,#3193,#3194,#3195));
#10105=EDGE_LOOP('',(#3196,#3197,#3198,#3199));
#10106=EDGE_LOOP('',(#3200,#3201,#3202,#3203));
#10107=EDGE_LOOP('',(#3204,#3205,#3206,#3207));
#10108=EDGE_LOOP('',(#3208,#3209,#3210,#3211));
#10109=EDGE_LOOP('',(#3212,#3213,#3214,#3215));
#10110=EDGE_LOOP('',(#3216,#3217,#3218,#3219));
#10111=EDGE_LOOP('',(#3220,#3221,#3222,#3223));
#10112=EDGE_LOOP('',(#3224,#3225,#3226,#3227));
#10113=EDGE_LOOP('',(#3228,#3229,#3230,#3231));
#10114=EDGE_LOOP('',(#3232,#3233,#3234,#3235));
#10115=EDGE_LOOP('',(#3236,#3237,#3238,#3239));
#10116=EDGE_LOOP('',(#3240,#3241,#3242,#3243));
#10117=EDGE_LOOP('',(#3244,#3245,#3246,#3247));
#10118=EDGE_LOOP('',(#3248,#3249,#3250,#3251));
#10119=EDGE_LOOP('',(#3252,#3253,#3254,#3255));
#10120=EDGE_LOOP('',(#3256,#3257,#3258,#3259));
#10121=EDGE_LOOP('',(#3260,#3261,#3262,#3263));
#10122=EDGE_LOOP('',(#3264,#3265,#3266,#3267));
#10123=EDGE_LOOP('',(#3268,#3269,#3270,#3271));
#10124=EDGE_LOOP('',(#3272,#3273,#3274,#3275));
#10125=EDGE_LOOP('',(#3276,#3277,#3278,#3279));
#10126=EDGE_LOOP('',(#3280,#3281,#3282,#3283));
#10127=EDGE_LOOP('',(#3284,#3285,#3286,#3287));
#10128=EDGE_LOOP('',(#3288,#3289,#3290,#3291));
#10129=EDGE_LOOP('',(#3292,#3293,#3294,#3295));
#10130=EDGE_LOOP('',(#3296,#3297,#3298,#3299));
#10131=EDGE_LOOP('',(#3300,#3301,#3302,#3303));
#10132=EDGE_LOOP('',(#3304,#3305,#3306,#3307));
#10133=EDGE_LOOP('',(#3308,#3309,#3310,#3311));
#10134=EDGE_LOOP('',(#3312,#3313,#3314,#3315));
#10135=EDGE_LOOP('',(#3316,#3317,#3318,#3319));
#10136=EDGE_LOOP('',(#3320,#3321,#3322,#3323));
#10137=EDGE_LOOP('',(#3324,#3325,#3326,#3327));
#10138=EDGE_LOOP('',(#3328,#3329,#3330,#3331));
#10139=EDGE_LOOP('',(#3332,#3333,#3334,#3335));
#10140=EDGE_LOOP('',(#3336,#3337,#3338,#3339));
#10141=EDGE_LOOP('',(#3340,#3341,#3342,#3343));
#10142=EDGE_LOOP('',(#3344,#3345,#3346,#3347));
#10143=EDGE_LOOP('',(#3348,#3349,#3350,#3351,#3352,#3353,#3354,#3355));
#10144=EDGE_LOOP('',(#3356,#3357,#3358,#3359,#3360,#3361,#3362,#3363,#3364));
#10145=EDGE_LOOP('',(#3365,#3366,#3367,#3368));
#10146=EDGE_LOOP('',(#3369,#3370,#3371,#3372));
#10147=EDGE_LOOP('',(#3373,#3374,#3375,#3376));
#10148=EDGE_LOOP('',(#3377,#3378,#3379,#3380));
#10149=EDGE_LOOP('',(#3381,#3382,#3383,#3384,#3385,#3386,#3387,#3388));
#10150=EDGE_LOOP('',(#3389,#3390,#3391,#3392));
#10151=EDGE_LOOP('',(#3393,#3394,#3395,#3396,#3397,#3398,#3399,#3400));
#10152=EDGE_LOOP('',(#3401,#3402,#3403,#3404));
#10153=EDGE_LOOP('',(#3405,#3406,#3407,#3408));
#10154=EDGE_LOOP('',(#3409,#3410,#3411,#3412));
#10155=EDGE_LOOP('',(#3413,#3414,#3415,#3416));
#10156=EDGE_LOOP('',(#3417,#3418,#3419,#3420));
#10157=EDGE_LOOP('',(#3421,#3422,#3423,#3424));
#10158=EDGE_LOOP('',(#3425,#3426,#3427,#3428));
#10159=EDGE_LOOP('',(#3429,#3430,#3431,#3432));
#10160=EDGE_LOOP('',(#3433,#3434,#3435,#3436));
#10161=EDGE_LOOP('',(#3437,#3438,#3439,#3440));
#10162=EDGE_LOOP('',(#3441,#3442,#3443,#3444));
#10163=EDGE_LOOP('',(#3445,#3446,#3447,#3448));
#10164=EDGE_LOOP('',(#3449,#3450,#3451,#3452));
#10165=EDGE_LOOP('',(#3453,#3454,#3455,#3456));
#10166=EDGE_LOOP('',(#3457,#3458,#3459,#3460));
#10167=EDGE_LOOP('',(#3461,#3462,#3463,#3464));
#10168=EDGE_LOOP('',(#3465,#3466,#3467,#3468));
#10169=EDGE_LOOP('',(#3469,#3470,#3471,#3472));
#10170=EDGE_LOOP('',(#3473,#3474,#3475,#3476));
#10171=EDGE_LOOP('',(#3477,#3478,#3479,#3480));
#10172=EDGE_LOOP('',(#3481,#3482,#3483,#3484));
#10173=EDGE_LOOP('',(#3485,#3486,#3487,#3488));
#10174=EDGE_LOOP('',(#3489,#3490,#3491,#3492));
#10175=EDGE_LOOP('',(#3493,#3494,#3495,#3496));
#10176=EDGE_LOOP('',(#3497,#3498,#3499,#3500));
#10177=EDGE_LOOP('',(#3501,#3502,#3503,#3504));
#10178=EDGE_LOOP('',(#3505,#3506,#3507,#3508));
#10179=EDGE_LOOP('',(#3509,#3510,#3511,#3512));
#10180=EDGE_LOOP('',(#3513,#3514,#3515,#3516));
#10181=EDGE_LOOP('',(#3517,#3518,#3519,#3520));
#10182=EDGE_LOOP('',(#3521,#3522,#3523,#3524));
#10183=EDGE_LOOP('',(#3525,#3526,#3527,#3528));
#10184=EDGE_LOOP('',(#3529,#3530,#3531,#3532));
#10185=EDGE_LOOP('',(#3533,#3534,#3535,#3536));
#10186=EDGE_LOOP('',(#3537,#3538,#3539,#3540));
#10187=EDGE_LOOP('',(#3541,#3542,#3543,#3544));
#10188=EDGE_LOOP('',(#3545,#3546,#3547,#3548));
#10189=EDGE_LOOP('',(#3549,#3550,#3551,#3552));
#10190=EDGE_LOOP('',(#3553,#3554,#3555,#3556));
#10191=EDGE_LOOP('',(#3557,#3558,#3559,#3560));
#10192=EDGE_LOOP('',(#3561,#3562,#3563,#3564));
#10193=EDGE_LOOP('',(#3565,#3566,#3567,#3568));
#10194=EDGE_LOOP('',(#3569,#3570,#3571,#3572));
#10195=EDGE_LOOP('',(#3573,#3574,#3575,#3576));
#10196=EDGE_LOOP('',(#3577,#3578,#3579,#3580));
#10197=EDGE_LOOP('',(#3581,#3582,#3583,#3584));
#10198=EDGE_LOOP('',(#3585,#3586,#3587,#3588));
#10199=EDGE_LOOP('',(#3589,#3590,#3591,#3592));
#10200=EDGE_LOOP('',(#3593,#3594,#3595,#3596));
#10201=EDGE_LOOP('',(#3597,#3598,#3599,#3600));
#10202=EDGE_LOOP('',(#3601,#3602,#3603,#3604));
#10203=EDGE_LOOP('',(#3605,#3606,#3607,#3608));
#10204=EDGE_LOOP('',(#3609,#3610,#3611,#3612));
#10205=EDGE_LOOP('',(#3613,#3614,#3615,#3616));
#10206=EDGE_LOOP('',(#3617,#3618,#3619,#3620));
#10207=EDGE_LOOP('',(#3621,#3622,#3623,#3624));
#10208=EDGE_LOOP('',(#3625,#3626,#3627,#3628));
#10209=EDGE_LOOP('',(#3629,#3630,#3631,#3632));
#10210=EDGE_LOOP('',(#3633,#3634,#3635,#3636));
#10211=EDGE_LOOP('',(#3637,#3638,#3639,#3640));
#10212=EDGE_LOOP('',(#3641,#3642,#3643,#3644));
#10213=EDGE_LOOP('',(#3645,#3646,#3647,#3648));
#10214=EDGE_LOOP('',(#3649,#3650,#3651,#3652));
#10215=EDGE_LOOP('',(#3653,#3654,#3655,#3656));
#10216=EDGE_LOOP('',(#3657,#3658,#3659,#3660));
#10217=EDGE_LOOP('',(#3661,#3662,#3663,#3664));
#10218=EDGE_LOOP('',(#3665,#3666,#3667,#3668));
#10219=EDGE_LOOP('',(#3669,#3670,#3671,#3672));
#10220=EDGE_LOOP('',(#3673,#3674,#3675,#3676));
#10221=EDGE_LOOP('',(#3677,#3678,#3679,#3680));
#10222=EDGE_LOOP('',(#3681,#3682,#3683,#3684));
#10223=EDGE_LOOP('',(#3685,#3686,#3687,#3688));
#10224=EDGE_LOOP('',(#3689,#3690,#3691,#3692));
#10225=EDGE_LOOP('',(#3693,#3694,#3695,#3696));
#10226=EDGE_LOOP('',(#3697,#3698,#3699,#3700));
#10227=EDGE_LOOP('',(#3701,#3702,#3703,#3704));
#10228=EDGE_LOOP('',(#3705,#3706,#3707,#3708));
#10229=EDGE_LOOP('',(#3709,#3710,#3711,#3712));
#10230=EDGE_LOOP('',(#3713,#3714,#3715,#3716));
#10231=EDGE_LOOP('',(#3717,#3718,#3719,#3720));
#10232=EDGE_LOOP('',(#3721,#3722,#3723,#3724));
#10233=EDGE_LOOP('',(#3725,#3726,#3727,#3728));
#10234=EDGE_LOOP('',(#3729,#3730,#3731,#3732));
#10235=EDGE_LOOP('',(#3733,#3734,#3735,#3736));
#10236=EDGE_LOOP('',(#3737,#3738,#3739,#3740,#3741,#3742,#3743,#3744));
#10237=EDGE_LOOP('',(#3745,#3746,#3747,#3748));
#10238=EDGE_LOOP('',(#3749,#3750,#3751,#3752));
#10239=EDGE_LOOP('',(#3753,#3754,#3755,#3756));
#10240=EDGE_LOOP('',(#3757,#3758,#3759,#3760));
#10241=EDGE_LOOP('',(#3761,#3762,#3763,#3764));
#10242=EDGE_LOOP('',(#3765,#3766,#3767,#3768));
#10243=EDGE_LOOP('',(#3769,#3770,#3771,#3772,#3773,#3774,#3775,#3776,#3777,
#3778,#3779,#3780));
#10244=EDGE_LOOP('',(#3781,#3782,#3783,#3784,#3785,#3786,#3787));
#10245=EDGE_LOOP('',(#3788,#3789,#3790,#3791,#3792));
#10246=EDGE_LOOP('',(#3793,#3794,#3795,#3796));
#10247=FACE_BOUND('',#9508,.T.);
#10248=FACE_BOUND('',#9509,.T.);
#10249=FACE_BOUND('',#9510,.T.);
#10250=FACE_BOUND('',#9511,.T.);
#10251=FACE_BOUND('',#9512,.T.);
#10252=FACE_BOUND('',#9513,.T.);
#10253=FACE_BOUND('',#9514,.T.);
#10254=FACE_BOUND('',#9515,.T.);
#10255=FACE_BOUND('',#9516,.T.);
#10256=FACE_BOUND('',#9517,.T.);
#10257=FACE_BOUND('',#9518,.T.);
#10258=FACE_BOUND('',#9519,.T.);
#10259=FACE_BOUND('',#9520,.T.);
#10260=FACE_BOUND('',#9521,.T.);
#10261=FACE_BOUND('',#9522,.T.);
#10262=FACE_BOUND('',#9523,.T.);
#10263=FACE_BOUND('',#9524,.T.);
#10264=FACE_BOUND('',#9525,.T.);
#10265=FACE_BOUND('',#9526,.T.);
#10266=FACE_BOUND('',#9527,.T.);
#10267=FACE_BOUND('',#9528,.T.);
#10268=FACE_BOUND('',#9529,.T.);
#10269=FACE_BOUND('',#9530,.T.);
#10270=FACE_BOUND('',#9531,.T.);
#10271=FACE_BOUND('',#9532,.T.);
#10272=FACE_BOUND('',#9533,.T.);
#10273=FACE_BOUND('',#9534,.T.);
#10274=FACE_BOUND('',#9535,.T.);
#10275=FACE_BOUND('',#9536,.T.);
#10276=FACE_BOUND('',#9537,.T.);
#10277=FACE_BOUND('',#9538,.T.);
#10278=FACE_BOUND('',#9539,.T.);
#10279=FACE_BOUND('',#9540,.T.);
#10280=FACE_BOUND('',#9541,.T.);
#10281=FACE_BOUND('',#9542,.T.);
#10282=FACE_BOUND('',#9543,.T.);
#10283=FACE_BOUND('',#9544,.T.);
#10284=FACE_BOUND('',#9545,.T.);
#10285=FACE_BOUND('',#9546,.T.);
#10286=FACE_BOUND('',#9547,.T.);
#10287=FACE_BOUND('',#9548,.T.);
#10288=FACE_BOUND('',#9549,.T.);
#10289=FACE_BOUND('',#9550,.T.);
#10290=FACE_BOUND('',#9551,.T.);
#10291=FACE_BOUND('',#9552,.T.);
#10292=FACE_BOUND('',#9553,.T.);
#10293=FACE_BOUND('',#9554,.T.);
#10294=FACE_BOUND('',#9555,.T.);
#10295=FACE_BOUND('',#9556,.T.);
#10296=FACE_BOUND('',#9557,.T.);
#10297=FACE_BOUND('',#9558,.T.);
#10298=FACE_BOUND('',#9559,.T.);
#10299=FACE_BOUND('',#9560,.T.);
#10300=FACE_BOUND('',#9561,.T.);
#10301=FACE_BOUND('',#9562,.T.);
#10302=FACE_BOUND('',#9563,.T.);
#10303=FACE_BOUND('',#9564,.T.);
#10304=FACE_BOUND('',#9565,.T.);
#10305=FACE_BOUND('',#9566,.T.);
#10306=FACE_BOUND('',#9567,.T.);
#10307=FACE_BOUND('',#9568,.T.);
#10308=FACE_BOUND('',#9569,.T.);
#10309=FACE_BOUND('',#9570,.T.);
#10310=FACE_BOUND('',#9571,.T.);
#10311=FACE_BOUND('',#9572,.T.);
#10312=FACE_BOUND('',#9573,.T.);
#10313=FACE_BOUND('',#9574,.T.);
#10314=FACE_BOUND('',#9575,.T.);
#10315=FACE_BOUND('',#9576,.T.);
#10316=FACE_BOUND('',#9577,.T.);
#10317=FACE_BOUND('',#9578,.T.);
#10318=FACE_BOUND('',#9579,.T.);
#10319=FACE_BOUND('',#9580,.T.);
#10320=FACE_BOUND('',#9581,.T.);
#10321=FACE_BOUND('',#9582,.T.);
#10322=FACE_BOUND('',#9583,.T.);
#10323=FACE_BOUND('',#9584,.T.);
#10324=FACE_BOUND('',#9585,.T.);
#10325=FACE_BOUND('',#9586,.T.);
#10326=FACE_BOUND('',#9587,.T.);
#10327=FACE_BOUND('',#9588,.T.);
#10328=FACE_BOUND('',#9589,.T.);
#10329=FACE_BOUND('',#9590,.T.);
#10330=FACE_BOUND('',#9591,.T.);
#10331=FACE_BOUND('',#9592,.T.);
#10332=FACE_BOUND('',#9593,.T.);
#10333=FACE_BOUND('',#9594,.T.);
#10334=FACE_BOUND('',#9595,.T.);
#10335=FACE_BOUND('',#9596,.T.);
#10336=FACE_BOUND('',#9597,.T.);
#10337=FACE_BOUND('',#9598,.T.);
#10338=FACE_BOUND('',#9599,.T.);
#10339=FACE_BOUND('',#9600,.T.);
#10340=FACE_BOUND('',#9601,.T.);
#10341=FACE_BOUND('',#9602,.T.);
#10342=FACE_BOUND('',#9603,.T.);
#10343=FACE_BOUND('',#9604,.T.);
#10344=FACE_BOUND('',#9605,.T.);
#10345=FACE_BOUND('',#9606,.T.);
#10346=FACE_BOUND('',#9607,.T.);
#10347=FACE_BOUND('',#9608,.T.);
#10348=FACE_BOUND('',#9609,.T.);
#10349=FACE_BOUND('',#9610,.T.);
#10350=FACE_BOUND('',#9611,.T.);
#10351=FACE_BOUND('',#9612,.T.);
#10352=FACE_BOUND('',#9613,.T.);
#10353=FACE_BOUND('',#9614,.T.);
#10354=FACE_BOUND('',#9615,.T.);
#10355=FACE_BOUND('',#9616,.T.);
#10356=FACE_BOUND('',#9617,.T.);
#10357=FACE_BOUND('',#9618,.T.);
#10358=FACE_BOUND('',#9619,.T.);
#10359=FACE_BOUND('',#9620,.T.);
#10360=FACE_BOUND('',#9621,.T.);
#10361=FACE_BOUND('',#9622,.T.);
#10362=FACE_BOUND('',#9623,.T.);
#10363=FACE_BOUND('',#9624,.T.);
#10364=FACE_BOUND('',#9625,.T.);
#10365=FACE_BOUND('',#9626,.T.);
#10366=FACE_BOUND('',#9627,.T.);
#10367=FACE_BOUND('',#9628,.T.);
#10368=FACE_BOUND('',#9629,.T.);
#10369=FACE_BOUND('',#9630,.T.);
#10370=FACE_BOUND('',#9631,.T.);
#10371=FACE_BOUND('',#9632,.T.);
#10372=FACE_BOUND('',#9633,.T.);
#10373=FACE_BOUND('',#9634,.T.);
#10374=FACE_BOUND('',#9635,.T.);
#10375=FACE_BOUND('',#9636,.T.);
#10376=FACE_BOUND('',#9637,.T.);
#10377=FACE_BOUND('',#9638,.T.);
#10378=FACE_BOUND('',#9639,.T.);
#10379=FACE_BOUND('',#9640,.T.);
#10380=FACE_BOUND('',#9641,.T.);
#10381=FACE_BOUND('',#9642,.T.);
#10382=FACE_BOUND('',#9643,.T.);
#10383=FACE_BOUND('',#9644,.T.);
#10384=FACE_BOUND('',#9645,.T.);
#10385=FACE_BOUND('',#9646,.T.);
#10386=FACE_BOUND('',#9647,.T.);
#10387=FACE_BOUND('',#9648,.T.);
#10388=FACE_BOUND('',#9649,.T.);
#10389=FACE_BOUND('',#9650,.T.);
#10390=FACE_BOUND('',#9651,.T.);
#10391=FACE_BOUND('',#9652,.T.);
#10392=FACE_BOUND('',#9653,.T.);
#10393=FACE_BOUND('',#9654,.T.);
#10394=FACE_BOUND('',#9655,.T.);
#10395=FACE_BOUND('',#9656,.T.);
#10396=FACE_BOUND('',#9657,.T.);
#10397=FACE_BOUND('',#9658,.T.);
#10398=FACE_BOUND('',#9659,.T.);
#10399=FACE_BOUND('',#9660,.T.);
#10400=FACE_BOUND('',#9661,.T.);
#10401=FACE_BOUND('',#9662,.T.);
#10402=FACE_BOUND('',#9663,.T.);
#10403=FACE_BOUND('',#9664,.T.);
#10404=FACE_BOUND('',#9665,.T.);
#10405=FACE_BOUND('',#9666,.T.);
#10406=FACE_BOUND('',#9667,.T.);
#10407=FACE_BOUND('',#9668,.T.);
#10408=FACE_BOUND('',#9669,.T.);
#10409=FACE_BOUND('',#9670,.T.);
#10410=FACE_BOUND('',#9671,.T.);
#10411=FACE_BOUND('',#9672,.T.);
#10412=FACE_BOUND('',#9673,.T.);
#10413=FACE_BOUND('',#9674,.T.);
#10414=FACE_BOUND('',#9675,.T.);
#10415=FACE_BOUND('',#9676,.T.);
#10416=FACE_BOUND('',#9677,.T.);
#10417=FACE_BOUND('',#9678,.T.);
#10418=FACE_BOUND('',#9679,.T.);
#10419=FACE_BOUND('',#9680,.T.);
#10420=FACE_BOUND('',#9681,.T.);
#10421=FACE_BOUND('',#9682,.T.);
#10422=FACE_BOUND('',#9683,.T.);
#10423=FACE_BOUND('',#9684,.T.);
#10424=FACE_BOUND('',#9685,.T.);
#10425=FACE_BOUND('',#9686,.T.);
#10426=FACE_BOUND('',#9687,.T.);
#10427=FACE_BOUND('',#9688,.T.);
#10428=FACE_BOUND('',#9689,.T.);
#10429=FACE_BOUND('',#9690,.T.);
#10430=FACE_BOUND('',#9691,.T.);
#10431=FACE_BOUND('',#9692,.T.);
#10432=FACE_BOUND('',#9693,.T.);
#10433=FACE_BOUND('',#9694,.T.);
#10434=FACE_BOUND('',#9695,.T.);
#10435=FACE_BOUND('',#9696,.T.);
#10436=FACE_BOUND('',#9697,.T.);
#10437=FACE_BOUND('',#9698,.T.);
#10438=FACE_BOUND('',#9699,.T.);
#10439=FACE_BOUND('',#9700,.T.);
#10440=FACE_BOUND('',#9701,.T.);
#10441=FACE_BOUND('',#9702,.T.);
#10442=FACE_BOUND('',#9703,.T.);
#10443=FACE_BOUND('',#9704,.T.);
#10444=FACE_BOUND('',#9705,.T.);
#10445=FACE_BOUND('',#9706,.T.);
#10446=FACE_BOUND('',#9707,.T.);
#10447=FACE_BOUND('',#9708,.T.);
#10448=FACE_BOUND('',#9709,.T.);
#10449=FACE_BOUND('',#9710,.T.);
#10450=FACE_BOUND('',#9711,.T.);
#10451=FACE_BOUND('',#9712,.T.);
#10452=FACE_BOUND('',#9713,.T.);
#10453=FACE_BOUND('',#9714,.T.);
#10454=FACE_BOUND('',#9715,.T.);
#10455=FACE_BOUND('',#9716,.T.);
#10456=FACE_BOUND('',#9717,.T.);
#10457=FACE_BOUND('',#9718,.T.);
#10458=FACE_BOUND('',#9719,.T.);
#10459=FACE_BOUND('',#9720,.T.);
#10460=FACE_BOUND('',#9721,.T.);
#10461=FACE_BOUND('',#9722,.T.);
#10462=FACE_BOUND('',#9723,.T.);
#10463=FACE_BOUND('',#9724,.T.);
#10464=FACE_BOUND('',#9725,.T.);
#10465=FACE_BOUND('',#9726,.T.);
#10466=FACE_BOUND('',#9727,.T.);
#10467=FACE_BOUND('',#9728,.T.);
#10468=FACE_BOUND('',#9729,.T.);
#10469=FACE_BOUND('',#9730,.T.);
#10470=FACE_BOUND('',#9731,.T.);
#10471=FACE_BOUND('',#9732,.T.);
#10472=FACE_BOUND('',#9733,.T.);
#10473=FACE_BOUND('',#9734,.T.);
#10474=FACE_BOUND('',#9735,.T.);
#10475=FACE_BOUND('',#9736,.T.);
#10476=FACE_BOUND('',#9737,.T.);
#10477=FACE_BOUND('',#9738,.T.);
#10478=FACE_BOUND('',#9739,.T.);
#10479=FACE_BOUND('',#9740,.T.);
#10480=FACE_BOUND('',#9741,.T.);
#10481=FACE_BOUND('',#9742,.T.);
#10482=FACE_BOUND('',#9743,.T.);
#10483=FACE_BOUND('',#9744,.T.);
#10484=FACE_BOUND('',#9745,.T.);
#10485=FACE_BOUND('',#9746,.T.);
#10486=FACE_BOUND('',#9747,.T.);
#10487=FACE_BOUND('',#9748,.T.);
#10488=FACE_BOUND('',#9749,.T.);
#10489=FACE_BOUND('',#9750,.T.);
#10490=FACE_BOUND('',#9751,.T.);
#10491=FACE_BOUND('',#9752,.T.);
#10492=FACE_BOUND('',#9753,.T.);
#10493=FACE_BOUND('',#9754,.T.);
#10494=FACE_BOUND('',#9755,.T.);
#10495=FACE_BOUND('',#9756,.T.);
#10496=FACE_BOUND('',#9757,.T.);
#10497=FACE_BOUND('',#9758,.T.);
#10498=FACE_BOUND('',#9759,.T.);
#10499=FACE_BOUND('',#9760,.T.);
#10500=FACE_BOUND('',#9761,.T.);
#10501=FACE_BOUND('',#9762,.T.);
#10502=FACE_BOUND('',#9763,.T.);
#10503=FACE_BOUND('',#9764,.T.);
#10504=FACE_BOUND('',#9765,.T.);
#10505=FACE_BOUND('',#9766,.T.);
#10506=FACE_BOUND('',#9767,.T.);
#10507=FACE_BOUND('',#9768,.T.);
#10508=FACE_BOUND('',#9769,.T.);
#10509=FACE_BOUND('',#9770,.T.);
#10510=FACE_BOUND('',#9771,.T.);
#10511=FACE_BOUND('',#9772,.T.);
#10512=FACE_BOUND('',#9773,.T.);
#10513=FACE_BOUND('',#9774,.T.);
#10514=FACE_BOUND('',#9775,.T.);
#10515=FACE_BOUND('',#9776,.T.);
#10516=FACE_BOUND('',#9777,.T.);
#10517=FACE_BOUND('',#9778,.T.);
#10518=FACE_BOUND('',#9779,.T.);
#10519=FACE_BOUND('',#9780,.T.);
#10520=FACE_BOUND('',#9781,.T.);
#10521=FACE_BOUND('',#9782,.T.);
#10522=FACE_BOUND('',#9783,.T.);
#10523=FACE_BOUND('',#9784,.T.);
#10524=FACE_BOUND('',#9785,.T.);
#10525=FACE_BOUND('',#9786,.T.);
#10526=FACE_BOUND('',#9787,.T.);
#10527=FACE_BOUND('',#9788,.T.);
#10528=FACE_BOUND('',#9789,.T.);
#10529=FACE_BOUND('',#9790,.T.);
#10530=FACE_BOUND('',#9791,.T.);
#10531=FACE_BOUND('',#9792,.T.);
#10532=FACE_BOUND('',#9793,.T.);
#10533=FACE_BOUND('',#9794,.T.);
#10534=FACE_BOUND('',#9795,.T.);
#10535=FACE_BOUND('',#9796,.T.);
#10536=FACE_BOUND('',#9797,.T.);
#10537=FACE_BOUND('',#9798,.T.);
#10538=FACE_BOUND('',#9799,.T.);
#10539=FACE_BOUND('',#9800,.T.);
#10540=FACE_BOUND('',#9801,.T.);
#10541=FACE_BOUND('',#9802,.T.);
#10542=FACE_BOUND('',#9803,.T.);
#10543=FACE_BOUND('',#9804,.T.);
#10544=FACE_BOUND('',#9805,.T.);
#10545=FACE_BOUND('',#9806,.T.);
#10546=FACE_BOUND('',#9807,.T.);
#10547=FACE_BOUND('',#9808,.T.);
#10548=FACE_BOUND('',#9809,.T.);
#10549=FACE_BOUND('',#9810,.T.);
#10550=FACE_BOUND('',#9811,.T.);
#10551=FACE_BOUND('',#9812,.T.);
#10552=FACE_BOUND('',#9813,.T.);
#10553=FACE_BOUND('',#9814,.T.);
#10554=FACE_BOUND('',#9815,.T.);
#10555=FACE_BOUND('',#9816,.T.);
#10556=FACE_BOUND('',#9817,.T.);
#10557=FACE_BOUND('',#9818,.T.);
#10558=FACE_BOUND('',#9819,.T.);
#10559=FACE_BOUND('',#9820,.T.);
#10560=FACE_BOUND('',#9821,.T.);
#10561=FACE_BOUND('',#9822,.T.);
#10562=FACE_BOUND('',#9823,.T.);
#10563=FACE_BOUND('',#9824,.T.);
#10564=FACE_BOUND('',#9825,.T.);
#10565=FACE_BOUND('',#9826,.T.);
#10566=FACE_BOUND('',#9827,.T.);
#10567=FACE_BOUND('',#9828,.T.);
#10568=FACE_BOUND('',#9829,.T.);
#10569=FACE_BOUND('',#9830,.T.);
#10570=FACE_BOUND('',#9831,.T.);
#10571=FACE_BOUND('',#9832,.T.);
#10572=FACE_BOUND('',#9833,.T.);
#10573=FACE_BOUND('',#9834,.T.);
#10574=FACE_BOUND('',#9835,.T.);
#10575=FACE_BOUND('',#9836,.T.);
#10576=FACE_BOUND('',#9837,.T.);
#10577=FACE_BOUND('',#9838,.T.);
#10578=FACE_BOUND('',#9839,.T.);
#10579=FACE_BOUND('',#9840,.T.);
#10580=FACE_BOUND('',#9841,.T.);
#10581=FACE_BOUND('',#9842,.T.);
#10582=FACE_BOUND('',#9843,.T.);
#10583=FACE_BOUND('',#9844,.T.);
#10584=FACE_BOUND('',#9845,.T.);
#10585=FACE_BOUND('',#9846,.T.);
#10586=FACE_BOUND('',#9847,.T.);
#10587=FACE_BOUND('',#9848,.T.);
#10588=FACE_BOUND('',#9849,.T.);
#10589=FACE_BOUND('',#9850,.T.);
#10590=FACE_BOUND('',#9851,.T.);
#10591=FACE_BOUND('',#9852,.T.);
#10592=FACE_BOUND('',#9853,.T.);
#10593=FACE_BOUND('',#9854,.T.);
#10594=FACE_BOUND('',#9855,.T.);
#10595=FACE_BOUND('',#9856,.T.);
#10596=FACE_BOUND('',#9857,.T.);
#10597=FACE_BOUND('',#9858,.T.);
#10598=FACE_BOUND('',#9859,.T.);
#10599=FACE_BOUND('',#9860,.T.);
#10600=FACE_BOUND('',#9861,.T.);
#10601=FACE_BOUND('',#9862,.T.);
#10602=FACE_BOUND('',#9863,.T.);
#10603=FACE_BOUND('',#9864,.T.);
#10604=FACE_BOUND('',#9865,.T.);
#10605=FACE_BOUND('',#9866,.T.);
#10606=FACE_BOUND('',#9867,.T.);
#10607=FACE_BOUND('',#9868,.T.);
#10608=FACE_BOUND('',#9869,.T.);
#10609=FACE_BOUND('',#9870,.T.);
#10610=FACE_BOUND('',#9871,.T.);
#10611=FACE_BOUND('',#9872,.T.);
#10612=FACE_BOUND('',#9873,.T.);
#10613=FACE_BOUND('',#9874,.T.);
#10614=FACE_BOUND('',#9875,.T.);
#10615=FACE_BOUND('',#9876,.T.);
#10616=FACE_BOUND('',#9877,.T.);
#10617=FACE_BOUND('',#9878,.T.);
#10618=FACE_BOUND('',#9879,.T.);
#10619=FACE_BOUND('',#9880,.T.);
#10620=FACE_BOUND('',#9881,.T.);
#10621=FACE_BOUND('',#9882,.T.);
#10622=FACE_BOUND('',#9883,.T.);
#10623=FACE_BOUND('',#9884,.T.);
#10624=FACE_BOUND('',#9885,.T.);
#10625=FACE_BOUND('',#9886,.T.);
#10626=FACE_BOUND('',#9887,.T.);
#10627=FACE_BOUND('',#9888,.T.);
#10628=FACE_BOUND('',#9889,.T.);
#10629=FACE_BOUND('',#9890,.T.);
#10630=FACE_BOUND('',#9891,.T.);
#10631=FACE_BOUND('',#9892,.T.);
#10632=FACE_BOUND('',#9893,.T.);
#10633=FACE_BOUND('',#9894,.T.);
#10634=FACE_BOUND('',#9895,.T.);
#10635=FACE_BOUND('',#9896,.T.);
#10636=FACE_BOUND('',#9897,.T.);
#10637=FACE_BOUND('',#9898,.T.);
#10638=FACE_BOUND('',#9899,.T.);
#10639=FACE_BOUND('',#9900,.T.);
#10640=FACE_BOUND('',#9901,.T.);
#10641=FACE_BOUND('',#9902,.T.);
#10642=FACE_BOUND('',#9903,.T.);
#10643=FACE_BOUND('',#9904,.T.);
#10644=FACE_BOUND('',#9905,.T.);
#10645=FACE_BOUND('',#9906,.T.);
#10646=FACE_BOUND('',#9907,.T.);
#10647=FACE_BOUND('',#9908,.T.);
#10648=FACE_BOUND('',#9909,.T.);
#10649=FACE_BOUND('',#9910,.T.);
#10650=FACE_BOUND('',#9911,.T.);
#10651=FACE_BOUND('',#9912,.T.);
#10652=FACE_BOUND('',#9913,.T.);
#10653=FACE_BOUND('',#9914,.T.);
#10654=FACE_BOUND('',#9915,.T.);
#10655=FACE_BOUND('',#9916,.T.);
#10656=FACE_BOUND('',#9917,.T.);
#10657=FACE_BOUND('',#9918,.T.);
#10658=FACE_BOUND('',#9919,.T.);
#10659=FACE_BOUND('',#9920,.T.);
#10660=FACE_BOUND('',#9921,.T.);
#10661=FACE_BOUND('',#9922,.T.);
#10662=FACE_BOUND('',#9923,.T.);
#10663=FACE_BOUND('',#9924,.T.);
#10664=FACE_BOUND('',#9925,.T.);
#10665=FACE_BOUND('',#9926,.T.);
#10666=FACE_BOUND('',#9927,.T.);
#10667=FACE_BOUND('',#9928,.T.);
#10668=FACE_BOUND('',#9929,.T.);
#10669=FACE_BOUND('',#9930,.T.);
#10670=FACE_BOUND('',#9931,.T.);
#10671=FACE_BOUND('',#9932,.T.);
#10672=FACE_BOUND('',#9933,.T.);
#10673=FACE_BOUND('',#9934,.T.);
#10674=FACE_BOUND('',#9935,.T.);
#10675=FACE_BOUND('',#9936,.T.);
#10676=FACE_BOUND('',#9937,.T.);
#10677=FACE_BOUND('',#9938,.T.);
#10678=FACE_BOUND('',#9939,.T.);
#10679=FACE_BOUND('',#9940,.T.);
#10680=FACE_BOUND('',#9941,.T.);
#10681=FACE_BOUND('',#9942,.T.);
#10682=FACE_BOUND('',#9943,.T.);
#10683=FACE_BOUND('',#9944,.T.);
#10684=FACE_BOUND('',#9945,.T.);
#10685=FACE_BOUND('',#9946,.T.);
#10686=FACE_BOUND('',#9947,.T.);
#10687=FACE_BOUND('',#9948,.T.);
#10688=FACE_BOUND('',#9949,.T.);
#10689=FACE_BOUND('',#9950,.T.);
#10690=FACE_BOUND('',#9951,.T.);
#10691=FACE_BOUND('',#9952,.T.);
#10692=FACE_BOUND('',#9953,.T.);
#10693=FACE_BOUND('',#9954,.T.);
#10694=FACE_BOUND('',#9955,.T.);
#10695=FACE_BOUND('',#9956,.T.);
#10696=FACE_BOUND('',#9957,.T.);
#10697=FACE_BOUND('',#9958,.T.);
#10698=FACE_BOUND('',#9959,.T.);
#10699=FACE_BOUND('',#9960,.T.);
#10700=FACE_BOUND('',#9961,.T.);
#10701=FACE_BOUND('',#9962,.T.);
#10702=FACE_BOUND('',#9963,.T.);
#10703=FACE_BOUND('',#9964,.T.);
#10704=FACE_BOUND('',#9965,.T.);
#10705=FACE_BOUND('',#9966,.T.);
#10706=FACE_BOUND('',#9967,.T.);
#10707=FACE_BOUND('',#9968,.T.);
#10708=FACE_BOUND('',#9969,.T.);
#10709=FACE_BOUND('',#9970,.T.);
#10710=FACE_BOUND('',#9971,.T.);
#10711=FACE_BOUND('',#9972,.T.);
#10712=FACE_BOUND('',#9973,.T.);
#10713=FACE_BOUND('',#9974,.T.);
#10714=FACE_BOUND('',#9975,.T.);
#10715=FACE_BOUND('',#9976,.T.);
#10716=FACE_BOUND('',#9977,.T.);
#10717=FACE_BOUND('',#9978,.T.);
#10718=FACE_BOUND('',#9979,.T.);
#10719=FACE_BOUND('',#9980,.T.);
#10720=FACE_BOUND('',#9981,.T.);
#10721=FACE_BOUND('',#9982,.T.);
#10722=FACE_BOUND('',#9983,.T.);
#10723=FACE_BOUND('',#9984,.T.);
#10724=FACE_BOUND('',#9985,.T.);
#10725=FACE_BOUND('',#9986,.T.);
#10726=FACE_BOUND('',#9987,.T.);
#10727=FACE_BOUND('',#9988,.T.);
#10728=FACE_BOUND('',#9989,.T.);
#10729=FACE_BOUND('',#9990,.T.);
#10730=FACE_BOUND('',#9991,.T.);
#10731=FACE_BOUND('',#9992,.T.);
#10732=FACE_BOUND('',#9993,.T.);
#10733=FACE_BOUND('',#9994,.T.);
#10734=FACE_BOUND('',#9995,.T.);
#10735=FACE_BOUND('',#9996,.T.);
#10736=FACE_BOUND('',#9997,.T.);
#10737=FACE_BOUND('',#9998,.T.);
#10738=FACE_BOUND('',#9999,.T.);
#10739=FACE_BOUND('',#10000,.T.);
#10740=FACE_BOUND('',#10001,.T.);
#10741=FACE_BOUND('',#10002,.T.);
#10742=FACE_BOUND('',#10003,.T.);
#10743=FACE_BOUND('',#10004,.T.);
#10744=FACE_BOUND('',#10005,.T.);
#10745=FACE_BOUND('',#10006,.T.);
#10746=FACE_BOUND('',#10007,.T.);
#10747=FACE_BOUND('',#10008,.T.);
#10748=FACE_BOUND('',#10009,.T.);
#10749=FACE_BOUND('',#10010,.T.);
#10750=FACE_BOUND('',#10011,.T.);
#10751=FACE_BOUND('',#10012,.T.);
#10752=FACE_BOUND('',#10013,.T.);
#10753=FACE_BOUND('',#10014,.T.);
#10754=FACE_BOUND('',#10015,.T.);
#10755=FACE_BOUND('',#10016,.T.);
#10756=FACE_BOUND('',#10017,.T.);
#10757=FACE_BOUND('',#10018,.T.);
#10758=FACE_BOUND('',#10019,.T.);
#10759=FACE_BOUND('',#10020,.T.);
#10760=FACE_BOUND('',#10021,.T.);
#10761=FACE_BOUND('',#10022,.T.);
#10762=FACE_BOUND('',#10023,.T.);
#10763=FACE_BOUND('',#10024,.T.);
#10764=FACE_BOUND('',#10025,.T.);
#10765=FACE_BOUND('',#10026,.T.);
#10766=FACE_BOUND('',#10027,.T.);
#10767=FACE_BOUND('',#10028,.T.);
#10768=FACE_BOUND('',#10029,.T.);
#10769=FACE_BOUND('',#10030,.T.);
#10770=FACE_BOUND('',#10031,.T.);
#10771=FACE_BOUND('',#10032,.T.);
#10772=FACE_BOUND('',#10033,.T.);
#10773=FACE_BOUND('',#10034,.T.);
#10774=FACE_BOUND('',#10035,.T.);
#10775=FACE_BOUND('',#10036,.T.);
#10776=FACE_BOUND('',#10037,.T.);
#10777=FACE_BOUND('',#10038,.T.);
#10778=FACE_BOUND('',#10039,.T.);
#10779=FACE_BOUND('',#10040,.T.);
#10780=FACE_BOUND('',#10041,.T.);
#10781=FACE_BOUND('',#10042,.T.);
#10782=FACE_BOUND('',#10043,.T.);
#10783=FACE_BOUND('',#10044,.T.);
#10784=FACE_BOUND('',#10045,.T.);
#10785=FACE_BOUND('',#10046,.T.);
#10786=FACE_BOUND('',#10047,.T.);
#10787=FACE_BOUND('',#10048,.T.);
#10788=FACE_BOUND('',#10049,.T.);
#10789=FACE_BOUND('',#10050,.T.);
#10790=FACE_BOUND('',#10051,.T.);
#10791=FACE_BOUND('',#10052,.T.);
#10792=FACE_BOUND('',#10053,.T.);
#10793=FACE_BOUND('',#10054,.T.);
#10794=FACE_BOUND('',#10055,.T.);
#10795=FACE_BOUND('',#10056,.T.);
#10796=FACE_BOUND('',#10057,.T.);
#10797=FACE_BOUND('',#10058,.T.);
#10798=FACE_BOUND('',#10059,.T.);
#10799=FACE_BOUND('',#10060,.T.);
#10800=FACE_BOUND('',#10061,.T.);
#10801=FACE_BOUND('',#10062,.T.);
#10802=FACE_BOUND('',#10063,.T.);
#10803=FACE_BOUND('',#10064,.T.);
#10804=FACE_BOUND('',#10065,.T.);
#10805=FACE_BOUND('',#10066,.T.);
#10806=FACE_BOUND('',#10067,.T.);
#10807=FACE_BOUND('',#10068,.T.);
#10808=FACE_BOUND('',#10069,.T.);
#10809=FACE_BOUND('',#10070,.T.);
#10810=FACE_BOUND('',#10071,.T.);
#10811=FACE_BOUND('',#10072,.T.);
#10812=FACE_BOUND('',#10073,.T.);
#10813=FACE_BOUND('',#10074,.T.);
#10814=FACE_BOUND('',#10075,.T.);
#10815=FACE_BOUND('',#10076,.T.);
#10816=FACE_BOUND('',#10077,.T.);
#10817=FACE_BOUND('',#10078,.T.);
#10818=FACE_BOUND('',#10079,.T.);
#10819=FACE_BOUND('',#10080,.T.);
#10820=FACE_BOUND('',#10081,.T.);
#10821=FACE_BOUND('',#10082,.T.);
#10822=FACE_BOUND('',#10083,.T.);
#10823=FACE_BOUND('',#10084,.T.);
#10824=FACE_BOUND('',#10085,.T.);
#10825=FACE_BOUND('',#10086,.T.);
#10826=FACE_BOUND('',#10087,.T.);
#10827=FACE_BOUND('',#10088,.T.);
#10828=FACE_BOUND('',#10089,.T.);
#10829=FACE_BOUND('',#10090,.T.);
#10830=FACE_BOUND('',#10091,.T.);
#10831=FACE_BOUND('',#10092,.T.);
#10832=FACE_BOUND('',#10093,.T.);
#10833=FACE_BOUND('',#10094,.T.);
#10834=FACE_BOUND('',#10095,.T.);
#10835=FACE_BOUND('',#10096,.T.);
#10836=FACE_BOUND('',#10097,.T.);
#10837=FACE_BOUND('',#10098,.T.);
#10838=FACE_BOUND('',#10099,.T.);
#10839=FACE_BOUND('',#10100,.T.);
#10840=FACE_BOUND('',#10101,.T.);
#10841=FACE_BOUND('',#10102,.T.);
#10842=FACE_BOUND('',#10103,.T.);
#10843=FACE_BOUND('',#10104,.T.);
#10844=FACE_BOUND('',#10105,.T.);
#10845=FACE_BOUND('',#10106,.T.);
#10846=FACE_BOUND('',#10107,.T.);
#10847=FACE_BOUND('',#10108,.T.);
#10848=FACE_BOUND('',#10109,.T.);
#10849=FACE_BOUND('',#10110,.T.);
#10850=FACE_BOUND('',#10111,.T.);
#10851=FACE_BOUND('',#10112,.T.);
#10852=FACE_BOUND('',#10113,.T.);
#10853=FACE_BOUND('',#10114,.T.);
#10854=FACE_BOUND('',#10115,.T.);
#10855=FACE_BOUND('',#10116,.T.);
#10856=FACE_BOUND('',#10117,.T.);
#10857=FACE_BOUND('',#10118,.T.);
#10858=FACE_BOUND('',#10119,.T.);
#10859=FACE_BOUND('',#10120,.T.);
#10860=FACE_BOUND('',#10121,.T.);
#10861=FACE_BOUND('',#10122,.T.);
#10862=FACE_BOUND('',#10123,.T.);
#10863=FACE_BOUND('',#10124,.T.);
#10864=FACE_BOUND('',#10125,.T.);
#10865=FACE_BOUND('',#10126,.T.);
#10866=FACE_BOUND('',#10127,.T.);
#10867=FACE_BOUND('',#10128,.T.);
#10868=FACE_BOUND('',#10129,.T.);
#10869=FACE_BOUND('',#10130,.T.);
#10870=FACE_BOUND('',#10131,.T.);
#10871=FACE_BOUND('',#10132,.T.);
#10872=FACE_BOUND('',#10133,.T.);
#10873=FACE_BOUND('',#10134,.T.);
#10874=FACE_BOUND('',#10135,.T.);
#10875=FACE_BOUND('',#10136,.T.);
#10876=FACE_BOUND('',#10137,.T.);
#10877=FACE_BOUND('',#10138,.T.);
#10878=FACE_BOUND('',#10139,.T.);
#10879=FACE_BOUND('',#10140,.T.);
#10880=FACE_BOUND('',#10141,.T.);
#10881=FACE_BOUND('',#10142,.T.);
#10882=FACE_BOUND('',#10143,.T.);
#10883=FACE_BOUND('',#10144,.T.);
#10884=FACE_BOUND('',#10145,.T.);
#10885=FACE_BOUND('',#10146,.T.);
#10886=FACE_BOUND('',#10147,.T.);
#10887=FACE_BOUND('',#10148,.T.);
#10888=FACE_BOUND('',#10149,.T.);
#10889=FACE_BOUND('',#10150,.T.);
#10890=FACE_BOUND('',#10151,.T.);
#10891=FACE_BOUND('',#10152,.T.);
#10892=FACE_BOUND('',#10153,.T.);
#10893=FACE_BOUND('',#10154,.T.);
#10894=FACE_BOUND('',#10155,.T.);
#10895=FACE_BOUND('',#10156,.T.);
#10896=FACE_BOUND('',#10157,.T.);
#10897=FACE_BOUND('',#10158,.T.);
#10898=FACE_BOUND('',#10159,.T.);
#10899=FACE_BOUND('',#10160,.T.);
#10900=FACE_BOUND('',#10161,.T.);
#10901=FACE_BOUND('',#10162,.T.);
#10902=FACE_BOUND('',#10163,.T.);
#10903=FACE_BOUND('',#10164,.T.);
#10904=FACE_BOUND('',#10165,.T.);
#10905=FACE_BOUND('',#10166,.T.);
#10906=FACE_BOUND('',#10167,.T.);
#10907=FACE_BOUND('',#10168,.T.);
#10908=FACE_BOUND('',#10169,.T.);
#10909=FACE_BOUND('',#10170,.T.);
#10910=FACE_BOUND('',#10171,.T.);
#10911=FACE_BOUND('',#10172,.T.);
#10912=FACE_BOUND('',#10173,.T.);
#10913=FACE_BOUND('',#10174,.T.);
#10914=FACE_BOUND('',#10175,.T.);
#10915=FACE_BOUND('',#10176,.T.);
#10916=FACE_BOUND('',#10177,.T.);
#10917=FACE_BOUND('',#10178,.T.);
#10918=FACE_BOUND('',#10179,.T.);
#10919=FACE_BOUND('',#10180,.T.);
#10920=FACE_BOUND('',#10181,.T.);
#10921=FACE_BOUND('',#10182,.T.);
#10922=FACE_BOUND('',#10183,.T.);
#10923=FACE_BOUND('',#10184,.T.);
#10924=FACE_BOUND('',#10185,.T.);
#10925=FACE_BOUND('',#10186,.T.);
#10926=FACE_BOUND('',#10187,.T.);
#10927=FACE_BOUND('',#10188,.T.);
#10928=FACE_BOUND('',#10189,.T.);
#10929=FACE_BOUND('',#10190,.T.);
#10930=FACE_BOUND('',#10191,.T.);
#10931=FACE_BOUND('',#10192,.T.);
#10932=FACE_BOUND('',#10193,.T.);
#10933=FACE_BOUND('',#10194,.T.);
#10934=FACE_BOUND('',#10195,.T.);
#10935=FACE_BOUND('',#10196,.T.);
#10936=FACE_BOUND('',#10197,.T.);
#10937=FACE_BOUND('',#10198,.T.);
#10938=FACE_BOUND('',#10199,.T.);
#10939=FACE_BOUND('',#10200,.T.);
#10940=FACE_BOUND('',#10201,.T.);
#10941=FACE_BOUND('',#10202,.T.);
#10942=FACE_BOUND('',#10203,.T.);
#10943=FACE_BOUND('',#10204,.T.);
#10944=FACE_BOUND('',#10205,.T.);
#10945=FACE_BOUND('',#10206,.T.);
#10946=FACE_BOUND('',#10207,.T.);
#10947=FACE_BOUND('',#10208,.T.);
#10948=FACE_BOUND('',#10209,.T.);
#10949=FACE_BOUND('',#10210,.T.);
#10950=FACE_BOUND('',#10211,.T.);
#10951=FACE_BOUND('',#10212,.T.);
#10952=FACE_BOUND('',#10213,.T.);
#10953=FACE_BOUND('',#10214,.T.);
#10954=FACE_BOUND('',#10215,.T.);
#10955=FACE_BOUND('',#10216,.T.);
#10956=FACE_BOUND('',#10217,.T.);
#10957=FACE_BOUND('',#10218,.T.);
#10958=FACE_BOUND('',#10219,.T.);
#10959=FACE_BOUND('',#10220,.T.);
#10960=FACE_BOUND('',#10221,.T.);
#10961=FACE_BOUND('',#10222,.T.);
#10962=FACE_BOUND('',#10223,.T.);
#10963=FACE_BOUND('',#10224,.T.);
#10964=FACE_BOUND('',#10225,.T.);
#10965=FACE_BOUND('',#10226,.T.);
#10966=FACE_BOUND('',#10227,.T.);
#10967=FACE_BOUND('',#10228,.T.);
#10968=FACE_BOUND('',#10229,.T.);
#10969=FACE_BOUND('',#10230,.T.);
#10970=FACE_BOUND('',#10231,.T.);
#10971=FACE_BOUND('',#10232,.T.);
#10972=FACE_BOUND('',#10233,.T.);
#10973=FACE_BOUND('',#10234,.T.);
#10974=FACE_BOUND('',#10235,.T.);
#10975=FACE_BOUND('',#10236,.T.);
#10976=FACE_BOUND('',#10237,.T.);
#10977=FACE_BOUND('',#10238,.T.);
#10978=FACE_BOUND('',#10239,.T.);
#10979=FACE_BOUND('',#10240,.T.);
#10980=FACE_BOUND('',#10241,.T.);
#10981=FACE_BOUND('',#10242,.T.);
#10982=FACE_BOUND('',#10243,.T.);
#10983=FACE_BOUND('',#10244,.T.);
#10984=FACE_BOUND('',#10245,.T.);
#10985=FACE_BOUND('',#10246,.T.);
#10986=PLANE('',#12107);
#10987=PLANE('',#12108);
#10988=PLANE('',#12109);
#10989=PLANE('',#12110);
#10990=PLANE('',#12111);
#10991=PLANE('',#12112);
#10992=PLANE('',#12113);
#10993=PLANE('',#12114);
#10994=PLANE('',#12115);
#10995=PLANE('',#12116);
#10996=PLANE('',#12117);
#10997=PLANE('',#12118);
#10998=PLANE('',#12119);
#10999=PLANE('',#12120);
#11000=PLANE('',#12121);
#11001=PLANE('',#12122);
#11002=PLANE('',#12123);
#11003=PLANE('',#12125);
#11004=PLANE('',#12126);
#11005=PLANE('',#12128);
#11006=PLANE('',#12130);
#11007=PLANE('',#12231);
#11008=PLANE('',#12251);
#11009=PLANE('',#12252);
#11010=PLANE('',#12253);
#11011=PLANE('',#12259);
#11012=PLANE('',#12261);
#11013=PLANE('',#12262);
#11014=PLANE('',#12271);
#11015=PLANE('',#12418);
#11016=PLANE('',#12419);
#11017=PLANE('',#12420);
#11018=PLANE('',#12421);
#11019=PLANE('',#12422);
#11020=PLANE('',#12423);
#11021=PLANE('',#12433);
#11022=PLANE('',#12434);
#11023=PLANE('',#12435);
#11024=PLANE('',#12436);
#11025=PLANE('',#12440);
#11026=PLANE('',#12441);
#11027=PLANE('',#12444);
#11028=PLANE('',#12445);
#11029=PLANE('',#12446);
#11030=PLANE('',#12450);
#11031=PLANE('',#12454);
#11032=PLANE('',#12459);
#11033=PLANE('',#12462);
#11034=PLANE('',#12465);
#11035=PLANE('',#12468);
#11036=PLANE('',#12469);
#11037=PLANE('',#12476);
#11038=PLANE('',#12477);
#11039=PLANE('',#12478);
#11040=PLANE('',#12484);
#11041=PLANE('',#12485);
#11042=PLANE('',#12488);
#11043=PLANE('',#12489);
#11044=PLANE('',#12490);
#11045=PLANE('',#12491);
#11046=PLANE('',#12492);
#11047=PLANE('',#12493);
#11048=PLANE('',#12494);
#11049=PLANE('',#12495);
#11050=PLANE('',#12496);
#11051=PLANE('',#12497);
#11052=PLANE('',#12498);
#11053=PLANE('',#12499);
#11054=PLANE('',#12500);
#11055=PLANE('',#12501);
#11056=PLANE('',#12502);
#11057=PLANE('',#12503);
#11058=PLANE('',#12504);
#11059=PLANE('',#12505);
#11060=PLANE('',#12506);
#11061=PLANE('',#12507);
#11062=PLANE('',#12508);
#11063=PLANE('',#12509);
#11064=PLANE('',#12510);
#11065=PLANE('',#12511);
#11066=PLANE('',#12512);
#11067=PLANE('',#12513);
#11068=PLANE('',#12514);
#11069=PLANE('',#12515);
#11070=PLANE('',#12516);
#11071=PLANE('',#12517);
#11072=PLANE('',#12518);
#11073=PLANE('',#12519);
#11074=PLANE('',#12520);
#11075=PLANE('',#12521);
#11076=PLANE('',#12522);
#11077=PLANE('',#12523);
#11078=PLANE('',#12524);
#11079=PLANE('',#12525);
#11080=PLANE('',#12526);
#11081=PLANE('',#12527);
#11082=PLANE('',#12528);
#11083=PLANE('',#12529);
#11084=PLANE('',#12530);
#11085=PLANE('',#12531);
#11086=PLANE('',#12532);
#11087=PLANE('',#12533);
#11088=PLANE('',#12534);
#11089=PLANE('',#12535);
#11090=PLANE('',#12536);
#11091=PLANE('',#12537);
#11092=PLANE('',#12538);
#11093=PLANE('',#12539);
#11094=PLANE('',#12540);
#11095=PLANE('',#12541);
#11096=PLANE('',#12542);
#11097=PLANE('',#12543);
#11098=PLANE('',#12544);
#11099=PLANE('',#12545);
#11100=PLANE('',#12546);
#11101=PLANE('',#12547);
#11102=PLANE('',#12548);
#11103=PLANE('',#12549);
#11104=PLANE('',#12550);
#11105=PLANE('',#12551);
#11106=PLANE('',#12552);
#11107=PLANE('',#12553);
#11108=PLANE('',#12554);
#11109=PLANE('',#12555);
#11110=PLANE('',#12556);
#11111=PLANE('',#12557);
#11112=PLANE('',#12558);
#11113=PLANE('',#12559);
#11114=PLANE('',#12560);
#11115=PLANE('',#12561);
#11116=PLANE('',#12562);
#11117=PLANE('',#12563);
#11118=PLANE('',#12564);
#11119=PLANE('',#12565);
#11120=PLANE('',#12566);
#11121=PLANE('',#12567);
#11122=PLANE('',#12568);
#11123=PLANE('',#12569);
#11124=PLANE('',#12570);
#11125=PLANE('',#12571);
#11126=PLANE('',#12572);
#11127=PLANE('',#12573);
#11128=PLANE('',#12574);
#11129=PLANE('',#12575);
#11130=PLANE('',#12576);
#11131=PLANE('',#12577);
#11132=PLANE('',#12578);
#11133=PLANE('',#12579);
#11134=PLANE('',#12580);
#11135=PLANE('',#12581);
#11136=PLANE('',#12582);
#11137=PLANE('',#12583);
#11138=PLANE('',#12584);
#11139=PLANE('',#12585);
#11140=PLANE('',#12586);
#11141=PLANE('',#12587);
#11142=PLANE('',#12588);
#11143=PLANE('',#12589);
#11144=PLANE('',#12590);
#11145=PLANE('',#12591);
#11146=PLANE('',#12592);
#11147=PLANE('',#12593);
#11148=PLANE('',#12594);
#11149=PLANE('',#12595);
#11150=PLANE('',#12596);
#11151=PLANE('',#12597);
#11152=PLANE('',#12598);
#11153=PLANE('',#12599);
#11154=PLANE('',#12600);
#11155=PLANE('',#12601);
#11156=PLANE('',#12602);
#11157=PLANE('',#12603);
#11158=PLANE('',#12604);
#11159=PLANE('',#12605);
#11160=PLANE('',#12606);
#11161=PLANE('',#12607);
#11162=PLANE('',#12608);
#11163=PLANE('',#12609);
#11164=PLANE('',#12610);
#11165=PLANE('',#12611);
#11166=PLANE('',#12612);
#11167=PLANE('',#12613);
#11168=PLANE('',#12614);
#11169=PLANE('',#12615);
#11170=PLANE('',#12616);
#11171=PLANE('',#12617);
#11172=PLANE('',#12618);
#11173=PLANE('',#12619);
#11174=PLANE('',#12620);
#11175=PLANE('',#12621);
#11176=PLANE('',#12622);
#11177=PLANE('',#12623);
#11178=PLANE('',#12624);
#11179=PLANE('',#12625);
#11180=PLANE('',#12626);
#11181=PLANE('',#12627);
#11182=PLANE('',#12628);
#11183=PLANE('',#12629);
#11184=PLANE('',#12630);
#11185=PLANE('',#12631);
#11186=PLANE('',#12632);
#11187=PLANE('',#12633);
#11188=PLANE('',#12634);
#11189=PLANE('',#12635);
#11190=PLANE('',#12636);
#11191=PLANE('',#12637);
#11192=PLANE('',#12638);
#11193=PLANE('',#12639);
#11194=PLANE('',#12640);
#11195=PLANE('',#12641);
#11196=PLANE('',#12642);
#11197=PLANE('',#12643);
#11198=PLANE('',#12644);
#11199=PLANE('',#12645);
#11200=PLANE('',#12646);
#11201=PLANE('',#12647);
#11202=PLANE('',#12648);
#11203=PLANE('',#12649);
#11204=PLANE('',#12650);
#11205=PLANE('',#12651);
#11206=PLANE('',#12652);
#11207=PLANE('',#12653);
#11208=PLANE('',#12654);
#11209=PLANE('',#12655);
#11210=PLANE('',#12656);
#11211=PLANE('',#12657);
#11212=PLANE('',#12658);
#11213=PLANE('',#12659);
#11214=PLANE('',#12660);
#11215=PLANE('',#12661);
#11216=PLANE('',#12662);
#11217=PLANE('',#12663);
#11218=PLANE('',#12664);
#11219=PLANE('',#12665);
#11220=PLANE('',#12666);
#11221=PLANE('',#12667);
#11222=PLANE('',#12668);
#11223=PLANE('',#12669);
#11224=PLANE('',#12670);
#11225=PLANE('',#12671);
#11226=PLANE('',#12672);
#11227=PLANE('',#12673);
#11228=PLANE('',#12674);
#11229=PLANE('',#12675);
#11230=PLANE('',#12676);
#11231=PLANE('',#12677);
#11232=PLANE('',#12678);
#11233=PLANE('',#12679);
#11234=PLANE('',#12680);
#11235=PLANE('',#12681);
#11236=PLANE('',#12682);
#11237=PLANE('',#12683);
#11238=PLANE('',#12684);
#11239=PLANE('',#12685);
#11240=PLANE('',#12686);
#11241=PLANE('',#12687);
#11242=PLANE('',#12688);
#11243=PLANE('',#12689);
#11244=PLANE('',#12690);
#11245=PLANE('',#12691);
#11246=PLANE('',#12692);
#11247=PLANE('',#12693);
#11248=PLANE('',#12694);
#11249=PLANE('',#12695);
#11250=PLANE('',#12696);
#11251=PLANE('',#12697);
#11252=PLANE('',#12698);
#11253=PLANE('',#12699);
#11254=PLANE('',#12700);
#11255=PLANE('',#12701);
#11256=PLANE('',#12702);
#11257=PLANE('',#12703);
#11258=PLANE('',#12704);
#11259=PLANE('',#12705);
#11260=PLANE('',#12706);
#11261=PLANE('',#12707);
#11262=PLANE('',#12708);
#11263=PLANE('',#12709);
#11264=PLANE('',#12710);
#11265=PLANE('',#12711);
#11266=PLANE('',#12712);
#11267=PLANE('',#12713);
#11268=PLANE('',#12714);
#11269=PLANE('',#12715);
#11270=PLANE('',#12716);
#11271=PLANE('',#12717);
#11272=PLANE('',#12718);
#11273=PLANE('',#12719);
#11274=PLANE('',#12720);
#11275=PLANE('',#12721);
#11276=PLANE('',#12722);
#11277=PLANE('',#12723);
#11278=PLANE('',#12724);
#11279=PLANE('',#12725);
#11280=PLANE('',#12726);
#11281=PLANE('',#12727);
#11282=PLANE('',#12728);
#11283=PLANE('',#12729);
#11284=PLANE('',#12730);
#11285=PLANE('',#12731);
#11286=PLANE('',#12732);
#11287=PLANE('',#12733);
#11288=PLANE('',#12734);
#11289=PLANE('',#12735);
#11290=PLANE('',#12736);
#11291=PLANE('',#12737);
#11292=PLANE('',#12738);
#11293=PLANE('',#12739);
#11294=PLANE('',#12740);
#11295=PLANE('',#12741);
#11296=PLANE('',#12742);
#11297=PLANE('',#12743);
#11298=PLANE('',#12744);
#11299=PLANE('',#12745);
#11300=PLANE('',#12746);
#11301=PLANE('',#12747);
#11302=PLANE('',#12748);
#11303=PLANE('',#12749);
#11304=PLANE('',#12750);
#11305=PLANE('',#12751);
#11306=PLANE('',#12752);
#11307=PLANE('',#12753);
#11308=PLANE('',#12754);
#11309=PLANE('',#12755);
#11310=PLANE('',#12756);
#11311=PLANE('',#12757);
#11312=PLANE('',#12758);
#11313=PLANE('',#12759);
#11314=PLANE('',#12760);
#11315=PLANE('',#12761);
#11316=PLANE('',#12762);
#11317=PLANE('',#12763);
#11318=PLANE('',#12764);
#11319=PLANE('',#12765);
#11320=PLANE('',#12766);
#11321=PLANE('',#12767);
#11322=PLANE('',#12768);
#11323=PLANE('',#12769);
#11324=PLANE('',#12770);
#11325=PLANE('',#12771);
#11326=PLANE('',#12772);
#11327=PLANE('',#12773);
#11328=PLANE('',#12774);
#11329=PLANE('',#12775);
#11330=PLANE('',#12776);
#11331=PLANE('',#12777);
#11332=PLANE('',#12778);
#11333=PLANE('',#12779);
#11334=PLANE('',#12780);
#11335=PLANE('',#12781);
#11336=PLANE('',#12782);
#11337=PLANE('',#12783);
#11338=PLANE('',#12784);
#11339=PLANE('',#12785);
#11340=PLANE('',#12786);
#11341=PLANE('',#12787);
#11342=PLANE('',#12788);
#11343=PLANE('',#12789);
#11344=PLANE('',#12790);
#11345=PLANE('',#12791);
#11346=PLANE('',#12792);
#11347=PLANE('',#12793);
#11348=PLANE('',#12794);
#11349=PLANE('',#12795);
#11350=PLANE('',#12796);
#11351=PLANE('',#12797);
#11352=PLANE('',#12798);
#11353=PLANE('',#12799);
#11354=PLANE('',#12800);
#11355=PLANE('',#12801);
#11356=PLANE('',#12802);
#11357=PLANE('',#12803);
#11358=PLANE('',#12804);
#11359=PLANE('',#12805);
#11360=PLANE('',#12806);
#11361=PLANE('',#12807);
#11362=PLANE('',#12808);
#11363=PLANE('',#12809);
#11364=PLANE('',#12810);
#11365=PLANE('',#12811);
#11366=PLANE('',#12812);
#11367=PLANE('',#12813);
#11368=PLANE('',#12814);
#11369=PLANE('',#12815);
#11370=PLANE('',#12816);
#11371=PLANE('',#12817);
#11372=PLANE('',#12818);
#11373=PLANE('',#12819);
#11374=PLANE('',#12820);
#11375=PLANE('',#12821);
#11376=PLANE('',#12822);
#11377=PLANE('',#12823);
#11378=PLANE('',#12824);
#11379=PLANE('',#12825);
#11380=PLANE('',#12826);
#11381=PLANE('',#12827);
#11382=PLANE('',#12828);
#11383=PLANE('',#12829);
#11384=PLANE('',#12830);
#11385=PLANE('',#12831);
#11386=PLANE('',#12832);
#11387=PLANE('',#12833);
#11388=PLANE('',#12834);
#11389=PLANE('',#12835);
#11390=PLANE('',#12836);
#11391=PLANE('',#12837);
#11392=PLANE('',#12838);
#11393=PLANE('',#12839);
#11394=PLANE('',#12840);
#11395=PLANE('',#12841);
#11396=PLANE('',#12842);
#11397=PLANE('',#12843);
#11398=PLANE('',#12844);
#11399=PLANE('',#12845);
#11400=PLANE('',#12846);
#11401=PLANE('',#12847);
#11402=PLANE('',#12848);
#11403=PLANE('',#12849);
#11404=PLANE('',#12850);
#11405=PLANE('',#12851);
#11406=PLANE('',#12852);
#11407=PLANE('',#12853);
#11408=PLANE('',#12854);
#11409=PLANE('',#12855);
#11410=PLANE('',#12856);
#11411=PLANE('',#12857);
#11412=PLANE('',#12858);
#11413=PLANE('',#12859);
#11414=PLANE('',#12860);
#11415=PLANE('',#12861);
#11416=PLANE('',#12862);
#11417=PLANE('',#12863);
#11418=PLANE('',#12864);
#11419=PLANE('',#12865);
#11420=PLANE('',#12866);
#11421=PLANE('',#12867);
#11422=PLANE('',#12868);
#11423=PLANE('',#12869);
#11424=PLANE('',#12870);
#11425=PLANE('',#12871);
#11426=PLANE('',#12872);
#11427=PLANE('',#12873);
#11428=PLANE('',#12874);
#11429=PLANE('',#12875);
#11430=PLANE('',#12876);
#11431=PLANE('',#12877);
#11432=PLANE('',#12878);
#11433=PLANE('',#12879);
#11434=PLANE('',#12880);
#11435=PLANE('',#12881);
#11436=PLANE('',#12882);
#11437=PLANE('',#12883);
#11438=PLANE('',#12884);
#11439=PLANE('',#12885);
#11440=PLANE('',#12886);
#11441=PLANE('',#12887);
#11442=PLANE('',#12888);
#11443=PLANE('',#12889);
#11444=PLANE('',#12890);
#11445=PLANE('',#12891);
#11446=PLANE('',#12892);
#11447=PLANE('',#12893);
#11448=PLANE('',#12894);
#11449=PLANE('',#12895);
#11450=PLANE('',#12896);
#11451=PLANE('',#12897);
#11452=PLANE('',#12898);
#11453=PLANE('',#12899);
#11454=PLANE('',#12900);
#11455=PLANE('',#12901);
#11456=PLANE('',#12902);
#11457=PLANE('',#12903);
#11458=PLANE('',#12904);
#11459=PLANE('',#12905);
#11460=PLANE('',#12906);
#11461=PLANE('',#12907);
#11462=PLANE('',#12908);
#11463=PLANE('',#12909);
#11464=PLANE('',#12910);
#11465=PLANE('',#12911);
#11466=PLANE('',#12912);
#11467=PLANE('',#12913);
#11468=PLANE('',#12914);
#11469=PLANE('',#12915);
#11470=PLANE('',#12916);
#11471=PLANE('',#12917);
#11472=PLANE('',#12918);
#11473=PLANE('',#12919);
#11474=PLANE('',#12920);
#11475=PLANE('',#12921);
#11476=PLANE('',#12922);
#11477=PLANE('',#12923);
#11478=PLANE('',#12924);
#11479=PLANE('',#12925);
#11480=PLANE('',#12926);
#11481=PLANE('',#12927);
#11482=PLANE('',#12928);
#11483=PLANE('',#12929);
#11484=PLANE('',#12930);
#11485=PLANE('',#12931);
#11486=PLANE('',#12932);
#11487=PLANE('',#12933);
#11488=PLANE('',#12934);
#11489=PLANE('',#12935);
#11490=PLANE('',#12936);
#11491=PLANE('',#12937);
#11492=PLANE('',#12938);
#11493=PLANE('',#12939);
#11494=PLANE('',#12940);
#11495=PLANE('',#12941);
#11496=PLANE('',#12942);
#11497=PLANE('',#12943);
#11498=PLANE('',#12944);
#11499=PLANE('',#12945);
#11500=PLANE('',#12946);
#11501=PLANE('',#12947);
#11502=PLANE('',#12948);
#11503=PLANE('',#12949);
#11504=PLANE('',#12950);
#11505=PLANE('',#12951);
#11506=PLANE('',#12952);
#11507=PLANE('',#12953);
#11508=PLANE('',#12954);
#11509=PLANE('',#12955);
#11510=PLANE('',#12956);
#11511=PLANE('',#12957);
#11512=PLANE('',#12958);
#11513=PLANE('',#12959);
#11514=PLANE('',#12960);
#11515=PLANE('',#12961);
#11516=PLANE('',#12962);
#11517=PLANE('',#12963);
#11518=PLANE('',#12964);
#11519=PLANE('',#12965);
#11520=PLANE('',#12966);
#11521=PLANE('',#12967);
#11522=PLANE('',#12968);
#11523=PLANE('',#12969);
#11524=PLANE('',#12970);
#11525=PLANE('',#12971);
#11526=PLANE('',#12972);
#11527=PLANE('',#12973);
#11528=PLANE('',#12974);
#11529=ADVANCED_FACE('',(#10247),#10986,.T.);
#11530=ADVANCED_FACE('',(#10248),#10987,.F.);
#11531=ADVANCED_FACE('',(#10249),#10988,.F.);
#11532=ADVANCED_FACE('',(#10250),#10989,.F.);
#11533=ADVANCED_FACE('',(#10251),#10990,.F.);
#11534=ADVANCED_FACE('',(#10252),#10991,.F.);
#11535=ADVANCED_FACE('',(#10253),#10992,.T.);
#11536=ADVANCED_FACE('',(#10254),#10993,.T.);
#11537=ADVANCED_FACE('',(#10255),#10994,.F.);
#11538=ADVANCED_FACE('',(#10256),#10995,.T.);
#11539=ADVANCED_FACE('',(#10257),#10996,.T.);
#11540=ADVANCED_FACE('',(#10258),#10997,.F.);
#11541=ADVANCED_FACE('',(#10259),#10998,.T.);
#11542=ADVANCED_FACE('',(#10260),#10999,.F.);
#11543=ADVANCED_FACE('',(#10261),#11000,.F.);
#11544=ADVANCED_FACE('',(#10262),#11001,.T.);
#11545=ADVANCED_FACE('',(#10263),#11002,.F.);
#11546=ADVANCED_FACE('',(#10264),#11003,.T.);
#11547=ADVANCED_FACE('',(#10265),#11004,.F.);
#11548=ADVANCED_FACE('',(#10266),#11005,.F.);
#11549=ADVANCED_FACE('',(#10267,#10268,#10269,#10270,#10271,#10272,#10273,
#10274,#10275,#10276,#10277,#10278,#10279,#10280,#10281,#10282),#11006,
 .T.);
#11550=ADVANCED_FACE('',(#10283,#10284,#10285,#10286,#10287,#10288,#10289,
#10290,#10291,#10292,#10293,#10294,#10295,#10296,#10297,#10298),#20,.T.);
#11551=ADVANCED_FACE('',(#10299,#10300,#10301,#10302,#10303,#10304,#10305),
#11007,.F.);
#11552=ADVANCED_FACE('',(#10306,#10307,#10308,#10309,#10310,#10311,#10312),
#21,.T.);
#11553=ADVANCED_FACE('',(#10313),#11008,.F.);
#11554=ADVANCED_FACE('',(#10314),#11009,.F.);
#11555=ADVANCED_FACE('',(#10315,#10316),#11010,.F.);
#11556=ADVANCED_FACE('',(#10317),#22,.F.);
#11557=ADVANCED_FACE('',(#10318),#11011,.T.);
#11558=ADVANCED_FACE('',(#10319),#11012,.F.);
#11559=ADVANCED_FACE('',(#10320,#10321,#10322,#10323,#10324,#10325,#10326,
#10327,#10328,#10329,#10330,#10331,#10332,#10333,#10334,#10335,#10336,#10337,
#10338,#10339,#10340,#10341,#10342,#10343,#10344,#10345,#10346,#10347,#10348,
#10349,#10350,#10351,#10352,#10353,#10354,#10355,#10356,#10357),#11013,
 .F.);
#11560=ADVANCED_FACE('',(#10358,#10359,#10360,#10361,#10362,#10363,#10364,
#10365,#10366,#10367,#10368,#10369,#10370,#10371,#10372,#10373,#10374,#10375,
#10376,#10377,#10378,#10379,#10380,#10381),#11014,.F.);
#11561=ADVANCED_FACE('',(#10382,#10383,#10384,#10385,#10386,#10387,#10388,
#10389,#10390,#10391,#10392,#10393,#10394,#10395,#10396,#10397,#10398,#10399,
#10400,#10401,#10402,#10403,#10404,#10405),#23,.T.);
#11562=ADVANCED_FACE('',(#10406,#10407),#11015,.T.);
#11563=ADVANCED_FACE('',(#10408),#11016,.T.);
#11564=ADVANCED_FACE('',(#10409),#11017,.T.);
#11565=ADVANCED_FACE('',(#10410),#11018,.T.);
#11566=ADVANCED_FACE('',(#10411),#11019,.F.);
#11567=ADVANCED_FACE('',(#10412),#11020,.F.);
#11568=ADVANCED_FACE('',(#10413,#10414),#24,.T.);
#11569=ADVANCED_FACE('',(#10415),#25,.F.);
#11570=ADVANCED_FACE('',(#10416),#26,.F.);
#11571=ADVANCED_FACE('',(#10417),#11021,.T.);
#11572=ADVANCED_FACE('',(#10418),#11022,.F.);
#11573=ADVANCED_FACE('',(#10419,#10420,#10421,#10422,#10423,#10424,#10425,
#10426,#10427,#10428,#10429,#10430,#10431,#10432,#10433,#10434,#10435,#10436,
#10437,#10438,#10439,#10440,#10441,#10442,#10443,#10444,#10445,#10446,#10447,
#10448,#10449,#10450),#11023,.T.);
#11574=ADVANCED_FACE('',(#10451),#11024,.T.);
#11575=ADVANCED_FACE('',(#10452),#27,.T.);
#11576=ADVANCED_FACE('',(#10453),#11025,.T.);
#11577=ADVANCED_FACE('',(#10454),#11026,.F.);
#11578=ADVANCED_FACE('',(#10455,#10456),#28,.F.);
#11579=ADVANCED_FACE('',(#10457),#11027,.T.);
#11580=ADVANCED_FACE('',(#10458),#11028,.T.);
#11581=ADVANCED_FACE('',(#10459),#11029,.F.);
#11582=ADVANCED_FACE('',(#10460),#29,.F.);
#11583=ADVANCED_FACE('',(#10461,#10462),#11030,.F.);
#11584=ADVANCED_FACE('',(#10463),#30,.F.);
#11585=ADVANCED_FACE('',(#10464),#11031,.T.);
#11586=ADVANCED_FACE('',(#10465,#10466),#31,.F.);
#11587=ADVANCED_FACE('',(#10467,#10468),#32,.F.);
#11588=ADVANCED_FACE('',(#10469),#11032,.T.);
#11589=ADVANCED_FACE('',(#10470,#10471),#33,.F.);
#11590=ADVANCED_FACE('',(#10472),#11033,.T.);
#11591=ADVANCED_FACE('',(#10473,#10474),#34,.F.);
#11592=ADVANCED_FACE('',(#10475),#11034,.T.);
#11593=ADVANCED_FACE('',(#10476,#10477),#35,.F.);
#11594=ADVANCED_FACE('',(#10478),#11035,.T.);
#11595=ADVANCED_FACE('',(#10479),#11036,.T.);
#11596=ADVANCED_FACE('',(#10480),#36,.F.);
#11597=ADVANCED_FACE('',(#10481),#37,.F.);
#11598=ADVANCED_FACE('',(#10482),#11037,.F.);
#11599=ADVANCED_FACE('',(#10483),#11038,.F.);
#11600=ADVANCED_FACE('',(#10484),#11039,.F.);
#11601=ADVANCED_FACE('',(#10485),#38,.F.);
#11602=ADVANCED_FACE('',(#10486,#10487),#39,.F.);
#11603=ADVANCED_FACE('',(#10488,#10489),#40,.F.);
#11604=ADVANCED_FACE('',(#10490,#10491),#11040,.F.);
#11605=ADVANCED_FACE('',(#10492,#10493),#11041,.T.);
#11606=ADVANCED_FACE('',(#10494,#10495),#41,.F.);
#11607=ADVANCED_FACE('',(#10496,#10497,#10498,#10499),#11042,.T.);
#11608=ADVANCED_FACE('',(#10500),#11043,.F.);
#11609=ADVANCED_FACE('',(#10501),#11044,.T.);
#11610=ADVANCED_FACE('',(#10502),#11045,.F.);
#11611=ADVANCED_FACE('',(#10503),#11046,.F.);
#11612=ADVANCED_FACE('',(#10504),#11047,.T.);
#11613=ADVANCED_FACE('',(#10505),#11048,.F.);
#11614=ADVANCED_FACE('',(#10506),#11049,.T.);
#11615=ADVANCED_FACE('',(#10507),#11050,.T.);
#11616=ADVANCED_FACE('',(#10508),#11051,.T.);
#11617=ADVANCED_FACE('',(#10509),#11052,.F.);
#11618=ADVANCED_FACE('',(#10510),#11053,.F.);
#11619=ADVANCED_FACE('',(#10511),#11054,.F.);
#11620=ADVANCED_FACE('',(#10512),#11055,.F.);
#11621=ADVANCED_FACE('',(#10513),#11056,.F.);
#11622=ADVANCED_FACE('',(#10514),#11057,.F.);
#11623=ADVANCED_FACE('',(#10515),#11058,.T.);
#11624=ADVANCED_FACE('',(#10516),#11059,.F.);
#11625=ADVANCED_FACE('',(#10517),#11060,.F.);
#11626=ADVANCED_FACE('',(#10518),#11061,.F.);
#11627=ADVANCED_FACE('',(#10519),#11062,.F.);
#11628=ADVANCED_FACE('',(#10520),#11063,.F.);
#11629=ADVANCED_FACE('',(#10521),#11064,.F.);
#11630=ADVANCED_FACE('',(#10522),#11065,.T.);
#11631=ADVANCED_FACE('',(#10523),#11066,.F.);
#11632=ADVANCED_FACE('',(#10524),#11067,.F.);
#11633=ADVANCED_FACE('',(#10525),#11068,.F.);
#11634=ADVANCED_FACE('',(#10526),#11069,.F.);
#11635=ADVANCED_FACE('',(#10527),#11070,.F.);
#11636=ADVANCED_FACE('',(#10528),#11071,.F.);
#11637=ADVANCED_FACE('',(#10529),#11072,.T.);
#11638=ADVANCED_FACE('',(#10530),#11073,.F.);
#11639=ADVANCED_FACE('',(#10531),#11074,.F.);
#11640=ADVANCED_FACE('',(#10532),#11075,.F.);
#11641=ADVANCED_FACE('',(#10533),#11076,.F.);
#11642=ADVANCED_FACE('',(#10534),#11077,.F.);
#11643=ADVANCED_FACE('',(#10535),#11078,.F.);
#11644=ADVANCED_FACE('',(#10536),#11079,.T.);
#11645=ADVANCED_FACE('',(#10537),#11080,.F.);
#11646=ADVANCED_FACE('',(#10538),#11081,.F.);
#11647=ADVANCED_FACE('',(#10539),#11082,.F.);
#11648=ADVANCED_FACE('',(#10540),#11083,.F.);
#11649=ADVANCED_FACE('',(#10541),#11084,.F.);
#11650=ADVANCED_FACE('',(#10542),#11085,.F.);
#11651=ADVANCED_FACE('',(#10543),#11086,.F.);
#11652=ADVANCED_FACE('',(#10544),#11087,.F.);
#11653=ADVANCED_FACE('',(#10545),#11088,.F.);
#11654=ADVANCED_FACE('',(#10546),#11089,.F.);
#11655=ADVANCED_FACE('',(#10547),#11090,.F.);
#11656=ADVANCED_FACE('',(#10548),#11091,.F.);
#11657=ADVANCED_FACE('',(#10549),#11092,.F.);
#11658=ADVANCED_FACE('',(#10550),#11093,.F.);
#11659=ADVANCED_FACE('',(#10551),#11094,.F.);
#11660=ADVANCED_FACE('',(#10552),#11095,.F.);
#11661=ADVANCED_FACE('',(#10553),#11096,.F.);
#11662=ADVANCED_FACE('',(#10554),#11097,.F.);
#11663=ADVANCED_FACE('',(#10555),#11098,.F.);
#11664=ADVANCED_FACE('',(#10556),#11099,.F.);
#11665=ADVANCED_FACE('',(#10557),#11100,.F.);
#11666=ADVANCED_FACE('',(#10558),#11101,.F.);
#11667=ADVANCED_FACE('',(#10559),#11102,.F.);
#11668=ADVANCED_FACE('',(#10560),#11103,.F.);
#11669=ADVANCED_FACE('',(#10561),#11104,.F.);
#11670=ADVANCED_FACE('',(#10562),#11105,.F.);
#11671=ADVANCED_FACE('',(#10563),#11106,.F.);
#11672=ADVANCED_FACE('',(#10564),#11107,.F.);
#11673=ADVANCED_FACE('',(#10565),#11108,.F.);
#11674=ADVANCED_FACE('',(#10566),#11109,.F.);
#11675=ADVANCED_FACE('',(#10567),#11110,.F.);
#11676=ADVANCED_FACE('',(#10568),#11111,.F.);
#11677=ADVANCED_FACE('',(#10569),#11112,.F.);
#11678=ADVANCED_FACE('',(#10570),#11113,.F.);
#11679=ADVANCED_FACE('',(#10571),#11114,.F.);
#11680=ADVANCED_FACE('',(#10572),#11115,.F.);
#11681=ADVANCED_FACE('',(#10573),#11116,.F.);
#11682=ADVANCED_FACE('',(#10574),#11117,.F.);
#11683=ADVANCED_FACE('',(#10575),#11118,.F.);
#11684=ADVANCED_FACE('',(#10576),#11119,.F.);
#11685=ADVANCED_FACE('',(#10577),#11120,.F.);
#11686=ADVANCED_FACE('',(#10578),#11121,.F.);
#11687=ADVANCED_FACE('',(#10579),#11122,.F.);
#11688=ADVANCED_FACE('',(#10580),#11123,.F.);
#11689=ADVANCED_FACE('',(#10581),#11124,.F.);
#11690=ADVANCED_FACE('',(#10582),#11125,.F.);
#11691=ADVANCED_FACE('',(#10583),#11126,.F.);
#11692=ADVANCED_FACE('',(#10584),#11127,.F.);
#11693=ADVANCED_FACE('',(#10585),#11128,.F.);
#11694=ADVANCED_FACE('',(#10586),#11129,.F.);
#11695=ADVANCED_FACE('',(#10587),#11130,.F.);
#11696=ADVANCED_FACE('',(#10588),#11131,.F.);
#11697=ADVANCED_FACE('',(#10589),#11132,.F.);
#11698=ADVANCED_FACE('',(#10590),#11133,.F.);
#11699=ADVANCED_FACE('',(#10591),#11134,.F.);
#11700=ADVANCED_FACE('',(#10592),#11135,.F.);
#11701=ADVANCED_FACE('',(#10593),#11136,.F.);
#11702=ADVANCED_FACE('',(#10594),#11137,.F.);
#11703=ADVANCED_FACE('',(#10595),#11138,.F.);
#11704=ADVANCED_FACE('',(#10596),#11139,.F.);
#11705=ADVANCED_FACE('',(#10597),#11140,.F.);
#11706=ADVANCED_FACE('',(#10598),#11141,.F.);
#11707=ADVANCED_FACE('',(#10599),#11142,.F.);
#11708=ADVANCED_FACE('',(#10600),#11143,.F.);
#11709=ADVANCED_FACE('',(#10601),#11144,.F.);
#11710=ADVANCED_FACE('',(#10602),#11145,.F.);
#11711=ADVANCED_FACE('',(#10603),#11146,.F.);
#11712=ADVANCED_FACE('',(#10604),#11147,.F.);
#11713=ADVANCED_FACE('',(#10605),#11148,.F.);
#11714=ADVANCED_FACE('',(#10606),#11149,.F.);
#11715=ADVANCED_FACE('',(#10607),#11150,.F.);
#11716=ADVANCED_FACE('',(#10608),#11151,.F.);
#11717=ADVANCED_FACE('',(#10609),#11152,.F.);
#11718=ADVANCED_FACE('',(#10610),#11153,.F.);
#11719=ADVANCED_FACE('',(#10611),#11154,.F.);
#11720=ADVANCED_FACE('',(#10612),#11155,.F.);
#11721=ADVANCED_FACE('',(#10613),#11156,.F.);
#11722=ADVANCED_FACE('',(#10614),#11157,.F.);
#11723=ADVANCED_FACE('',(#10615),#11158,.F.);
#11724=ADVANCED_FACE('',(#10616),#11159,.F.);
#11725=ADVANCED_FACE('',(#10617),#11160,.F.);
#11726=ADVANCED_FACE('',(#10618),#11161,.F.);
#11727=ADVANCED_FACE('',(#10619),#11162,.F.);
#11728=ADVANCED_FACE('',(#10620),#11163,.F.);
#11729=ADVANCED_FACE('',(#10621),#11164,.F.);
#11730=ADVANCED_FACE('',(#10622),#11165,.F.);
#11731=ADVANCED_FACE('',(#10623),#11166,.F.);
#11732=ADVANCED_FACE('',(#10624),#11167,.F.);
#11733=ADVANCED_FACE('',(#10625),#11168,.F.);
#11734=ADVANCED_FACE('',(#10626),#11169,.F.);
#11735=ADVANCED_FACE('',(#10627),#11170,.F.);
#11736=ADVANCED_FACE('',(#10628),#11171,.F.);
#11737=ADVANCED_FACE('',(#10629),#11172,.F.);
#11738=ADVANCED_FACE('',(#10630),#11173,.F.);
#11739=ADVANCED_FACE('',(#10631),#11174,.F.);
#11740=ADVANCED_FACE('',(#10632),#11175,.F.);
#11741=ADVANCED_FACE('',(#10633),#11176,.F.);
#11742=ADVANCED_FACE('',(#10634),#11177,.F.);
#11743=ADVANCED_FACE('',(#10635),#11178,.F.);
#11744=ADVANCED_FACE('',(#10636),#11179,.F.);
#11745=ADVANCED_FACE('',(#10637),#11180,.F.);
#11746=ADVANCED_FACE('',(#10638),#11181,.F.);
#11747=ADVANCED_FACE('',(#10639),#11182,.F.);
#11748=ADVANCED_FACE('',(#10640),#11183,.F.);
#11749=ADVANCED_FACE('',(#10641),#11184,.F.);
#11750=ADVANCED_FACE('',(#10642),#11185,.F.);
#11751=ADVANCED_FACE('',(#10643),#11186,.F.);
#11752=ADVANCED_FACE('',(#10644),#11187,.F.);
#11753=ADVANCED_FACE('',(#10645),#11188,.F.);
#11754=ADVANCED_FACE('',(#10646),#11189,.F.);
#11755=ADVANCED_FACE('',(#10647),#11190,.F.);
#11756=ADVANCED_FACE('',(#10648),#11191,.F.);
#11757=ADVANCED_FACE('',(#10649),#11192,.F.);
#11758=ADVANCED_FACE('',(#10650),#11193,.F.);
#11759=ADVANCED_FACE('',(#10651),#11194,.F.);
#11760=ADVANCED_FACE('',(#10652),#11195,.F.);
#11761=ADVANCED_FACE('',(#10653),#11196,.F.);
#11762=ADVANCED_FACE('',(#10654),#11197,.F.);
#11763=ADVANCED_FACE('',(#10655),#11198,.F.);
#11764=ADVANCED_FACE('',(#10656),#11199,.F.);
#11765=ADVANCED_FACE('',(#10657),#11200,.F.);
#11766=ADVANCED_FACE('',(#10658),#11201,.F.);
#11767=ADVANCED_FACE('',(#10659),#11202,.F.);
#11768=ADVANCED_FACE('',(#10660),#11203,.F.);
#11769=ADVANCED_FACE('',(#10661),#11204,.F.);
#11770=ADVANCED_FACE('',(#10662),#11205,.F.);
#11771=ADVANCED_FACE('',(#10663),#11206,.F.);
#11772=ADVANCED_FACE('',(#10664),#11207,.F.);
#11773=ADVANCED_FACE('',(#10665),#11208,.F.);
#11774=ADVANCED_FACE('',(#10666),#11209,.F.);
#11775=ADVANCED_FACE('',(#10667),#11210,.F.);
#11776=ADVANCED_FACE('',(#10668),#11211,.F.);
#11777=ADVANCED_FACE('',(#10669),#11212,.F.);
#11778=ADVANCED_FACE('',(#10670),#11213,.F.);
#11779=ADVANCED_FACE('',(#10671),#11214,.F.);
#11780=ADVANCED_FACE('',(#10672),#11215,.F.);
#11781=ADVANCED_FACE('',(#10673),#11216,.F.);
#11782=ADVANCED_FACE('',(#10674),#11217,.F.);
#11783=ADVANCED_FACE('',(#10675),#11218,.F.);
#11784=ADVANCED_FACE('',(#10676),#11219,.F.);
#11785=ADVANCED_FACE('',(#10677),#11220,.F.);
#11786=ADVANCED_FACE('',(#10678),#11221,.F.);
#11787=ADVANCED_FACE('',(#10679),#11222,.F.);
#11788=ADVANCED_FACE('',(#10680),#11223,.F.);
#11789=ADVANCED_FACE('',(#10681),#11224,.F.);
#11790=ADVANCED_FACE('',(#10682),#11225,.F.);
#11791=ADVANCED_FACE('',(#10683),#11226,.F.);
#11792=ADVANCED_FACE('',(#10684),#11227,.F.);
#11793=ADVANCED_FACE('',(#10685),#11228,.F.);
#11794=ADVANCED_FACE('',(#10686),#11229,.F.);
#11795=ADVANCED_FACE('',(#10687),#11230,.F.);
#11796=ADVANCED_FACE('',(#10688),#11231,.F.);
#11797=ADVANCED_FACE('',(#10689),#11232,.F.);
#11798=ADVANCED_FACE('',(#10690),#11233,.F.);
#11799=ADVANCED_FACE('',(#10691),#11234,.F.);
#11800=ADVANCED_FACE('',(#10692),#11235,.F.);
#11801=ADVANCED_FACE('',(#10693),#11236,.F.);
#11802=ADVANCED_FACE('',(#10694),#11237,.F.);
#11803=ADVANCED_FACE('',(#10695),#11238,.F.);
#11804=ADVANCED_FACE('',(#10696),#11239,.F.);
#11805=ADVANCED_FACE('',(#10697),#11240,.F.);
#11806=ADVANCED_FACE('',(#10698),#11241,.F.);
#11807=ADVANCED_FACE('',(#10699),#11242,.F.);
#11808=ADVANCED_FACE('',(#10700),#11243,.F.);
#11809=ADVANCED_FACE('',(#10701),#11244,.F.);
#11810=ADVANCED_FACE('',(#10702),#11245,.F.);
#11811=ADVANCED_FACE('',(#10703),#11246,.F.);
#11812=ADVANCED_FACE('',(#10704),#11247,.F.);
#11813=ADVANCED_FACE('',(#10705),#11248,.F.);
#11814=ADVANCED_FACE('',(#10706),#11249,.F.);
#11815=ADVANCED_FACE('',(#10707),#11250,.F.);
#11816=ADVANCED_FACE('',(#10708),#11251,.F.);
#11817=ADVANCED_FACE('',(#10709),#11252,.F.);
#11818=ADVANCED_FACE('',(#10710),#11253,.F.);
#11819=ADVANCED_FACE('',(#10711),#11254,.F.);
#11820=ADVANCED_FACE('',(#10712),#11255,.F.);
#11821=ADVANCED_FACE('',(#10713),#11256,.F.);
#11822=ADVANCED_FACE('',(#10714),#11257,.F.);
#11823=ADVANCED_FACE('',(#10715),#11258,.F.);
#11824=ADVANCED_FACE('',(#10716),#11259,.F.);
#11825=ADVANCED_FACE('',(#10717),#11260,.F.);
#11826=ADVANCED_FACE('',(#10718),#11261,.F.);
#11827=ADVANCED_FACE('',(#10719),#11262,.F.);
#11828=ADVANCED_FACE('',(#10720),#11263,.F.);
#11829=ADVANCED_FACE('',(#10721),#11264,.F.);
#11830=ADVANCED_FACE('',(#10722),#11265,.F.);
#11831=ADVANCED_FACE('',(#10723),#11266,.T.);
#11832=ADVANCED_FACE('',(#10724),#11267,.F.);
#11833=ADVANCED_FACE('',(#10725),#11268,.F.);
#11834=ADVANCED_FACE('',(#10726),#11269,.F.);
#11835=ADVANCED_FACE('',(#10727),#11270,.F.);
#11836=ADVANCED_FACE('',(#10728),#11271,.F.);
#11837=ADVANCED_FACE('',(#10729),#11272,.F.);
#11838=ADVANCED_FACE('',(#10730),#11273,.F.);
#11839=ADVANCED_FACE('',(#10731),#11274,.F.);
#11840=ADVANCED_FACE('',(#10732),#11275,.F.);
#11841=ADVANCED_FACE('',(#10733),#11276,.F.);
#11842=ADVANCED_FACE('',(#10734),#11277,.F.);
#11843=ADVANCED_FACE('',(#10735),#11278,.F.);
#11844=ADVANCED_FACE('',(#10736),#11279,.F.);
#11845=ADVANCED_FACE('',(#10737),#11280,.F.);
#11846=ADVANCED_FACE('',(#10738),#11281,.F.);
#11847=ADVANCED_FACE('',(#10739),#11282,.F.);
#11848=ADVANCED_FACE('',(#10740),#11283,.F.);
#11849=ADVANCED_FACE('',(#10741),#11284,.F.);
#11850=ADVANCED_FACE('',(#10742),#11285,.F.);
#11851=ADVANCED_FACE('',(#10743),#11286,.F.);
#11852=ADVANCED_FACE('',(#10744),#11287,.F.);
#11853=ADVANCED_FACE('',(#10745),#11288,.F.);
#11854=ADVANCED_FACE('',(#10746),#11289,.F.);
#11855=ADVANCED_FACE('',(#10747),#11290,.F.);
#11856=ADVANCED_FACE('',(#10748),#11291,.T.);
#11857=ADVANCED_FACE('',(#10749),#11292,.F.);
#11858=ADVANCED_FACE('',(#10750),#11293,.F.);
#11859=ADVANCED_FACE('',(#10751),#11294,.F.);
#11860=ADVANCED_FACE('',(#10752),#11295,.F.);
#11861=ADVANCED_FACE('',(#10753),#11296,.F.);
#11862=ADVANCED_FACE('',(#10754),#11297,.F.);
#11863=ADVANCED_FACE('',(#10755),#11298,.F.);
#11864=ADVANCED_FACE('',(#10756),#11299,.F.);
#11865=ADVANCED_FACE('',(#10757),#11300,.F.);
#11866=ADVANCED_FACE('',(#10758),#11301,.F.);
#11867=ADVANCED_FACE('',(#10759),#11302,.F.);
#11868=ADVANCED_FACE('',(#10760),#11303,.F.);
#11869=ADVANCED_FACE('',(#10761),#11304,.F.);
#11870=ADVANCED_FACE('',(#10762),#11305,.F.);
#11871=ADVANCED_FACE('',(#10763),#11306,.F.);
#11872=ADVANCED_FACE('',(#10764),#11307,.F.);
#11873=ADVANCED_FACE('',(#10765),#11308,.F.);
#11874=ADVANCED_FACE('',(#10766),#11309,.F.);
#11875=ADVANCED_FACE('',(#10767),#11310,.F.);
#11876=ADVANCED_FACE('',(#10768),#11311,.F.);
#11877=ADVANCED_FACE('',(#10769),#11312,.F.);
#11878=ADVANCED_FACE('',(#10770),#11313,.F.);
#11879=ADVANCED_FACE('',(#10771),#11314,.F.);
#11880=ADVANCED_FACE('',(#10772),#11315,.F.);
#11881=ADVANCED_FACE('',(#10773),#11316,.F.);
#11882=ADVANCED_FACE('',(#10774),#11317,.F.);
#11883=ADVANCED_FACE('',(#10775),#11318,.F.);
#11884=ADVANCED_FACE('',(#10776),#11319,.F.);
#11885=ADVANCED_FACE('',(#10777),#11320,.F.);
#11886=ADVANCED_FACE('',(#10778),#11321,.F.);
#11887=ADVANCED_FACE('',(#10779),#11322,.F.);
#11888=ADVANCED_FACE('',(#10780),#11323,.F.);
#11889=ADVANCED_FACE('',(#10781),#11324,.F.);
#11890=ADVANCED_FACE('',(#10782),#11325,.F.);
#11891=ADVANCED_FACE('',(#10783),#11326,.F.);
#11892=ADVANCED_FACE('',(#10784),#11327,.F.);
#11893=ADVANCED_FACE('',(#10785),#11328,.F.);
#11894=ADVANCED_FACE('',(#10786),#11329,.F.);
#11895=ADVANCED_FACE('',(#10787),#11330,.F.);
#11896=ADVANCED_FACE('',(#10788),#11331,.F.);
#11897=ADVANCED_FACE('',(#10789),#11332,.F.);
#11898=ADVANCED_FACE('',(#10790),#11333,.F.);
#11899=ADVANCED_FACE('',(#10791),#11334,.F.);
#11900=ADVANCED_FACE('',(#10792),#11335,.F.);
#11901=ADVANCED_FACE('',(#10793),#11336,.F.);
#11902=ADVANCED_FACE('',(#10794),#11337,.F.);
#11903=ADVANCED_FACE('',(#10795),#11338,.F.);
#11904=ADVANCED_FACE('',(#10796),#11339,.F.);
#11905=ADVANCED_FACE('',(#10797),#11340,.F.);
#11906=ADVANCED_FACE('',(#10798),#11341,.F.);
#11907=ADVANCED_FACE('',(#10799),#11342,.F.);
#11908=ADVANCED_FACE('',(#10800),#11343,.F.);
#11909=ADVANCED_FACE('',(#10801),#11344,.F.);
#11910=ADVANCED_FACE('',(#10802),#11345,.F.);
#11911=ADVANCED_FACE('',(#10803),#11346,.F.);
#11912=ADVANCED_FACE('',(#10804),#11347,.F.);
#11913=ADVANCED_FACE('',(#10805),#11348,.F.);
#11914=ADVANCED_FACE('',(#10806),#11349,.F.);
#11915=ADVANCED_FACE('',(#10807),#11350,.F.);
#11916=ADVANCED_FACE('',(#10808),#11351,.F.);
#11917=ADVANCED_FACE('',(#10809),#11352,.F.);
#11918=ADVANCED_FACE('',(#10810),#11353,.F.);
#11919=ADVANCED_FACE('',(#10811),#11354,.F.);
#11920=ADVANCED_FACE('',(#10812),#11355,.F.);
#11921=ADVANCED_FACE('',(#10813),#11356,.F.);
#11922=ADVANCED_FACE('',(#10814),#11357,.F.);
#11923=ADVANCED_FACE('',(#10815),#11358,.F.);
#11924=ADVANCED_FACE('',(#10816),#11359,.F.);
#11925=ADVANCED_FACE('',(#10817),#11360,.F.);
#11926=ADVANCED_FACE('',(#10818),#11361,.F.);
#11927=ADVANCED_FACE('',(#10819),#11362,.F.);
#11928=ADVANCED_FACE('',(#10820),#11363,.F.);
#11929=ADVANCED_FACE('',(#10821),#11364,.F.);
#11930=ADVANCED_FACE('',(#10822),#11365,.F.);
#11931=ADVANCED_FACE('',(#10823),#11366,.F.);
#11932=ADVANCED_FACE('',(#10824),#11367,.F.);
#11933=ADVANCED_FACE('',(#10825),#11368,.F.);
#11934=ADVANCED_FACE('',(#10826),#11369,.F.);
#11935=ADVANCED_FACE('',(#10827),#11370,.F.);
#11936=ADVANCED_FACE('',(#10828),#11371,.F.);
#11937=ADVANCED_FACE('',(#10829),#11372,.F.);
#11938=ADVANCED_FACE('',(#10830),#11373,.F.);
#11939=ADVANCED_FACE('',(#10831),#11374,.F.);
#11940=ADVANCED_FACE('',(#10832),#11375,.F.);
#11941=ADVANCED_FACE('',(#10833),#11376,.F.);
#11942=ADVANCED_FACE('',(#10834),#11377,.F.);
#11943=ADVANCED_FACE('',(#10835),#11378,.F.);
#11944=ADVANCED_FACE('',(#10836),#11379,.F.);
#11945=ADVANCED_FACE('',(#10837),#11380,.F.);
#11946=ADVANCED_FACE('',(#10838),#11381,.F.);
#11947=ADVANCED_FACE('',(#10839),#11382,.F.);
#11948=ADVANCED_FACE('',(#10840),#11383,.F.);
#11949=ADVANCED_FACE('',(#10841),#11384,.F.);
#11950=ADVANCED_FACE('',(#10842),#11385,.F.);
#11951=ADVANCED_FACE('',(#10843),#11386,.F.);
#11952=ADVANCED_FACE('',(#10844),#11387,.F.);
#11953=ADVANCED_FACE('',(#10845),#11388,.F.);
#11954=ADVANCED_FACE('',(#10846),#11389,.F.);
#11955=ADVANCED_FACE('',(#10847),#11390,.F.);
#11956=ADVANCED_FACE('',(#10848),#11391,.F.);
#11957=ADVANCED_FACE('',(#10849),#11392,.F.);
#11958=ADVANCED_FACE('',(#10850),#11393,.F.);
#11959=ADVANCED_FACE('',(#10851),#11394,.F.);
#11960=ADVANCED_FACE('',(#10852),#11395,.F.);
#11961=ADVANCED_FACE('',(#10853),#11396,.F.);
#11962=ADVANCED_FACE('',(#10854),#11397,.F.);
#11963=ADVANCED_FACE('',(#10855),#11398,.F.);
#11964=ADVANCED_FACE('',(#10856),#11399,.F.);
#11965=ADVANCED_FACE('',(#10857),#11400,.F.);
#11966=ADVANCED_FACE('',(#10858),#11401,.F.);
#11967=ADVANCED_FACE('',(#10859),#11402,.F.);
#11968=ADVANCED_FACE('',(#10860),#11403,.F.);
#11969=ADVANCED_FACE('',(#10861),#11404,.F.);
#11970=ADVANCED_FACE('',(#10862),#11405,.F.);
#11971=ADVANCED_FACE('',(#10863),#11406,.F.);
#11972=ADVANCED_FACE('',(#10864),#11407,.F.);
#11973=ADVANCED_FACE('',(#10865),#11408,.F.);
#11974=ADVANCED_FACE('',(#10866),#11409,.F.);
#11975=ADVANCED_FACE('',(#10867),#11410,.F.);
#11976=ADVANCED_FACE('',(#10868),#11411,.F.);
#11977=ADVANCED_FACE('',(#10869),#11412,.F.);
#11978=ADVANCED_FACE('',(#10870),#11413,.F.);
#11979=ADVANCED_FACE('',(#10871),#11414,.F.);
#11980=ADVANCED_FACE('',(#10872),#11415,.F.);
#11981=ADVANCED_FACE('',(#10873),#11416,.F.);
#11982=ADVANCED_FACE('',(#10874),#11417,.F.);
#11983=ADVANCED_FACE('',(#10875),#11418,.F.);
#11984=ADVANCED_FACE('',(#10876),#11419,.F.);
#11985=ADVANCED_FACE('',(#10877),#11420,.F.);
#11986=ADVANCED_FACE('',(#10878),#11421,.T.);
#11987=ADVANCED_FACE('',(#10879),#11422,.T.);
#11988=ADVANCED_FACE('',(#10880),#11423,.T.);
#11989=ADVANCED_FACE('',(#10881),#11424,.T.);
#11990=ADVANCED_FACE('',(#10882),#11425,.T.);
#11991=ADVANCED_FACE('',(#10883),#11426,.T.);
#11992=ADVANCED_FACE('',(#10884),#11427,.T.);
#11993=ADVANCED_FACE('',(#10885),#11428,.T.);
#11994=ADVANCED_FACE('',(#10886),#11429,.T.);
#11995=ADVANCED_FACE('',(#10887),#11430,.F.);
#11996=ADVANCED_FACE('',(#10888),#11431,.T.);
#11997=ADVANCED_FACE('',(#10889),#11432,.T.);
#11998=ADVANCED_FACE('',(#10890),#11433,.T.);
#11999=ADVANCED_FACE('',(#10891),#11434,.T.);
#12000=ADVANCED_FACE('',(#10892),#11435,.T.);
#12001=ADVANCED_FACE('',(#10893),#11436,.T.);
#12002=ADVANCED_FACE('',(#10894),#11437,.T.);
#12003=ADVANCED_FACE('',(#10895),#11438,.T.);
#12004=ADVANCED_FACE('',(#10896),#11439,.T.);
#12005=ADVANCED_FACE('',(#10897),#11440,.T.);
#12006=ADVANCED_FACE('',(#10898),#11441,.T.);
#12007=ADVANCED_FACE('',(#10899),#11442,.T.);
#12008=ADVANCED_FACE('',(#10900),#11443,.T.);
#12009=ADVANCED_FACE('',(#10901),#11444,.T.);
#12010=ADVANCED_FACE('',(#10902),#11445,.T.);
#12011=ADVANCED_FACE('',(#10903),#11446,.T.);
#12012=ADVANCED_FACE('',(#10904),#11447,.T.);
#12013=ADVANCED_FACE('',(#10905),#11448,.T.);
#12014=ADVANCED_FACE('',(#10906),#11449,.T.);
#12015=ADVANCED_FACE('',(#10907),#11450,.T.);
#12016=ADVANCED_FACE('',(#10908),#11451,.T.);
#12017=ADVANCED_FACE('',(#10909),#11452,.T.);
#12018=ADVANCED_FACE('',(#10910),#11453,.T.);
#12019=ADVANCED_FACE('',(#10911),#11454,.T.);
#12020=ADVANCED_FACE('',(#10912),#11455,.T.);
#12021=ADVANCED_FACE('',(#10913),#11456,.T.);
#12022=ADVANCED_FACE('',(#10914),#11457,.T.);
#12023=ADVANCED_FACE('',(#10915),#11458,.T.);
#12024=ADVANCED_FACE('',(#10916),#11459,.T.);
#12025=ADVANCED_FACE('',(#10917),#11460,.T.);
#12026=ADVANCED_FACE('',(#10918),#11461,.T.);
#12027=ADVANCED_FACE('',(#10919),#11462,.T.);
#12028=ADVANCED_FACE('',(#10920),#11463,.T.);
#12029=ADVANCED_FACE('',(#10921),#11464,.T.);
#12030=ADVANCED_FACE('',(#10922),#11465,.T.);
#12031=ADVANCED_FACE('',(#10923),#11466,.T.);
#12032=ADVANCED_FACE('',(#10924),#11467,.T.);
#12033=ADVANCED_FACE('',(#10925),#11468,.T.);
#12034=ADVANCED_FACE('',(#10926),#11469,.T.);
#12035=ADVANCED_FACE('',(#10927),#11470,.T.);
#12036=ADVANCED_FACE('',(#10928),#11471,.T.);
#12037=ADVANCED_FACE('',(#10929),#11472,.T.);
#12038=ADVANCED_FACE('',(#10930),#11473,.T.);
#12039=ADVANCED_FACE('',(#10931),#11474,.T.);
#12040=ADVANCED_FACE('',(#10932),#11475,.T.);
#12041=ADVANCED_FACE('',(#10933),#11476,.T.);
#12042=ADVANCED_FACE('',(#10934),#11477,.T.);
#12043=ADVANCED_FACE('',(#10935),#11478,.T.);
#12044=ADVANCED_FACE('',(#10936),#11479,.T.);
#12045=ADVANCED_FACE('',(#10937),#11480,.T.);
#12046=ADVANCED_FACE('',(#10938),#11481,.T.);
#12047=ADVANCED_FACE('',(#10939),#11482,.T.);
#12048=ADVANCED_FACE('',(#10940),#11483,.T.);
#12049=ADVANCED_FACE('',(#10941),#11484,.T.);
#12050=ADVANCED_FACE('',(#10942),#11485,.T.);
#12051=ADVANCED_FACE('',(#10943),#11486,.T.);
#12052=ADVANCED_FACE('',(#10944),#11487,.T.);
#12053=ADVANCED_FACE('',(#10945),#11488,.T.);
#12054=ADVANCED_FACE('',(#10946),#11489,.T.);
#12055=ADVANCED_FACE('',(#10947),#11490,.T.);
#12056=ADVANCED_FACE('',(#10948),#11491,.T.);
#12057=ADVANCED_FACE('',(#10949),#11492,.T.);
#12058=ADVANCED_FACE('',(#10950),#11493,.T.);
#12059=ADVANCED_FACE('',(#10951),#11494,.T.);
#12060=ADVANCED_FACE('',(#10952),#11495,.T.);
#12061=ADVANCED_FACE('',(#10953),#11496,.T.);
#12062=ADVANCED_FACE('',(#10954),#11497,.T.);
#12063=ADVANCED_FACE('',(#10955),#11498,.T.);
#12064=ADVANCED_FACE('',(#10956),#11499,.T.);
#12065=ADVANCED_FACE('',(#10957),#11500,.T.);
#12066=ADVANCED_FACE('',(#10958),#11501,.T.);
#12067=ADVANCED_FACE('',(#10959),#11502,.T.);
#12068=ADVANCED_FACE('',(#10960),#11503,.T.);
#12069=ADVANCED_FACE('',(#10961),#11504,.T.);
#12070=ADVANCED_FACE('',(#10962),#11505,.T.);
#12071=ADVANCED_FACE('',(#10963),#11506,.T.);
#12072=ADVANCED_FACE('',(#10964),#11507,.T.);
#12073=ADVANCED_FACE('',(#10965),#11508,.T.);
#12074=ADVANCED_FACE('',(#10966),#11509,.T.);
#12075=ADVANCED_FACE('',(#10967),#11510,.T.);
#12076=ADVANCED_FACE('',(#10968),#11511,.T.);
#12077=ADVANCED_FACE('',(#10969),#11512,.T.);
#12078=ADVANCED_FACE('',(#10970),#11513,.T.);
#12079=ADVANCED_FACE('',(#10971),#11514,.T.);
#12080=ADVANCED_FACE('',(#10972),#11515,.T.);
#12081=ADVANCED_FACE('',(#10973),#11516,.T.);
#12082=ADVANCED_FACE('',(#10974),#11517,.T.);
#12083=ADVANCED_FACE('',(#10975),#11518,.T.);
#12084=ADVANCED_FACE('',(#10976),#11519,.T.);
#12085=ADVANCED_FACE('',(#10977),#11520,.F.);
#12086=ADVANCED_FACE('',(#10978),#11521,.F.);
#12087=ADVANCED_FACE('',(#10979),#11522,.F.);
#12088=ADVANCED_FACE('',(#10980),#11523,.T.);
#12089=ADVANCED_FACE('',(#10981),#11524,.T.);
#12090=ADVANCED_FACE('',(#10982),#11525,.F.);
#12091=ADVANCED_FACE('',(#10983),#11526,.T.);
#12092=ADVANCED_FACE('',(#10984),#11527,.F.);
#12093=ADVANCED_FACE('',(#10985),#11528,.F.);
#12094=CLOSED_SHELL('',(#11529,#11530,#11531,#11532,#11533,#11534,#11535,
#11536,#11537,#11538,#11539,#11540,#11541,#11542,#11543,#11544,#11545,#11546,
#11547,#11548,#11549,#11550,#11551,#11552,#11553,#11554,#11555,#11556,#11557,
#11558,#11559,#11560,#11561,#11562,#11563,#11564,#11565,#11566,#11567,#11568,
#11569,#11570,#11571,#11572,#11573,#11574,#11575,#11576,#11577,#11578,#11579,
#11580,#11581,#11582,#11583,#11584,#11585,#11586,#11587,#11588,#11589,#11590,
#11591,#11592,#11593,#11594,#11595,#11596,#11597,#11598,#11599,#11600,#11601,
#11602,#11603,#11604,#11605,#11606,#11607,#11608,#11609,#11610,#11611,#11612,
#11613,#11614,#11615,#11616,#11617,#11618,#11619,#11620,#11621,#11622,#11623,
#11624,#11625,#11626,#11627,#11628,#11629,#11630,#11631,#11632,#11633,#11634,
#11635,#11636,#11637,#11638,#11639,#11640,#11641,#11642,#11643,#11644,#11645,
#11646,#11647,#11648,#11649,#11650,#11651,#11652,#11653,#11654,#11655,#11656,
#11657,#11658,#11659,#11660,#11661,#11662,#11663,#11664,#11665,#11666,#11667,
#11668,#11669,#11670,#11671,#11672,#11673,#11674,#11675,#11676,#11677,#11678,
#11679,#11680,#11681,#11682,#11683,#11684,#11685,#11686,#11687,#11688,#11689,
#11690,#11691,#11692,#11693,#11694,#11695,#11696,#11697,#11698,#11699,#11700,
#11701,#11702,#11703,#11704,#11705,#11706,#11707,#11708,#11709,#11710,#11711,
#11712,#11713,#11714,#11715,#11716,#11717,#11718,#11719,#11720,#11721,#11722,
#11723,#11724,#11725,#11726,#11727,#11728,#11729,#11730,#11731,#11732,#11733,
#11734,#11735,#11736,#11737,#11738,#11739,#11740,#11741,#11742,#11743,#11744,
#11745,#11746,#11747,#11748,#11749,#11750,#11751,#11752,#11753,#11754,#11755,
#11756,#11757,#11758,#11759,#11760,#11761,#11762,#11763,#11764,#11765,#11766,
#11767,#11768,#11769,#11770,#11771,#11772,#11773,#11774,#11775,#11776,#11777,
#11778,#11779,#11780,#11781,#11782,#11783,#11784,#11785,#11786,#11787,#11788,
#11789,#11790,#11791,#11792,#11793,#11794,#11795,#11796,#11797,#11798,#11799,
#11800,#11801,#11802,#11803,#11804,#11805,#11806,#11807,#11808,#11809,#11810,
#11811,#11812,#11813,#11814,#11815,#11816,#11817,#11818,#11819,#11820,#11821,
#11822,#11823,#11824,#11825,#11826,#11827,#11828,#11829,#11830,#11831,#11832,
#11833,#11834,#11835,#11836,#11837,#11838,#11839,#11840,#11841,#11842,#11843,
#11844,#11845,#11846,#11847,#11848,#11849,#11850,#11851,#11852,#11853,#11854,
#11855,#11856,#11857,#11858,#11859,#11860,#11861,#11862,#11863,#11864,#11865,
#11866,#11867,#11868,#11869,#11870,#11871,#11872,#11873,#11874,#11875,#11876,
#11877,#11878,#11879,#11880,#11881,#11882,#11883,#11884,#11885,#11886,#11887,
#11888,#11889,#11890,#11891,#11892,#11893,#11894,#11895,#11896,#11897,#11898,
#11899,#11900,#11901,#11902,#11903,#11904,#11905,#11906,#11907,#11908,#11909,
#11910,#11911,#11912,#11913,#11914,#11915,#11916,#11917,#11918,#11919,#11920,
#11921,#11922,#11923,#11924,#11925,#11926,#11927,#11928,#11929,#11930,#11931,
#11932,#11933,#11934,#11935,#11936,#11937,#11938,#11939,#11940,#11941,#11942,
#11943,#11944,#11945,#11946,#11947,#11948,#11949,#11950,#11951,#11952,#11953,
#11954,#11955,#11956,#11957,#11958,#11959,#11960,#11961,#11962,#11963,#11964,
#11965,#11966,#11967,#11968,#11969,#11970,#11971,#11972,#11973,#11974,#11975,
#11976,#11977,#11978,#11979,#11980,#11981,#11982,#11983,#11984,#11985,#11986,
#11987,#11988,#11989,#11990,#11991,#11992,#11993,#11994,#11995,#11996,#11997,
#11998,#11999,#12000,#12001,#12002,#12003,#12004,#12005,#12006,#12007,#12008,
#12009,#12010,#12011,#12012,#12013,#12014,#12015,#12016,#12017,#12018,#12019,
#12020,#12021,#12022,#12023,#12024,#12025,#12026,#12027,#12028,#12029,#12030,
#12031,#12032,#12033,#12034,#12035,#12036,#12037,#12038,#12039,#12040,#12041,
#12042,#12043,#12044,#12045,#12046,#12047,#12048,#12049,#12050,#12051,#12052,
#12053,#12054,#12055,#12056,#12057,#12058,#12059,#12060,#12061,#12062,#12063,
#12064,#12065,#12066,#12067,#12068,#12069,#12070,#12071,#12072,#12073,#12074,
#12075,#12076,#12077,#12078,#12079,#12080,#12081,#12082,#12083,#12084,#12085,
#12086,#12087,#12088,#12089,#12090,#12091,#12092,#12093));
#12095=STYLED_ITEM('',(#12096),#12103);
#12096=PRESENTATION_STYLE_ASSIGNMENT((#12097));
#12097=SURFACE_STYLE_USAGE(.BOTH.,#12098);
#12098=SURFACE_SIDE_STYLE('',(#12099));
#12099=SURFACE_STYLE_FILL_AREA(#12100);
#12100=FILL_AREA_STYLE('',(#12101));
#12101=FILL_AREA_STYLE_COLOUR('',#12102);
#12102=COLOUR_RGB('',0.615686274509804,0.811764705882353,0.929411764705882);
#12103=MANIFOLD_SOLID_BREP('Power and electronics bay',#12094);
#12104=SHAPE_DEFINITION_REPRESENTATION(#19650,#12105);
#12105=SHAPE_REPRESENTATION('Power and electronics bay',(#12106),#19645);
#12106=AXIS2_PLACEMENT_3D('',#16128,#12975,#12976);
#12107=AXIS2_PLACEMENT_3D('',#16129,#12977,#12978);
#12108=AXIS2_PLACEMENT_3D('',#16156,#12992,#12993);
#12109=AXIS2_PLACEMENT_3D('',#16183,#13007,#13008);
#12110=AXIS2_PLACEMENT_3D('',#16189,#13012,#13013);
#12111=AXIS2_PLACEMENT_3D('',#16193,#13016,#13017);
#12112=AXIS2_PLACEMENT_3D('',#16206,#13024,#13025);
#12113=AXIS2_PLACEMENT_3D('',#16212,#13029,#13030);
#12114=AXIS2_PLACEMENT_3D('',#16222,#13036,#13037);
#12115=AXIS2_PLACEMENT_3D('',#16231,#13042,#13043);
#12116=AXIS2_PLACEMENT_3D('',#16241,#13049,#13050);
#12117=AXIS2_PLACEMENT_3D('',#16251,#13056,#13057);
#12118=AXIS2_PLACEMENT_3D('',#16260,#13062,#13063);
#12119=AXIS2_PLACEMENT_3D('',#16270,#13069,#13070);
#12120=AXIS2_PLACEMENT_3D('',#16280,#13076,#13077);
#12121=AXIS2_PLACEMENT_3D('',#16293,#13084,#13085);
#12122=AXIS2_PLACEMENT_3D('',#16301,#13090,#13091);
#12123=AXIS2_PLACEMENT_3D('',#16317,#13100,#13101);
#12124=AXIS2_PLACEMENT_3D('',#16327,#13106,#13107);
#12125=AXIS2_PLACEMENT_3D('',#16331,#13110,#13111);
#12126=AXIS2_PLACEMENT_3D('',#16333,#13113,#13114);
#12127=AXIS2_PLACEMENT_3D('',#16343,#13119,#13120);
#12128=AXIS2_PLACEMENT_3D('',#16346,#13122,#13123);
#12129=AXIS2_PLACEMENT_3D('',#16348,#13125,#13126);
#12130=AXIS2_PLACEMENT_3D('',#16349,#13127,#13128);
#12131=AXIS2_PLACEMENT_3D('',#16550,#13229,#13230);
#12132=AXIS2_PLACEMENT_3D('',#16551,#13231,#13232);
#12133=AXIS2_PLACEMENT_3D('',#16554,#13233,#13234);
#12134=AXIS2_PLACEMENT_3D('',#16556,#13235,#13236);
#12135=AXIS2_PLACEMENT_3D('',#16558,#13237,#13238);
#12136=AXIS2_PLACEMENT_3D('',#16560,#13239,#13240);
#12137=AXIS2_PLACEMENT_3D('',#16562,#13241,#13242);
#12138=AXIS2_PLACEMENT_3D('',#16563,#13243,#13244);
#12139=AXIS2_PLACEMENT_3D('',#16566,#13245,#13246);
#12140=AXIS2_PLACEMENT_3D('',#16570,#13248,#13249);
#12141=AXIS2_PLACEMENT_3D('',#16584,#13250,#13251);
#12142=AXIS2_PLACEMENT_3D('',#16588,#13253,#13254);
#12143=AXIS2_PLACEMENT_3D('',#16590,#13255,#13256);
#12144=AXIS2_PLACEMENT_3D('',#16592,#13257,#13258);
#12145=AXIS2_PLACEMENT_3D('',#16594,#13259,#13260);
#12146=AXIS2_PLACEMENT_3D('',#16596,#13261,#13262);
#12147=AXIS2_PLACEMENT_3D('',#16597,#13263,#13264);
#12148=AXIS2_PLACEMENT_3D('',#16600,#13265,#13266);
#12149=AXIS2_PLACEMENT_3D('',#16602,#13267,#13268);
#12150=AXIS2_PLACEMENT_3D('',#16604,#13269,#13270);
#12151=AXIS2_PLACEMENT_3D('',#16606,#13271,#13272);
#12152=AXIS2_PLACEMENT_3D('',#16608,#13273,#13274);
#12153=AXIS2_PLACEMENT_3D('',#16609,#13275,#13276);
#12154=AXIS2_PLACEMENT_3D('',#16612,#13277,#13278);
#12155=AXIS2_PLACEMENT_3D('',#16614,#13279,#13280);
#12156=AXIS2_PLACEMENT_3D('',#16616,#13281,#13282);
#12157=AXIS2_PLACEMENT_3D('',#16618,#13283,#13284);
#12158=AXIS2_PLACEMENT_3D('',#16620,#13285,#13286);
#12159=AXIS2_PLACEMENT_3D('',#16621,#13287,#13288);
#12160=AXIS2_PLACEMENT_3D('',#16624,#13289,#13290);
#12161=AXIS2_PLACEMENT_3D('',#16626,#13291,#13292);
#12162=AXIS2_PLACEMENT_3D('',#16628,#13293,#13294);
#12163=AXIS2_PLACEMENT_3D('',#16630,#13295,#13296);
#12164=AXIS2_PLACEMENT_3D('',#16632,#13297,#13298);
#12165=AXIS2_PLACEMENT_3D('',#16633,#13299,#13300);
#12166=AXIS2_PLACEMENT_3D('',#16636,#13301,#13302);
#12167=AXIS2_PLACEMENT_3D('',#16638,#13303,#13304);
#12168=AXIS2_PLACEMENT_3D('',#16640,#13305,#13306);
#12169=AXIS2_PLACEMENT_3D('',#16642,#13307,#13308);
#12170=AXIS2_PLACEMENT_3D('',#16644,#13309,#13310);
#12171=AXIS2_PLACEMENT_3D('',#16645,#13311,#13312);
#12172=AXIS2_PLACEMENT_3D('',#16648,#13313,#13314);
#12173=AXIS2_PLACEMENT_3D('',#16650,#13315,#13316);
#12174=AXIS2_PLACEMENT_3D('',#16652,#13317,#13318);
#12175=AXIS2_PLACEMENT_3D('',#16654,#13319,#13320);
#12176=AXIS2_PLACEMENT_3D('',#16656,#13321,#13322);
#12177=AXIS2_PLACEMENT_3D('',#16657,#13323,#13324);
#12178=AXIS2_PLACEMENT_3D('',#16660,#13325,#13326);
#12179=AXIS2_PLACEMENT_3D('',#16662,#13327,#13328);
#12180=AXIS2_PLACEMENT_3D('',#16664,#13329,#13330);
#12181=AXIS2_PLACEMENT_3D('',#16666,#13331,#13332);
#12182=AXIS2_PLACEMENT_3D('',#16668,#13333,#13334);
#12183=AXIS2_PLACEMENT_3D('',#16669,#13335,#13336);
#12184=AXIS2_PLACEMENT_3D('',#16672,#13337,#13338);
#12185=AXIS2_PLACEMENT_3D('',#16674,#13339,#13340);
#12186=AXIS2_PLACEMENT_3D('',#16676,#13341,#13342);
#12187=AXIS2_PLACEMENT_3D('',#16678,#13343,#13344);
#12188=AXIS2_PLACEMENT_3D('',#16680,#13345,#13346);
#12189=AXIS2_PLACEMENT_3D('',#16681,#13347,#13348);
#12190=AXIS2_PLACEMENT_3D('',#16684,#13349,#13350);
#12191=AXIS2_PLACEMENT_3D('',#16686,#13351,#13352);
#12192=AXIS2_PLACEMENT_3D('',#16688,#13353,#13354);
#12193=AXIS2_PLACEMENT_3D('',#16690,#13355,#13356);
#12194=AXIS2_PLACEMENT_3D('',#16692,#13357,#13358);
#12195=AXIS2_PLACEMENT_3D('',#16693,#13359,#13360);
#12196=AXIS2_PLACEMENT_3D('',#16696,#13361,#13362);
#12197=AXIS2_PLACEMENT_3D('',#16698,#13363,#13364);
#12198=AXIS2_PLACEMENT_3D('',#16700,#13365,#13366);
#12199=AXIS2_PLACEMENT_3D('',#16702,#13367,#13368);
#12200=AXIS2_PLACEMENT_3D('',#16704,#13369,#13370);
#12201=AXIS2_PLACEMENT_3D('',#16705,#13371,#13372);
#12202=AXIS2_PLACEMENT_3D('',#16708,#13373,#13374);
#12203=AXIS2_PLACEMENT_3D('',#16710,#13375,#13376);
#12204=AXIS2_PLACEMENT_3D('',#16712,#13377,#13378);
#12205=AXIS2_PLACEMENT_3D('',#16714,#13379,#13380);
#12206=AXIS2_PLACEMENT_3D('',#16716,#13381,#13382);
#12207=AXIS2_PLACEMENT_3D('',#16717,#13383,#13384);
#12208=AXIS2_PLACEMENT_3D('',#16720,#13385,#13386);
#12209=AXIS2_PLACEMENT_3D('',#16722,#13387,#13388);
#12210=AXIS2_PLACEMENT_3D('',#16724,#13389,#13390);
#12211=AXIS2_PLACEMENT_3D('',#16726,#13391,#13392);
#12212=AXIS2_PLACEMENT_3D('',#16728,#13393,#13394);
#12213=AXIS2_PLACEMENT_3D('',#16729,#13395,#13396);
#12214=AXIS2_PLACEMENT_3D('',#16732,#13397,#13398);
#12215=AXIS2_PLACEMENT_3D('',#16734,#13399,#13400);
#12216=AXIS2_PLACEMENT_3D('',#16736,#13401,#13402);
#12217=AXIS2_PLACEMENT_3D('',#16738,#13403,#13404);
#12218=AXIS2_PLACEMENT_3D('',#16740,#13405,#13406);
#12219=AXIS2_PLACEMENT_3D('',#16741,#13407,#13408);
#12220=AXIS2_PLACEMENT_3D('',#16744,#13409,#13410);
#12221=AXIS2_PLACEMENT_3D('',#16746,#13411,#13412);
#12222=AXIS2_PLACEMENT_3D('',#16748,#13413,#13414);
#12223=AXIS2_PLACEMENT_3D('',#16750,#13415,#13416);
#12224=AXIS2_PLACEMENT_3D('',#16752,#13417,#13418);
#12225=AXIS2_PLACEMENT_3D('',#16753,#13419,#13420);
#12226=AXIS2_PLACEMENT_3D('',#16756,#13421,#13422);
#12227=AXIS2_PLACEMENT_3D('',#16758,#13423,#13424);
#12228=AXIS2_PLACEMENT_3D('',#16760,#13425,#13426);
#12229=AXIS2_PLACEMENT_3D('',#16762,#13427,#13428);
#12230=AXIS2_PLACEMENT_3D('',#16764,#13429,#13430);
#12231=AXIS2_PLACEMENT_3D('',#16765,#13431,#13432);
#12232=AXIS2_PLACEMENT_3D('',#16768,#13435,#13436);
#12233=AXIS2_PLACEMENT_3D('',#16782,#13444,#13445);
#12234=AXIS2_PLACEMENT_3D('',#16786,#13447,#13448);
#12235=AXIS2_PLACEMENT_3D('',#16790,#13450,#13451);
#12236=AXIS2_PLACEMENT_3D('',#16810,#13463,#13464);
#12237=AXIS2_PLACEMENT_3D('',#16814,#13466,#13467);
#12238=AXIS2_PLACEMENT_3D('',#16824,#13474,#13475);
#12239=AXIS2_PLACEMENT_3D('',#16837,#13476,#13477);
#12240=AXIS2_PLACEMENT_3D('',#16840,#13478,#13479);
#12241=AXIS2_PLACEMENT_3D('',#16877,#13480,#13481);
#12242=AXIS2_PLACEMENT_3D('',#16879,#13482,#13483);
#12243=AXIS2_PLACEMENT_3D('',#16881,#13484,#13485);
#12244=AXIS2_PLACEMENT_3D('',#16882,#13486,#13487);
#12245=AXIS2_PLACEMENT_3D('',#16884,#13488,#13489);
#12246=AXIS2_PLACEMENT_3D('',#16886,#13490,#13491);
#12247=AXIS2_PLACEMENT_3D('',#16887,#13492,#13493);
#12248=AXIS2_PLACEMENT_3D('',#16889,#13494,#13495);
#12249=AXIS2_PLACEMENT_3D('',#16891,#13496,#13497);
#12250=AXIS2_PLACEMENT_3D('',#16892,#13498,#13499);
#12251=AXIS2_PLACEMENT_3D('',#16893,#13500,#13501);
#12252=AXIS2_PLACEMENT_3D('',#16906,#13508,#13509);
#12253=AXIS2_PLACEMENT_3D('',#16912,#13513,#13514);
#12254=AXIS2_PLACEMENT_3D('',#16913,#13515,#13516);
#12255=AXIS2_PLACEMENT_3D('',#16925,#13522,#13523);
#12256=AXIS2_PLACEMENT_3D('',#16926,#13524,#13525);
#12257=AXIS2_PLACEMENT_3D('',#16928,#13526,#13527);
#12258=AXIS2_PLACEMENT_3D('',#16929,#13528,#13529);
#12259=AXIS2_PLACEMENT_3D('',#16930,#13530,#13531);
#12260=AXIS2_PLACEMENT_3D('',#16934,#13534,#13535);
#12261=AXIS2_PLACEMENT_3D('',#16935,#13536,#13537);
#12262=AXIS2_PLACEMENT_3D('',#16948,#13544,#13545);
#12263=AXIS2_PLACEMENT_3D('',#17375,#13759,#13760);
#12264=AXIS2_PLACEMENT_3D('',#17378,#13762,#13763);
#12265=AXIS2_PLACEMENT_3D('',#17380,#13764,#13765);
#12266=AXIS2_PLACEMENT_3D('',#17385,#13767,#13768);
#12267=AXIS2_PLACEMENT_3D('',#17387,#13769,#13770);
#12268=AXIS2_PLACEMENT_3D('',#17395,#13774,#13775);
#12269=AXIS2_PLACEMENT_3D('',#17397,#13776,#13777);
#12270=AXIS2_PLACEMENT_3D('',#17398,#13778,#13779);
#12271=AXIS2_PLACEMENT_3D('',#17401,#13781,#13782);
#12272=AXIS2_PLACEMENT_3D('',#17692,#13929,#13930);
#12273=AXIS2_PLACEMENT_3D('',#17693,#13931,#13932);
#12274=AXIS2_PLACEMENT_3D('',#17696,#13933,#13934);
#12275=AXIS2_PLACEMENT_3D('',#17698,#13935,#13936);
#12276=AXIS2_PLACEMENT_3D('',#17700,#13937,#13938);
#12277=AXIS2_PLACEMENT_3D('',#17702,#13939,#13940);
#12278=AXIS2_PLACEMENT_3D('',#17704,#13941,#13942);
#12279=AXIS2_PLACEMENT_3D('',#17705,#13943,#13944);
#12280=AXIS2_PLACEMENT_3D('',#17708,#13945,#13946);
#12281=AXIS2_PLACEMENT_3D('',#17710,#13947,#13948);
#12282=AXIS2_PLACEMENT_3D('',#17712,#13949,#13950);
#12283=AXIS2_PLACEMENT_3D('',#17714,#13951,#13952);
#12284=AXIS2_PLACEMENT_3D('',#17716,#13953,#13954);
#12285=AXIS2_PLACEMENT_3D('',#17717,#13955,#13956);
#12286=AXIS2_PLACEMENT_3D('',#17720,#13957,#13958);
#12287=AXIS2_PLACEMENT_3D('',#17722,#13959,#13960);
#12288=AXIS2_PLACEMENT_3D('',#17724,#13961,#13962);
#12289=AXIS2_PLACEMENT_3D('',#17726,#13963,#13964);
#12290=AXIS2_PLACEMENT_3D('',#17728,#13965,#13966);
#12291=AXIS2_PLACEMENT_3D('',#17729,#13967,#13968);
#12292=AXIS2_PLACEMENT_3D('',#17732,#13969,#13970);
#12293=AXIS2_PLACEMENT_3D('',#17734,#13971,#13972);
#12294=AXIS2_PLACEMENT_3D('',#17736,#13973,#13974);
#12295=AXIS2_PLACEMENT_3D('',#17738,#13975,#13976);
#12296=AXIS2_PLACEMENT_3D('',#17740,#13977,#13978);
#12297=AXIS2_PLACEMENT_3D('',#17741,#13979,#13980);
#12298=AXIS2_PLACEMENT_3D('',#17744,#13981,#13982);
#12299=AXIS2_PLACEMENT_3D('',#17746,#13983,#13984);
#12300=AXIS2_PLACEMENT_3D('',#17748,#13985,#13986);
#12301=AXIS2_PLACEMENT_3D('',#17750,#13987,#13988);
#12302=AXIS2_PLACEMENT_3D('',#17752,#13989,#13990);
#12303=AXIS2_PLACEMENT_3D('',#17753,#13991,#13992);
#12304=AXIS2_PLACEMENT_3D('',#17756,#13993,#13994);
#12305=AXIS2_PLACEMENT_3D('',#17758,#13995,#13996);
#12306=AXIS2_PLACEMENT_3D('',#17760,#13997,#13998);
#12307=AXIS2_PLACEMENT_3D('',#17762,#13999,#14000);
#12308=AXIS2_PLACEMENT_3D('',#17764,#14001,#14002);
#12309=AXIS2_PLACEMENT_3D('',#17765,#14003,#14004);
#12310=AXIS2_PLACEMENT_3D('',#17768,#14005,#14006);
#12311=AXIS2_PLACEMENT_3D('',#17770,#14007,#14008);
#12312=AXIS2_PLACEMENT_3D('',#17772,#14009,#14010);
#12313=AXIS2_PLACEMENT_3D('',#17774,#14011,#14012);
#12314=AXIS2_PLACEMENT_3D('',#17776,#14013,#14014);
#12315=AXIS2_PLACEMENT_3D('',#17777,#14015,#14016);
#12316=AXIS2_PLACEMENT_3D('',#17780,#14017,#14018);
#12317=AXIS2_PLACEMENT_3D('',#17782,#14019,#14020);
#12318=AXIS2_PLACEMENT_3D('',#17784,#14021,#14022);
#12319=AXIS2_PLACEMENT_3D('',#17786,#14023,#14024);
#12320=AXIS2_PLACEMENT_3D('',#17788,#14025,#14026);
#12321=AXIS2_PLACEMENT_3D('',#17789,#14027,#14028);
#12322=AXIS2_PLACEMENT_3D('',#17792,#14029,#14030);
#12323=AXIS2_PLACEMENT_3D('',#17794,#14031,#14032);
#12324=AXIS2_PLACEMENT_3D('',#17796,#14033,#14034);
#12325=AXIS2_PLACEMENT_3D('',#17798,#14035,#14036);
#12326=AXIS2_PLACEMENT_3D('',#17800,#14037,#14038);
#12327=AXIS2_PLACEMENT_3D('',#17801,#14039,#14040);
#12328=AXIS2_PLACEMENT_3D('',#17804,#14041,#14042);
#12329=AXIS2_PLACEMENT_3D('',#17806,#14043,#14044);
#12330=AXIS2_PLACEMENT_3D('',#17808,#14045,#14046);
#12331=AXIS2_PLACEMENT_3D('',#17810,#14047,#14048);
#12332=AXIS2_PLACEMENT_3D('',#17812,#14049,#14050);
#12333=AXIS2_PLACEMENT_3D('',#17813,#14051,#14052);
#12334=AXIS2_PLACEMENT_3D('',#17816,#14053,#14054);
#12335=AXIS2_PLACEMENT_3D('',#17818,#14055,#14056);
#12336=AXIS2_PLACEMENT_3D('',#17820,#14057,#14058);
#12337=AXIS2_PLACEMENT_3D('',#17822,#14059,#14060);
#12338=AXIS2_PLACEMENT_3D('',#17824,#14061,#14062);
#12339=AXIS2_PLACEMENT_3D('',#17825,#14063,#14064);
#12340=AXIS2_PLACEMENT_3D('',#17827,#14065,#14066);
#12341=AXIS2_PLACEMENT_3D('',#17829,#14067,#14068);
#12342=AXIS2_PLACEMENT_3D('',#17831,#14069,#14070);
#12343=AXIS2_PLACEMENT_3D('',#17833,#14071,#14072);
#12344=AXIS2_PLACEMENT_3D('',#17836,#14074,#14075);
#12345=AXIS2_PLACEMENT_3D('',#17850,#14076,#14077);
#12346=AXIS2_PLACEMENT_3D('',#17853,#14079,#14080);
#12347=AXIS2_PLACEMENT_3D('',#17856,#14081,#14082);
#12348=AXIS2_PLACEMENT_3D('',#17858,#14083,#14084);
#12349=AXIS2_PLACEMENT_3D('',#17860,#14085,#14086);
#12350=AXIS2_PLACEMENT_3D('',#17862,#14087,#14088);
#12351=AXIS2_PLACEMENT_3D('',#17864,#14089,#14090);
#12352=AXIS2_PLACEMENT_3D('',#17865,#14091,#14092);
#12353=AXIS2_PLACEMENT_3D('',#17868,#14093,#14094);
#12354=AXIS2_PLACEMENT_3D('',#17870,#14095,#14096);
#12355=AXIS2_PLACEMENT_3D('',#17872,#14097,#14098);
#12356=AXIS2_PLACEMENT_3D('',#17874,#14099,#14100);
#12357=AXIS2_PLACEMENT_3D('',#17876,#14101,#14102);
#12358=AXIS2_PLACEMENT_3D('',#17877,#14103,#14104);
#12359=AXIS2_PLACEMENT_3D('',#17880,#14105,#14106);
#12360=AXIS2_PLACEMENT_3D('',#17882,#14107,#14108);
#12361=AXIS2_PLACEMENT_3D('',#17884,#14109,#14110);
#12362=AXIS2_PLACEMENT_3D('',#17886,#14111,#14112);
#12363=AXIS2_PLACEMENT_3D('',#17888,#14113,#14114);
#12364=AXIS2_PLACEMENT_3D('',#17889,#14115,#14116);
#12365=AXIS2_PLACEMENT_3D('',#17892,#14117,#14118);
#12366=AXIS2_PLACEMENT_3D('',#17894,#14119,#14120);
#12367=AXIS2_PLACEMENT_3D('',#17896,#14121,#14122);
#12368=AXIS2_PLACEMENT_3D('',#17898,#14123,#14124);
#12369=AXIS2_PLACEMENT_3D('',#17900,#14125,#14126);
#12370=AXIS2_PLACEMENT_3D('',#17901,#14127,#14128);
#12371=AXIS2_PLACEMENT_3D('',#17904,#14129,#14130);
#12372=AXIS2_PLACEMENT_3D('',#17906,#14131,#14132);
#12373=AXIS2_PLACEMENT_3D('',#17908,#14133,#14134);
#12374=AXIS2_PLACEMENT_3D('',#17910,#14135,#14136);
#12375=AXIS2_PLACEMENT_3D('',#17912,#14137,#14138);
#12376=AXIS2_PLACEMENT_3D('',#17913,#14139,#14140);
#12377=AXIS2_PLACEMENT_3D('',#17916,#14141,#14142);
#12378=AXIS2_PLACEMENT_3D('',#17918,#14143,#14144);
#12379=AXIS2_PLACEMENT_3D('',#17920,#14145,#14146);
#12380=AXIS2_PLACEMENT_3D('',#17922,#14147,#14148);
#12381=AXIS2_PLACEMENT_3D('',#17924,#14149,#14150);
#12382=AXIS2_PLACEMENT_3D('',#17925,#14151,#14152);
#12383=AXIS2_PLACEMENT_3D('',#17928,#14153,#14154);
#12384=AXIS2_PLACEMENT_3D('',#17930,#14155,#14156);
#12385=AXIS2_PLACEMENT_3D('',#17932,#14157,#14158);
#12386=AXIS2_PLACEMENT_3D('',#17934,#14159,#14160);
#12387=AXIS2_PLACEMENT_3D('',#17936,#14161,#14162);
#12388=AXIS2_PLACEMENT_3D('',#17937,#14163,#14164);
#12389=AXIS2_PLACEMENT_3D('',#17940,#14165,#14166);
#12390=AXIS2_PLACEMENT_3D('',#17942,#14167,#14168);
#12391=AXIS2_PLACEMENT_3D('',#17944,#14169,#14170);
#12392=AXIS2_PLACEMENT_3D('',#17946,#14171,#14172);
#12393=AXIS2_PLACEMENT_3D('',#17948,#14173,#14174);
#12394=AXIS2_PLACEMENT_3D('',#17949,#14175,#14176);
#12395=AXIS2_PLACEMENT_3D('',#17952,#14177,#14178);
#12396=AXIS2_PLACEMENT_3D('',#17954,#14179,#14180);
#12397=AXIS2_PLACEMENT_3D('',#17956,#14181,#14182);
#12398=AXIS2_PLACEMENT_3D('',#17958,#14183,#14184);
#12399=AXIS2_PLACEMENT_3D('',#17960,#14185,#14186);
#12400=AXIS2_PLACEMENT_3D('',#17961,#14187,#14188);
#12401=AXIS2_PLACEMENT_3D('',#17964,#14189,#14190);
#12402=AXIS2_PLACEMENT_3D('',#17966,#14191,#14192);
#12403=AXIS2_PLACEMENT_3D('',#17968,#14193,#14194);
#12404=AXIS2_PLACEMENT_3D('',#17970,#14195,#14196);
#12405=AXIS2_PLACEMENT_3D('',#17972,#14197,#14198);
#12406=AXIS2_PLACEMENT_3D('',#17973,#14199,#14200);
#12407=AXIS2_PLACEMENT_3D('',#17976,#14201,#14202);
#12408=AXIS2_PLACEMENT_3D('',#17978,#14203,#14204);
#12409=AXIS2_PLACEMENT_3D('',#17980,#14205,#14206);
#12410=AXIS2_PLACEMENT_3D('',#17982,#14207,#14208);
#12411=AXIS2_PLACEMENT_3D('',#17984,#14209,#14210);
#12412=AXIS2_PLACEMENT_3D('',#17985,#14211,#14212);
#12413=AXIS2_PLACEMENT_3D('',#17988,#14213,#14214);
#12414=AXIS2_PLACEMENT_3D('',#17990,#14215,#14216);
#12415=AXIS2_PLACEMENT_3D('',#17992,#14217,#14218);
#12416=AXIS2_PLACEMENT_3D('',#17994,#14219,#14220);
#12417=AXIS2_PLACEMENT_3D('',#17996,#14221,#14222);
#12418=AXIS2_PLACEMENT_3D('',#17997,#14223,#14224);
#12419=AXIS2_PLACEMENT_3D('',#18014,#14237,#14238);
#12420=AXIS2_PLACEMENT_3D('',#18016,#14240,#14241);
#12421=AXIS2_PLACEMENT_3D('',#18022,#14245,#14246);
#12422=AXIS2_PLACEMENT_3D('',#18026,#14249,#14250);
#12423=AXIS2_PLACEMENT_3D('',#18030,#14253,#14254);
#12424=AXIS2_PLACEMENT_3D('',#18032,#14256,#14257);
#12425=AXIS2_PLACEMENT_3D('',#18039,#14258,#14259);
#12426=AXIS2_PLACEMENT_3D('',#18041,#14260,#14261);
#12427=AXIS2_PLACEMENT_3D('',#18043,#14262,#14263);
#12428=AXIS2_PLACEMENT_3D('',#18053,#14264,#14265);
#12429=AXIS2_PLACEMENT_3D('',#18054,#14266,#14267);
#12430=AXIS2_PLACEMENT_3D('',#18057,#14269,#14270);
#12431=AXIS2_PLACEMENT_3D('',#18060,#14272,#14273);
#12432=AXIS2_PLACEMENT_3D('',#18061,#14274,#14275);
#12433=AXIS2_PLACEMENT_3D('',#18064,#14277,#14278);
#12434=AXIS2_PLACEMENT_3D('',#18068,#14281,#14282);
#12435=AXIS2_PLACEMENT_3D('',#18070,#14284,#14285);
#12436=AXIS2_PLACEMENT_3D('',#18492,#14501,#14502);
#12437=AXIS2_PLACEMENT_3D('',#18515,#14517,#14518);
#12438=AXIS2_PLACEMENT_3D('',#18516,#14519,#14520);
#12439=AXIS2_PLACEMENT_3D('',#18517,#14521,#14522);
#12440=AXIS2_PLACEMENT_3D('',#18518,#14523,#14524);
#12441=AXIS2_PLACEMENT_3D('',#18519,#14525,#14526);
#12442=AXIS2_PLACEMENT_3D('',#18520,#14527,#14528);
#12443=AXIS2_PLACEMENT_3D('',#18521,#14529,#14530);
#12444=AXIS2_PLACEMENT_3D('',#18523,#14531,#14532);
#12445=AXIS2_PLACEMENT_3D('',#18529,#14536,#14537);
#12446=AXIS2_PLACEMENT_3D('',#18543,#14545,#14546);
#12447=AXIS2_PLACEMENT_3D('',#18547,#14549,#14550);
#12448=AXIS2_PLACEMENT_3D('',#18550,#14552,#14553);
#12449=AXIS2_PLACEMENT_3D('',#18552,#14554,#14555);
#12450=AXIS2_PLACEMENT_3D('',#18553,#14556,#14557);
#12451=AXIS2_PLACEMENT_3D('',#18557,#14560,#14561);
#12452=AXIS2_PLACEMENT_3D('',#18559,#14562,#14563);
#12453=AXIS2_PLACEMENT_3D('',#18560,#14564,#14565);
#12454=AXIS2_PLACEMENT_3D('',#18563,#14567,#14568);
#12455=AXIS2_PLACEMENT_3D('',#18569,#14572,#14573);
#12456=AXIS2_PLACEMENT_3D('',#18570,#14574,#14575);
#12457=AXIS2_PLACEMENT_3D('',#18572,#14576,#14577);
#12458=AXIS2_PLACEMENT_3D('',#18573,#14578,#14579);
#12459=AXIS2_PLACEMENT_3D('',#18575,#14580,#14581);
#12460=AXIS2_PLACEMENT_3D('',#18576,#14582,#14583);
#12461=AXIS2_PLACEMENT_3D('',#18577,#14584,#14585);
#12462=AXIS2_PLACEMENT_3D('',#18579,#14586,#14587);
#12463=AXIS2_PLACEMENT_3D('',#18580,#14588,#14589);
#12464=AXIS2_PLACEMENT_3D('',#18581,#14590,#14591);
#12465=AXIS2_PLACEMENT_3D('',#18583,#14592,#14593);
#12466=AXIS2_PLACEMENT_3D('',#18584,#14594,#14595);
#12467=AXIS2_PLACEMENT_3D('',#18585,#14596,#14597);
#12468=AXIS2_PLACEMENT_3D('',#18587,#14598,#14599);
#12469=AXIS2_PLACEMENT_3D('',#18588,#14600,#14601);
#12470=AXIS2_PLACEMENT_3D('',#18595,#14605,#14606);
#12471=AXIS2_PLACEMENT_3D('',#18596,#14607,#14608);
#12472=AXIS2_PLACEMENT_3D('',#18599,#14610,#14611);
#12473=AXIS2_PLACEMENT_3D('',#18600,#14612,#14613);
#12474=AXIS2_PLACEMENT_3D('',#18601,#14614,#14615);
#12475=AXIS2_PLACEMENT_3D('',#18603,#14616,#14617);
#12476=AXIS2_PLACEMENT_3D('',#18604,#14618,#14619);
#12477=AXIS2_PLACEMENT_3D('',#18606,#14621,#14622);
#12478=AXIS2_PLACEMENT_3D('',#18609,#14625,#14626);
#12479=AXIS2_PLACEMENT_3D('',#18611,#14628,#14629);
#12480=AXIS2_PLACEMENT_3D('',#18612,#14630,#14631);
#12481=AXIS2_PLACEMENT_3D('',#18613,#14632,#14633);
#12482=AXIS2_PLACEMENT_3D('',#18615,#14634,#14635);
#12483=AXIS2_PLACEMENT_3D('',#18616,#14636,#14637);
#12484=AXIS2_PLACEMENT_3D('',#18618,#14638,#14639);
#12485=AXIS2_PLACEMENT_3D('',#18619,#14640,#14641);
#12486=AXIS2_PLACEMENT_3D('',#18620,#14642,#14643);
#12487=AXIS2_PLACEMENT_3D('',#18622,#14644,#14645);
#12488=AXIS2_PLACEMENT_3D('',#18623,#14646,#14647);
#12489=AXIS2_PLACEMENT_3D('',#18640,#14660,#14661);
#12490=AXIS2_PLACEMENT_3D('',#18643,#14664,#14665);
#12491=AXIS2_PLACEMENT_3D('',#18644,#14666,#14667);
#12492=AXIS2_PLACEMENT_3D('',#18645,#14668,#14669);
#12493=AXIS2_PLACEMENT_3D('',#18646,#14670,#14671);
#12494=AXIS2_PLACEMENT_3D('',#18647,#14672,#14673);
#12495=AXIS2_PLACEMENT_3D('',#18648,#14674,#14675);
#12496=AXIS2_PLACEMENT_3D('',#18649,#14676,#14677);
#12497=AXIS2_PLACEMENT_3D('',#18650,#14678,#14679);
#12498=AXIS2_PLACEMENT_3D('',#18651,#14680,#14681);
#12499=AXIS2_PLACEMENT_3D('',#18654,#14684,#14685);
#12500=AXIS2_PLACEMENT_3D('',#18656,#14687,#14688);
#12501=AXIS2_PLACEMENT_3D('',#18660,#14691,#14692);
#12502=AXIS2_PLACEMENT_3D('',#18664,#14695,#14696);
#12503=AXIS2_PLACEMENT_3D('',#18670,#14700,#14701);
#12504=AXIS2_PLACEMENT_3D('',#18672,#14703,#14704);
#12505=AXIS2_PLACEMENT_3D('',#18676,#14707,#14708);
#12506=AXIS2_PLACEMENT_3D('',#18679,#14711,#14712);
#12507=AXIS2_PLACEMENT_3D('',#18681,#14714,#14715);
#12508=AXIS2_PLACEMENT_3D('',#18685,#14718,#14719);
#12509=AXIS2_PLACEMENT_3D('',#18689,#14722,#14723);
#12510=AXIS2_PLACEMENT_3D('',#18695,#14727,#14728);
#12511=AXIS2_PLACEMENT_3D('',#18697,#14730,#14731);
#12512=AXIS2_PLACEMENT_3D('',#18699,#14733,#14734);
#12513=AXIS2_PLACEMENT_3D('',#18702,#14737,#14738);
#12514=AXIS2_PLACEMENT_3D('',#18704,#14740,#14741);
#12515=AXIS2_PLACEMENT_3D('',#18708,#14744,#14745);
#12516=AXIS2_PLACEMENT_3D('',#18712,#14748,#14749);
#12517=AXIS2_PLACEMENT_3D('',#18716,#14752,#14753);
#12518=AXIS2_PLACEMENT_3D('',#18718,#14755,#14756);
#12519=AXIS2_PLACEMENT_3D('',#18719,#14757,#14758);
#12520=AXIS2_PLACEMENT_3D('',#18722,#14761,#14762);
#12521=AXIS2_PLACEMENT_3D('',#18724,#14764,#14765);
#12522=AXIS2_PLACEMENT_3D('',#18728,#14768,#14769);
#12523=AXIS2_PLACEMENT_3D('',#18732,#14772,#14773);
#12524=AXIS2_PLACEMENT_3D('',#18736,#14776,#14777);
#12525=AXIS2_PLACEMENT_3D('',#18738,#14779,#14780);
#12526=AXIS2_PLACEMENT_3D('',#18739,#14781,#14782);
#12527=AXIS2_PLACEMENT_3D('',#18742,#14785,#14786);
#12528=AXIS2_PLACEMENT_3D('',#18744,#14788,#14789);
#12529=AXIS2_PLACEMENT_3D('',#18746,#14791,#14792);
#12530=AXIS2_PLACEMENT_3D('',#18748,#14794,#14795);
#12531=AXIS2_PLACEMENT_3D('',#18750,#14797,#14798);
#12532=AXIS2_PLACEMENT_3D('',#18751,#14799,#14800);
#12533=AXIS2_PLACEMENT_3D('',#18754,#14803,#14804);
#12534=AXIS2_PLACEMENT_3D('',#18756,#14806,#14807);
#12535=AXIS2_PLACEMENT_3D('',#18758,#14809,#14810);
#12536=AXIS2_PLACEMENT_3D('',#18760,#14812,#14813);
#12537=AXIS2_PLACEMENT_3D('',#18762,#14815,#14816);
#12538=AXIS2_PLACEMENT_3D('',#18763,#14817,#14818);
#12539=AXIS2_PLACEMENT_3D('',#18766,#14821,#14822);
#12540=AXIS2_PLACEMENT_3D('',#18768,#14824,#14825);
#12541=AXIS2_PLACEMENT_3D('',#18770,#14827,#14828);
#12542=AXIS2_PLACEMENT_3D('',#18772,#14830,#14831);
#12543=AXIS2_PLACEMENT_3D('',#18774,#14833,#14834);
#12544=AXIS2_PLACEMENT_3D('',#18775,#14835,#14836);
#12545=AXIS2_PLACEMENT_3D('',#18778,#14839,#14840);
#12546=AXIS2_PLACEMENT_3D('',#18780,#14842,#14843);
#12547=AXIS2_PLACEMENT_3D('',#18782,#14845,#14846);
#12548=AXIS2_PLACEMENT_3D('',#18784,#14848,#14849);
#12549=AXIS2_PLACEMENT_3D('',#18786,#14851,#14852);
#12550=AXIS2_PLACEMENT_3D('',#18787,#14853,#14854);
#12551=AXIS2_PLACEMENT_3D('',#18790,#14857,#14858);
#12552=AXIS2_PLACEMENT_3D('',#18792,#14860,#14861);
#12553=AXIS2_PLACEMENT_3D('',#18794,#14863,#14864);
#12554=AXIS2_PLACEMENT_3D('',#18796,#14866,#14867);
#12555=AXIS2_PLACEMENT_3D('',#18798,#14869,#14870);
#12556=AXIS2_PLACEMENT_3D('',#18799,#14871,#14872);
#12557=AXIS2_PLACEMENT_3D('',#18802,#14875,#14876);
#12558=AXIS2_PLACEMENT_3D('',#18804,#14878,#14879);
#12559=AXIS2_PLACEMENT_3D('',#18806,#14881,#14882);
#12560=AXIS2_PLACEMENT_3D('',#18808,#14884,#14885);
#12561=AXIS2_PLACEMENT_3D('',#18810,#14887,#14888);
#12562=AXIS2_PLACEMENT_3D('',#18811,#14889,#14890);
#12563=AXIS2_PLACEMENT_3D('',#18814,#14893,#14894);
#12564=AXIS2_PLACEMENT_3D('',#18816,#14896,#14897);
#12565=AXIS2_PLACEMENT_3D('',#18818,#14899,#14900);
#12566=AXIS2_PLACEMENT_3D('',#18820,#14902,#14903);
#12567=AXIS2_PLACEMENT_3D('',#18822,#14905,#14906);
#12568=AXIS2_PLACEMENT_3D('',#18823,#14907,#14908);
#12569=AXIS2_PLACEMENT_3D('',#18826,#14911,#14912);
#12570=AXIS2_PLACEMENT_3D('',#18828,#14914,#14915);
#12571=AXIS2_PLACEMENT_3D('',#18830,#14917,#14918);
#12572=AXIS2_PLACEMENT_3D('',#18832,#14920,#14921);
#12573=AXIS2_PLACEMENT_3D('',#18834,#14923,#14924);
#12574=AXIS2_PLACEMENT_3D('',#18835,#14925,#14926);
#12575=AXIS2_PLACEMENT_3D('',#18838,#14929,#14930);
#12576=AXIS2_PLACEMENT_3D('',#18840,#14932,#14933);
#12577=AXIS2_PLACEMENT_3D('',#18842,#14935,#14936);
#12578=AXIS2_PLACEMENT_3D('',#18844,#14938,#14939);
#12579=AXIS2_PLACEMENT_3D('',#18846,#14941,#14942);
#12580=AXIS2_PLACEMENT_3D('',#18847,#14943,#14944);
#12581=AXIS2_PLACEMENT_3D('',#18850,#14947,#14948);
#12582=AXIS2_PLACEMENT_3D('',#18852,#14950,#14951);
#12583=AXIS2_PLACEMENT_3D('',#18854,#14953,#14954);
#12584=AXIS2_PLACEMENT_3D('',#18856,#14956,#14957);
#12585=AXIS2_PLACEMENT_3D('',#18858,#14959,#14960);
#12586=AXIS2_PLACEMENT_3D('',#18859,#14961,#14962);
#12587=AXIS2_PLACEMENT_3D('',#18862,#14965,#14966);
#12588=AXIS2_PLACEMENT_3D('',#18864,#14968,#14969);
#12589=AXIS2_PLACEMENT_3D('',#18866,#14971,#14972);
#12590=AXIS2_PLACEMENT_3D('',#18868,#14974,#14975);
#12591=AXIS2_PLACEMENT_3D('',#18870,#14977,#14978);
#12592=AXIS2_PLACEMENT_3D('',#18871,#14979,#14980);
#12593=AXIS2_PLACEMENT_3D('',#18874,#14983,#14984);
#12594=AXIS2_PLACEMENT_3D('',#18876,#14986,#14987);
#12595=AXIS2_PLACEMENT_3D('',#18878,#14989,#14990);
#12596=AXIS2_PLACEMENT_3D('',#18880,#14992,#14993);
#12597=AXIS2_PLACEMENT_3D('',#18882,#14995,#14996);
#12598=AXIS2_PLACEMENT_3D('',#18883,#14997,#14998);
#12599=AXIS2_PLACEMENT_3D('',#18886,#15001,#15002);
#12600=AXIS2_PLACEMENT_3D('',#18888,#15004,#15005);
#12601=AXIS2_PLACEMENT_3D('',#18890,#15007,#15008);
#12602=AXIS2_PLACEMENT_3D('',#18892,#15010,#15011);
#12603=AXIS2_PLACEMENT_3D('',#18894,#15013,#15014);
#12604=AXIS2_PLACEMENT_3D('',#18895,#15015,#15016);
#12605=AXIS2_PLACEMENT_3D('',#18898,#15019,#15020);
#12606=AXIS2_PLACEMENT_3D('',#18900,#15022,#15023);
#12607=AXIS2_PLACEMENT_3D('',#18902,#15025,#15026);
#12608=AXIS2_PLACEMENT_3D('',#18904,#15028,#15029);
#12609=AXIS2_PLACEMENT_3D('',#18906,#15031,#15032);
#12610=AXIS2_PLACEMENT_3D('',#18907,#15033,#15034);
#12611=AXIS2_PLACEMENT_3D('',#18910,#15037,#15038);
#12612=AXIS2_PLACEMENT_3D('',#18912,#15040,#15041);
#12613=AXIS2_PLACEMENT_3D('',#18914,#15043,#15044);
#12614=AXIS2_PLACEMENT_3D('',#18916,#15046,#15047);
#12615=AXIS2_PLACEMENT_3D('',#18918,#15049,#15050);
#12616=AXIS2_PLACEMENT_3D('',#18919,#15051,#15052);
#12617=AXIS2_PLACEMENT_3D('',#18922,#15055,#15056);
#12618=AXIS2_PLACEMENT_3D('',#18924,#15058,#15059);
#12619=AXIS2_PLACEMENT_3D('',#18926,#15061,#15062);
#12620=AXIS2_PLACEMENT_3D('',#18928,#15064,#15065);
#12621=AXIS2_PLACEMENT_3D('',#18930,#15067,#15068);
#12622=AXIS2_PLACEMENT_3D('',#18931,#15069,#15070);
#12623=AXIS2_PLACEMENT_3D('',#18934,#15073,#15074);
#12624=AXIS2_PLACEMENT_3D('',#18936,#15076,#15077);
#12625=AXIS2_PLACEMENT_3D('',#18938,#15079,#15080);
#12626=AXIS2_PLACEMENT_3D('',#18940,#15082,#15083);
#12627=AXIS2_PLACEMENT_3D('',#18942,#15085,#15086);
#12628=AXIS2_PLACEMENT_3D('',#18943,#15087,#15088);
#12629=AXIS2_PLACEMENT_3D('',#18946,#15091,#15092);
#12630=AXIS2_PLACEMENT_3D('',#18948,#15094,#15095);
#12631=AXIS2_PLACEMENT_3D('',#18950,#15097,#15098);
#12632=AXIS2_PLACEMENT_3D('',#18952,#15100,#15101);
#12633=AXIS2_PLACEMENT_3D('',#18954,#15103,#15104);
#12634=AXIS2_PLACEMENT_3D('',#18955,#15105,#15106);
#12635=AXIS2_PLACEMENT_3D('',#18958,#15109,#15110);
#12636=AXIS2_PLACEMENT_3D('',#18960,#15112,#15113);
#12637=AXIS2_PLACEMENT_3D('',#18962,#15115,#15116);
#12638=AXIS2_PLACEMENT_3D('',#18964,#15118,#15119);
#12639=AXIS2_PLACEMENT_3D('',#18966,#15121,#15122);
#12640=AXIS2_PLACEMENT_3D('',#18967,#15123,#15124);
#12641=AXIS2_PLACEMENT_3D('',#18970,#15127,#15128);
#12642=AXIS2_PLACEMENT_3D('',#18972,#15130,#15131);
#12643=AXIS2_PLACEMENT_3D('',#18974,#15133,#15134);
#12644=AXIS2_PLACEMENT_3D('',#18976,#15136,#15137);
#12645=AXIS2_PLACEMENT_3D('',#18978,#15139,#15140);
#12646=AXIS2_PLACEMENT_3D('',#18979,#15141,#15142);
#12647=AXIS2_PLACEMENT_3D('',#18982,#15145,#15146);
#12648=AXIS2_PLACEMENT_3D('',#18984,#15148,#15149);
#12649=AXIS2_PLACEMENT_3D('',#18986,#15151,#15152);
#12650=AXIS2_PLACEMENT_3D('',#18988,#15154,#15155);
#12651=AXIS2_PLACEMENT_3D('',#18990,#15157,#15158);
#12652=AXIS2_PLACEMENT_3D('',#18991,#15159,#15160);
#12653=AXIS2_PLACEMENT_3D('',#18994,#15163,#15164);
#12654=AXIS2_PLACEMENT_3D('',#18996,#15166,#15167);
#12655=AXIS2_PLACEMENT_3D('',#18998,#15169,#15170);
#12656=AXIS2_PLACEMENT_3D('',#19000,#15172,#15173);
#12657=AXIS2_PLACEMENT_3D('',#19002,#15175,#15176);
#12658=AXIS2_PLACEMENT_3D('',#19003,#15177,#15178);
#12659=AXIS2_PLACEMENT_3D('',#19006,#15181,#15182);
#12660=AXIS2_PLACEMENT_3D('',#19008,#15184,#15185);
#12661=AXIS2_PLACEMENT_3D('',#19010,#15187,#15188);
#12662=AXIS2_PLACEMENT_3D('',#19012,#15190,#15191);
#12663=AXIS2_PLACEMENT_3D('',#19014,#15193,#15194);
#12664=AXIS2_PLACEMENT_3D('',#19015,#15195,#15196);
#12665=AXIS2_PLACEMENT_3D('',#19018,#15199,#15200);
#12666=AXIS2_PLACEMENT_3D('',#19020,#15202,#15203);
#12667=AXIS2_PLACEMENT_3D('',#19022,#15205,#15206);
#12668=AXIS2_PLACEMENT_3D('',#19024,#15208,#15209);
#12669=AXIS2_PLACEMENT_3D('',#19026,#15211,#15212);
#12670=AXIS2_PLACEMENT_3D('',#19027,#15213,#15214);
#12671=AXIS2_PLACEMENT_3D('',#19030,#15217,#15218);
#12672=AXIS2_PLACEMENT_3D('',#19032,#15220,#15221);
#12673=AXIS2_PLACEMENT_3D('',#19034,#15223,#15224);
#12674=AXIS2_PLACEMENT_3D('',#19036,#15226,#15227);
#12675=AXIS2_PLACEMENT_3D('',#19038,#15229,#15230);
#12676=AXIS2_PLACEMENT_3D('',#19039,#15231,#15232);
#12677=AXIS2_PLACEMENT_3D('',#19042,#15235,#15236);
#12678=AXIS2_PLACEMENT_3D('',#19044,#15238,#15239);
#12679=AXIS2_PLACEMENT_3D('',#19046,#15241,#15242);
#12680=AXIS2_PLACEMENT_3D('',#19048,#15244,#15245);
#12681=AXIS2_PLACEMENT_3D('',#19050,#15247,#15248);
#12682=AXIS2_PLACEMENT_3D('',#19051,#15249,#15250);
#12683=AXIS2_PLACEMENT_3D('',#19054,#15253,#15254);
#12684=AXIS2_PLACEMENT_3D('',#19056,#15256,#15257);
#12685=AXIS2_PLACEMENT_3D('',#19058,#15259,#15260);
#12686=AXIS2_PLACEMENT_3D('',#19060,#15262,#15263);
#12687=AXIS2_PLACEMENT_3D('',#19062,#15265,#15266);
#12688=AXIS2_PLACEMENT_3D('',#19063,#15267,#15268);
#12689=AXIS2_PLACEMENT_3D('',#19066,#15271,#15272);
#12690=AXIS2_PLACEMENT_3D('',#19068,#15274,#15275);
#12691=AXIS2_PLACEMENT_3D('',#19070,#15277,#15278);
#12692=AXIS2_PLACEMENT_3D('',#19072,#15280,#15281);
#12693=AXIS2_PLACEMENT_3D('',#19074,#15283,#15284);
#12694=AXIS2_PLACEMENT_3D('',#19075,#15285,#15286);
#12695=AXIS2_PLACEMENT_3D('',#19078,#15289,#15290);
#12696=AXIS2_PLACEMENT_3D('',#19080,#15292,#15293);
#12697=AXIS2_PLACEMENT_3D('',#19082,#15295,#15296);
#12698=AXIS2_PLACEMENT_3D('',#19084,#15298,#15299);
#12699=AXIS2_PLACEMENT_3D('',#19086,#15301,#15302);
#12700=AXIS2_PLACEMENT_3D('',#19087,#15303,#15304);
#12701=AXIS2_PLACEMENT_3D('',#19090,#15307,#15308);
#12702=AXIS2_PLACEMENT_3D('',#19092,#15310,#15311);
#12703=AXIS2_PLACEMENT_3D('',#19094,#15313,#15314);
#12704=AXIS2_PLACEMENT_3D('',#19096,#15316,#15317);
#12705=AXIS2_PLACEMENT_3D('',#19098,#15319,#15320);
#12706=AXIS2_PLACEMENT_3D('',#19099,#15321,#15322);
#12707=AXIS2_PLACEMENT_3D('',#19102,#15325,#15326);
#12708=AXIS2_PLACEMENT_3D('',#19104,#15328,#15329);
#12709=AXIS2_PLACEMENT_3D('',#19106,#15331,#15332);
#12710=AXIS2_PLACEMENT_3D('',#19108,#15334,#15335);
#12711=AXIS2_PLACEMENT_3D('',#19110,#15337,#15338);
#12712=AXIS2_PLACEMENT_3D('',#19111,#15339,#15340);
#12713=AXIS2_PLACEMENT_3D('',#19113,#15342,#15343);
#12714=AXIS2_PLACEMENT_3D('',#19114,#15344,#15345);
#12715=AXIS2_PLACEMENT_3D('',#19115,#15346,#15347);
#12716=AXIS2_PLACEMENT_3D('',#19121,#15351,#15352);
#12717=AXIS2_PLACEMENT_3D('',#19125,#15355,#15356);
#12718=AXIS2_PLACEMENT_3D('',#19127,#15358,#15359);
#12719=AXIS2_PLACEMENT_3D('',#19130,#15362,#15363);
#12720=AXIS2_PLACEMENT_3D('',#19132,#15365,#15366);
#12721=AXIS2_PLACEMENT_3D('',#19134,#15368,#15369);
#12722=AXIS2_PLACEMENT_3D('',#19137,#15372,#15373);
#12723=AXIS2_PLACEMENT_3D('',#19139,#15375,#15376);
#12724=AXIS2_PLACEMENT_3D('',#19141,#15378,#15379);
#12725=AXIS2_PLACEMENT_3D('',#19142,#15380,#15381);
#12726=AXIS2_PLACEMENT_3D('',#19145,#15384,#15385);
#12727=AXIS2_PLACEMENT_3D('',#19147,#15387,#15388);
#12728=AXIS2_PLACEMENT_3D('',#19149,#15390,#15391);
#12729=AXIS2_PLACEMENT_3D('',#19151,#15393,#15394);
#12730=AXIS2_PLACEMENT_3D('',#19154,#15397,#15398);
#12731=AXIS2_PLACEMENT_3D('',#19155,#15399,#15400);
#12732=AXIS2_PLACEMENT_3D('',#19158,#15403,#15404);
#12733=AXIS2_PLACEMENT_3D('',#19160,#15406,#15407);
#12734=AXIS2_PLACEMENT_3D('',#19162,#15409,#15410);
#12735=AXIS2_PLACEMENT_3D('',#19164,#15412,#15413);
#12736=AXIS2_PLACEMENT_3D('',#19166,#15415,#15416);
#12737=AXIS2_PLACEMENT_3D('',#19167,#15417,#15418);
#12738=AXIS2_PLACEMENT_3D('',#19173,#15422,#15423);
#12739=AXIS2_PLACEMENT_3D('',#19175,#15425,#15426);
#12740=AXIS2_PLACEMENT_3D('',#19177,#15428,#15429);
#12741=AXIS2_PLACEMENT_3D('',#19178,#15430,#15431);
#12742=AXIS2_PLACEMENT_3D('',#19181,#15434,#15435);
#12743=AXIS2_PLACEMENT_3D('',#19183,#15437,#15438);
#12744=AXIS2_PLACEMENT_3D('',#19185,#15440,#15441);
#12745=AXIS2_PLACEMENT_3D('',#19187,#15443,#15444);
#12746=AXIS2_PLACEMENT_3D('',#19189,#15446,#15447);
#12747=AXIS2_PLACEMENT_3D('',#19190,#15448,#15449);
#12748=AXIS2_PLACEMENT_3D('',#19193,#15452,#15453);
#12749=AXIS2_PLACEMENT_3D('',#19195,#15455,#15456);
#12750=AXIS2_PLACEMENT_3D('',#19197,#15458,#15459);
#12751=AXIS2_PLACEMENT_3D('',#19199,#15461,#15462);
#12752=AXIS2_PLACEMENT_3D('',#19201,#15464,#15465);
#12753=AXIS2_PLACEMENT_3D('',#19202,#15466,#15467);
#12754=AXIS2_PLACEMENT_3D('',#19205,#15470,#15471);
#12755=AXIS2_PLACEMENT_3D('',#19207,#15473,#15474);
#12756=AXIS2_PLACEMENT_3D('',#19209,#15476,#15477);
#12757=AXIS2_PLACEMENT_3D('',#19211,#15479,#15480);
#12758=AXIS2_PLACEMENT_3D('',#19213,#15482,#15483);
#12759=AXIS2_PLACEMENT_3D('',#19214,#15484,#15485);
#12760=AXIS2_PLACEMENT_3D('',#19217,#15488,#15489);
#12761=AXIS2_PLACEMENT_3D('',#19219,#15491,#15492);
#12762=AXIS2_PLACEMENT_3D('',#19221,#15494,#15495);
#12763=AXIS2_PLACEMENT_3D('',#19223,#15497,#15498);
#12764=AXIS2_PLACEMENT_3D('',#19225,#15500,#15501);
#12765=AXIS2_PLACEMENT_3D('',#19226,#15502,#15503);
#12766=AXIS2_PLACEMENT_3D('',#19229,#15506,#15507);
#12767=AXIS2_PLACEMENT_3D('',#19231,#15509,#15510);
#12768=AXIS2_PLACEMENT_3D('',#19233,#15512,#15513);
#12769=AXIS2_PLACEMENT_3D('',#19235,#15515,#15516);
#12770=AXIS2_PLACEMENT_3D('',#19237,#15518,#15519);
#12771=AXIS2_PLACEMENT_3D('',#19238,#15520,#15521);
#12772=AXIS2_PLACEMENT_3D('',#19241,#15524,#15525);
#12773=AXIS2_PLACEMENT_3D('',#19243,#15527,#15528);
#12774=AXIS2_PLACEMENT_3D('',#19245,#15530,#15531);
#12775=AXIS2_PLACEMENT_3D('',#19247,#15533,#15534);
#12776=AXIS2_PLACEMENT_3D('',#19249,#15536,#15537);
#12777=AXIS2_PLACEMENT_3D('',#19250,#15538,#15539);
#12778=AXIS2_PLACEMENT_3D('',#19253,#15542,#15543);
#12779=AXIS2_PLACEMENT_3D('',#19255,#15545,#15546);
#12780=AXIS2_PLACEMENT_3D('',#19257,#15548,#15549);
#12781=AXIS2_PLACEMENT_3D('',#19259,#15551,#15552);
#12782=AXIS2_PLACEMENT_3D('',#19261,#15554,#15555);
#12783=AXIS2_PLACEMENT_3D('',#19262,#15556,#15557);
#12784=AXIS2_PLACEMENT_3D('',#19265,#15560,#15561);
#12785=AXIS2_PLACEMENT_3D('',#19267,#15563,#15564);
#12786=AXIS2_PLACEMENT_3D('',#19269,#15566,#15567);
#12787=AXIS2_PLACEMENT_3D('',#19271,#15569,#15570);
#12788=AXIS2_PLACEMENT_3D('',#19273,#15572,#15573);
#12789=AXIS2_PLACEMENT_3D('',#19274,#15574,#15575);
#12790=AXIS2_PLACEMENT_3D('',#19277,#15578,#15579);
#12791=AXIS2_PLACEMENT_3D('',#19279,#15581,#15582);
#12792=AXIS2_PLACEMENT_3D('',#19281,#15584,#15585);
#12793=AXIS2_PLACEMENT_3D('',#19283,#15587,#15588);
#12794=AXIS2_PLACEMENT_3D('',#19285,#15590,#15591);
#12795=AXIS2_PLACEMENT_3D('',#19286,#15592,#15593);
#12796=AXIS2_PLACEMENT_3D('',#19289,#15596,#15597);
#12797=AXIS2_PLACEMENT_3D('',#19291,#15599,#15600);
#12798=AXIS2_PLACEMENT_3D('',#19293,#15602,#15603);
#12799=AXIS2_PLACEMENT_3D('',#19295,#15605,#15606);
#12800=AXIS2_PLACEMENT_3D('',#19297,#15608,#15609);
#12801=AXIS2_PLACEMENT_3D('',#19298,#15610,#15611);
#12802=AXIS2_PLACEMENT_3D('',#19301,#15614,#15615);
#12803=AXIS2_PLACEMENT_3D('',#19303,#15617,#15618);
#12804=AXIS2_PLACEMENT_3D('',#19305,#15620,#15621);
#12805=AXIS2_PLACEMENT_3D('',#19307,#15623,#15624);
#12806=AXIS2_PLACEMENT_3D('',#19309,#15626,#15627);
#12807=AXIS2_PLACEMENT_3D('',#19310,#15628,#15629);
#12808=AXIS2_PLACEMENT_3D('',#19313,#15632,#15633);
#12809=AXIS2_PLACEMENT_3D('',#19315,#15635,#15636);
#12810=AXIS2_PLACEMENT_3D('',#19317,#15638,#15639);
#12811=AXIS2_PLACEMENT_3D('',#19319,#15641,#15642);
#12812=AXIS2_PLACEMENT_3D('',#19321,#15644,#15645);
#12813=AXIS2_PLACEMENT_3D('',#19322,#15646,#15647);
#12814=AXIS2_PLACEMENT_3D('',#19325,#15650,#15651);
#12815=AXIS2_PLACEMENT_3D('',#19327,#15653,#15654);
#12816=AXIS2_PLACEMENT_3D('',#19329,#15656,#15657);
#12817=AXIS2_PLACEMENT_3D('',#19331,#15659,#15660);
#12818=AXIS2_PLACEMENT_3D('',#19333,#15662,#15663);
#12819=AXIS2_PLACEMENT_3D('',#19334,#15664,#15665);
#12820=AXIS2_PLACEMENT_3D('',#19337,#15668,#15669);
#12821=AXIS2_PLACEMENT_3D('',#19339,#15671,#15672);
#12822=AXIS2_PLACEMENT_3D('',#19341,#15674,#15675);
#12823=AXIS2_PLACEMENT_3D('',#19343,#15677,#15678);
#12824=AXIS2_PLACEMENT_3D('',#19345,#15680,#15681);
#12825=AXIS2_PLACEMENT_3D('',#19346,#15682,#15683);
#12826=AXIS2_PLACEMENT_3D('',#19349,#15686,#15687);
#12827=AXIS2_PLACEMENT_3D('',#19351,#15689,#15690);
#12828=AXIS2_PLACEMENT_3D('',#19353,#15692,#15693);
#12829=AXIS2_PLACEMENT_3D('',#19355,#15695,#15696);
#12830=AXIS2_PLACEMENT_3D('',#19357,#15698,#15699);
#12831=AXIS2_PLACEMENT_3D('',#19358,#15700,#15701);
#12832=AXIS2_PLACEMENT_3D('',#19361,#15704,#15705);
#12833=AXIS2_PLACEMENT_3D('',#19363,#15707,#15708);
#12834=AXIS2_PLACEMENT_3D('',#19365,#15710,#15711);
#12835=AXIS2_PLACEMENT_3D('',#19367,#15713,#15714);
#12836=AXIS2_PLACEMENT_3D('',#19369,#15716,#15717);
#12837=AXIS2_PLACEMENT_3D('',#19370,#15718,#15719);
#12838=AXIS2_PLACEMENT_3D('',#19373,#15722,#15723);
#12839=AXIS2_PLACEMENT_3D('',#19375,#15725,#15726);
#12840=AXIS2_PLACEMENT_3D('',#19377,#15728,#15729);
#12841=AXIS2_PLACEMENT_3D('',#19379,#15731,#15732);
#12842=AXIS2_PLACEMENT_3D('',#19381,#15734,#15735);
#12843=AXIS2_PLACEMENT_3D('',#19382,#15736,#15737);
#12844=AXIS2_PLACEMENT_3D('',#19385,#15740,#15741);
#12845=AXIS2_PLACEMENT_3D('',#19387,#15743,#15744);
#12846=AXIS2_PLACEMENT_3D('',#19389,#15746,#15747);
#12847=AXIS2_PLACEMENT_3D('',#19391,#15749,#15750);
#12848=AXIS2_PLACEMENT_3D('',#19393,#15752,#15753);
#12849=AXIS2_PLACEMENT_3D('',#19394,#15754,#15755);
#12850=AXIS2_PLACEMENT_3D('',#19397,#15758,#15759);
#12851=AXIS2_PLACEMENT_3D('',#19399,#15761,#15762);
#12852=AXIS2_PLACEMENT_3D('',#19401,#15764,#15765);
#12853=AXIS2_PLACEMENT_3D('',#19403,#15767,#15768);
#12854=AXIS2_PLACEMENT_3D('',#19405,#15770,#15771);
#12855=AXIS2_PLACEMENT_3D('',#19406,#15772,#15773);
#12856=AXIS2_PLACEMENT_3D('',#19409,#15776,#15777);
#12857=AXIS2_PLACEMENT_3D('',#19411,#15779,#15780);
#12858=AXIS2_PLACEMENT_3D('',#19413,#15782,#15783);
#12859=AXIS2_PLACEMENT_3D('',#19415,#15785,#15786);
#12860=AXIS2_PLACEMENT_3D('',#19417,#15788,#15789);
#12861=AXIS2_PLACEMENT_3D('',#19418,#15790,#15791);
#12862=AXIS2_PLACEMENT_3D('',#19421,#15794,#15795);
#12863=AXIS2_PLACEMENT_3D('',#19423,#15797,#15798);
#12864=AXIS2_PLACEMENT_3D('',#19425,#15800,#15801);
#12865=AXIS2_PLACEMENT_3D('',#19427,#15803,#15804);
#12866=AXIS2_PLACEMENT_3D('',#19429,#15806,#15807);
#12867=AXIS2_PLACEMENT_3D('',#19430,#15808,#15809);
#12868=AXIS2_PLACEMENT_3D('',#19433,#15812,#15813);
#12869=AXIS2_PLACEMENT_3D('',#19435,#15815,#15816);
#12870=AXIS2_PLACEMENT_3D('',#19437,#15818,#15819);
#12871=AXIS2_PLACEMENT_3D('',#19439,#15821,#15822);
#12872=AXIS2_PLACEMENT_3D('',#19442,#15825,#15826);
#12873=AXIS2_PLACEMENT_3D('',#19443,#15827,#15828);
#12874=AXIS2_PLACEMENT_3D('',#19446,#15831,#15832);
#12875=AXIS2_PLACEMENT_3D('',#19448,#15834,#15835);
#12876=AXIS2_PLACEMENT_3D('',#19450,#15837,#15838);
#12877=AXIS2_PLACEMENT_3D('',#19456,#15842,#15843);
#12878=AXIS2_PLACEMENT_3D('',#19458,#15845,#15846);
#12879=AXIS2_PLACEMENT_3D('',#19460,#15848,#15849);
#12880=AXIS2_PLACEMENT_3D('',#19461,#15850,#15851);
#12881=AXIS2_PLACEMENT_3D('',#19464,#15854,#15855);
#12882=AXIS2_PLACEMENT_3D('',#19466,#15857,#15858);
#12883=AXIS2_PLACEMENT_3D('',#19468,#15860,#15861);
#12884=AXIS2_PLACEMENT_3D('',#19470,#15863,#15864);
#12885=AXIS2_PLACEMENT_3D('',#19472,#15866,#15867);
#12886=AXIS2_PLACEMENT_3D('',#19473,#15868,#15869);
#12887=AXIS2_PLACEMENT_3D('',#19476,#15872,#15873);
#12888=AXIS2_PLACEMENT_3D('',#19478,#15875,#15876);
#12889=AXIS2_PLACEMENT_3D('',#19480,#15878,#15879);
#12890=AXIS2_PLACEMENT_3D('',#19482,#15881,#15882);
#12891=AXIS2_PLACEMENT_3D('',#19484,#15884,#15885);
#12892=AXIS2_PLACEMENT_3D('',#19485,#15886,#15887);
#12893=AXIS2_PLACEMENT_3D('',#19488,#15890,#15891);
#12894=AXIS2_PLACEMENT_3D('',#19490,#15893,#15894);
#12895=AXIS2_PLACEMENT_3D('',#19492,#15896,#15897);
#12896=AXIS2_PLACEMENT_3D('',#19494,#15899,#15900);
#12897=AXIS2_PLACEMENT_3D('',#19496,#15902,#15903);
#12898=AXIS2_PLACEMENT_3D('',#19497,#15904,#15905);
#12899=AXIS2_PLACEMENT_3D('',#19500,#15908,#15909);
#12900=AXIS2_PLACEMENT_3D('',#19502,#15911,#15912);
#12901=AXIS2_PLACEMENT_3D('',#19504,#15914,#15915);
#12902=AXIS2_PLACEMENT_3D('',#19506,#15917,#15918);
#12903=AXIS2_PLACEMENT_3D('',#19508,#15920,#15921);
#12904=AXIS2_PLACEMENT_3D('',#19509,#15922,#15923);
#12905=AXIS2_PLACEMENT_3D('',#19512,#15926,#15927);
#12906=AXIS2_PLACEMENT_3D('',#19514,#15929,#15930);
#12907=AXIS2_PLACEMENT_3D('',#19516,#15932,#15933);
#12908=AXIS2_PLACEMENT_3D('',#19518,#15935,#15936);
#12909=AXIS2_PLACEMENT_3D('',#19520,#15938,#15939);
#12910=AXIS2_PLACEMENT_3D('',#19521,#15940,#15941);
#12911=AXIS2_PLACEMENT_3D('',#19524,#15944,#15945);
#12912=AXIS2_PLACEMENT_3D('',#19526,#15947,#15948);
#12913=AXIS2_PLACEMENT_3D('',#19528,#15950,#15951);
#12914=AXIS2_PLACEMENT_3D('',#19530,#15953,#15954);
#12915=AXIS2_PLACEMENT_3D('',#19532,#15956,#15957);
#12916=AXIS2_PLACEMENT_3D('',#19533,#15958,#15959);
#12917=AXIS2_PLACEMENT_3D('',#19536,#15962,#15963);
#12918=AXIS2_PLACEMENT_3D('',#19538,#15965,#15966);
#12919=AXIS2_PLACEMENT_3D('',#19540,#15968,#15969);
#12920=AXIS2_PLACEMENT_3D('',#19542,#15971,#15972);
#12921=AXIS2_PLACEMENT_3D('',#19544,#15974,#15975);
#12922=AXIS2_PLACEMENT_3D('',#19545,#15976,#15977);
#12923=AXIS2_PLACEMENT_3D('',#19548,#15980,#15981);
#12924=AXIS2_PLACEMENT_3D('',#19550,#15983,#15984);
#12925=AXIS2_PLACEMENT_3D('',#19552,#15986,#15987);
#12926=AXIS2_PLACEMENT_3D('',#19554,#15989,#15990);
#12927=AXIS2_PLACEMENT_3D('',#19556,#15992,#15993);
#12928=AXIS2_PLACEMENT_3D('',#19557,#15994,#15995);
#12929=AXIS2_PLACEMENT_3D('',#19560,#15998,#15999);
#12930=AXIS2_PLACEMENT_3D('',#19562,#16001,#16002);
#12931=AXIS2_PLACEMENT_3D('',#19564,#16004,#16005);
#12932=AXIS2_PLACEMENT_3D('',#19566,#16007,#16008);
#12933=AXIS2_PLACEMENT_3D('',#19568,#16010,#16011);
#12934=AXIS2_PLACEMENT_3D('',#19569,#16012,#16013);
#12935=AXIS2_PLACEMENT_3D('',#19572,#16016,#16017);
#12936=AXIS2_PLACEMENT_3D('',#19574,#16019,#16020);
#12937=AXIS2_PLACEMENT_3D('',#19576,#16022,#16023);
#12938=AXIS2_PLACEMENT_3D('',#19578,#16025,#16026);
#12939=AXIS2_PLACEMENT_3D('',#19580,#16028,#16029);
#12940=AXIS2_PLACEMENT_3D('',#19581,#16030,#16031);
#12941=AXIS2_PLACEMENT_3D('',#19584,#16034,#16035);
#12942=AXIS2_PLACEMENT_3D('',#19586,#16037,#16038);
#12943=AXIS2_PLACEMENT_3D('',#19588,#16040,#16041);
#12944=AXIS2_PLACEMENT_3D('',#19590,#16043,#16044);
#12945=AXIS2_PLACEMENT_3D('',#19592,#16046,#16047);
#12946=AXIS2_PLACEMENT_3D('',#19593,#16048,#16049);
#12947=AXIS2_PLACEMENT_3D('',#19596,#16052,#16053);
#12948=AXIS2_PLACEMENT_3D('',#19598,#16055,#16056);
#12949=AXIS2_PLACEMENT_3D('',#19600,#16058,#16059);
#12950=AXIS2_PLACEMENT_3D('',#19602,#16061,#16062);
#12951=AXIS2_PLACEMENT_3D('',#19604,#16064,#16065);
#12952=AXIS2_PLACEMENT_3D('',#19605,#16066,#16067);
#12953=AXIS2_PLACEMENT_3D('',#19608,#16070,#16071);
#12954=AXIS2_PLACEMENT_3D('',#19610,#16073,#16074);
#12955=AXIS2_PLACEMENT_3D('',#19612,#16076,#16077);
#12956=AXIS2_PLACEMENT_3D('',#19614,#16079,#16080);
#12957=AXIS2_PLACEMENT_3D('',#19616,#16082,#16083);
#12958=AXIS2_PLACEMENT_3D('',#19617,#16084,#16085);
#12959=AXIS2_PLACEMENT_3D('',#19620,#16088,#16089);
#12960=AXIS2_PLACEMENT_3D('',#19622,#16091,#16092);
#12961=AXIS2_PLACEMENT_3D('',#19624,#16094,#16095);
#12962=AXIS2_PLACEMENT_3D('',#19626,#16097,#16098);
#12963=AXIS2_PLACEMENT_3D('',#19628,#16100,#16101);
#12964=AXIS2_PLACEMENT_3D('',#19629,#16102,#16103);
#12965=AXIS2_PLACEMENT_3D('',#19632,#16106,#16107);
#12966=AXIS2_PLACEMENT_3D('',#19633,#16108,#16109);
#12967=AXIS2_PLACEMENT_3D('',#19634,#16110,#16111);
#12968=AXIS2_PLACEMENT_3D('',#19635,#16112,#16113);
#12969=AXIS2_PLACEMENT_3D('',#19636,#16114,#16115);
#12970=AXIS2_PLACEMENT_3D('',#19637,#16116,#16117);
#12971=AXIS2_PLACEMENT_3D('',#19638,#16118,#16119);
#12972=AXIS2_PLACEMENT_3D('',#19641,#16122,#16123);
#12973=AXIS2_PLACEMENT_3D('',#19642,#16124,#16125);
#12974=AXIS2_PLACEMENT_3D('',#19643,#16126,#16127);
#12975=DIRECTION('',(0.,0.,1.));
#12976=DIRECTION('',(1.,0.,0.));
#12977=DIRECTION('',(-1.,-6.12323399573677E-17,0.));
#12978=DIRECTION('',(6.12323399573677E-17,-1.,0.));
#12979=DIRECTION('',(-6.12323399573677E-17,1.,0.));
#12980=DIRECTION('',(-7.84983366253141E-31,1.28197512425571E-14,-1.));
#12981=DIRECTION('',(-3.06161699786832E-17,0.499999999999991,0.866025403784444));
#12982=DIRECTION('',(3.06161699786844E-17,-0.500000000000009,0.866025403784433));
#12983=DIRECTION('',(-7.84983366253141E-31,1.28197512425571E-14,-1.));
#12984=DIRECTION('',(6.12323399573677E-17,-1.,-1.28197512425571E-14));
#12985=DIRECTION('',(0.,0.,-1.));
#12986=DIRECTION('',(-6.12323399573677E-17,1.,0.));
#12987=DIRECTION('',(-3.06161699786844E-17,0.50000000000001,-0.866025403784433));
#12988=DIRECTION('',(-6.12323399573677E-17,1.,0.));
#12989=DIRECTION('',(-3.06161699786832E-17,0.499999999999991,0.866025403784444));
#12990=DIRECTION('',(-6.12323399573677E-17,1.,0.));
#12991=DIRECTION('',(0.,0.,-1.));
#12992=DIRECTION('',(-1.,-6.12323399573677E-17,0.));
#12993=DIRECTION('',(6.12323399573677E-17,-1.,0.));
#12994=DIRECTION('',(-7.84983366253141E-31,1.28197512425571E-14,-1.));
#12995=DIRECTION('',(-6.12323399573677E-17,1.,0.));
#12996=DIRECTION('',(0.,0.,-1.));
#12997=DIRECTION('',(-6.12323399573677E-17,1.,0.));
#12998=DIRECTION('',(-3.06161699786832E-17,0.499999999999991,0.866025403784444));
#12999=DIRECTION('',(-6.12323399573677E-17,1.,0.));
#13000=DIRECTION('',(-3.06161699786844E-17,0.50000000000001,-0.866025403784433));
#13001=DIRECTION('',(-6.12323399573677E-17,1.,0.));
#13002=DIRECTION('',(0.,0.,-1.));
#13003=DIRECTION('',(6.12323399573677E-17,-1.,-1.28197512425571E-14));
#13004=DIRECTION('',(-7.84983366253141E-31,1.28197512425571E-14,-1.));
#13005=DIRECTION('',(3.06161699786844E-17,-0.500000000000009,0.866025403784433));
#13006=DIRECTION('',(-3.06161699786832E-17,0.499999999999991,0.866025403784444));
#13007=DIRECTION('',(0.,-0.866025403784433,-0.500000000000009));
#13008=DIRECTION('',(0.,0.500000000000009,-0.866025403784433));
#13009=DIRECTION('',(1.,0.,0.));
#13010=DIRECTION('',(0.,0.500000000000009,-0.866025403784433));
#13011=DIRECTION('',(1.,0.,0.));
#13012=DIRECTION('',(0.,-0.866025403784444,0.499999999999991));
#13013=DIRECTION('',(0.,-0.499999999999991,-0.866025403784444));
#13014=DIRECTION('',(-1.,0.,0.));
#13015=DIRECTION('',(0.,-0.499999999999991,-0.866025403784444));
#13016=DIRECTION('',(-1.,0.,0.));
#13017=DIRECTION('',(0.,0.,1.));
#13018=DIRECTION('',(0.,1.,0.));
#13019=DIRECTION('',(0.,0.,1.));
#13020=DIRECTION('',(0.,-1.,0.));
#13021=DIRECTION('',(0.,0.,1.));
#13022=DIRECTION('',(0.,-1.,0.));
#13023=DIRECTION('',(0.,0.,1.));
#13024=DIRECTION('',(0.,-1.,0.));
#13025=DIRECTION('',(0.,0.,-1.));
#13026=DIRECTION('',(-1.,0.,0.));
#13027=DIRECTION('',(0.,0.,1.));
#13028=DIRECTION('',(1.,0.,0.));
#13029=DIRECTION('',(-1.,0.,0.));
#13030=DIRECTION('',(0.,0.,1.));
#13031=DIRECTION('',(0.,1.,0.));
#13032=DIRECTION('',(0.,0.,1.));
#13033=DIRECTION('',(0.,-1.,0.));
#13034=DIRECTION('',(0.,0.,1.));
#13035=DIRECTION('',(0.,-1.,0.));
#13036=DIRECTION('',(0.,-1.,0.));
#13037=DIRECTION('',(0.,0.,-1.));
#13038=DIRECTION('',(0.,0.,1.));
#13039=DIRECTION('',(-1.,0.,0.));
#13040=DIRECTION('',(0.,0.,1.));
#13041=DIRECTION('',(1.,0.,0.));
#13042=DIRECTION('',(-1.,0.,0.));
#13043=DIRECTION('',(0.,0.,1.));
#13044=DIRECTION('',(0.,1.,0.));
#13045=DIRECTION('',(0.,0.,1.));
#13046=DIRECTION('',(0.,-1.,0.));
#13047=DIRECTION('',(0.,0.,1.));
#13048=DIRECTION('',(0.,-1.,0.));
#13049=DIRECTION('',(-1.,0.,0.));
#13050=DIRECTION('',(0.,0.,1.));
#13051=DIRECTION('',(0.,0.,1.));
#13052=DIRECTION('',(0.,1.,0.));
#13053=DIRECTION('',(0.,-1.,0.));
#13054=DIRECTION('',(0.,0.,1.));
#13055=DIRECTION('',(0.,-1.,0.));
#13056=DIRECTION('',(0.,-1.,0.));
#13057=DIRECTION('',(0.,0.,-1.));
#13058=DIRECTION('',(0.,0.,1.));
#13059=DIRECTION('',(-1.,0.,0.));
#13060=DIRECTION('',(0.,0.,1.));
#13061=DIRECTION('',(1.,0.,0.));
#13062=DIRECTION('',(-1.,0.,0.));
#13063=DIRECTION('',(0.,0.,1.));
#13064=DIRECTION('',(0.,1.,0.));
#13065=DIRECTION('',(0.,0.,1.));
#13066=DIRECTION('',(0.,-1.,0.));
#13067=DIRECTION('',(0.,0.,1.));
#13068=DIRECTION('',(0.,-1.,0.));
#13069=DIRECTION('',(-1.,0.,0.));
#13070=DIRECTION('',(0.,0.,1.));
#13071=DIRECTION('',(0.,0.,1.));
#13072=DIRECTION('',(0.,1.,0.));
#13073=DIRECTION('',(0.,-1.,0.));
#13074=DIRECTION('',(0.,0.,1.));
#13075=DIRECTION('',(0.,-1.,0.));
#13076=DIRECTION('',(-1.,0.,0.));
#13077=DIRECTION('',(0.,0.,1.));
#13078=DIRECTION('',(0.,1.,0.));
#13079=DIRECTION('',(0.,0.,1.));
#13080=DIRECTION('',(0.,-1.,0.));
#13081=DIRECTION('',(0.,0.,1.));
#13082=DIRECTION('',(0.,-1.,0.));
#13083=DIRECTION('',(0.,0.,1.));
#13084=DIRECTION('',(0.,-1.,0.));
#13085=DIRECTION('',(0.,0.,-1.));
#13086=DIRECTION('',(-1.,0.,0.));
#13087=DIRECTION('',(0.,1.28197512425571E-14,-1.));
#13088=DIRECTION('',(0.,0.,1.));
#13089=DIRECTION('',(1.,0.,0.));
#13090=DIRECTION('',(-1.,0.,0.));
#13091=DIRECTION('',(0.,0.,1.));
#13092=DIRECTION('',(0.,1.,0.));
#13093=DIRECTION('',(0.,0.,1.));
#13094=DIRECTION('',(0.,-1.,0.));
#13095=DIRECTION('',(0.,0.,1.));
#13096=DIRECTION('',(0.,-1.,0.));
#13097=DIRECTION('',(0.,-1.,-1.28197512425571E-14));
#13098=DIRECTION('',(0.,-0.499999999999991,-0.866025403784444));
#13099=DIRECTION('',(0.,0.50000000000001,-0.866025403784433));
#13100=DIRECTION('',(0.,-0.866025403784444,0.499999999999991));
#13101=DIRECTION('',(0.,-0.499999999999991,-0.866025403784444));
#13102=DIRECTION('',(0.,0.499999999999991,0.866025403784444));
#13103=DIRECTION('',(-1.,0.,0.));
#13104=DIRECTION('',(0.,-0.499999999999991,-0.866025403784444));
#13105=DIRECTION('',(1.,0.,0.));
#13106=DIRECTION('',(0.,-0.866025403784444,0.499999999999991));
#13107=DIRECTION('',(0.,-0.499999999999991,-0.866025403784444));
#13108=DIRECTION('',(1.,0.,0.));
#13109=DIRECTION('',(-1.,0.,0.));
#13110=DIRECTION('',(1.,0.,0.));
#13111=DIRECTION('',(0.,1.,0.));
#13112=DIRECTION('',(0.,1.28197512425571E-14,-1.));
#13113=DIRECTION('',(0.,0.866025403784433,0.500000000000009));
#13114=DIRECTION('',(0.,-0.50000000000001,0.866025403784433));
#13115=DIRECTION('',(0.,-0.50000000000001,0.866025403784433));
#13116=DIRECTION('',(1.,0.,0.));
#13117=DIRECTION('',(0.,0.50000000000001,-0.866025403784433));
#13118=DIRECTION('',(1.,0.,0.));
#13119=DIRECTION('',(0.,0.866025403784433,0.500000000000009));
#13120=DIRECTION('',(0.,0.50000000000001,-0.866025403784433));
#13121=DIRECTION('',(1.,0.,0.));
#13122=DIRECTION('',(0.,0.,1.));
#13123=DIRECTION('',(1.,0.,0.));
#13124=DIRECTION('',(0.,-1.,0.));
#13125=DIRECTION('',(0.,0.,1.));
#13126=DIRECTION('',(1.,0.,0.));
#13127=DIRECTION('',(1.,6.12323399573677E-17,0.));
#13128=DIRECTION('',(0.,0.,1.));
#13129=DIRECTION('',(-6.12323399573677E-17,1.,0.));
#13130=DIRECTION('',(-3.06161699786831E-17,0.499999999999989,-0.866025403784445));
#13131=DIRECTION('',(3.06161699786845E-17,-0.500000000000012,-0.866025403784432));
#13132=DIRECTION('',(6.12323399573677E-17,-1.,2.56395024851142E-14));
#13133=DIRECTION('',(3.06161699786831E-17,-0.499999999999989,0.866025403784445));
#13134=DIRECTION('',(-3.06161699786845E-17,0.500000000000011,0.866025403784432));
#13135=DIRECTION('',(-6.12323399573677E-17,1.,0.));
#13136=DIRECTION('',(-3.06161699786831E-17,0.499999999999989,-0.866025403784445));
#13137=DIRECTION('',(3.06161699786845E-17,-0.500000000000012,-0.866025403784432));
#13138=DIRECTION('',(6.12323399573677E-17,-1.,2.56395024851142E-14));
#13139=DIRECTION('',(3.06161699786831E-17,-0.499999999999989,0.866025403784445));
#13140=DIRECTION('',(-3.06161699786845E-17,0.500000000000011,0.866025403784432));
#13141=DIRECTION('',(-6.12323399573677E-17,1.,0.));
#13142=DIRECTION('',(-3.06161699786831E-17,0.499999999999989,-0.866025403784445));
#13143=DIRECTION('',(3.06161699786845E-17,-0.500000000000012,-0.866025403784432));
#13144=DIRECTION('',(6.12323399573677E-17,-1.,2.56395024851142E-14));
#13145=DIRECTION('',(3.06161699786831E-17,-0.499999999999989,0.866025403784445));
#13146=DIRECTION('',(-3.06161699786845E-17,0.500000000000011,0.866025403784432));
#13147=DIRECTION('',(-6.12323399573677E-17,1.,0.));
#13148=DIRECTION('',(-3.06161699786831E-17,0.499999999999989,-0.866025403784445));
#13149=DIRECTION('',(3.06161699786845E-17,-0.500000000000012,-0.866025403784432));
#13150=DIRECTION('',(6.12323399573677E-17,-1.,2.56395024851142E-14));
#13151=DIRECTION('',(3.06161699786831E-17,-0.499999999999989,0.866025403784445));
#13152=DIRECTION('',(-3.06161699786845E-17,0.500000000000011,0.866025403784432));
#13153=DIRECTION('',(-6.12323399573677E-17,1.,0.));
#13154=DIRECTION('',(-3.06161699786831E-17,0.499999999999989,-0.866025403784445));
#13155=DIRECTION('',(3.06161699786845E-17,-0.500000000000012,-0.866025403784432));
#13156=DIRECTION('',(6.12323399573677E-17,-1.,2.56395024851142E-14));
#13157=DIRECTION('',(3.06161699786831E-17,-0.499999999999989,0.866025403784445));
#13158=DIRECTION('',(-3.06161699786845E-17,0.500000000000011,0.866025403784432));
#13159=DIRECTION('',(-6.12323399573677E-17,1.,0.));
#13160=DIRECTION('',(-3.06161699786831E-17,0.499999999999989,-0.866025403784445));
#13161=DIRECTION('',(3.06161699786845E-17,-0.500000000000012,-0.866025403784432));
#13162=DIRECTION('',(6.12323399573677E-17,-1.,2.56395024851142E-14));
#13163=DIRECTION('',(3.06161699786831E-17,-0.499999999999989,0.866025403784445));
#13164=DIRECTION('',(-3.06161699786845E-17,0.500000000000011,0.866025403784432));
#13165=DIRECTION('',(-6.12323399573677E-17,1.,0.));
#13166=DIRECTION('',(-3.06161699786831E-17,0.499999999999989,-0.866025403784445));
#13167=DIRECTION('',(3.06161699786845E-17,-0.500000000000012,-0.866025403784432));
#13168=DIRECTION('',(6.12323399573677E-17,-1.,2.56395024851142E-14));
#13169=DIRECTION('',(3.06161699786831E-17,-0.499999999999989,0.866025403784445));
#13170=DIRECTION('',(-3.06161699786845E-17,0.500000000000011,0.866025403784432));
#13171=DIRECTION('',(-6.12323399573677E-17,1.,0.));
#13172=DIRECTION('',(-3.06161699786831E-17,0.499999999999989,-0.866025403784445));
#13173=DIRECTION('',(3.06161699786845E-17,-0.500000000000012,-0.866025403784432));
#13174=DIRECTION('',(6.12323399573677E-17,-1.,2.56395024851142E-14));
#13175=DIRECTION('',(3.06161699786831E-17,-0.499999999999989,0.866025403784445));
#13176=DIRECTION('',(-3.06161699786845E-17,0.500000000000011,0.866025403784432));
#13177=DIRECTION('',(-6.12323399573677E-17,1.,0.));
#13178=DIRECTION('',(-3.06161699786831E-17,0.499999999999989,-0.866025403784445));
#13179=DIRECTION('',(3.06161699786845E-17,-0.500000000000012,-0.866025403784432));
#13180=DIRECTION('',(6.12323399573677E-17,-1.,2.56395024851142E-14));
#13181=DIRECTION('',(3.06161699786831E-17,-0.499999999999989,0.866025403784445));
#13182=DIRECTION('',(-3.06161699786845E-17,0.500000000000011,0.866025403784432));
#13183=DIRECTION('',(-6.12323399573677E-17,1.,0.));
#13184=DIRECTION('',(-3.06161699786831E-17,0.499999999999989,-0.866025403784445));
#13185=DIRECTION('',(3.06161699786845E-17,-0.500000000000012,-0.866025403784432));
#13186=DIRECTION('',(6.12323399573677E-17,-1.,2.56395024851142E-14));
#13187=DIRECTION('',(3.06161699786831E-17,-0.499999999999989,0.866025403784445));
#13188=DIRECTION('',(-3.06161699786845E-17,0.500000000000011,0.866025403784432));
#13189=DIRECTION('',(-6.12323399573677E-17,1.,0.));
#13190=DIRECTION('',(-3.06161699786831E-17,0.499999999999989,-0.866025403784445));
#13191=DIRECTION('',(3.06161699786845E-17,-0.500000000000012,-0.866025403784432));
#13192=DIRECTION('',(6.12323399573677E-17,-1.,2.56395024851142E-14));
#13193=DIRECTION('',(3.06161699786831E-17,-0.499999999999989,0.866025403784445));
#13194=DIRECTION('',(-3.06161699786845E-17,0.500000000000011,0.866025403784432));
#13195=DIRECTION('',(-6.12323399573677E-17,1.,0.));
#13196=DIRECTION('',(-3.06161699786831E-17,0.499999999999989,-0.866025403784445));
#13197=DIRECTION('',(3.06161699786845E-17,-0.500000000000012,-0.866025403784432));
#13198=DIRECTION('',(6.12323399573677E-17,-1.,2.56395024851142E-14));
#13199=DIRECTION('',(3.06161699786831E-17,-0.499999999999989,0.866025403784445));
#13200=DIRECTION('',(-3.06161699786845E-17,0.500000000000011,0.866025403784432));
#13201=DIRECTION('',(6.12323399573677E-17,-1.,0.));
#13202=DIRECTION('',(-3.06161699786831E-17,0.499999999999989,-0.866025403784445));
#13203=DIRECTION('',(3.06161699786845E-17,-0.500000000000012,-0.866025403784432));
#13204=DIRECTION('',(6.12323399573677E-17,-1.,2.56395024851142E-14));
#13205=DIRECTION('',(3.06161699786831E-17,-0.499999999999989,0.866025403784445));
#13206=DIRECTION('',(-3.06161699786845E-17,0.500000000000011,0.866025403784432));
#13207=DIRECTION('',(6.12323399573677E-17,-1.,0.));
#13208=DIRECTION('',(0.,0.,-1.));
#13209=DIRECTION('',(6.12323399573677E-17,-1.,0.));
#13210=DIRECTION('',(0.,0.,-1.));
#13211=DIRECTION('',(-6.12323399573677E-17,1.,0.));
#13212=DIRECTION('',(-3.06161699786831E-17,0.499999999999989,-0.866025403784445));
#13213=DIRECTION('',(3.06161699786845E-17,-0.500000000000012,-0.866025403784432));
#13214=DIRECTION('',(6.12323399573677E-17,-1.,2.56395024851142E-14));
#13215=DIRECTION('',(3.06161699786831E-17,-0.499999999999989,0.866025403784445));
#13216=DIRECTION('',(-3.06161699786845E-17,0.500000000000011,0.866025403784432));
#13217=DIRECTION('',(-6.12323399573677E-17,1.,0.));
#13218=DIRECTION('',(-3.06161699786831E-17,0.499999999999989,-0.866025403784445));
#13219=DIRECTION('',(3.06161699786845E-17,-0.500000000000012,-0.866025403784432));
#13220=DIRECTION('',(6.12323399573677E-17,-1.,2.56395024851142E-14));
#13221=DIRECTION('',(3.06161699786831E-17,-0.499999999999989,0.866025403784445));
#13222=DIRECTION('',(-3.06161699786845E-17,0.500000000000011,0.866025403784432));
#13223=DIRECTION('',(-6.12323399573677E-17,1.,0.));
#13224=DIRECTION('',(-3.06161699786831E-17,0.499999999999989,-0.866025403784445));
#13225=DIRECTION('',(3.06161699786845E-17,-0.500000000000012,-0.866025403784432));
#13226=DIRECTION('',(6.12323399573677E-17,-1.,2.56395024851142E-14));
#13227=DIRECTION('',(3.06161699786831E-17,-0.499999999999989,0.866025403784445));
#13228=DIRECTION('',(-3.06161699786845E-17,0.500000000000011,0.866025403784432));
#13229=DIRECTION('',(0.,0.,-1.));
#13230=DIRECTION('',(-6.12323399573677E-17,1.,0.));
#13231=DIRECTION('',(0.,-0.866025403784445,-0.499999999999989));
#13232=DIRECTION('',(0.,0.499999999999989,-0.866025403784445));
#13233=DIRECTION('',(0.,0.,-1.));
#13234=DIRECTION('',(-1.,0.,0.));
#13235=DIRECTION('',(0.,0.866025403784432,-0.500000000000011));
#13236=DIRECTION('',(0.,-0.500000000000011,-0.866025403784432));
#13237=DIRECTION('',(0.,0.866025403784445,0.499999999999989));
#13238=DIRECTION('',(0.,0.499999999999989,-0.866025403784445));
#13239=DIRECTION('',(0.,2.56395024851142E-14,1.));
#13240=DIRECTION('',(0.,-1.,2.56395024851142E-14));
#13241=DIRECTION('',(0.,-0.866025403784432,0.500000000000012));
#13242=DIRECTION('',(0.,-0.500000000000012,-0.866025403784432));
#13243=DIRECTION('',(0.,-0.866025403784445,-0.499999999999989));
#13244=DIRECTION('',(0.,0.499999999999989,-0.866025403784445));
#13245=DIRECTION('',(0.,0.,1.));
#13246=DIRECTION('',(6.12323399573677E-17,-1.,0.));
#13247=DIRECTION('',(0.,0.,-1.));
#13248=DIRECTION('',(0.,0.,1.));
#13249=DIRECTION('',(6.12323399573677E-17,-1.,0.));
#13250=DIRECTION('',(0.,0.,1.));
#13251=DIRECTION('',(6.12323399573677E-17,-1.,0.));
#13252=DIRECTION('',(0.,0.,-1.));
#13253=DIRECTION('',(0.,0.,1.));
#13254=DIRECTION('',(6.12323399573677E-17,-1.,0.));
#13255=DIRECTION('',(0.,0.866025403784432,-0.500000000000011));
#13256=DIRECTION('',(0.,-0.500000000000011,-0.866025403784432));
#13257=DIRECTION('',(0.,0.866025403784445,0.499999999999989));
#13258=DIRECTION('',(0.,0.499999999999989,-0.866025403784445));
#13259=DIRECTION('',(0.,2.56395024851142E-14,1.));
#13260=DIRECTION('',(0.,-1.,2.56395024851142E-14));
#13261=DIRECTION('',(0.,-0.866025403784432,0.500000000000012));
#13262=DIRECTION('',(0.,-0.500000000000012,-0.866025403784432));
#13263=DIRECTION('',(0.,-0.866025403784445,-0.499999999999989));
#13264=DIRECTION('',(0.,0.499999999999989,-0.866025403784445));
#13265=DIRECTION('',(0.,0.,-1.));
#13266=DIRECTION('',(-1.,0.,0.));
#13267=DIRECTION('',(0.,0.866025403784432,-0.500000000000011));
#13268=DIRECTION('',(0.,-0.500000000000011,-0.866025403784432));
#13269=DIRECTION('',(0.,0.866025403784445,0.499999999999989));
#13270=DIRECTION('',(0.,0.499999999999989,-0.866025403784445));
#13271=DIRECTION('',(0.,2.56395024851142E-14,1.));
#13272=DIRECTION('',(0.,-1.,2.56395024851142E-14));
#13273=DIRECTION('',(0.,-0.866025403784432,0.500000000000012));
#13274=DIRECTION('',(0.,-0.500000000000012,-0.866025403784432));
#13275=DIRECTION('',(0.,-0.866025403784445,-0.499999999999989));
#13276=DIRECTION('',(0.,0.499999999999989,-0.866025403784445));
#13277=DIRECTION('',(0.,0.,-1.));
#13278=DIRECTION('',(-1.,0.,0.));
#13279=DIRECTION('',(0.,0.866025403784432,-0.500000000000011));
#13280=DIRECTION('',(0.,-0.500000000000011,-0.866025403784432));
#13281=DIRECTION('',(0.,0.866025403784445,0.499999999999989));
#13282=DIRECTION('',(0.,0.499999999999989,-0.866025403784445));
#13283=DIRECTION('',(0.,2.56395024851142E-14,1.));
#13284=DIRECTION('',(0.,-1.,2.56395024851142E-14));
#13285=DIRECTION('',(0.,-0.866025403784432,0.500000000000012));
#13286=DIRECTION('',(0.,-0.500000000000012,-0.866025403784432));
#13287=DIRECTION('',(0.,-0.866025403784445,-0.499999999999989));
#13288=DIRECTION('',(0.,0.499999999999989,-0.866025403784445));
#13289=DIRECTION('',(0.,0.,-1.));
#13290=DIRECTION('',(-1.,0.,0.));
#13291=DIRECTION('',(0.,0.866025403784432,-0.500000000000011));
#13292=DIRECTION('',(0.,-0.500000000000011,-0.866025403784432));
#13293=DIRECTION('',(0.,0.866025403784445,0.499999999999989));
#13294=DIRECTION('',(0.,0.499999999999989,-0.866025403784445));
#13295=DIRECTION('',(0.,2.56395024851142E-14,1.));
#13296=DIRECTION('',(0.,-1.,2.56395024851142E-14));
#13297=DIRECTION('',(0.,-0.866025403784432,0.500000000000012));
#13298=DIRECTION('',(0.,-0.500000000000012,-0.866025403784432));
#13299=DIRECTION('',(0.,-0.866025403784445,-0.499999999999989));
#13300=DIRECTION('',(0.,0.499999999999989,-0.866025403784445));
#13301=DIRECTION('',(0.,0.,-1.));
#13302=DIRECTION('',(-1.,0.,0.));
#13303=DIRECTION('',(0.,0.866025403784432,-0.500000000000011));
#13304=DIRECTION('',(0.,-0.500000000000011,-0.866025403784432));
#13305=DIRECTION('',(0.,0.866025403784445,0.499999999999989));
#13306=DIRECTION('',(0.,0.499999999999989,-0.866025403784445));
#13307=DIRECTION('',(0.,2.56395024851142E-14,1.));
#13308=DIRECTION('',(0.,-1.,2.56395024851142E-14));
#13309=DIRECTION('',(0.,-0.866025403784432,0.500000000000012));
#13310=DIRECTION('',(0.,-0.500000000000012,-0.866025403784432));
#13311=DIRECTION('',(0.,-0.866025403784445,-0.499999999999989));
#13312=DIRECTION('',(0.,0.499999999999989,-0.866025403784445));
#13313=DIRECTION('',(0.,0.,-1.));
#13314=DIRECTION('',(-1.,0.,0.));
#13315=DIRECTION('',(0.,0.866025403784432,-0.500000000000011));
#13316=DIRECTION('',(0.,-0.500000000000011,-0.866025403784432));
#13317=DIRECTION('',(0.,0.866025403784445,0.499999999999989));
#13318=DIRECTION('',(0.,0.499999999999989,-0.866025403784445));
#13319=DIRECTION('',(0.,2.56395024851142E-14,1.));
#13320=DIRECTION('',(0.,-1.,2.56395024851142E-14));
#13321=DIRECTION('',(0.,-0.866025403784432,0.500000000000012));
#13322=DIRECTION('',(0.,-0.500000000000012,-0.866025403784432));
#13323=DIRECTION('',(0.,-0.866025403784445,-0.499999999999989));
#13324=DIRECTION('',(0.,0.499999999999989,-0.866025403784445));
#13325=DIRECTION('',(0.,0.,-1.));
#13326=DIRECTION('',(-1.,0.,0.));
#13327=DIRECTION('',(0.,0.866025403784432,-0.500000000000011));
#13328=DIRECTION('',(0.,-0.500000000000011,-0.866025403784432));
#13329=DIRECTION('',(0.,0.866025403784445,0.499999999999989));
#13330=DIRECTION('',(0.,0.499999999999989,-0.866025403784445));
#13331=DIRECTION('',(0.,2.56395024851142E-14,1.));
#13332=DIRECTION('',(0.,-1.,2.56395024851142E-14));
#13333=DIRECTION('',(0.,-0.866025403784432,0.500000000000012));
#13334=DIRECTION('',(0.,-0.500000000000012,-0.866025403784432));
#13335=DIRECTION('',(0.,-0.866025403784445,-0.499999999999989));
#13336=DIRECTION('',(0.,0.499999999999989,-0.866025403784445));
#13337=DIRECTION('',(0.,0.,-1.));
#13338=DIRECTION('',(-1.,0.,0.));
#13339=DIRECTION('',(0.,0.866025403784432,-0.500000000000011));
#13340=DIRECTION('',(0.,-0.500000000000011,-0.866025403784432));
#13341=DIRECTION('',(0.,0.866025403784445,0.499999999999989));
#13342=DIRECTION('',(0.,0.499999999999989,-0.866025403784445));
#13343=DIRECTION('',(0.,2.56395024851142E-14,1.));
#13344=DIRECTION('',(0.,-1.,2.56395024851142E-14));
#13345=DIRECTION('',(0.,-0.866025403784432,0.500000000000012));
#13346=DIRECTION('',(0.,-0.500000000000012,-0.866025403784432));
#13347=DIRECTION('',(0.,-0.866025403784445,-0.499999999999989));
#13348=DIRECTION('',(0.,0.499999999999989,-0.866025403784445));
#13349=DIRECTION('',(0.,0.,-1.));
#13350=DIRECTION('',(-1.,0.,0.));
#13351=DIRECTION('',(0.,0.866025403784432,-0.500000000000011));
#13352=DIRECTION('',(0.,-0.500000000000011,-0.866025403784432));
#13353=DIRECTION('',(0.,0.866025403784445,0.499999999999989));
#13354=DIRECTION('',(0.,0.499999999999989,-0.866025403784445));
#13355=DIRECTION('',(0.,2.56395024851142E-14,1.));
#13356=DIRECTION('',(0.,-1.,2.56395024851142E-14));
#13357=DIRECTION('',(0.,-0.866025403784432,0.500000000000012));
#13358=DIRECTION('',(0.,-0.500000000000012,-0.866025403784432));
#13359=DIRECTION('',(0.,-0.866025403784445,-0.499999999999989));
#13360=DIRECTION('',(0.,0.499999999999989,-0.866025403784445));
#13361=DIRECTION('',(0.,0.,-1.));
#13362=DIRECTION('',(-1.,0.,0.));
#13363=DIRECTION('',(0.,0.866025403784432,-0.500000000000011));
#13364=DIRECTION('',(0.,-0.500000000000011,-0.866025403784432));
#13365=DIRECTION('',(0.,0.866025403784445,0.499999999999989));
#13366=DIRECTION('',(0.,0.499999999999989,-0.866025403784445));
#13367=DIRECTION('',(0.,2.56395024851142E-14,1.));
#13368=DIRECTION('',(0.,-1.,2.56395024851142E-14));
#13369=DIRECTION('',(0.,-0.866025403784432,0.500000000000012));
#13370=DIRECTION('',(0.,-0.500000000000012,-0.866025403784432));
#13371=DIRECTION('',(0.,-0.866025403784445,-0.499999999999989));
#13372=DIRECTION('',(0.,0.499999999999989,-0.866025403784445));
#13373=DIRECTION('',(0.,0.,-1.));
#13374=DIRECTION('',(-1.,0.,0.));
#13375=DIRECTION('',(0.,0.866025403784432,-0.500000000000011));
#13376=DIRECTION('',(0.,-0.500000000000011,-0.866025403784432));
#13377=DIRECTION('',(0.,0.866025403784445,0.499999999999989));
#13378=DIRECTION('',(0.,0.499999999999989,-0.866025403784445));
#13379=DIRECTION('',(0.,2.56395024851142E-14,1.));
#13380=DIRECTION('',(0.,-1.,2.56395024851142E-14));
#13381=DIRECTION('',(0.,-0.866025403784432,0.500000000000012));
#13382=DIRECTION('',(0.,-0.500000000000012,-0.866025403784432));
#13383=DIRECTION('',(0.,-0.866025403784445,-0.499999999999989));
#13384=DIRECTION('',(0.,0.499999999999989,-0.866025403784445));
#13385=DIRECTION('',(0.,0.,-1.));
#13386=DIRECTION('',(-1.,0.,0.));
#13387=DIRECTION('',(0.,0.866025403784432,-0.500000000000011));
#13388=DIRECTION('',(0.,-0.500000000000011,-0.866025403784432));
#13389=DIRECTION('',(0.,0.866025403784445,0.499999999999989));
#13390=DIRECTION('',(0.,0.499999999999989,-0.866025403784445));
#13391=DIRECTION('',(0.,2.56395024851142E-14,1.));
#13392=DIRECTION('',(0.,-1.,2.56395024851142E-14));
#13393=DIRECTION('',(0.,-0.866025403784432,0.500000000000012));
#13394=DIRECTION('',(0.,-0.500000000000012,-0.866025403784432));
#13395=DIRECTION('',(0.,-0.866025403784445,-0.499999999999989));
#13396=DIRECTION('',(0.,0.499999999999989,-0.866025403784445));
#13397=DIRECTION('',(0.,0.,-1.));
#13398=DIRECTION('',(-1.,0.,0.));
#13399=DIRECTION('',(0.,0.866025403784432,-0.500000000000011));
#13400=DIRECTION('',(0.,-0.500000000000011,-0.866025403784432));
#13401=DIRECTION('',(0.,0.866025403784445,0.499999999999989));
#13402=DIRECTION('',(0.,0.499999999999989,-0.866025403784445));
#13403=DIRECTION('',(0.,2.56395024851142E-14,1.));
#13404=DIRECTION('',(0.,-1.,2.56395024851142E-14));
#13405=DIRECTION('',(0.,-0.866025403784432,0.500000000000012));
#13406=DIRECTION('',(0.,-0.500000000000012,-0.866025403784432));
#13407=DIRECTION('',(0.,-0.866025403784445,-0.499999999999989));
#13408=DIRECTION('',(0.,0.499999999999989,-0.866025403784445));
#13409=DIRECTION('',(0.,0.,-1.));
#13410=DIRECTION('',(-1.,0.,0.));
#13411=DIRECTION('',(0.,0.866025403784432,-0.500000000000011));
#13412=DIRECTION('',(0.,-0.500000000000011,-0.866025403784432));
#13413=DIRECTION('',(0.,0.866025403784445,0.499999999999989));
#13414=DIRECTION('',(0.,0.499999999999989,-0.866025403784445));
#13415=DIRECTION('',(0.,2.56395024851142E-14,1.));
#13416=DIRECTION('',(0.,-1.,2.56395024851142E-14));
#13417=DIRECTION('',(0.,-0.866025403784432,0.500000000000012));
#13418=DIRECTION('',(0.,-0.500000000000012,-0.866025403784432));
#13419=DIRECTION('',(0.,-0.866025403784445,-0.499999999999989));
#13420=DIRECTION('',(0.,0.499999999999989,-0.866025403784445));
#13421=DIRECTION('',(0.,0.,-1.));
#13422=DIRECTION('',(-1.,0.,0.));
#13423=DIRECTION('',(0.,0.866025403784432,-0.500000000000011));
#13424=DIRECTION('',(0.,-0.500000000000011,-0.866025403784432));
#13425=DIRECTION('',(0.,0.866025403784445,0.499999999999989));
#13426=DIRECTION('',(0.,0.499999999999989,-0.866025403784445));
#13427=DIRECTION('',(0.,2.56395024851142E-14,1.));
#13428=DIRECTION('',(0.,-1.,2.56395024851142E-14));
#13429=DIRECTION('',(0.,-0.866025403784432,0.500000000000012));
#13430=DIRECTION('',(0.,-0.500000000000012,-0.866025403784432));
#13431=DIRECTION('',(0.,0.,1.));
#13432=DIRECTION('',(6.12323399573677E-17,-1.,0.));
#13433=DIRECTION('',(1.,0.,0.));
#13434=DIRECTION('',(1.,0.,0.));
#13435=DIRECTION('',(0.,0.,1.));
#13436=DIRECTION('',(6.12323399573677E-17,-1.,0.));
#13437=DIRECTION('',(1.,6.12323399573677E-17,0.));
#13438=DIRECTION('',(-6.12323399573677E-17,1.,0.));
#13439=DIRECTION('',(1.,6.12323399573677E-17,0.));
#13440=DIRECTION('',(-6.12323399573677E-17,1.,0.));
#13441=DIRECTION('',(1.,0.,0.));
#13442=DIRECTION('',(1.,0.,0.));
#13443=DIRECTION('',(1.,0.,0.));
#13444=DIRECTION('',(0.,0.,1.));
#13445=DIRECTION('',(6.12323399573677E-17,-1.,0.));
#13446=DIRECTION('',(-1.,-2.92420043464467E-16,0.));
#13447=DIRECTION('',(0.,0.,1.));
#13448=DIRECTION('',(6.12323399573677E-17,-1.,0.));
#13449=DIRECTION('',(-1.,0.,0.));
#13450=DIRECTION('',(0.,0.,1.));
#13451=DIRECTION('',(6.12323399573677E-17,-1.,0.));
#13452=DIRECTION('',(1.,0.,0.));
#13453=DIRECTION('',(6.12323399573677E-17,-1.,0.));
#13454=DIRECTION('',(-1.,0.,0.));
#13455=DIRECTION('',(1.,6.12323399573677E-17,0.));
#13456=DIRECTION('',(-1.,0.,0.));
#13457=DIRECTION('',(0.,1.,0.));
#13458=DIRECTION('',(1.,0.,0.));
#13459=DIRECTION('',(1.,6.12323399573677E-17,0.));
#13460=DIRECTION('',(1.,0.,0.));
#13461=DIRECTION('',(6.12323399573677E-17,-1.,0.));
#13462=DIRECTION('',(1.,0.,0.));
#13463=DIRECTION('',(0.,0.,1.));
#13464=DIRECTION('',(6.12323399573677E-17,-1.,0.));
#13465=DIRECTION('',(1.,0.,0.));
#13466=DIRECTION('',(0.,0.,1.));
#13467=DIRECTION('',(6.12323399573677E-17,-1.,0.));
#13468=DIRECTION('',(-1.,0.,0.));
#13469=DIRECTION('',(-1.,0.,0.));
#13470=DIRECTION('',(-1.,0.,0.));
#13471=DIRECTION('',(0.,1.,0.));
#13472=DIRECTION('',(1.,0.,0.));
#13473=DIRECTION('',(1.,0.,0.));
#13474=DIRECTION('',(0.,0.,-1.));
#13475=DIRECTION('',(-6.12323399573677E-17,1.,0.));
#13476=DIRECTION('',(0.,0.,1.));
#13477=DIRECTION('',(6.12323399573677E-17,-1.,0.));
#13478=DIRECTION('',(0.,0.,1.));
#13479=DIRECTION('',(6.12323399573677E-17,-1.,0.));
#13480=DIRECTION('',(0.,0.866025403784444,-0.499999999999991));
#13481=DIRECTION('',(0.,-0.499999999999991,-0.866025403784444));
#13482=DIRECTION('',(0.,1.28197512425571E-14,-1.));
#13483=DIRECTION('',(0.,1.,1.28197512425571E-14));
#13484=DIRECTION('',(0.,-0.866025403784433,-0.500000000000009));
#13485=DIRECTION('',(0.,0.500000000000009,-0.866025403784433));
#13486=DIRECTION('',(0.,-0.866025403784445,-0.499999999999989));
#13487=DIRECTION('',(0.,0.499999999999989,-0.866025403784445));
#13488=DIRECTION('',(0.,0.,-1.));
#13489=DIRECTION('',(-1.,0.,0.));
#13490=DIRECTION('',(0.,0.866025403784432,-0.500000000000011));
#13491=DIRECTION('',(0.,-0.500000000000011,-0.866025403784432));
#13492=DIRECTION('',(0.,-0.866025403784444,0.499999999999991));
#13493=DIRECTION('',(0.,-0.499999999999991,-0.866025403784444));
#13494=DIRECTION('',(0.,0.,1.));
#13495=DIRECTION('',(1.,0.,0.));
#13496=DIRECTION('',(0.,0.866025403784433,0.500000000000009));
#13497=DIRECTION('',(0.,0.50000000000001,-0.866025403784433));
#13498=DIRECTION('',(0.,0.,1.));
#13499=DIRECTION('',(6.12323399573677E-17,-1.,0.));
#13500=DIRECTION('',(1.,0.,0.));
#13501=DIRECTION('',(0.,0.,-1.));
#13502=DIRECTION('',(0.,-0.499999999999989,0.866025403784445));
#13503=DIRECTION('',(0.,-1.,2.56395024851142E-14));
#13504=DIRECTION('',(0.,0.,-1.));
#13505=DIRECTION('',(0.,1.,0.));
#13506=DIRECTION('',(0.,0.,-1.));
#13507=DIRECTION('',(0.,1.,0.));
#13508=DIRECTION('',(0.,1.,0.));
#13509=DIRECTION('',(0.,0.,1.));
#13510=DIRECTION('',(1.,0.,0.));
#13511=DIRECTION('',(0.,0.,1.));
#13512=DIRECTION('',(-1.,0.,0.));
#13513=DIRECTION('',(-1.,0.,0.));
#13514=DIRECTION('',(0.,0.,1.));
#13515=DIRECTION('',(-1.,0.,0.));
#13516=DIRECTION('',(0.,0.,1.));
#13517=DIRECTION('',(0.,0.499999999999989,-0.866025403784445));
#13518=DIRECTION('',(0.,-1.,0.));
#13519=DIRECTION('',(0.,0.,1.));
#13520=DIRECTION('',(0.,-1.,0.));
#13521=DIRECTION('',(0.,0.,1.));
#13522=DIRECTION('',(0.,0.,-1.));
#13523=DIRECTION('',(-1.,0.,0.));
#13524=DIRECTION('',(0.,0.866025403784445,0.499999999999989));
#13525=DIRECTION('',(0.,0.499999999999989,-0.866025403784445));
#13526=DIRECTION('',(0.,0.,1.));
#13527=DIRECTION('',(1.,0.,0.));
#13528=DIRECTION('',(0.,2.56395024851142E-14,1.));
#13529=DIRECTION('',(0.,-1.,2.56395024851142E-14));
#13530=DIRECTION('',(0.,0.,-1.));
#13531=DIRECTION('',(1.,0.,0.));
#13532=DIRECTION('',(1.,0.,0.));
#13533=DIRECTION('',(1.,0.,0.));
#13534=DIRECTION('',(0.,0.,-1.));
#13535=DIRECTION('',(-1.,0.,0.));
#13536=DIRECTION('',(1.,0.,0.));
#13537=DIRECTION('',(0.,0.,-1.));
#13538=DIRECTION('',(0.,1.,0.));
#13539=DIRECTION('',(0.,0.500000000000009,-0.866025403784433));
#13540=DIRECTION('',(0.,-1.,0.));
#13541=DIRECTION('',(0.,0.,-1.));
#13542=DIRECTION('',(0.,1.,0.));
#13543=DIRECTION('',(0.,0.,-1.));
#13544=DIRECTION('',(0.,0.,1.));
#13545=DIRECTION('',(6.12323399573677E-17,-1.,0.));
#13546=DIRECTION('',(9.69000209772045E-16,1.,0.));
#13547=DIRECTION('',(0.864088407064941,0.50334006871694,0.));
#13548=DIRECTION('',(-0.00386108271900417,0.999992545992337,0.));
#13549=DIRECTION('',(-0.867949489783945,0.496652477275398,0.));
#13550=DIRECTION('',(-0.864088407064941,-0.503340068716939,0.));
#13551=DIRECTION('',(0.00386108271900462,-0.999992545992337,0.));
#13552=DIRECTION('',(0.867949489783945,-0.496652477275398,0.));
#13553=DIRECTION('',(1.,0.,0.));
#13554=DIRECTION('',(1.,0.,0.));
#13555=DIRECTION('',(0.864088407064941,0.50334006871694,0.));
#13556=DIRECTION('',(-0.00386108271900417,0.999992545992337,0.));
#13557=DIRECTION('',(-0.867949489783945,0.496652477275398,0.));
#13558=DIRECTION('',(-0.864088407064941,-0.503340068716939,0.));
#13559=DIRECTION('',(0.00386108271900462,-0.999992545992337,0.));
#13560=DIRECTION('',(0.867949489783945,-0.496652477275398,0.));
#13561=DIRECTION('',(-0.867949489783945,0.496652477275398,0.));
#13562=DIRECTION('',(-0.864088407064941,-0.503340068716939,0.));
#13563=DIRECTION('',(0.00386108271900462,-0.999992545992337,0.));
#13564=DIRECTION('',(0.867949489783945,-0.496652477275398,0.));
#13565=DIRECTION('',(0.864088407064941,0.50334006871694,0.));
#13566=DIRECTION('',(-0.00386108271900417,0.999992545992337,0.));
#13567=DIRECTION('',(-0.867949489783945,0.496652477275398,0.));
#13568=DIRECTION('',(-0.864088407064941,-0.503340068716939,0.));
#13569=DIRECTION('',(0.00386108271900462,-0.999992545992337,0.));
#13570=DIRECTION('',(0.867949489783945,-0.496652477275398,0.));
#13571=DIRECTION('',(0.864088407064941,0.50334006871694,0.));
#13572=DIRECTION('',(-0.00386108271900417,0.999992545992337,0.));
#13573=DIRECTION('',(-0.867949489783945,0.496652477275398,0.));
#13574=DIRECTION('',(-0.864088407064941,-0.503340068716939,0.));
#13575=DIRECTION('',(0.00386108271900462,-0.999992545992337,0.));
#13576=DIRECTION('',(0.867949489783945,-0.496652477275398,0.));
#13577=DIRECTION('',(0.864088407064941,0.50334006871694,0.));
#13578=DIRECTION('',(-0.00386108271900417,0.999992545992337,0.));
#13579=DIRECTION('',(-0.867949489783945,0.496652477275398,0.));
#13580=DIRECTION('',(-0.864088407064941,-0.503340068716939,0.));
#13581=DIRECTION('',(0.00386108271900462,-0.999992545992337,0.));
#13582=DIRECTION('',(0.867949489783945,-0.496652477275398,0.));
#13583=DIRECTION('',(0.864088407064941,0.50334006871694,0.));
#13584=DIRECTION('',(-0.00386108271900417,0.999992545992337,0.));
#13585=DIRECTION('',(-0.867949489783945,0.496652477275398,0.));
#13586=DIRECTION('',(-0.864088407064941,-0.503340068716939,0.));
#13587=DIRECTION('',(0.00386108271900462,-0.999992545992337,0.));
#13588=DIRECTION('',(0.867949489783945,-0.496652477275398,0.));
#13589=DIRECTION('',(0.864088407064941,0.50334006871694,0.));
#13590=DIRECTION('',(-0.00386108271900417,0.999992545992337,0.));
#13591=DIRECTION('',(-0.867949489783945,0.496652477275398,0.));
#13592=DIRECTION('',(-0.864088407064941,-0.503340068716939,0.));
#13593=DIRECTION('',(0.00386108271900462,-0.999992545992337,0.));
#13594=DIRECTION('',(0.867949489783945,-0.496652477275398,0.));
#13595=DIRECTION('',(0.864088407064941,0.50334006871694,0.));
#13596=DIRECTION('',(-0.00386108271900417,0.999992545992337,0.));
#13597=DIRECTION('',(-0.867949489783945,0.496652477275398,0.));
#13598=DIRECTION('',(-0.864088407064941,-0.503340068716939,0.));
#13599=DIRECTION('',(0.00386108271900462,-0.999992545992337,0.));
#13600=DIRECTION('',(0.867949489783945,-0.496652477275398,0.));
#13601=DIRECTION('',(0.864088407064941,0.50334006871694,0.));
#13602=DIRECTION('',(-0.00386108271900417,0.999992545992337,0.));
#13603=DIRECTION('',(-0.867949489783945,0.496652477275398,0.));
#13604=DIRECTION('',(-0.864088407064941,-0.503340068716939,0.));
#13605=DIRECTION('',(0.00386108271900462,-0.999992545992337,0.));
#13606=DIRECTION('',(0.867949489783945,-0.496652477275398,0.));
#13607=DIRECTION('',(0.864088407064941,0.50334006871694,0.));
#13608=DIRECTION('',(-0.00386108271900417,0.999992545992337,0.));
#13609=DIRECTION('',(-0.867949489783945,0.496652477275398,0.));
#13610=DIRECTION('',(-0.864088407064941,-0.503340068716939,0.));
#13611=DIRECTION('',(0.00386108271900462,-0.999992545992337,0.));
#13612=DIRECTION('',(0.867949489783945,-0.496652477275398,0.));
#13613=DIRECTION('',(0.864088407064941,0.50334006871694,0.));
#13614=DIRECTION('',(-0.00386108271900417,0.999992545992337,0.));
#13615=DIRECTION('',(-0.867949489783945,0.496652477275398,0.));
#13616=DIRECTION('',(-0.864088407064941,-0.503340068716939,0.));
#13617=DIRECTION('',(0.00386108271900462,-0.999992545992337,0.));
#13618=DIRECTION('',(0.867949489783945,-0.496652477275398,0.));
#13619=DIRECTION('',(0.864088407064941,0.50334006871694,0.));
#13620=DIRECTION('',(-0.00386108271900417,0.999992545992337,0.));
#13621=DIRECTION('',(-0.867949489783945,0.496652477275398,0.));
#13622=DIRECTION('',(-0.864088407064941,-0.503340068716939,0.));
#13623=DIRECTION('',(0.00386108271900462,-0.999992545992337,0.));
#13624=DIRECTION('',(0.867949489783945,-0.496652477275398,0.));
#13625=DIRECTION('',(0.864088407064941,0.50334006871694,0.));
#13626=DIRECTION('',(-0.00386108271900417,0.999992545992337,0.));
#13627=DIRECTION('',(-0.867949489783945,0.496652477275398,0.));
#13628=DIRECTION('',(-0.864088407064941,-0.503340068716939,0.));
#13629=DIRECTION('',(0.00386108271900462,-0.999992545992337,0.));
#13630=DIRECTION('',(0.867949489783945,-0.496652477275398,0.));
#13631=DIRECTION('',(0.864088407064941,0.50334006871694,0.));
#13632=DIRECTION('',(-0.00386108271900417,0.999992545992337,0.));
#13633=DIRECTION('',(-0.867949489783945,0.496652477275398,0.));
#13634=DIRECTION('',(-0.864088407064941,-0.503340068716939,0.));
#13635=DIRECTION('',(0.00386108271900462,-0.999992545992337,0.));
#13636=DIRECTION('',(0.867949489783945,-0.496652477275398,0.));
#13637=DIRECTION('',(0.864088407064941,0.50334006871694,0.));
#13638=DIRECTION('',(-0.00386108271900417,0.999992545992337,0.));
#13639=DIRECTION('',(-0.867949489783945,0.496652477275398,0.));
#13640=DIRECTION('',(-0.864088407064941,-0.503340068716939,0.));
#13641=DIRECTION('',(0.00386108271900462,-0.999992545992337,0.));
#13642=DIRECTION('',(0.867949489783945,-0.496652477275398,0.));
#13643=DIRECTION('',(0.864088407064941,0.50334006871694,0.));
#13644=DIRECTION('',(-0.00386108271900417,0.999992545992337,0.));
#13645=DIRECTION('',(-0.867949489783945,0.496652477275398,0.));
#13646=DIRECTION('',(-0.864088407064941,-0.503340068716939,0.));
#13647=DIRECTION('',(0.00386108271900462,-0.999992545992337,0.));
#13648=DIRECTION('',(0.867949489783945,-0.496652477275398,0.));
#13649=DIRECTION('',(0.864088407064941,0.50334006871694,0.));
#13650=DIRECTION('',(-0.00386108271900417,0.999992545992337,0.));
#13651=DIRECTION('',(-0.867949489783945,0.496652477275398,0.));
#13652=DIRECTION('',(-0.864088407064941,-0.503340068716939,0.));
#13653=DIRECTION('',(0.00386108271900462,-0.999992545992337,0.));
#13654=DIRECTION('',(0.867949489783945,-0.496652477275398,0.));
#13655=DIRECTION('',(0.864088407064941,0.50334006871694,0.));
#13656=DIRECTION('',(-0.00386108271900417,0.999992545992337,0.));
#13657=DIRECTION('',(-0.867949489783945,0.496652477275398,0.));
#13658=DIRECTION('',(-0.864088407064941,-0.503340068716939,0.));
#13659=DIRECTION('',(0.00386108271900462,-0.999992545992337,0.));
#13660=DIRECTION('',(0.867949489783945,-0.496652477275398,0.));
#13661=DIRECTION('',(0.864088407064941,0.50334006871694,0.));
#13662=DIRECTION('',(-0.00386108271900417,0.999992545992337,0.));
#13663=DIRECTION('',(-0.867949489783945,0.496652477275398,0.));
#13664=DIRECTION('',(-0.864088407064941,-0.503340068716939,0.));
#13665=DIRECTION('',(0.00386108271900462,-0.999992545992337,0.));
#13666=DIRECTION('',(0.867949489783945,-0.496652477275398,0.));
#13667=DIRECTION('',(0.864088407064941,0.50334006871694,0.));
#13668=DIRECTION('',(-0.00386108271900417,0.999992545992337,0.));
#13669=DIRECTION('',(-0.867949489783945,0.496652477275398,0.));
#13670=DIRECTION('',(-0.864088407064941,-0.503340068716939,0.));
#13671=DIRECTION('',(0.00386108271900462,-0.999992545992337,0.));
#13672=DIRECTION('',(0.867949489783945,-0.496652477275398,0.));
#13673=DIRECTION('',(0.864088407064941,0.50334006871694,0.));
#13674=DIRECTION('',(-0.00386108271900417,0.999992545992337,0.));
#13675=DIRECTION('',(-0.867949489783945,0.496652477275398,0.));
#13676=DIRECTION('',(-0.864088407064941,-0.503340068716939,0.));
#13677=DIRECTION('',(0.00386108271900462,-0.999992545992337,0.));
#13678=DIRECTION('',(0.867949489783945,-0.496652477275398,0.));
#13679=DIRECTION('',(0.864088407064941,0.50334006871694,0.));
#13680=DIRECTION('',(-0.00386108271900417,0.999992545992337,0.));
#13681=DIRECTION('',(-0.867949489783945,0.496652477275398,0.));
#13682=DIRECTION('',(-0.864088407064941,-0.503340068716939,0.));
#13683=DIRECTION('',(0.00386108271900462,-0.999992545992337,0.));
#13684=DIRECTION('',(0.867949489783945,-0.496652477275398,0.));
#13685=DIRECTION('',(0.864088407064941,0.50334006871694,0.));
#13686=DIRECTION('',(-0.00386108271900417,0.999992545992337,0.));
#13687=DIRECTION('',(-0.867949489783945,0.496652477275398,0.));
#13688=DIRECTION('',(-0.864088407064941,-0.503340068716939,0.));
#13689=DIRECTION('',(0.00386108271900462,-0.999992545992337,0.));
#13690=DIRECTION('',(0.867949489783945,-0.496652477275398,0.));
#13691=DIRECTION('',(0.864088407064941,0.50334006871694,0.));
#13692=DIRECTION('',(-0.00386108271900417,0.999992545992337,0.));
#13693=DIRECTION('',(-0.867949489783945,0.496652477275398,0.));
#13694=DIRECTION('',(-0.864088407064941,-0.503340068716939,0.));
#13695=DIRECTION('',(0.00386108271900462,-0.999992545992337,0.));
#13696=DIRECTION('',(0.867949489783945,-0.496652477275398,0.));
#13697=DIRECTION('',(0.864088407064941,0.50334006871694,0.));
#13698=DIRECTION('',(-0.00386108271900417,0.999992545992337,0.));
#13699=DIRECTION('',(-0.867949489783945,0.496652477275398,0.));
#13700=DIRECTION('',(-0.864088407064941,-0.503340068716939,0.));
#13701=DIRECTION('',(0.00386108271900462,-0.999992545992337,0.));
#13702=DIRECTION('',(0.867949489783945,-0.496652477275398,0.));
#13703=DIRECTION('',(0.864088407064941,0.50334006871694,0.));
#13704=DIRECTION('',(-0.00386108271900417,0.999992545992337,0.));
#13705=DIRECTION('',(-0.867949489783945,0.496652477275398,0.));
#13706=DIRECTION('',(-0.864088407064941,-0.503340068716939,0.));
#13707=DIRECTION('',(0.00386108271900462,-0.999992545992337,0.));
#13708=DIRECTION('',(0.867949489783945,-0.496652477275398,0.));
#13709=DIRECTION('',(0.864088407064941,0.50334006871694,0.));
#13710=DIRECTION('',(-0.00386108271900417,0.999992545992337,0.));
#13711=DIRECTION('',(-0.867949489783945,0.496652477275398,0.));
#13712=DIRECTION('',(-0.864088407064941,-0.503340068716939,0.));
#13713=DIRECTION('',(0.00386108271900462,-0.999992545992337,0.));
#13714=DIRECTION('',(0.867949489783945,-0.496652477275398,0.));
#13715=DIRECTION('',(0.864088407064941,0.50334006871694,0.));
#13716=DIRECTION('',(-0.00386108271900417,0.999992545992337,0.));
#13717=DIRECTION('',(-0.867949489783945,0.496652477275398,0.));
#13718=DIRECTION('',(-0.864088407064941,-0.503340068716939,0.));
#13719=DIRECTION('',(0.00386108271900462,-0.999992545992337,0.));
#13720=DIRECTION('',(0.867949489783945,-0.496652477275398,0.));
#13721=DIRECTION('',(0.864088407064941,0.50334006871694,0.));
#13722=DIRECTION('',(-0.00386108271900417,0.999992545992337,0.));
#13723=DIRECTION('',(-0.867949489783945,0.496652477275398,0.));
#13724=DIRECTION('',(-0.864088407064941,-0.503340068716939,0.));
#13725=DIRECTION('',(0.00386108271900462,-0.999992545992337,0.));
#13726=DIRECTION('',(0.867949489783945,-0.496652477275398,0.));
#13727=DIRECTION('',(0.864088407064941,0.50334006871694,0.));
#13728=DIRECTION('',(-0.00386108271900417,0.999992545992337,0.));
#13729=DIRECTION('',(-0.867949489783945,0.496652477275398,0.));
#13730=DIRECTION('',(-0.864088407064941,-0.503340068716939,0.));
#13731=DIRECTION('',(0.00386108271900462,-0.999992545992337,0.));
#13732=DIRECTION('',(0.867949489783945,-0.496652477275398,0.));
#13733=DIRECTION('',(0.864088407064941,0.50334006871694,0.));
#13734=DIRECTION('',(-0.00386108271900417,0.999992545992337,0.));
#13735=DIRECTION('',(-0.867949489783945,0.496652477275398,0.));
#13736=DIRECTION('',(-0.864088407064941,-0.503340068716939,0.));
#13737=DIRECTION('',(0.00386108271900462,-0.999992545992337,0.));
#13738=DIRECTION('',(0.867949489783945,-0.496652477275398,0.));
#13739=DIRECTION('',(0.864088407064941,0.50334006871694,0.));
#13740=DIRECTION('',(-0.00386108271900417,0.999992545992337,0.));
#13741=DIRECTION('',(-0.867949489783945,0.496652477275398,0.));
#13742=DIRECTION('',(-0.864088407064941,-0.503340068716939,0.));
#13743=DIRECTION('',(0.00386108271900462,-0.999992545992337,0.));
#13744=DIRECTION('',(0.867949489783945,-0.496652477275398,0.));
#13745=DIRECTION('',(0.864088407064941,0.50334006871694,0.));
#13746=DIRECTION('',(-0.00386108271900417,0.999992545992337,0.));
#13747=DIRECTION('',(-0.867949489783945,0.496652477275398,0.));
#13748=DIRECTION('',(-0.864088407064941,-0.503340068716939,0.));
#13749=DIRECTION('',(0.00386108271900462,-0.999992545992337,0.));
#13750=DIRECTION('',(0.867949489783945,-0.496652477275398,0.));
#13751=DIRECTION('',(0.864088407064941,0.50334006871694,0.));
#13752=DIRECTION('',(-0.00386108271900417,0.999992545992337,0.));
#13753=DIRECTION('',(-0.867949489783945,0.496652477275398,0.));
#13754=DIRECTION('',(-0.864088407064941,-0.503340068716939,0.));
#13755=DIRECTION('',(0.00386108271900462,-0.999992545992337,0.));
#13756=DIRECTION('',(0.867949489783945,-0.496652477275398,0.));
#13757=DIRECTION('',(0.864088407064941,0.50334006871694,0.));
#13758=DIRECTION('',(-0.00386108271900417,0.999992545992337,0.));
#13759=DIRECTION('',(0.,0.,1.));
#13760=DIRECTION('',(1.,0.,0.));
#13761=DIRECTION('',(1.,0.,0.));
#13762=DIRECTION('',(0.,0.,1.));
#13763=DIRECTION('',(6.12323399573677E-17,-1.,0.));
#13764=DIRECTION('',(0.,0.,-1.));
#13765=DIRECTION('',(-1.,0.,0.));
#13766=DIRECTION('',(0.,1.,0.));
#13767=DIRECTION('',(0.,0.,1.));
#13768=DIRECTION('',(1.,0.,0.));
#13769=DIRECTION('',(0.,0.,-1.));
#13770=DIRECTION('',(-1.,0.,0.));
#13771=DIRECTION('',(1.,0.,0.));
#13772=DIRECTION('',(0.,-1.,0.));
#13773=DIRECTION('',(1.,0.,0.));
#13774=DIRECTION('',(0.,0.,-1.));
#13775=DIRECTION('',(-1.,0.,0.));
#13776=DIRECTION('',(0.,0.,1.));
#13777=DIRECTION('',(1.,0.,0.));
#13778=DIRECTION('',(0.,0.,-1.));
#13779=DIRECTION('',(-1.,0.,0.));
#13780=DIRECTION('',(0.,-1.,0.));
#13781=DIRECTION('',(1.,6.12323399573677E-17,0.));
#13782=DIRECTION('',(0.,0.,1.));
#13783=DIRECTION('',(-3.06161699786832E-17,0.499999999999991,0.866025403784444));
#13784=DIRECTION('',(3.06161699786844E-17,-0.50000000000001,0.866025403784433));
#13785=DIRECTION('',(6.12323399573677E-17,-1.,0.));
#13786=DIRECTION('',(3.06161699786832E-17,-0.499999999999991,-0.866025403784444));
#13787=DIRECTION('',(-3.06161699786844E-17,0.500000000000009,-0.866025403784433));
#13788=DIRECTION('',(-6.12323399573677E-17,1.,1.28197512425571E-14));
#13789=DIRECTION('',(-3.06161699786832E-17,0.499999999999991,0.866025403784444));
#13790=DIRECTION('',(3.06161699786844E-17,-0.50000000000001,0.866025403784433));
#13791=DIRECTION('',(6.12323399573677E-17,-1.,0.));
#13792=DIRECTION('',(3.06161699786832E-17,-0.499999999999991,-0.866025403784444));
#13793=DIRECTION('',(-3.06161699786844E-17,0.500000000000009,-0.866025403784433));
#13794=DIRECTION('',(-6.12323399573677E-17,1.,1.28197512425571E-14));
#13795=DIRECTION('',(-3.06161699786832E-17,0.499999999999991,0.866025403784444));
#13796=DIRECTION('',(3.06161699786844E-17,-0.50000000000001,0.866025403784433));
#13797=DIRECTION('',(6.12323399573677E-17,-1.,0.));
#13798=DIRECTION('',(3.06161699786832E-17,-0.499999999999991,-0.866025403784444));
#13799=DIRECTION('',(-3.06161699786844E-17,0.500000000000009,-0.866025403784433));
#13800=DIRECTION('',(-6.12323399573677E-17,1.,1.28197512425571E-14));
#13801=DIRECTION('',(-3.06161699786832E-17,0.499999999999991,0.866025403784444));
#13802=DIRECTION('',(3.06161699786844E-17,-0.50000000000001,0.866025403784433));
#13803=DIRECTION('',(6.12323399573677E-17,-1.,0.));
#13804=DIRECTION('',(3.06161699786832E-17,-0.499999999999991,-0.866025403784444));
#13805=DIRECTION('',(-3.06161699786844E-17,0.500000000000009,-0.866025403784433));
#13806=DIRECTION('',(-6.12323399573677E-17,1.,1.28197512425571E-14));
#13807=DIRECTION('',(-3.06161699786832E-17,0.499999999999991,0.866025403784444));
#13808=DIRECTION('',(3.06161699786844E-17,-0.50000000000001,0.866025403784433));
#13809=DIRECTION('',(6.12323399573677E-17,-1.,0.));
#13810=DIRECTION('',(3.06161699786832E-17,-0.499999999999991,-0.866025403784444));
#13811=DIRECTION('',(-3.06161699786844E-17,0.500000000000009,-0.866025403784433));
#13812=DIRECTION('',(-6.12323399573677E-17,1.,1.28197512425571E-14));
#13813=DIRECTION('',(-3.06161699786832E-17,0.499999999999991,0.866025403784444));
#13814=DIRECTION('',(3.06161699786844E-17,-0.50000000000001,0.866025403784433));
#13815=DIRECTION('',(6.12323399573677E-17,-1.,0.));
#13816=DIRECTION('',(3.06161699786832E-17,-0.499999999999991,-0.866025403784444));
#13817=DIRECTION('',(-3.06161699786844E-17,0.500000000000009,-0.866025403784433));
#13818=DIRECTION('',(-6.12323399573677E-17,1.,1.28197512425571E-14));
#13819=DIRECTION('',(-3.06161699786832E-17,0.499999999999991,0.866025403784444));
#13820=DIRECTION('',(3.06161699786844E-17,-0.50000000000001,0.866025403784433));
#13821=DIRECTION('',(6.12323399573677E-17,-1.,0.));
#13822=DIRECTION('',(3.06161699786832E-17,-0.499999999999991,-0.866025403784444));
#13823=DIRECTION('',(-3.06161699786844E-17,0.500000000000009,-0.866025403784433));
#13824=DIRECTION('',(-6.12323399573677E-17,1.,1.28197512425571E-14));
#13825=DIRECTION('',(-3.06161699786832E-17,0.499999999999991,0.866025403784444));
#13826=DIRECTION('',(3.06161699786844E-17,-0.50000000000001,0.866025403784433));
#13827=DIRECTION('',(6.12323399573677E-17,-1.,0.));
#13828=DIRECTION('',(3.06161699786832E-17,-0.499999999999991,-0.866025403784444));
#13829=DIRECTION('',(-3.06161699786844E-17,0.500000000000009,-0.866025403784433));
#13830=DIRECTION('',(-6.12323399573677E-17,1.,1.28197512425571E-14));
#13831=DIRECTION('',(-3.06161699786832E-17,0.499999999999991,0.866025403784444));
#13832=DIRECTION('',(3.06161699786844E-17,-0.50000000000001,0.866025403784433));
#13833=DIRECTION('',(6.12323399573677E-17,-1.,0.));
#13834=DIRECTION('',(3.06161699786832E-17,-0.499999999999991,-0.866025403784444));
#13835=DIRECTION('',(-3.06161699786844E-17,0.500000000000009,-0.866025403784433));
#13836=DIRECTION('',(-6.12323399573677E-17,1.,1.28197512425571E-14));
#13837=DIRECTION('',(-3.06161699786832E-17,0.499999999999991,0.866025403784444));
#13838=DIRECTION('',(3.06161699786844E-17,-0.50000000000001,0.866025403784433));
#13839=DIRECTION('',(6.12323399573677E-17,-1.,0.));
#13840=DIRECTION('',(3.06161699786832E-17,-0.499999999999991,-0.866025403784444));
#13841=DIRECTION('',(-3.06161699786844E-17,0.500000000000009,-0.866025403784433));
#13842=DIRECTION('',(-6.12323399573677E-17,1.,1.28197512425571E-14));
#13843=DIRECTION('',(-3.06161699786832E-17,0.499999999999991,0.866025403784444));
#13844=DIRECTION('',(3.06161699786844E-17,-0.50000000000001,0.866025403784433));
#13845=DIRECTION('',(6.12323399573677E-17,-1.,0.));
#13846=DIRECTION('',(3.06161699786832E-17,-0.499999999999991,-0.866025403784444));
#13847=DIRECTION('',(-3.06161699786844E-17,0.500000000000009,-0.866025403784433));
#13848=DIRECTION('',(-6.12323399573677E-17,1.,1.28197512425571E-14));
#13849=DIRECTION('',(-3.06161699786832E-17,0.499999999999991,0.866025403784444));
#13850=DIRECTION('',(3.06161699786844E-17,-0.50000000000001,0.866025403784433));
#13851=DIRECTION('',(6.12323399573677E-17,-1.,0.));
#13852=DIRECTION('',(3.06161699786832E-17,-0.499999999999991,-0.866025403784444));
#13853=DIRECTION('',(-3.06161699786844E-17,0.500000000000009,-0.866025403784433));
#13854=DIRECTION('',(-6.12323399573677E-17,1.,1.28197512425571E-14));
#13855=DIRECTION('',(-3.06161699786832E-17,0.499999999999991,0.866025403784444));
#13856=DIRECTION('',(3.06161699786844E-17,-0.50000000000001,0.866025403784433));
#13857=DIRECTION('',(6.12323399573677E-17,-1.,0.));
#13858=DIRECTION('',(3.06161699786832E-17,-0.499999999999991,-0.866025403784444));
#13859=DIRECTION('',(-3.06161699786844E-17,0.500000000000009,-0.866025403784433));
#13860=DIRECTION('',(-6.12323399573677E-17,1.,1.28197512425571E-14));
#13861=DIRECTION('',(-3.06161699786832E-17,0.499999999999991,0.866025403784444));
#13862=DIRECTION('',(3.06161699786844E-17,-0.50000000000001,0.866025403784433));
#13863=DIRECTION('',(6.12323399573677E-17,-1.,0.));
#13864=DIRECTION('',(3.06161699786832E-17,-0.499999999999991,-0.866025403784444));
#13865=DIRECTION('',(-3.06161699786844E-17,0.500000000000009,-0.866025403784433));
#13866=DIRECTION('',(-6.12323399573677E-17,1.,1.28197512425571E-14));
#13867=DIRECTION('',(-3.06161699786832E-17,0.499999999999991,0.866025403784444));
#13868=DIRECTION('',(3.06161699786844E-17,-0.50000000000001,0.866025403784433));
#13869=DIRECTION('',(6.12323399573677E-17,-1.,0.));
#13870=DIRECTION('',(3.06161699786832E-17,-0.499999999999991,-0.866025403784444));
#13871=DIRECTION('',(-3.06161699786844E-17,0.500000000000009,-0.866025403784433));
#13872=DIRECTION('',(-6.12323399573677E-17,1.,1.28197512425571E-14));
#13873=DIRECTION('',(-3.06161699786832E-17,0.499999999999991,0.866025403784444));
#13874=DIRECTION('',(3.06161699786844E-17,-0.50000000000001,0.866025403784433));
#13875=DIRECTION('',(6.12323399573677E-17,-1.,0.));
#13876=DIRECTION('',(3.06161699786832E-17,-0.499999999999991,-0.866025403784444));
#13877=DIRECTION('',(-3.06161699786844E-17,0.500000000000009,-0.866025403784433));
#13878=DIRECTION('',(-6.12323399573677E-17,1.,1.28197512425571E-14));
#13879=DIRECTION('',(-3.06161699786832E-17,0.499999999999991,0.866025403784444));
#13880=DIRECTION('',(3.06161699786844E-17,-0.50000000000001,0.866025403784433));
#13881=DIRECTION('',(6.12323399573677E-17,-1.,0.));
#13882=DIRECTION('',(3.06161699786832E-17,-0.499999999999991,-0.866025403784444));
#13883=DIRECTION('',(-3.06161699786844E-17,0.500000000000009,-0.866025403784433));
#13884=DIRECTION('',(-6.12323399573677E-17,1.,1.28197512425571E-14));
#13885=DIRECTION('',(-3.06161699786832E-17,0.499999999999991,0.866025403784444));
#13886=DIRECTION('',(3.06161699786844E-17,-0.50000000000001,0.866025403784433));
#13887=DIRECTION('',(6.12323399573677E-17,-1.,0.));
#13888=DIRECTION('',(3.06161699786832E-17,-0.499999999999991,-0.866025403784444));
#13889=DIRECTION('',(-3.06161699786844E-17,0.500000000000009,-0.866025403784433));
#13890=DIRECTION('',(-6.12323399573677E-17,1.,1.28197512425571E-14));
#13891=DIRECTION('',(-3.06161699786832E-17,0.499999999999991,0.866025403784444));
#13892=DIRECTION('',(3.06161699786844E-17,-0.50000000000001,0.866025403784433));
#13893=DIRECTION('',(6.12323399573677E-17,-1.,0.));
#13894=DIRECTION('',(3.06161699786832E-17,-0.499999999999991,-0.866025403784444));
#13895=DIRECTION('',(-3.06161699786844E-17,0.500000000000009,-0.866025403784433));
#13896=DIRECTION('',(-6.12323399573677E-17,1.,1.28197512425571E-14));
#13897=DIRECTION('',(-3.06161699786832E-17,0.499999999999991,0.866025403784444));
#13898=DIRECTION('',(3.06161699786844E-17,-0.50000000000001,0.866025403784433));
#13899=DIRECTION('',(6.12323399573677E-17,-1.,0.));
#13900=DIRECTION('',(3.06161699786832E-17,-0.499999999999991,-0.866025403784444));
#13901=DIRECTION('',(-3.06161699786844E-17,0.500000000000009,-0.866025403784433));
#13902=DIRECTION('',(-6.12323399573677E-17,1.,1.28197512425571E-14));
#13903=DIRECTION('',(-3.06161699786832E-17,0.499999999999991,0.866025403784444));
#13904=DIRECTION('',(3.06161699786844E-17,-0.50000000000001,0.866025403784433));
#13905=DIRECTION('',(6.12323399573677E-17,-1.,0.));
#13906=DIRECTION('',(3.06161699786832E-17,-0.499999999999991,-0.866025403784444));
#13907=DIRECTION('',(-3.06161699786844E-17,0.500000000000009,-0.866025403784433));
#13908=DIRECTION('',(-6.12323399573677E-17,1.,1.28197512425571E-14));
#13909=DIRECTION('',(-3.06161699786832E-17,0.499999999999991,0.866025403784444));
#13910=DIRECTION('',(3.06161699786844E-17,-0.50000000000001,0.866025403784433));
#13911=DIRECTION('',(6.12323399573677E-17,-1.,0.));
#13912=DIRECTION('',(3.06161699786832E-17,-0.499999999999991,-0.866025403784444));
#13913=DIRECTION('',(-3.06161699786844E-17,0.500000000000009,-0.866025403784433));
#13914=DIRECTION('',(-6.12323399573677E-17,1.,1.28197512425571E-14));
#13915=DIRECTION('',(-3.06161699786832E-17,0.499999999999991,0.866025403784444));
#13916=DIRECTION('',(3.06161699786844E-17,-0.50000000000001,0.866025403784433));
#13917=DIRECTION('',(6.12323399573677E-17,-1.,0.));
#13918=DIRECTION('',(3.06161699786832E-17,-0.499999999999991,-0.866025403784444));
#13919=DIRECTION('',(-3.06161699786844E-17,0.500000000000009,-0.866025403784433));
#13920=DIRECTION('',(-6.12323399573677E-17,1.,1.28197512425571E-14));
#13921=DIRECTION('',(-3.06161699786832E-17,0.499999999999991,0.866025403784444));
#13922=DIRECTION('',(3.06161699786844E-17,-0.50000000000001,0.866025403784433));
#13923=DIRECTION('',(0.,0.,-1.));
#13924=DIRECTION('',(6.12323399573677E-17,-1.,0.));
#13925=DIRECTION('',(0.,0.,-1.));
#13926=DIRECTION('',(3.06161699786832E-17,-0.499999999999991,-0.866025403784444));
#13927=DIRECTION('',(-3.06161699786844E-17,0.500000000000009,-0.866025403784433));
#13928=DIRECTION('',(-6.12323399573677E-17,1.,1.28197512425571E-14));
#13929=DIRECTION('',(0.,0.,-1.));
#13930=DIRECTION('',(-6.12323399573677E-17,1.,0.));
#13931=DIRECTION('',(0.,0.,1.));
#13932=DIRECTION('',(1.,0.,0.));
#13933=DIRECTION('',(0.,0.866025403784433,0.500000000000009));
#13934=DIRECTION('',(0.,0.50000000000001,-0.866025403784433));
#13935=DIRECTION('',(0.,0.866025403784444,-0.499999999999991));
#13936=DIRECTION('',(0.,-0.499999999999991,-0.866025403784444));
#13937=DIRECTION('',(0.,1.28197512425571E-14,-1.));
#13938=DIRECTION('',(0.,1.,1.28197512425571E-14));
#13939=DIRECTION('',(0.,-0.866025403784433,-0.500000000000009));
#13940=DIRECTION('',(0.,0.500000000000009,-0.866025403784433));
#13941=DIRECTION('',(0.,-0.866025403784444,0.499999999999991));
#13942=DIRECTION('',(0.,-0.499999999999991,-0.866025403784444));
#13943=DIRECTION('',(0.,0.,1.));
#13944=DIRECTION('',(1.,0.,0.));
#13945=DIRECTION('',(0.,0.866025403784433,0.500000000000009));
#13946=DIRECTION('',(0.,0.50000000000001,-0.866025403784433));
#13947=DIRECTION('',(0.,0.866025403784444,-0.499999999999991));
#13948=DIRECTION('',(0.,-0.499999999999991,-0.866025403784444));
#13949=DIRECTION('',(0.,1.28197512425571E-14,-1.));
#13950=DIRECTION('',(0.,1.,1.28197512425571E-14));
#13951=DIRECTION('',(0.,-0.866025403784433,-0.500000000000009));
#13952=DIRECTION('',(0.,0.500000000000009,-0.866025403784433));
#13953=DIRECTION('',(0.,-0.866025403784444,0.499999999999991));
#13954=DIRECTION('',(0.,-0.499999999999991,-0.866025403784444));
#13955=DIRECTION('',(0.,0.,1.));
#13956=DIRECTION('',(1.,0.,0.));
#13957=DIRECTION('',(0.,0.866025403784433,0.500000000000009));
#13958=DIRECTION('',(0.,0.50000000000001,-0.866025403784433));
#13959=DIRECTION('',(0.,0.866025403784444,-0.499999999999991));
#13960=DIRECTION('',(0.,-0.499999999999991,-0.866025403784444));
#13961=DIRECTION('',(0.,1.28197512425571E-14,-1.));
#13962=DIRECTION('',(0.,1.,1.28197512425571E-14));
#13963=DIRECTION('',(0.,-0.866025403784433,-0.500000000000009));
#13964=DIRECTION('',(0.,0.500000000000009,-0.866025403784433));
#13965=DIRECTION('',(0.,-0.866025403784444,0.499999999999991));
#13966=DIRECTION('',(0.,-0.499999999999991,-0.866025403784444));
#13967=DIRECTION('',(0.,0.,1.));
#13968=DIRECTION('',(1.,0.,0.));
#13969=DIRECTION('',(0.,0.866025403784433,0.500000000000009));
#13970=DIRECTION('',(0.,0.50000000000001,-0.866025403784433));
#13971=DIRECTION('',(0.,0.866025403784444,-0.499999999999991));
#13972=DIRECTION('',(0.,-0.499999999999991,-0.866025403784444));
#13973=DIRECTION('',(0.,1.28197512425571E-14,-1.));
#13974=DIRECTION('',(0.,1.,1.28197512425571E-14));
#13975=DIRECTION('',(0.,-0.866025403784433,-0.500000000000009));
#13976=DIRECTION('',(0.,0.500000000000009,-0.866025403784433));
#13977=DIRECTION('',(0.,-0.866025403784444,0.499999999999991));
#13978=DIRECTION('',(0.,-0.499999999999991,-0.866025403784444));
#13979=DIRECTION('',(0.,0.,1.));
#13980=DIRECTION('',(1.,0.,0.));
#13981=DIRECTION('',(0.,0.866025403784433,0.500000000000009));
#13982=DIRECTION('',(0.,0.50000000000001,-0.866025403784433));
#13983=DIRECTION('',(0.,0.866025403784444,-0.499999999999991));
#13984=DIRECTION('',(0.,-0.499999999999991,-0.866025403784444));
#13985=DIRECTION('',(0.,1.28197512425571E-14,-1.));
#13986=DIRECTION('',(0.,1.,1.28197512425571E-14));
#13987=DIRECTION('',(0.,-0.866025403784433,-0.500000000000009));
#13988=DIRECTION('',(0.,0.500000000000009,-0.866025403784433));
#13989=DIRECTION('',(0.,-0.866025403784444,0.499999999999991));
#13990=DIRECTION('',(0.,-0.499999999999991,-0.866025403784444));
#13991=DIRECTION('',(0.,0.,1.));
#13992=DIRECTION('',(1.,0.,0.));
#13993=DIRECTION('',(0.,0.866025403784433,0.500000000000009));
#13994=DIRECTION('',(0.,0.50000000000001,-0.866025403784433));
#13995=DIRECTION('',(0.,0.866025403784444,-0.499999999999991));
#13996=DIRECTION('',(0.,-0.499999999999991,-0.866025403784444));
#13997=DIRECTION('',(0.,1.28197512425571E-14,-1.));
#13998=DIRECTION('',(0.,1.,1.28197512425571E-14));
#13999=DIRECTION('',(0.,-0.866025403784433,-0.500000000000009));
#14000=DIRECTION('',(0.,0.500000000000009,-0.866025403784433));
#14001=DIRECTION('',(0.,-0.866025403784444,0.499999999999991));
#14002=DIRECTION('',(0.,-0.499999999999991,-0.866025403784444));
#14003=DIRECTION('',(0.,0.,1.));
#14004=DIRECTION('',(1.,0.,0.));
#14005=DIRECTION('',(0.,0.866025403784433,0.500000000000009));
#14006=DIRECTION('',(0.,0.50000000000001,-0.866025403784433));
#14007=DIRECTION('',(0.,0.866025403784444,-0.499999999999991));
#14008=DIRECTION('',(0.,-0.499999999999991,-0.866025403784444));
#14009=DIRECTION('',(0.,1.28197512425571E-14,-1.));
#14010=DIRECTION('',(0.,1.,1.28197512425571E-14));
#14011=DIRECTION('',(0.,-0.866025403784433,-0.500000000000009));
#14012=DIRECTION('',(0.,0.500000000000009,-0.866025403784433));
#14013=DIRECTION('',(0.,-0.866025403784444,0.499999999999991));
#14014=DIRECTION('',(0.,-0.499999999999991,-0.866025403784444));
#14015=DIRECTION('',(0.,0.,1.));
#14016=DIRECTION('',(1.,0.,0.));
#14017=DIRECTION('',(0.,0.866025403784433,0.500000000000009));
#14018=DIRECTION('',(0.,0.50000000000001,-0.866025403784433));
#14019=DIRECTION('',(0.,0.866025403784444,-0.499999999999991));
#14020=DIRECTION('',(0.,-0.499999999999991,-0.866025403784444));
#14021=DIRECTION('',(0.,1.28197512425571E-14,-1.));
#14022=DIRECTION('',(0.,1.,1.28197512425571E-14));
#14023=DIRECTION('',(0.,-0.866025403784433,-0.500000000000009));
#14024=DIRECTION('',(0.,0.500000000000009,-0.866025403784433));
#14025=DIRECTION('',(0.,-0.866025403784444,0.499999999999991));
#14026=DIRECTION('',(0.,-0.499999999999991,-0.866025403784444));
#14027=DIRECTION('',(0.,0.,1.));
#14028=DIRECTION('',(1.,0.,0.));
#14029=DIRECTION('',(0.,0.866025403784433,0.500000000000009));
#14030=DIRECTION('',(0.,0.50000000000001,-0.866025403784433));
#14031=DIRECTION('',(0.,0.866025403784444,-0.499999999999991));
#14032=DIRECTION('',(0.,-0.499999999999991,-0.866025403784444));
#14033=DIRECTION('',(0.,1.28197512425571E-14,-1.));
#14034=DIRECTION('',(0.,1.,1.28197512425571E-14));
#14035=DIRECTION('',(0.,-0.866025403784433,-0.500000000000009));
#14036=DIRECTION('',(0.,0.500000000000009,-0.866025403784433));
#14037=DIRECTION('',(0.,-0.866025403784444,0.499999999999991));
#14038=DIRECTION('',(0.,-0.499999999999991,-0.866025403784444));
#14039=DIRECTION('',(0.,0.,1.));
#14040=DIRECTION('',(1.,0.,0.));
#14041=DIRECTION('',(0.,0.866025403784433,0.500000000000009));
#14042=DIRECTION('',(0.,0.50000000000001,-0.866025403784433));
#14043=DIRECTION('',(0.,0.866025403784444,-0.499999999999991));
#14044=DIRECTION('',(0.,-0.499999999999991,-0.866025403784444));
#14045=DIRECTION('',(0.,1.28197512425571E-14,-1.));
#14046=DIRECTION('',(0.,1.,1.28197512425571E-14));
#14047=DIRECTION('',(0.,-0.866025403784433,-0.500000000000009));
#14048=DIRECTION('',(0.,0.500000000000009,-0.866025403784433));
#14049=DIRECTION('',(0.,-0.866025403784444,0.499999999999991));
#14050=DIRECTION('',(0.,-0.499999999999991,-0.866025403784444));
#14051=DIRECTION('',(0.,0.,1.));
#14052=DIRECTION('',(1.,0.,0.));
#14053=DIRECTION('',(0.,0.866025403784433,0.500000000000009));
#14054=DIRECTION('',(0.,0.50000000000001,-0.866025403784433));
#14055=DIRECTION('',(0.,0.866025403784444,-0.499999999999991));
#14056=DIRECTION('',(0.,-0.499999999999991,-0.866025403784444));
#14057=DIRECTION('',(0.,1.28197512425571E-14,-1.));
#14058=DIRECTION('',(0.,1.,1.28197512425571E-14));
#14059=DIRECTION('',(0.,-0.866025403784433,-0.500000000000009));
#14060=DIRECTION('',(0.,0.500000000000009,-0.866025403784433));
#14061=DIRECTION('',(0.,-0.866025403784444,0.499999999999991));
#14062=DIRECTION('',(0.,-0.499999999999991,-0.866025403784444));
#14063=DIRECTION('',(0.,0.866025403784433,0.500000000000009));
#14064=DIRECTION('',(0.,0.50000000000001,-0.866025403784433));
#14065=DIRECTION('',(0.,0.866025403784444,-0.499999999999991));
#14066=DIRECTION('',(0.,-0.499999999999991,-0.866025403784444));
#14067=DIRECTION('',(0.,1.28197512425571E-14,-1.));
#14068=DIRECTION('',(0.,1.,1.28197512425571E-14));
#14069=DIRECTION('',(0.,-0.866025403784433,-0.500000000000009));
#14070=DIRECTION('',(0.,0.500000000000009,-0.866025403784433));
#14071=DIRECTION('',(0.,-0.866025403784444,0.499999999999991));
#14072=DIRECTION('',(0.,-0.499999999999991,-0.866025403784444));
#14073=DIRECTION('',(0.,0.,-1.));
#14074=DIRECTION('',(0.,0.,1.));
#14075=DIRECTION('',(6.12323399573677E-17,-1.,0.));
#14076=DIRECTION('',(0.,0.,1.));
#14077=DIRECTION('',(6.12323399573677E-17,-1.,0.));
#14078=DIRECTION('',(0.,0.,-1.));
#14079=DIRECTION('',(0.,0.,1.));
#14080=DIRECTION('',(1.,0.,0.));
#14081=DIRECTION('',(0.,0.866025403784433,0.500000000000009));
#14082=DIRECTION('',(0.,0.50000000000001,-0.866025403784433));
#14083=DIRECTION('',(0.,0.866025403784444,-0.499999999999991));
#14084=DIRECTION('',(0.,-0.499999999999991,-0.866025403784444));
#14085=DIRECTION('',(0.,1.28197512425571E-14,-1.));
#14086=DIRECTION('',(0.,1.,1.28197512425571E-14));
#14087=DIRECTION('',(0.,-0.866025403784433,-0.500000000000009));
#14088=DIRECTION('',(0.,0.500000000000009,-0.866025403784433));
#14089=DIRECTION('',(0.,-0.866025403784444,0.499999999999991));
#14090=DIRECTION('',(0.,-0.499999999999991,-0.866025403784444));
#14091=DIRECTION('',(0.,0.,1.));
#14092=DIRECTION('',(1.,0.,0.));
#14093=DIRECTION('',(0.,0.866025403784433,0.500000000000009));
#14094=DIRECTION('',(0.,0.50000000000001,-0.866025403784433));
#14095=DIRECTION('',(0.,0.866025403784444,-0.499999999999991));
#14096=DIRECTION('',(0.,-0.499999999999991,-0.866025403784444));
#14097=DIRECTION('',(0.,1.28197512425571E-14,-1.));
#14098=DIRECTION('',(0.,1.,1.28197512425571E-14));
#14099=DIRECTION('',(0.,-0.866025403784433,-0.500000000000009));
#14100=DIRECTION('',(0.,0.500000000000009,-0.866025403784433));
#14101=DIRECTION('',(0.,-0.866025403784444,0.499999999999991));
#14102=DIRECTION('',(0.,-0.499999999999991,-0.866025403784444));
#14103=DIRECTION('',(0.,0.,1.));
#14104=DIRECTION('',(1.,0.,0.));
#14105=DIRECTION('',(0.,0.866025403784433,0.500000000000009));
#14106=DIRECTION('',(0.,0.50000000000001,-0.866025403784433));
#14107=DIRECTION('',(0.,0.866025403784444,-0.499999999999991));
#14108=DIRECTION('',(0.,-0.499999999999991,-0.866025403784444));
#14109=DIRECTION('',(0.,1.28197512425571E-14,-1.));
#14110=DIRECTION('',(0.,1.,1.28197512425571E-14));
#14111=DIRECTION('',(0.,-0.866025403784433,-0.500000000000009));
#14112=DIRECTION('',(0.,0.500000000000009,-0.866025403784433));
#14113=DIRECTION('',(0.,-0.866025403784444,0.499999999999991));
#14114=DIRECTION('',(0.,-0.499999999999991,-0.866025403784444));
#14115=DIRECTION('',(0.,0.,1.));
#14116=DIRECTION('',(1.,0.,0.));
#14117=DIRECTION('',(0.,0.866025403784433,0.500000000000009));
#14118=DIRECTION('',(0.,0.50000000000001,-0.866025403784433));
#14119=DIRECTION('',(0.,0.866025403784444,-0.499999999999991));
#14120=DIRECTION('',(0.,-0.499999999999991,-0.866025403784444));
#14121=DIRECTION('',(0.,1.28197512425571E-14,-1.));
#14122=DIRECTION('',(0.,1.,1.28197512425571E-14));
#14123=DIRECTION('',(0.,-0.866025403784433,-0.500000000000009));
#14124=DIRECTION('',(0.,0.500000000000009,-0.866025403784433));
#14125=DIRECTION('',(0.,-0.866025403784444,0.499999999999991));
#14126=DIRECTION('',(0.,-0.499999999999991,-0.866025403784444));
#14127=DIRECTION('',(0.,0.,1.));
#14128=DIRECTION('',(1.,0.,0.));
#14129=DIRECTION('',(0.,0.866025403784433,0.500000000000009));
#14130=DIRECTION('',(0.,0.50000000000001,-0.866025403784433));
#14131=DIRECTION('',(0.,0.866025403784444,-0.499999999999991));
#14132=DIRECTION('',(0.,-0.499999999999991,-0.866025403784444));
#14133=DIRECTION('',(0.,1.28197512425571E-14,-1.));
#14134=DIRECTION('',(0.,1.,1.28197512425571E-14));
#14135=DIRECTION('',(0.,-0.866025403784433,-0.500000000000009));
#14136=DIRECTION('',(0.,0.500000000000009,-0.866025403784433));
#14137=DIRECTION('',(0.,-0.866025403784444,0.499999999999991));
#14138=DIRECTION('',(0.,-0.499999999999991,-0.866025403784444));
#14139=DIRECTION('',(0.,0.,1.));
#14140=DIRECTION('',(1.,0.,0.));
#14141=DIRECTION('',(0.,0.866025403784433,0.500000000000009));
#14142=DIRECTION('',(0.,0.50000000000001,-0.866025403784433));
#14143=DIRECTION('',(0.,0.866025403784444,-0.499999999999991));
#14144=DIRECTION('',(0.,-0.499999999999991,-0.866025403784444));
#14145=DIRECTION('',(0.,1.28197512425571E-14,-1.));
#14146=DIRECTION('',(0.,1.,1.28197512425571E-14));
#14147=DIRECTION('',(0.,-0.866025403784433,-0.500000000000009));
#14148=DIRECTION('',(0.,0.500000000000009,-0.866025403784433));
#14149=DIRECTION('',(0.,-0.866025403784444,0.499999999999991));
#14150=DIRECTION('',(0.,-0.499999999999991,-0.866025403784444));
#14151=DIRECTION('',(0.,0.,1.));
#14152=DIRECTION('',(1.,0.,0.));
#14153=DIRECTION('',(0.,0.866025403784433,0.500000000000009));
#14154=DIRECTION('',(0.,0.50000000000001,-0.866025403784433));
#14155=DIRECTION('',(0.,0.866025403784444,-0.499999999999991));
#14156=DIRECTION('',(0.,-0.499999999999991,-0.866025403784444));
#14157=DIRECTION('',(0.,1.28197512425571E-14,-1.));
#14158=DIRECTION('',(0.,1.,1.28197512425571E-14));
#14159=DIRECTION('',(0.,-0.866025403784433,-0.500000000000009));
#14160=DIRECTION('',(0.,0.500000000000009,-0.866025403784433));
#14161=DIRECTION('',(0.,-0.866025403784444,0.499999999999991));
#14162=DIRECTION('',(0.,-0.499999999999991,-0.866025403784444));
#14163=DIRECTION('',(0.,0.,1.));
#14164=DIRECTION('',(1.,0.,0.));
#14165=DIRECTION('',(0.,0.866025403784433,0.500000000000009));
#14166=DIRECTION('',(0.,0.50000000000001,-0.866025403784433));
#14167=DIRECTION('',(0.,0.866025403784444,-0.499999999999991));
#14168=DIRECTION('',(0.,-0.499999999999991,-0.866025403784444));
#14169=DIRECTION('',(0.,1.28197512425571E-14,-1.));
#14170=DIRECTION('',(0.,1.,1.28197512425571E-14));
#14171=DIRECTION('',(0.,-0.866025403784433,-0.500000000000009));
#14172=DIRECTION('',(0.,0.500000000000009,-0.866025403784433));
#14173=DIRECTION('',(0.,-0.866025403784444,0.499999999999991));
#14174=DIRECTION('',(0.,-0.499999999999991,-0.866025403784444));
#14175=DIRECTION('',(0.,0.,1.));
#14176=DIRECTION('',(1.,0.,0.));
#14177=DIRECTION('',(0.,0.866025403784433,0.500000000000009));
#14178=DIRECTION('',(0.,0.50000000000001,-0.866025403784433));
#14179=DIRECTION('',(0.,0.866025403784444,-0.499999999999991));
#14180=DIRECTION('',(0.,-0.499999999999991,-0.866025403784444));
#14181=DIRECTION('',(0.,1.28197512425571E-14,-1.));
#14182=DIRECTION('',(0.,1.,1.28197512425571E-14));
#14183=DIRECTION('',(0.,-0.866025403784433,-0.500000000000009));
#14184=DIRECTION('',(0.,0.500000000000009,-0.866025403784433));
#14185=DIRECTION('',(0.,-0.866025403784444,0.499999999999991));
#14186=DIRECTION('',(0.,-0.499999999999991,-0.866025403784444));
#14187=DIRECTION('',(0.,0.,1.));
#14188=DIRECTION('',(1.,0.,0.));
#14189=DIRECTION('',(0.,0.866025403784433,0.500000000000009));
#14190=DIRECTION('',(0.,0.50000000000001,-0.866025403784433));
#14191=DIRECTION('',(0.,0.866025403784444,-0.499999999999991));
#14192=DIRECTION('',(0.,-0.499999999999991,-0.866025403784444));
#14193=DIRECTION('',(0.,1.28197512425571E-14,-1.));
#14194=DIRECTION('',(0.,1.,1.28197512425571E-14));
#14195=DIRECTION('',(0.,-0.866025403784433,-0.500000000000009));
#14196=DIRECTION('',(0.,0.500000000000009,-0.866025403784433));
#14197=DIRECTION('',(0.,-0.866025403784444,0.499999999999991));
#14198=DIRECTION('',(0.,-0.499999999999991,-0.866025403784444));
#14199=DIRECTION('',(0.,0.,1.));
#14200=DIRECTION('',(1.,0.,0.));
#14201=DIRECTION('',(0.,0.866025403784433,0.500000000000009));
#14202=DIRECTION('',(0.,0.50000000000001,-0.866025403784433));
#14203=DIRECTION('',(0.,0.866025403784444,-0.499999999999991));
#14204=DIRECTION('',(0.,-0.499999999999991,-0.866025403784444));
#14205=DIRECTION('',(0.,1.28197512425571E-14,-1.));
#14206=DIRECTION('',(0.,1.,1.28197512425571E-14));
#14207=DIRECTION('',(0.,-0.866025403784433,-0.500000000000009));
#14208=DIRECTION('',(0.,0.500000000000009,-0.866025403784433));
#14209=DIRECTION('',(0.,-0.866025403784444,0.499999999999991));
#14210=DIRECTION('',(0.,-0.499999999999991,-0.866025403784444));
#14211=DIRECTION('',(0.,0.,1.));
#14212=DIRECTION('',(1.,0.,0.));
#14213=DIRECTION('',(0.,0.866025403784433,0.500000000000009));
#14214=DIRECTION('',(0.,0.50000000000001,-0.866025403784433));
#14215=DIRECTION('',(0.,0.866025403784444,-0.499999999999991));
#14216=DIRECTION('',(0.,-0.499999999999991,-0.866025403784444));
#14217=DIRECTION('',(0.,1.28197512425571E-14,-1.));
#14218=DIRECTION('',(0.,1.,1.28197512425571E-14));
#14219=DIRECTION('',(0.,-0.866025403784433,-0.500000000000009));
#14220=DIRECTION('',(0.,0.500000000000009,-0.866025403784433));
#14221=DIRECTION('',(0.,-0.866025403784444,0.499999999999991));
#14222=DIRECTION('',(0.,-0.499999999999991,-0.866025403784444));
#14223=DIRECTION('',(0.,0.,1.));
#14224=DIRECTION('',(6.12323399573677E-17,-1.,0.));
#14225=DIRECTION('',(1.,0.,0.));
#14226=DIRECTION('',(0.,-1.,0.));
#14227=DIRECTION('',(1.,0.,0.));
#14228=DIRECTION('',(1.,0.,0.));
#14229=DIRECTION('',(1.,0.,0.));
#14230=DIRECTION('',(1.,0.,0.));
#14231=DIRECTION('',(1.,0.,0.));
#14232=DIRECTION('',(0.,-1.,0.));
#14233=DIRECTION('',(1.,0.,0.));
#14234=DIRECTION('',(1.,0.,0.));
#14235=DIRECTION('',(1.,0.,0.));
#14236=DIRECTION('',(1.,0.,0.));
#14237=DIRECTION('',(-6.12323399573677E-17,1.,0.));
#14238=DIRECTION('',(-1.,-6.12323399573677E-17,0.));
#14239=DIRECTION('',(1.,6.12323399573677E-17,0.));
#14240=DIRECTION('',(-6.12323399573677E-17,1.,0.));
#14241=DIRECTION('',(-1.,-6.12323399573677E-17,0.));
#14242=DIRECTION('',(0.,0.,-1.));
#14243=DIRECTION('',(1.,6.12323399573677E-17,0.));
#14244=DIRECTION('',(0.,0.,-1.));
#14245=DIRECTION('',(-1.,-6.12323399573677E-17,0.));
#14246=DIRECTION('',(6.12323399573677E-17,-1.,0.));
#14247=DIRECTION('',(-6.12323399573677E-17,1.,0.));
#14248=DIRECTION('',(0.,0.,-1.));
#14249=DIRECTION('',(-6.12323399573677E-17,1.,0.));
#14250=DIRECTION('',(-1.,-6.12323399573677E-17,0.));
#14251=DIRECTION('',(1.,6.12323399573677E-17,0.));
#14252=DIRECTION('',(0.,0.,-1.));
#14253=DIRECTION('',(-1.,-6.12323399573677E-17,0.));
#14254=DIRECTION('',(6.12323399573677E-17,-1.,0.));
#14255=DIRECTION('',(-6.12323399573677E-17,1.,0.));
#14256=DIRECTION('',(0.,0.,-1.));
#14257=DIRECTION('',(-6.12323399573677E-17,1.,0.));
#14258=DIRECTION('',(0.,0.,1.));
#14259=DIRECTION('',(6.12323399573677E-17,-1.,0.));
#14260=DIRECTION('',(0.,0.,1.));
#14261=DIRECTION('',(6.12323399573677E-17,-1.,0.));
#14262=DIRECTION('',(0.,0.,1.));
#14263=DIRECTION('',(6.12323399573677E-17,-1.,0.));
#14264=DIRECTION('',(0.,0.,1.));
#14265=DIRECTION('',(6.12323399573677E-17,-1.,0.));
#14266=DIRECTION('',(0.,0.,-1.));
#14267=DIRECTION('',(-1.,0.,0.));
#14268=DIRECTION('',(0.,0.,-1.));
#14269=DIRECTION('',(0.,1.28197512425571E-14,-1.));
#14270=DIRECTION('',(0.,1.,1.28197512425571E-14));
#14271=DIRECTION('',(0.,0.,-1.));
#14272=DIRECTION('',(0.,0.,-1.));
#14273=DIRECTION('',(-1.,0.,0.));
#14274=DIRECTION('',(0.,0.,-1.));
#14275=DIRECTION('',(-1.,0.,0.));
#14276=DIRECTION('',(0.,0.,-1.));
#14277=DIRECTION('',(0.,0.,-1.));
#14278=DIRECTION('',(1.,0.,0.));
#14279=DIRECTION('',(-1.,0.,0.));
#14280=DIRECTION('',(0.,-1.,0.));
#14281=DIRECTION('',(-6.12323399573677E-17,1.,0.));
#14282=DIRECTION('',(-1.,-6.12323399573677E-17,0.));
#14283=DIRECTION('',(-1.,-6.12323399573677E-17,-7.84983366253141E-31));
#14284=DIRECTION('',(0.,0.,1.));
#14285=DIRECTION('',(6.12323399573677E-17,-1.,0.));
#14286=DIRECTION('',(0.864088407064941,0.503340068716939,0.));
#14287=DIRECTION('',(0.867949489783945,-0.496652477275398,0.));
#14288=DIRECTION('',(0.00386108271900417,-0.999992545992338,0.));
#14289=DIRECTION('',(-0.864088407064941,-0.503340068716939,0.));
#14290=DIRECTION('',(-0.867949489783945,0.496652477275398,0.));
#14291=DIRECTION('',(-0.00386108271900462,0.999992545992338,0.));
#14292=DIRECTION('',(0.00386108271900417,-0.999992545992338,0.));
#14293=DIRECTION('',(-1.,-2.92420043464467E-16,0.));
#14294=DIRECTION('',(-0.00386108271900462,0.999992545992338,0.));
#14295=DIRECTION('',(0.864088407064941,0.503340068716939,0.));
#14296=DIRECTION('',(0.867949489783945,-0.496652477275398,0.));
#14297=DIRECTION('',(0.00386108271900417,-0.999992545992338,0.));
#14298=DIRECTION('',(-1.,-2.92420043464467E-16,0.));
#14299=DIRECTION('',(-0.00386108271900462,0.999992545992338,0.));
#14300=DIRECTION('',(0.864088407064941,0.503340068716939,0.));
#14301=DIRECTION('',(0.867949489783945,-0.496652477275398,0.));
#14302=DIRECTION('',(0.00386108271900417,-0.999992545992338,0.));
#14303=DIRECTION('',(-1.,-2.92420043464467E-16,0.));
#14304=DIRECTION('',(-1.,0.,0.));
#14305=DIRECTION('',(1.,0.,0.));
#14306=DIRECTION('',(-1.,0.,0.));
#14307=DIRECTION('',(-1.,0.,0.));
#14308=DIRECTION('',(1.,0.,0.));
#14309=DIRECTION('',(1.,0.,0.));
#14310=DIRECTION('',(1.,0.,0.));
#14311=DIRECTION('',(1.,0.,0.));
#14312=DIRECTION('',(-1.,-2.92420043464467E-16,0.));
#14313=DIRECTION('',(-0.00386108271900462,0.999992545992338,0.));
#14314=DIRECTION('',(0.864088407064941,0.503340068716939,0.));
#14315=DIRECTION('',(0.867949489783945,-0.496652477275398,0.));
#14316=DIRECTION('',(0.00386108271900417,-0.999992545992338,0.));
#14317=DIRECTION('',(-1.,-2.92420043464467E-16,0.));
#14318=DIRECTION('',(-0.00386108271900462,0.999992545992338,0.));
#14319=DIRECTION('',(0.864088407064941,0.503340068716939,0.));
#14320=DIRECTION('',(0.867949489783945,-0.496652477275398,0.));
#14321=DIRECTION('',(0.864088407064941,0.503340068716939,0.));
#14322=DIRECTION('',(0.867949489783945,-0.496652477275398,0.));
#14323=DIRECTION('',(0.00386108271900417,-0.999992545992338,0.));
#14324=DIRECTION('',(-0.864088407064941,-0.503340068716939,0.));
#14325=DIRECTION('',(-0.867949489783945,0.496652477275398,0.));
#14326=DIRECTION('',(-0.00386108271900462,0.999992545992338,0.));
#14327=DIRECTION('',(0.864088407064941,0.503340068716939,0.));
#14328=DIRECTION('',(0.867949489783945,-0.496652477275398,0.));
#14329=DIRECTION('',(0.00386108271900417,-0.999992545992338,0.));
#14330=DIRECTION('',(-0.864088407064941,-0.503340068716939,0.));
#14331=DIRECTION('',(-0.867949489783945,0.496652477275398,0.));
#14332=DIRECTION('',(-0.00386108271900462,0.999992545992338,0.));
#14333=DIRECTION('',(0.864088407064941,0.503340068716939,0.));
#14334=DIRECTION('',(0.867949489783945,-0.496652477275398,0.));
#14335=DIRECTION('',(0.00386108271900417,-0.999992545992338,0.));
#14336=DIRECTION('',(-0.864088407064941,-0.503340068716939,0.));
#14337=DIRECTION('',(-0.867949489783945,0.496652477275398,0.));
#14338=DIRECTION('',(-0.00386108271900462,0.999992545992338,0.));
#14339=DIRECTION('',(0.864088407064941,0.503340068716939,0.));
#14340=DIRECTION('',(0.867949489783945,-0.496652477275398,0.));
#14341=DIRECTION('',(0.00386108271900417,-0.999992545992338,0.));
#14342=DIRECTION('',(-0.864088407064941,-0.503340068716939,0.));
#14343=DIRECTION('',(-0.867949489783945,0.496652477275398,0.));
#14344=DIRECTION('',(-0.00386108271900462,0.999992545992338,0.));
#14345=DIRECTION('',(0.864088407064941,0.503340068716939,0.));
#14346=DIRECTION('',(0.867949489783945,-0.496652477275398,0.));
#14347=DIRECTION('',(0.00386108271900417,-0.999992545992338,0.));
#14348=DIRECTION('',(-0.864088407064941,-0.503340068716939,0.));
#14349=DIRECTION('',(-0.867949489783945,0.496652477275398,0.));
#14350=DIRECTION('',(-0.00386108271900462,0.999992545992338,0.));
#14351=DIRECTION('',(0.864088407064941,0.503340068716939,0.));
#14352=DIRECTION('',(0.867949489783945,-0.496652477275398,0.));
#14353=DIRECTION('',(0.00386108271900417,-0.999992545992338,0.));
#14354=DIRECTION('',(-0.864088407064941,-0.503340068716939,0.));
#14355=DIRECTION('',(-0.867949489783945,0.496652477275398,0.));
#14356=DIRECTION('',(-0.00386108271900462,0.999992545992338,0.));
#14357=DIRECTION('',(0.864088407064941,0.503340068716939,0.));
#14358=DIRECTION('',(0.867949489783945,-0.496652477275398,0.));
#14359=DIRECTION('',(0.00386108271900417,-0.999992545992338,0.));
#14360=DIRECTION('',(-0.864088407064941,-0.503340068716939,0.));
#14361=DIRECTION('',(-0.867949489783945,0.496652477275398,0.));
#14362=DIRECTION('',(-0.00386108271900462,0.999992545992338,0.));
#14363=DIRECTION('',(0.864088407064941,0.503340068716939,0.));
#14364=DIRECTION('',(0.867949489783945,-0.496652477275398,0.));
#14365=DIRECTION('',(0.00386108271900417,-0.999992545992338,0.));
#14366=DIRECTION('',(-0.864088407064941,-0.503340068716939,0.));
#14367=DIRECTION('',(-0.867949489783945,0.496652477275398,0.));
#14368=DIRECTION('',(-0.00386108271900462,0.999992545992338,0.));
#14369=DIRECTION('',(0.864088407064941,0.503340068716939,0.));
#14370=DIRECTION('',(0.867949489783945,-0.496652477275398,0.));
#14371=DIRECTION('',(0.00386108271900417,-0.999992545992338,0.));
#14372=DIRECTION('',(-0.864088407064941,-0.503340068716939,0.));
#14373=DIRECTION('',(-0.867949489783945,0.496652477275398,0.));
#14374=DIRECTION('',(-0.00386108271900462,0.999992545992338,0.));
#14375=DIRECTION('',(0.864088407064941,0.503340068716939,0.));
#14376=DIRECTION('',(0.867949489783945,-0.496652477275398,0.));
#14377=DIRECTION('',(0.00386108271900417,-0.999992545992338,0.));
#14378=DIRECTION('',(-0.864088407064941,-0.503340068716939,0.));
#14379=DIRECTION('',(-0.867949489783945,0.496652477275398,0.));
#14380=DIRECTION('',(-0.00386108271900462,0.999992545992338,0.));
#14381=DIRECTION('',(0.864088407064941,0.503340068716939,0.));
#14382=DIRECTION('',(0.867949489783945,-0.496652477275398,0.));
#14383=DIRECTION('',(0.00386108271900417,-0.999992545992338,0.));
#14384=DIRECTION('',(-0.864088407064941,-0.503340068716939,0.));
#14385=DIRECTION('',(-0.867949489783945,0.496652477275398,0.));
#14386=DIRECTION('',(-0.00386108271900462,0.999992545992338,0.));
#14387=DIRECTION('',(0.864088407064941,0.503340068716939,0.));
#14388=DIRECTION('',(0.867949489783945,-0.496652477275398,0.));
#14389=DIRECTION('',(0.00386108271900417,-0.999992545992338,0.));
#14390=DIRECTION('',(-0.864088407064941,-0.503340068716939,0.));
#14391=DIRECTION('',(-0.867949489783945,0.496652477275398,0.));
#14392=DIRECTION('',(-0.00386108271900462,0.999992545992338,0.));
#14393=DIRECTION('',(0.864088407064941,0.503340068716939,0.));
#14394=DIRECTION('',(0.867949489783945,-0.496652477275398,0.));
#14395=DIRECTION('',(0.00386108271900417,-0.999992545992338,0.));
#14396=DIRECTION('',(-0.864088407064941,-0.503340068716939,0.));
#14397=DIRECTION('',(-0.867949489783945,0.496652477275398,0.));
#14398=DIRECTION('',(-0.00386108271900462,0.999992545992338,0.));
#14399=DIRECTION('',(0.864088407064941,0.503340068716939,0.));
#14400=DIRECTION('',(0.867949489783945,-0.496652477275398,0.));
#14401=DIRECTION('',(0.00386108271900417,-0.999992545992338,0.));
#14402=DIRECTION('',(-0.864088407064941,-0.503340068716939,0.));
#14403=DIRECTION('',(-0.867949489783945,0.496652477275398,0.));
#14404=DIRECTION('',(-0.00386108271900462,0.999992545992338,0.));
#14405=DIRECTION('',(0.864088407064941,0.503340068716939,0.));
#14406=DIRECTION('',(0.867949489783945,-0.496652477275398,0.));
#14407=DIRECTION('',(0.00386108271900417,-0.999992545992338,0.));
#14408=DIRECTION('',(-0.864088407064941,-0.503340068716939,0.));
#14409=DIRECTION('',(-0.867949489783945,0.496652477275398,0.));
#14410=DIRECTION('',(-0.00386108271900462,0.999992545992338,0.));
#14411=DIRECTION('',(0.864088407064941,0.503340068716939,0.));
#14412=DIRECTION('',(0.867949489783945,-0.496652477275398,0.));
#14413=DIRECTION('',(0.00386108271900417,-0.999992545992338,0.));
#14414=DIRECTION('',(-0.864088407064941,-0.503340068716939,0.));
#14415=DIRECTION('',(-0.867949489783945,0.496652477275398,0.));
#14416=DIRECTION('',(-0.00386108271900462,0.999992545992338,0.));
#14417=DIRECTION('',(0.864088407064941,0.503340068716939,0.));
#14418=DIRECTION('',(0.867949489783945,-0.496652477275398,0.));
#14419=DIRECTION('',(0.00386108271900417,-0.999992545992338,0.));
#14420=DIRECTION('',(-0.864088407064941,-0.503340068716939,0.));
#14421=DIRECTION('',(-0.867949489783945,0.496652477275398,0.));
#14422=DIRECTION('',(-0.00386108271900462,0.999992545992338,0.));
#14423=DIRECTION('',(0.864088407064941,0.503340068716939,0.));
#14424=DIRECTION('',(0.867949489783945,-0.496652477275398,0.));
#14425=DIRECTION('',(0.00386108271900417,-0.999992545992338,0.));
#14426=DIRECTION('',(-0.864088407064941,-0.503340068716939,0.));
#14427=DIRECTION('',(-0.867949489783945,0.496652477275398,0.));
#14428=DIRECTION('',(-0.00386108271900462,0.999992545992338,0.));
#14429=DIRECTION('',(0.864088407064941,0.503340068716939,0.));
#14430=DIRECTION('',(0.867949489783945,-0.496652477275398,0.));
#14431=DIRECTION('',(0.00386108271900417,-0.999992545992338,0.));
#14432=DIRECTION('',(-0.864088407064941,-0.503340068716939,0.));
#14433=DIRECTION('',(-0.867949489783945,0.496652477275398,0.));
#14434=DIRECTION('',(-0.00386108271900462,0.999992545992338,0.));
#14435=DIRECTION('',(0.864088407064941,0.503340068716939,0.));
#14436=DIRECTION('',(0.867949489783945,-0.496652477275398,0.));
#14437=DIRECTION('',(0.00386108271900417,-0.999992545992338,0.));
#14438=DIRECTION('',(-0.864088407064941,-0.503340068716939,0.));
#14439=DIRECTION('',(-0.867949489783945,0.496652477275398,0.));
#14440=DIRECTION('',(-0.00386108271900462,0.999992545992338,0.));
#14441=DIRECTION('',(0.864088407064941,0.503340068716939,0.));
#14442=DIRECTION('',(0.867949489783945,-0.496652477275398,0.));
#14443=DIRECTION('',(0.00386108271900417,-0.999992545992338,0.));
#14444=DIRECTION('',(-0.864088407064941,-0.503340068716939,0.));
#14445=DIRECTION('',(-0.867949489783945,0.496652477275398,0.));
#14446=DIRECTION('',(-0.00386108271900462,0.999992545992338,0.));
#14447=DIRECTION('',(0.864088407064941,0.503340068716939,0.));
#14448=DIRECTION('',(0.867949489783945,-0.496652477275398,0.));
#14449=DIRECTION('',(0.00386108271900417,-0.999992545992338,0.));
#14450=DIRECTION('',(-0.864088407064941,-0.503340068716939,0.));
#14451=DIRECTION('',(-0.867949489783945,0.496652477275398,0.));
#14452=DIRECTION('',(-0.00386108271900462,0.999992545992338,0.));
#14453=DIRECTION('',(0.864088407064941,0.503340068716939,0.));
#14454=DIRECTION('',(0.867949489783945,-0.496652477275398,0.));
#14455=DIRECTION('',(0.00386108271900417,-0.999992545992338,0.));
#14456=DIRECTION('',(-0.864088407064941,-0.503340068716939,0.));
#14457=DIRECTION('',(-0.867949489783945,0.496652477275398,0.));
#14458=DIRECTION('',(-0.00386108271900462,0.999992545992338,0.));
#14459=DIRECTION('',(0.864088407064941,0.503340068716939,0.));
#14460=DIRECTION('',(0.867949489783945,-0.496652477275398,0.));
#14461=DIRECTION('',(0.00386108271900417,-0.999992545992338,0.));
#14462=DIRECTION('',(-0.864088407064941,-0.503340068716939,0.));
#14463=DIRECTION('',(-0.867949489783945,0.496652477275398,0.));
#14464=DIRECTION('',(-0.00386108271900462,0.999992545992338,0.));
#14465=DIRECTION('',(0.864088407064941,0.503340068716939,0.));
#14466=DIRECTION('',(0.867949489783945,-0.496652477275398,0.));
#14467=DIRECTION('',(0.00386108271900417,-0.999992545992338,0.));
#14468=DIRECTION('',(-0.864088407064941,-0.503340068716939,0.));
#14469=DIRECTION('',(-0.867949489783945,0.496652477275398,0.));
#14470=DIRECTION('',(-0.00386108271900462,0.999992545992338,0.));
#14471=DIRECTION('',(0.864088407064941,0.503340068716939,0.));
#14472=DIRECTION('',(0.867949489783945,-0.496652477275398,0.));
#14473=DIRECTION('',(0.00386108271900417,-0.999992545992338,0.));
#14474=DIRECTION('',(-0.864088407064941,-0.503340068716939,0.));
#14475=DIRECTION('',(-0.867949489783945,0.496652477275398,0.));
#14476=DIRECTION('',(-0.00386108271900462,0.999992545992338,0.));
#14477=DIRECTION('',(0.864088407064941,0.503340068716939,0.));
#14478=DIRECTION('',(0.867949489783945,-0.496652477275398,0.));
#14479=DIRECTION('',(0.00386108271900417,-0.999992545992338,0.));
#14480=DIRECTION('',(-0.864088407064941,-0.503340068716939,0.));
#14481=DIRECTION('',(-0.867949489783945,0.496652477275398,0.));
#14482=DIRECTION('',(-0.00386108271900462,0.999992545992338,0.));
#14483=DIRECTION('',(0.864088407064941,0.503340068716939,0.));
#14484=DIRECTION('',(0.867949489783945,-0.496652477275398,0.));
#14485=DIRECTION('',(0.00386108271900417,-0.999992545992338,0.));
#14486=DIRECTION('',(-0.864088407064941,-0.503340068716939,0.));
#14487=DIRECTION('',(-0.867949489783945,0.496652477275398,0.));
#14488=DIRECTION('',(-0.00386108271900462,0.999992545992338,0.));
#14489=DIRECTION('',(0.864088407064941,0.503340068716939,0.));
#14490=DIRECTION('',(0.867949489783945,-0.496652477275398,0.));
#14491=DIRECTION('',(0.00386108271900417,-0.999992545992338,0.));
#14492=DIRECTION('',(-0.864088407064941,-0.503340068716939,0.));
#14493=DIRECTION('',(-0.867949489783945,0.496652477275398,0.));
#14494=DIRECTION('',(-0.00386108271900462,0.999992545992338,0.));
#14495=DIRECTION('',(0.864088407064941,0.503340068716939,0.));
#14496=DIRECTION('',(0.867949489783945,-0.496652477275398,0.));
#14497=DIRECTION('',(0.00386108271900417,-0.999992545992338,0.));
#14498=DIRECTION('',(-0.864088407064941,-0.503340068716939,0.));
#14499=DIRECTION('',(-0.867949489783945,0.496652477275398,0.));
#14500=DIRECTION('',(-0.00386108271900462,0.999992545992338,0.));
#14501=DIRECTION('',(2.92420043464467E-16,-1.,0.));
#14502=DIRECTION('',(1.,2.92420043464467E-16,0.));
#14503=DIRECTION('',(0.,0.,-1.));
#14504=DIRECTION('',(1.,2.92420043464467E-16,0.));
#14505=DIRECTION('',(0.,0.,1.));
#14506=DIRECTION('',(0.,0.,-1.));
#14507=DIRECTION('',(1.,2.92420043464467E-16,0.));
#14508=DIRECTION('',(0.,0.,1.));
#14509=DIRECTION('',(0.,0.,-1.));
#14510=DIRECTION('',(0.,0.,-1.));
#14511=DIRECTION('',(0.,0.,-1.));
#14512=DIRECTION('',(1.,2.92420043464467E-16,0.));
#14513=DIRECTION('',(0.,0.,1.));
#14514=DIRECTION('',(0.,0.,-1.));
#14515=DIRECTION('',(1.,2.92420043464467E-16,0.));
#14516=DIRECTION('',(0.,0.,1.));
#14517=DIRECTION('',(0.,0.,-1.));
#14518=DIRECTION('',(-6.12323399573677E-17,1.,0.));
#14519=DIRECTION('',(0.,0.,1.));
#14520=DIRECTION('',(6.12323399573677E-17,-1.,0.));
#14521=DIRECTION('',(0.,0.,1.));
#14522=DIRECTION('',(6.12323399573677E-17,-1.,0.));
#14523=DIRECTION('',(0.,0.,1.));
#14524=DIRECTION('',(6.12323399573677E-17,-1.,0.));
#14525=DIRECTION('',(0.,0.,1.));
#14526=DIRECTION('',(6.12323399573677E-17,-1.,0.));
#14527=DIRECTION('',(0.,0.,1.));
#14528=DIRECTION('',(6.12323399573677E-17,-1.,0.));
#14529=DIRECTION('',(0.,0.,1.));
#14530=DIRECTION('',(1.,0.,0.));
#14531=DIRECTION('',(0.,1.,0.));
#14532=DIRECTION('',(0.,0.,1.));
#14533=DIRECTION('',(-1.,0.,0.));
#14534=DIRECTION('',(0.,0.,-1.));
#14535=DIRECTION('',(0.,0.,-1.));
#14536=DIRECTION('',(1.,0.,0.));
#14537=DIRECTION('',(0.,0.,-1.));
#14538=DIRECTION('',(0.,1.,1.28197512425571E-14));
#14539=DIRECTION('',(0.,0.,-1.));
#14540=DIRECTION('',(0.,0.499999999999991,0.866025403784444));
#14541=DIRECTION('',(0.,1.,1.28197512425571E-14));
#14542=DIRECTION('',(0.,0.500000000000009,-0.866025403784433));
#14543=DIRECTION('',(0.,-1.,0.));
#14544=DIRECTION('',(0.,0.499999999999991,0.866025403784444));
#14545=DIRECTION('',(0.,1.,0.));
#14546=DIRECTION('',(0.,0.,1.));
#14547=DIRECTION('',(0.,0.,-1.));
#14548=DIRECTION('',(-1.,0.,0.));
#14549=DIRECTION('',(0.,0.,-1.));
#14550=DIRECTION('',(-1.,0.,0.));
#14551=DIRECTION('',(0.,0.,-1.));
#14552=DIRECTION('',(0.,1.28197512425571E-14,-1.));
#14553=DIRECTION('',(0.,1.,1.28197512425571E-14));
#14554=DIRECTION('',(0.,0.866025403784444,-0.499999999999991));
#14555=DIRECTION('',(0.,-0.499999999999991,-0.866025403784444));
#14556=DIRECTION('',(1.,0.,0.));
#14557=DIRECTION('',(0.,0.,-1.));
#14558=DIRECTION('',(0.,0.500000000000009,-0.866025403784433));
#14559=DIRECTION('',(0.,1.,1.28197512425571E-14));
#14560=DIRECTION('',(1.,0.,0.));
#14561=DIRECTION('',(0.,0.,-1.));
#14562=DIRECTION('',(0.,0.,-1.));
#14563=DIRECTION('',(-1.,0.,0.));
#14564=DIRECTION('',(0.,1.28197512425571E-14,-1.));
#14565=DIRECTION('',(0.,1.,1.28197512425571E-14));
#14566=DIRECTION('',(0.,0.,1.));
#14567=DIRECTION('',(0.,0.,-1.));
#14568=DIRECTION('',(1.,0.,0.));
#14569=DIRECTION('',(1.,0.,0.));
#14570=DIRECTION('',(-1.,0.,0.));
#14571=DIRECTION('',(0.,1.,0.));
#14572=DIRECTION('',(1.,0.,0.));
#14573=DIRECTION('',(0.,0.,-1.));
#14574=DIRECTION('',(1.,0.,0.));
#14575=DIRECTION('',(0.,0.,-1.));
#14576=DIRECTION('',(0.,1.,0.));
#14577=DIRECTION('',(0.,0.,1.));
#14578=DIRECTION('',(0.,1.,0.));
#14579=DIRECTION('',(0.,0.,1.));
#14580=DIRECTION('',(0.,1.,0.));
#14581=DIRECTION('',(-1.,0.,0.));
#14582=DIRECTION('',(1.,0.,0.));
#14583=DIRECTION('',(0.,0.,-1.));
#14584=DIRECTION('',(1.,0.,0.));
#14585=DIRECTION('',(0.,0.,-1.));
#14586=DIRECTION('',(1.,0.,0.));
#14587=DIRECTION('',(0.,1.,0.));
#14588=DIRECTION('',(0.,-1.,0.));
#14589=DIRECTION('',(0.,0.,-1.));
#14590=DIRECTION('',(0.,-1.,0.));
#14591=DIRECTION('',(0.,0.,-1.));
#14592=DIRECTION('',(0.,-1.,0.));
#14593=DIRECTION('',(1.,0.,0.));
#14594=DIRECTION('',(-1.,0.,0.));
#14595=DIRECTION('',(0.,0.,1.));
#14596=DIRECTION('',(1.,0.,0.));
#14597=DIRECTION('',(0.,0.,-1.));
#14598=DIRECTION('',(-1.,0.,0.));
#14599=DIRECTION('',(0.,-1.,0.));
#14600=DIRECTION('',(0.,0.,-1.));
#14601=DIRECTION('',(1.,0.,0.));
#14602=DIRECTION('',(1.,0.,0.));
#14603=DIRECTION('',(0.,1.,0.));
#14604=DIRECTION('',(-1.,0.,0.));
#14605=DIRECTION('',(0.,0.,-1.));
#14606=DIRECTION('',(-1.,0.,0.));
#14607=DIRECTION('',(0.,0.,-1.));
#14608=DIRECTION('',(-1.,0.,0.));
#14609=DIRECTION('',(0.,0.,-1.));
#14610=DIRECTION('',(0.,1.28197512425571E-14,-1.));
#14611=DIRECTION('',(0.,1.,1.28197512425571E-14));
#14612=DIRECTION('',(0.,0.,1.));
#14613=DIRECTION('',(1.,0.,0.));
#14614=DIRECTION('',(0.,1.28197512425571E-14,-1.));
#14615=DIRECTION('',(0.,1.,1.28197512425571E-14));
#14616=DIRECTION('',(0.,0.866025403784444,-0.499999999999991));
#14617=DIRECTION('',(0.,0.499999999999991,0.866025403784444));
#14618=DIRECTION('',(1.,0.,0.));
#14619=DIRECTION('',(0.,0.,-1.));
#14620=DIRECTION('',(0.,1.,1.28197512425571E-14));
#14621=DIRECTION('',(-1.,0.,0.));
#14622=DIRECTION('',(0.,0.,1.));
#14623=DIRECTION('',(0.,-0.499999999999991,-0.866025403784444));
#14624=DIRECTION('',(0.,-0.500000000000009,0.866025403784433));
#14625=DIRECTION('',(0.,-1.,0.));
#14626=DIRECTION('',(0.,0.,-1.));
#14627=DIRECTION('',(0.,0.,-1.));
#14628=DIRECTION('',(0.,0.,-1.));
#14629=DIRECTION('',(-1.,0.,0.));
#14630=DIRECTION('',(1.,0.,0.));
#14631=DIRECTION('',(0.,0.,-1.));
#14632=DIRECTION('',(1.,0.,0.));
#14633=DIRECTION('',(0.,0.,-1.));
#14634=DIRECTION('',(-1.,0.,0.));
#14635=DIRECTION('',(0.,0.,1.));
#14636=DIRECTION('',(1.,0.,0.));
#14637=DIRECTION('',(0.,0.,-1.));
#14638=DIRECTION('',(1.,0.,0.));
#14639=DIRECTION('',(0.,1.,0.));
#14640=DIRECTION('',(1.,0.,0.));
#14641=DIRECTION('',(0.,1.,0.));
#14642=DIRECTION('',(1.,0.,0.));
#14643=DIRECTION('',(0.,0.,-1.));
#14644=DIRECTION('',(-1.,0.,0.));
#14645=DIRECTION('',(0.,0.,1.));
#14646=DIRECTION('',(0.,0.,1.));
#14647=DIRECTION('',(1.,0.,0.));
#14648=DIRECTION('',(1.,0.,0.));
#14649=DIRECTION('',(-1.,0.,0.));
#14650=DIRECTION('',(-1.,0.,0.));
#14651=DIRECTION('',(0.,-1.,0.));
#14652=DIRECTION('',(-1.,0.,0.));
#14653=DIRECTION('',(-1.,0.,0.));
#14654=DIRECTION('',(-1.,0.,0.));
#14655=DIRECTION('',(0.,1.,0.));
#14656=DIRECTION('',(0.,-1.,0.));
#14657=DIRECTION('',(0.,1.,0.));
#14658=DIRECTION('',(-1.,0.,0.));
#14659=DIRECTION('',(0.,-1.,0.));
#14660=DIRECTION('',(-1.,0.,0.));
#14661=DIRECTION('',(0.,0.,1.));
#14662=DIRECTION('',(0.,0.,1.));
#14663=DIRECTION('',(0.,0.,1.));
#14664=DIRECTION('',(0.,-1.,0.));
#14665=DIRECTION('',(0.,0.,-1.));
#14666=DIRECTION('',(0.,-1.,0.));
#14667=DIRECTION('',(0.,0.,-1.));
#14668=DIRECTION('',(0.,-1.,0.));
#14669=DIRECTION('',(0.,0.,-1.));
#14670=DIRECTION('',(0.,-1.,0.));
#14671=DIRECTION('',(0.,0.,-1.));
#14672=DIRECTION('',(0.,1.,0.));
#14673=DIRECTION('',(0.,0.,1.));
#14674=DIRECTION('',(0.,1.,0.));
#14675=DIRECTION('',(0.,0.,1.));
#14676=DIRECTION('',(0.,1.,0.));
#14677=DIRECTION('',(0.,0.,1.));
#14678=DIRECTION('',(0.,-1.,0.));
#14679=DIRECTION('',(0.,0.,-1.));
#14680=DIRECTION('',(0.503340068716939,-0.864088407064941,0.));
#14681=DIRECTION('',(0.864088407064941,0.503340068716939,0.));
#14682=DIRECTION('',(0.,0.,-1.));
#14683=DIRECTION('',(0.,0.,-1.));
#14684=DIRECTION('',(-0.496652477275398,-0.867949489783945,0.));
#14685=DIRECTION('',(0.867949489783945,-0.496652477275398,0.));
#14686=DIRECTION('',(0.,0.,-1.));
#14687=DIRECTION('',(-0.999992545992338,-0.00386108271900417,0.));
#14688=DIRECTION('',(0.00386108271900417,-0.999992545992338,0.));
#14689=DIRECTION('',(0.,0.,-1.));
#14690=DIRECTION('',(-0.00386108271900417,0.999992545992337,0.));
#14691=DIRECTION('',(-0.503340068716939,0.864088407064941,0.));
#14692=DIRECTION('',(-0.864088407064941,-0.503340068716939,0.));
#14693=DIRECTION('',(0.,0.,1.));
#14694=DIRECTION('',(0.864088407064941,0.50334006871694,0.));
#14695=DIRECTION('',(0.496652477275398,0.867949489783945,0.));
#14696=DIRECTION('',(-0.867949489783945,0.496652477275398,0.));
#14697=DIRECTION('',(0.,0.,-1.));
#14698=DIRECTION('',(0.,0.,-1.));
#14699=DIRECTION('',(0.867949489783945,-0.496652477275398,0.));
#14700=DIRECTION('',(0.999992545992338,0.00386108271900462,0.));
#14701=DIRECTION('',(-0.00386108271900462,0.999992545992338,0.));
#14702=DIRECTION('',(0.00386108271900462,-0.999992545992337,0.));
#14703=DIRECTION('',(0.,0.,-1.));
#14704=DIRECTION('',(1.,0.,0.));
#14705=DIRECTION('',(0.,1.,0.));
#14706=DIRECTION('',(-1.,0.,0.));
#14707=DIRECTION('',(0.503340068716939,-0.864088407064941,0.));
#14708=DIRECTION('',(0.864088407064941,0.503340068716939,0.));
#14709=DIRECTION('',(0.,0.,-1.));
#14710=DIRECTION('',(0.,0.,-1.));
#14711=DIRECTION('',(-0.496652477275398,-0.867949489783945,0.));
#14712=DIRECTION('',(0.867949489783945,-0.496652477275398,0.));
#14713=DIRECTION('',(0.,0.,-1.));
#14714=DIRECTION('',(-0.999992545992338,-0.00386108271900417,0.));
#14715=DIRECTION('',(0.00386108271900417,-0.999992545992338,0.));
#14716=DIRECTION('',(0.,0.,-1.));
#14717=DIRECTION('',(-0.00386108271900417,0.999992545992337,0.));
#14718=DIRECTION('',(-0.503340068716939,0.864088407064941,0.));
#14719=DIRECTION('',(-0.864088407064941,-0.503340068716939,0.));
#14720=DIRECTION('',(0.,0.,1.));
#14721=DIRECTION('',(0.864088407064941,0.50334006871694,0.));
#14722=DIRECTION('',(0.496652477275398,0.867949489783945,0.));
#14723=DIRECTION('',(-0.867949489783945,0.496652477275398,0.));
#14724=DIRECTION('',(0.,0.,-1.));
#14725=DIRECTION('',(0.,0.,-1.));
#14726=DIRECTION('',(0.867949489783945,-0.496652477275398,0.));
#14727=DIRECTION('',(0.999992545992338,0.00386108271900462,0.));
#14728=DIRECTION('',(-0.00386108271900462,0.999992545992338,0.));
#14729=DIRECTION('',(0.00386108271900462,-0.999992545992337,0.));
#14730=DIRECTION('',(0.,0.,-1.));
#14731=DIRECTION('',(1.,0.,0.));
#14732=DIRECTION('',(-1.,0.,0.));
#14733=DIRECTION('',(0.503340068716939,-0.864088407064941,0.));
#14734=DIRECTION('',(0.864088407064941,0.503340068716939,0.));
#14735=DIRECTION('',(0.,0.,-1.));
#14736=DIRECTION('',(0.,0.,-1.));
#14737=DIRECTION('',(-0.496652477275398,-0.867949489783945,0.));
#14738=DIRECTION('',(0.867949489783945,-0.496652477275398,0.));
#14739=DIRECTION('',(0.,0.,-1.));
#14740=DIRECTION('',(-0.999992545992338,-0.00386108271900417,0.));
#14741=DIRECTION('',(0.00386108271900417,-0.999992545992338,0.));
#14742=DIRECTION('',(0.,0.,-1.));
#14743=DIRECTION('',(-0.00386108271900417,0.999992545992337,0.));
#14744=DIRECTION('',(-0.503340068716939,0.864088407064941,0.));
#14745=DIRECTION('',(-0.864088407064941,-0.503340068716939,0.));
#14746=DIRECTION('',(0.,0.,-1.));
#14747=DIRECTION('',(0.864088407064941,0.50334006871694,0.));
#14748=DIRECTION('',(0.496652477275398,0.867949489783945,0.));
#14749=DIRECTION('',(-0.867949489783945,0.496652477275398,0.));
#14750=DIRECTION('',(0.,0.,-1.));
#14751=DIRECTION('',(0.867949489783945,-0.496652477275398,0.));
#14752=DIRECTION('',(0.999992545992338,0.00386108271900462,0.));
#14753=DIRECTION('',(-0.00386108271900462,0.999992545992338,0.));
#14754=DIRECTION('',(0.00386108271900462,-0.999992545992337,0.));
#14755=DIRECTION('',(0.,0.,-1.));
#14756=DIRECTION('',(1.,0.,0.));
#14757=DIRECTION('',(0.503340068716939,-0.864088407064941,0.));
#14758=DIRECTION('',(0.864088407064941,0.503340068716939,0.));
#14759=DIRECTION('',(0.,0.,-1.));
#14760=DIRECTION('',(0.,0.,-1.));
#14761=DIRECTION('',(-0.496652477275398,-0.867949489783945,0.));
#14762=DIRECTION('',(0.867949489783945,-0.496652477275398,0.));
#14763=DIRECTION('',(0.,0.,-1.));
#14764=DIRECTION('',(-0.999992545992338,-0.00386108271900417,0.));
#14765=DIRECTION('',(0.00386108271900417,-0.999992545992338,0.));
#14766=DIRECTION('',(0.,0.,-1.));
#14767=DIRECTION('',(-0.00386108271900417,0.999992545992337,0.));
#14768=DIRECTION('',(-0.503340068716939,0.864088407064941,0.));
#14769=DIRECTION('',(-0.864088407064941,-0.503340068716939,0.));
#14770=DIRECTION('',(0.,0.,-1.));
#14771=DIRECTION('',(0.864088407064941,0.50334006871694,0.));
#14772=DIRECTION('',(0.496652477275398,0.867949489783945,0.));
#14773=DIRECTION('',(-0.867949489783945,0.496652477275398,0.));
#14774=DIRECTION('',(0.,0.,-1.));
#14775=DIRECTION('',(0.867949489783945,-0.496652477275398,0.));
#14776=DIRECTION('',(0.999992545992338,0.00386108271900462,0.));
#14777=DIRECTION('',(-0.00386108271900462,0.999992545992338,0.));
#14778=DIRECTION('',(0.00386108271900462,-0.999992545992337,0.));
#14779=DIRECTION('',(0.,0.,-1.));
#14780=DIRECTION('',(1.,0.,0.));
#14781=DIRECTION('',(0.503340068716939,-0.864088407064941,0.));
#14782=DIRECTION('',(0.864088407064941,0.503340068716939,0.));
#14783=DIRECTION('',(0.,0.,-1.));
#14784=DIRECTION('',(0.,0.,-1.));
#14785=DIRECTION('',(-0.496652477275398,-0.867949489783945,0.));
#14786=DIRECTION('',(0.867949489783945,-0.496652477275398,0.));
#14787=DIRECTION('',(0.,0.,-1.));
#14788=DIRECTION('',(-0.999992545992338,-0.00386108271900417,0.));
#14789=DIRECTION('',(0.00386108271900417,-0.999992545992338,0.));
#14790=DIRECTION('',(0.,0.,-1.));
#14791=DIRECTION('',(-0.503340068716939,0.864088407064941,0.));
#14792=DIRECTION('',(-0.864088407064941,-0.503340068716939,0.));
#14793=DIRECTION('',(0.,0.,-1.));
#14794=DIRECTION('',(0.496652477275398,0.867949489783945,0.));
#14795=DIRECTION('',(-0.867949489783945,0.496652477275398,0.));
#14796=DIRECTION('',(0.,0.,-1.));
#14797=DIRECTION('',(0.999992545992338,0.00386108271900462,0.));
#14798=DIRECTION('',(-0.00386108271900462,0.999992545992338,0.));
#14799=DIRECTION('',(0.503340068716939,-0.864088407064941,0.));
#14800=DIRECTION('',(0.864088407064941,0.503340068716939,0.));
#14801=DIRECTION('',(0.,0.,-1.));
#14802=DIRECTION('',(0.,0.,-1.));
#14803=DIRECTION('',(-0.496652477275398,-0.867949489783945,0.));
#14804=DIRECTION('',(0.867949489783945,-0.496652477275398,0.));
#14805=DIRECTION('',(0.,0.,-1.));
#14806=DIRECTION('',(-0.999992545992338,-0.00386108271900417,0.));
#14807=DIRECTION('',(0.00386108271900417,-0.999992545992338,0.));
#14808=DIRECTION('',(0.,0.,-1.));
#14809=DIRECTION('',(-0.503340068716939,0.864088407064941,0.));
#14810=DIRECTION('',(-0.864088407064941,-0.503340068716939,0.));
#14811=DIRECTION('',(0.,0.,-1.));
#14812=DIRECTION('',(0.496652477275398,0.867949489783945,0.));
#14813=DIRECTION('',(-0.867949489783945,0.496652477275398,0.));
#14814=DIRECTION('',(0.,0.,-1.));
#14815=DIRECTION('',(0.999992545992338,0.00386108271900462,0.));
#14816=DIRECTION('',(-0.00386108271900462,0.999992545992338,0.));
#14817=DIRECTION('',(0.503340068716939,-0.864088407064941,0.));
#14818=DIRECTION('',(0.864088407064941,0.503340068716939,0.));
#14819=DIRECTION('',(0.,0.,-1.));
#14820=DIRECTION('',(0.,0.,-1.));
#14821=DIRECTION('',(-0.496652477275398,-0.867949489783945,0.));
#14822=DIRECTION('',(0.867949489783945,-0.496652477275398,0.));
#14823=DIRECTION('',(0.,0.,-1.));
#14824=DIRECTION('',(-0.999992545992338,-0.00386108271900417,0.));
#14825=DIRECTION('',(0.00386108271900417,-0.999992545992338,0.));
#14826=DIRECTION('',(0.,0.,-1.));
#14827=DIRECTION('',(-0.503340068716939,0.864088407064941,0.));
#14828=DIRECTION('',(-0.864088407064941,-0.503340068716939,0.));
#14829=DIRECTION('',(0.,0.,-1.));
#14830=DIRECTION('',(0.496652477275398,0.867949489783945,0.));
#14831=DIRECTION('',(-0.867949489783945,0.496652477275398,0.));
#14832=DIRECTION('',(0.,0.,-1.));
#14833=DIRECTION('',(0.999992545992338,0.00386108271900462,0.));
#14834=DIRECTION('',(-0.00386108271900462,0.999992545992338,0.));
#14835=DIRECTION('',(0.503340068716939,-0.864088407064941,0.));
#14836=DIRECTION('',(0.864088407064941,0.503340068716939,0.));
#14837=DIRECTION('',(0.,0.,-1.));
#14838=DIRECTION('',(0.,0.,-1.));
#14839=DIRECTION('',(-0.496652477275398,-0.867949489783945,0.));
#14840=DIRECTION('',(0.867949489783945,-0.496652477275398,0.));
#14841=DIRECTION('',(0.,0.,-1.));
#14842=DIRECTION('',(-0.999992545992338,-0.00386108271900417,0.));
#14843=DIRECTION('',(0.00386108271900417,-0.999992545992338,0.));
#14844=DIRECTION('',(0.,0.,-1.));
#14845=DIRECTION('',(-0.503340068716939,0.864088407064941,0.));
#14846=DIRECTION('',(-0.864088407064941,-0.503340068716939,0.));
#14847=DIRECTION('',(0.,0.,-1.));
#14848=DIRECTION('',(0.496652477275398,0.867949489783945,0.));
#14849=DIRECTION('',(-0.867949489783945,0.496652477275398,0.));
#14850=DIRECTION('',(0.,0.,-1.));
#14851=DIRECTION('',(0.999992545992338,0.00386108271900462,0.));
#14852=DIRECTION('',(-0.00386108271900462,0.999992545992338,0.));
#14853=DIRECTION('',(0.503340068716939,-0.864088407064941,0.));
#14854=DIRECTION('',(0.864088407064941,0.503340068716939,0.));
#14855=DIRECTION('',(0.,0.,-1.));
#14856=DIRECTION('',(0.,0.,-1.));
#14857=DIRECTION('',(-0.496652477275398,-0.867949489783945,0.));
#14858=DIRECTION('',(0.867949489783945,-0.496652477275398,0.));
#14859=DIRECTION('',(0.,0.,-1.));
#14860=DIRECTION('',(-0.999992545992338,-0.00386108271900417,0.));
#14861=DIRECTION('',(0.00386108271900417,-0.999992545992338,0.));
#14862=DIRECTION('',(0.,0.,-1.));
#14863=DIRECTION('',(-0.503340068716939,0.864088407064941,0.));
#14864=DIRECTION('',(-0.864088407064941,-0.503340068716939,0.));
#14865=DIRECTION('',(0.,0.,-1.));
#14866=DIRECTION('',(0.496652477275398,0.867949489783945,0.));
#14867=DIRECTION('',(-0.867949489783945,0.496652477275398,0.));
#14868=DIRECTION('',(0.,0.,-1.));
#14869=DIRECTION('',(0.999992545992338,0.00386108271900462,0.));
#14870=DIRECTION('',(-0.00386108271900462,0.999992545992338,0.));
#14871=DIRECTION('',(0.503340068716939,-0.864088407064941,0.));
#14872=DIRECTION('',(0.864088407064941,0.503340068716939,0.));
#14873=DIRECTION('',(0.,0.,-1.));
#14874=DIRECTION('',(0.,0.,-1.));
#14875=DIRECTION('',(-0.496652477275398,-0.867949489783945,0.));
#14876=DIRECTION('',(0.867949489783945,-0.496652477275398,0.));
#14877=DIRECTION('',(0.,0.,-1.));
#14878=DIRECTION('',(-0.999992545992338,-0.00386108271900417,0.));
#14879=DIRECTION('',(0.00386108271900417,-0.999992545992338,0.));
#14880=DIRECTION('',(0.,0.,-1.));
#14881=DIRECTION('',(-0.503340068716939,0.864088407064941,0.));
#14882=DIRECTION('',(-0.864088407064941,-0.503340068716939,0.));
#14883=DIRECTION('',(0.,0.,-1.));
#14884=DIRECTION('',(0.496652477275398,0.867949489783945,0.));
#14885=DIRECTION('',(-0.867949489783945,0.496652477275398,0.));
#14886=DIRECTION('',(0.,0.,-1.));
#14887=DIRECTION('',(0.999992545992338,0.00386108271900462,0.));
#14888=DIRECTION('',(-0.00386108271900462,0.999992545992338,0.));
#14889=DIRECTION('',(0.503340068716939,-0.864088407064941,0.));
#14890=DIRECTION('',(0.864088407064941,0.503340068716939,0.));
#14891=DIRECTION('',(0.,0.,-1.));
#14892=DIRECTION('',(0.,0.,-1.));
#14893=DIRECTION('',(-0.496652477275398,-0.867949489783945,0.));
#14894=DIRECTION('',(0.867949489783945,-0.496652477275398,0.));
#14895=DIRECTION('',(0.,0.,-1.));
#14896=DIRECTION('',(-0.999992545992338,-0.00386108271900417,0.));
#14897=DIRECTION('',(0.00386108271900417,-0.999992545992338,0.));
#14898=DIRECTION('',(0.,0.,-1.));
#14899=DIRECTION('',(-0.503340068716939,0.864088407064941,0.));
#14900=DIRECTION('',(-0.864088407064941,-0.503340068716939,0.));
#14901=DIRECTION('',(0.,0.,-1.));
#14902=DIRECTION('',(0.496652477275398,0.867949489783945,0.));
#14903=DIRECTION('',(-0.867949489783945,0.496652477275398,0.));
#14904=DIRECTION('',(0.,0.,-1.));
#14905=DIRECTION('',(0.999992545992338,0.00386108271900462,0.));
#14906=DIRECTION('',(-0.00386108271900462,0.999992545992338,0.));
#14907=DIRECTION('',(0.503340068716939,-0.864088407064941,0.));
#14908=DIRECTION('',(0.864088407064941,0.503340068716939,0.));
#14909=DIRECTION('',(0.,0.,-1.));
#14910=DIRECTION('',(0.,0.,-1.));
#14911=DIRECTION('',(-0.496652477275398,-0.867949489783945,0.));
#14912=DIRECTION('',(0.867949489783945,-0.496652477275398,0.));
#14913=DIRECTION('',(0.,0.,-1.));
#14914=DIRECTION('',(-0.999992545992338,-0.00386108271900417,0.));
#14915=DIRECTION('',(0.00386108271900417,-0.999992545992338,0.));
#14916=DIRECTION('',(0.,0.,-1.));
#14917=DIRECTION('',(-0.503340068716939,0.864088407064941,0.));
#14918=DIRECTION('',(-0.864088407064941,-0.503340068716939,0.));
#14919=DIRECTION('',(0.,0.,-1.));
#14920=DIRECTION('',(0.496652477275398,0.867949489783945,0.));
#14921=DIRECTION('',(-0.867949489783945,0.496652477275398,0.));
#14922=DIRECTION('',(0.,0.,-1.));
#14923=DIRECTION('',(0.999992545992338,0.00386108271900462,0.));
#14924=DIRECTION('',(-0.00386108271900462,0.999992545992338,0.));
#14925=DIRECTION('',(0.503340068716939,-0.864088407064941,0.));
#14926=DIRECTION('',(0.864088407064941,0.503340068716939,0.));
#14927=DIRECTION('',(0.,0.,-1.));
#14928=DIRECTION('',(0.,0.,-1.));
#14929=DIRECTION('',(-0.496652477275398,-0.867949489783945,0.));
#14930=DIRECTION('',(0.867949489783945,-0.496652477275398,0.));
#14931=DIRECTION('',(0.,0.,-1.));
#14932=DIRECTION('',(-0.999992545992338,-0.00386108271900417,0.));
#14933=DIRECTION('',(0.00386108271900417,-0.999992545992338,0.));
#14934=DIRECTION('',(0.,0.,-1.));
#14935=DIRECTION('',(-0.503340068716939,0.864088407064941,0.));
#14936=DIRECTION('',(-0.864088407064941,-0.503340068716939,0.));
#14937=DIRECTION('',(0.,0.,-1.));
#14938=DIRECTION('',(0.496652477275398,0.867949489783945,0.));
#14939=DIRECTION('',(-0.867949489783945,0.496652477275398,0.));
#14940=DIRECTION('',(0.,0.,-1.));
#14941=DIRECTION('',(0.999992545992338,0.00386108271900462,0.));
#14942=DIRECTION('',(-0.00386108271900462,0.999992545992338,0.));
#14943=DIRECTION('',(0.503340068716939,-0.864088407064941,0.));
#14944=DIRECTION('',(0.864088407064941,0.503340068716939,0.));
#14945=DIRECTION('',(0.,0.,-1.));
#14946=DIRECTION('',(0.,0.,-1.));
#14947=DIRECTION('',(-0.496652477275398,-0.867949489783945,0.));
#14948=DIRECTION('',(0.867949489783945,-0.496652477275398,0.));
#14949=DIRECTION('',(0.,0.,-1.));
#14950=DIRECTION('',(-0.999992545992338,-0.00386108271900417,0.));
#14951=DIRECTION('',(0.00386108271900417,-0.999992545992338,0.));
#14952=DIRECTION('',(0.,0.,-1.));
#14953=DIRECTION('',(-0.503340068716939,0.864088407064941,0.));
#14954=DIRECTION('',(-0.864088407064941,-0.503340068716939,0.));
#14955=DIRECTION('',(0.,0.,-1.));
#14956=DIRECTION('',(0.496652477275398,0.867949489783945,0.));
#14957=DIRECTION('',(-0.867949489783945,0.496652477275398,0.));
#14958=DIRECTION('',(0.,0.,-1.));
#14959=DIRECTION('',(0.999992545992338,0.00386108271900462,0.));
#14960=DIRECTION('',(-0.00386108271900462,0.999992545992338,0.));
#14961=DIRECTION('',(0.503340068716939,-0.864088407064941,0.));
#14962=DIRECTION('',(0.864088407064941,0.503340068716939,0.));
#14963=DIRECTION('',(0.,0.,-1.));
#14964=DIRECTION('',(0.,0.,-1.));
#14965=DIRECTION('',(-0.496652477275398,-0.867949489783945,0.));
#14966=DIRECTION('',(0.867949489783945,-0.496652477275398,0.));
#14967=DIRECTION('',(0.,0.,-1.));
#14968=DIRECTION('',(-0.999992545992338,-0.00386108271900417,0.));
#14969=DIRECTION('',(0.00386108271900417,-0.999992545992338,0.));
#14970=DIRECTION('',(0.,0.,-1.));
#14971=DIRECTION('',(-0.503340068716939,0.864088407064941,0.));
#14972=DIRECTION('',(-0.864088407064941,-0.503340068716939,0.));
#14973=DIRECTION('',(0.,0.,-1.));
#14974=DIRECTION('',(0.496652477275398,0.867949489783945,0.));
#14975=DIRECTION('',(-0.867949489783945,0.496652477275398,0.));
#14976=DIRECTION('',(0.,0.,-1.));
#14977=DIRECTION('',(0.999992545992338,0.00386108271900462,0.));
#14978=DIRECTION('',(-0.00386108271900462,0.999992545992338,0.));
#14979=DIRECTION('',(0.503340068716939,-0.864088407064941,0.));
#14980=DIRECTION('',(0.864088407064941,0.503340068716939,0.));
#14981=DIRECTION('',(0.,0.,-1.));
#14982=DIRECTION('',(0.,0.,-1.));
#14983=DIRECTION('',(-0.496652477275398,-0.867949489783945,0.));
#14984=DIRECTION('',(0.867949489783945,-0.496652477275398,0.));
#14985=DIRECTION('',(0.,0.,-1.));
#14986=DIRECTION('',(-0.999992545992338,-0.00386108271900417,0.));
#14987=DIRECTION('',(0.00386108271900417,-0.999992545992338,0.));
#14988=DIRECTION('',(0.,0.,-1.));
#14989=DIRECTION('',(-0.503340068716939,0.864088407064941,0.));
#14990=DIRECTION('',(-0.864088407064941,-0.503340068716939,0.));
#14991=DIRECTION('',(0.,0.,-1.));
#14992=DIRECTION('',(0.496652477275398,0.867949489783945,0.));
#14993=DIRECTION('',(-0.867949489783945,0.496652477275398,0.));
#14994=DIRECTION('',(0.,0.,-1.));
#14995=DIRECTION('',(0.999992545992338,0.00386108271900462,0.));
#14996=DIRECTION('',(-0.00386108271900462,0.999992545992338,0.));
#14997=DIRECTION('',(0.503340068716939,-0.864088407064941,0.));
#14998=DIRECTION('',(0.864088407064941,0.503340068716939,0.));
#14999=DIRECTION('',(0.,0.,-1.));
#15000=DIRECTION('',(0.,0.,-1.));
#15001=DIRECTION('',(-0.496652477275398,-0.867949489783945,0.));
#15002=DIRECTION('',(0.867949489783945,-0.496652477275398,0.));
#15003=DIRECTION('',(0.,0.,-1.));
#15004=DIRECTION('',(-0.999992545992338,-0.00386108271900417,0.));
#15005=DIRECTION('',(0.00386108271900417,-0.999992545992338,0.));
#15006=DIRECTION('',(0.,0.,-1.));
#15007=DIRECTION('',(-0.503340068716939,0.864088407064941,0.));
#15008=DIRECTION('',(-0.864088407064941,-0.503340068716939,0.));
#15009=DIRECTION('',(0.,0.,-1.));
#15010=DIRECTION('',(0.496652477275398,0.867949489783945,0.));
#15011=DIRECTION('',(-0.867949489783945,0.496652477275398,0.));
#15012=DIRECTION('',(0.,0.,-1.));
#15013=DIRECTION('',(0.999992545992338,0.00386108271900462,0.));
#15014=DIRECTION('',(-0.00386108271900462,0.999992545992338,0.));
#15015=DIRECTION('',(0.503340068716939,-0.864088407064941,0.));
#15016=DIRECTION('',(0.864088407064941,0.503340068716939,0.));
#15017=DIRECTION('',(0.,0.,-1.));
#15018=DIRECTION('',(0.,0.,-1.));
#15019=DIRECTION('',(-0.496652477275398,-0.867949489783945,0.));
#15020=DIRECTION('',(0.867949489783945,-0.496652477275398,0.));
#15021=DIRECTION('',(0.,0.,-1.));
#15022=DIRECTION('',(-0.999992545992338,-0.00386108271900417,0.));
#15023=DIRECTION('',(0.00386108271900417,-0.999992545992338,0.));
#15024=DIRECTION('',(0.,0.,-1.));
#15025=DIRECTION('',(-0.503340068716939,0.864088407064941,0.));
#15026=DIRECTION('',(-0.864088407064941,-0.503340068716939,0.));
#15027=DIRECTION('',(0.,0.,-1.));
#15028=DIRECTION('',(0.496652477275398,0.867949489783945,0.));
#15029=DIRECTION('',(-0.867949489783945,0.496652477275398,0.));
#15030=DIRECTION('',(0.,0.,-1.));
#15031=DIRECTION('',(0.999992545992338,0.00386108271900462,0.));
#15032=DIRECTION('',(-0.00386108271900462,0.999992545992338,0.));
#15033=DIRECTION('',(0.503340068716939,-0.864088407064941,0.));
#15034=DIRECTION('',(0.864088407064941,0.503340068716939,0.));
#15035=DIRECTION('',(0.,0.,-1.));
#15036=DIRECTION('',(0.,0.,-1.));
#15037=DIRECTION('',(-0.496652477275398,-0.867949489783945,0.));
#15038=DIRECTION('',(0.867949489783945,-0.496652477275398,0.));
#15039=DIRECTION('',(0.,0.,-1.));
#15040=DIRECTION('',(-0.999992545992338,-0.00386108271900417,0.));
#15041=DIRECTION('',(0.00386108271900417,-0.999992545992338,0.));
#15042=DIRECTION('',(0.,0.,-1.));
#15043=DIRECTION('',(-0.503340068716939,0.864088407064941,0.));
#15044=DIRECTION('',(-0.864088407064941,-0.503340068716939,0.));
#15045=DIRECTION('',(0.,0.,-1.));
#15046=DIRECTION('',(0.496652477275398,0.867949489783945,0.));
#15047=DIRECTION('',(-0.867949489783945,0.496652477275398,0.));
#15048=DIRECTION('',(0.,0.,-1.));
#15049=DIRECTION('',(0.999992545992338,0.00386108271900462,0.));
#15050=DIRECTION('',(-0.00386108271900462,0.999992545992338,0.));
#15051=DIRECTION('',(0.503340068716939,-0.864088407064941,0.));
#15052=DIRECTION('',(0.864088407064941,0.503340068716939,0.));
#15053=DIRECTION('',(0.,0.,-1.));
#15054=DIRECTION('',(0.,0.,-1.));
#15055=DIRECTION('',(-0.496652477275398,-0.867949489783945,0.));
#15056=DIRECTION('',(0.867949489783945,-0.496652477275398,0.));
#15057=DIRECTION('',(0.,0.,-1.));
#15058=DIRECTION('',(-0.999992545992338,-0.00386108271900417,0.));
#15059=DIRECTION('',(0.00386108271900417,-0.999992545992338,0.));
#15060=DIRECTION('',(0.,0.,-1.));
#15061=DIRECTION('',(-0.503340068716939,0.864088407064941,0.));
#15062=DIRECTION('',(-0.864088407064941,-0.503340068716939,0.));
#15063=DIRECTION('',(0.,0.,-1.));
#15064=DIRECTION('',(0.496652477275398,0.867949489783945,0.));
#15065=DIRECTION('',(-0.867949489783945,0.496652477275398,0.));
#15066=DIRECTION('',(0.,0.,-1.));
#15067=DIRECTION('',(0.999992545992338,0.00386108271900462,0.));
#15068=DIRECTION('',(-0.00386108271900462,0.999992545992338,0.));
#15069=DIRECTION('',(0.503340068716939,-0.864088407064941,0.));
#15070=DIRECTION('',(0.864088407064941,0.503340068716939,0.));
#15071=DIRECTION('',(0.,0.,-1.));
#15072=DIRECTION('',(0.,0.,-1.));
#15073=DIRECTION('',(-0.496652477275398,-0.867949489783945,0.));
#15074=DIRECTION('',(0.867949489783945,-0.496652477275398,0.));
#15075=DIRECTION('',(0.,0.,-1.));
#15076=DIRECTION('',(-0.999992545992338,-0.00386108271900417,0.));
#15077=DIRECTION('',(0.00386108271900417,-0.999992545992338,0.));
#15078=DIRECTION('',(0.,0.,-1.));
#15079=DIRECTION('',(-0.503340068716939,0.864088407064941,0.));
#15080=DIRECTION('',(-0.864088407064941,-0.503340068716939,0.));
#15081=DIRECTION('',(0.,0.,-1.));
#15082=DIRECTION('',(0.496652477275398,0.867949489783945,0.));
#15083=DIRECTION('',(-0.867949489783945,0.496652477275398,0.));
#15084=DIRECTION('',(0.,0.,-1.));
#15085=DIRECTION('',(0.999992545992338,0.00386108271900462,0.));
#15086=DIRECTION('',(-0.00386108271900462,0.999992545992338,0.));
#15087=DIRECTION('',(0.503340068716939,-0.864088407064941,0.));
#15088=DIRECTION('',(0.864088407064941,0.503340068716939,0.));
#15089=DIRECTION('',(0.,0.,-1.));
#15090=DIRECTION('',(0.,0.,-1.));
#15091=DIRECTION('',(-0.496652477275398,-0.867949489783945,0.));
#15092=DIRECTION('',(0.867949489783945,-0.496652477275398,0.));
#15093=DIRECTION('',(0.,0.,-1.));
#15094=DIRECTION('',(-0.999992545992338,-0.00386108271900417,0.));
#15095=DIRECTION('',(0.00386108271900417,-0.999992545992338,0.));
#15096=DIRECTION('',(0.,0.,-1.));
#15097=DIRECTION('',(-0.503340068716939,0.864088407064941,0.));
#15098=DIRECTION('',(-0.864088407064941,-0.503340068716939,0.));
#15099=DIRECTION('',(0.,0.,-1.));
#15100=DIRECTION('',(0.496652477275398,0.867949489783945,0.));
#15101=DIRECTION('',(-0.867949489783945,0.496652477275398,0.));
#15102=DIRECTION('',(0.,0.,-1.));
#15103=DIRECTION('',(0.999992545992338,0.00386108271900462,0.));
#15104=DIRECTION('',(-0.00386108271900462,0.999992545992338,0.));
#15105=DIRECTION('',(0.503340068716939,-0.864088407064941,0.));
#15106=DIRECTION('',(0.864088407064941,0.503340068716939,0.));
#15107=DIRECTION('',(0.,0.,-1.));
#15108=DIRECTION('',(0.,0.,-1.));
#15109=DIRECTION('',(-0.496652477275398,-0.867949489783945,0.));
#15110=DIRECTION('',(0.867949489783945,-0.496652477275398,0.));
#15111=DIRECTION('',(0.,0.,-1.));
#15112=DIRECTION('',(-0.999992545992338,-0.00386108271900417,0.));
#15113=DIRECTION('',(0.00386108271900417,-0.999992545992338,0.));
#15114=DIRECTION('',(0.,0.,-1.));
#15115=DIRECTION('',(-0.503340068716939,0.864088407064941,0.));
#15116=DIRECTION('',(-0.864088407064941,-0.503340068716939,0.));
#15117=DIRECTION('',(0.,0.,-1.));
#15118=DIRECTION('',(0.496652477275398,0.867949489783945,0.));
#15119=DIRECTION('',(-0.867949489783945,0.496652477275398,0.));
#15120=DIRECTION('',(0.,0.,-1.));
#15121=DIRECTION('',(0.999992545992338,0.00386108271900462,0.));
#15122=DIRECTION('',(-0.00386108271900462,0.999992545992338,0.));
#15123=DIRECTION('',(0.503340068716939,-0.864088407064941,0.));
#15124=DIRECTION('',(0.864088407064941,0.503340068716939,0.));
#15125=DIRECTION('',(0.,0.,-1.));
#15126=DIRECTION('',(0.,0.,-1.));
#15127=DIRECTION('',(-0.496652477275398,-0.867949489783945,0.));
#15128=DIRECTION('',(0.867949489783945,-0.496652477275398,0.));
#15129=DIRECTION('',(0.,0.,-1.));
#15130=DIRECTION('',(-0.999992545992338,-0.00386108271900417,0.));
#15131=DIRECTION('',(0.00386108271900417,-0.999992545992338,0.));
#15132=DIRECTION('',(0.,0.,-1.));
#15133=DIRECTION('',(-0.503340068716939,0.864088407064941,0.));
#15134=DIRECTION('',(-0.864088407064941,-0.503340068716939,0.));
#15135=DIRECTION('',(0.,0.,-1.));
#15136=DIRECTION('',(0.496652477275398,0.867949489783945,0.));
#15137=DIRECTION('',(-0.867949489783945,0.496652477275398,0.));
#15138=DIRECTION('',(0.,0.,-1.));
#15139=DIRECTION('',(0.999992545992338,0.00386108271900462,0.));
#15140=DIRECTION('',(-0.00386108271900462,0.999992545992338,0.));
#15141=DIRECTION('',(0.503340068716939,-0.864088407064941,0.));
#15142=DIRECTION('',(0.864088407064941,0.503340068716939,0.));
#15143=DIRECTION('',(0.,0.,-1.));
#15144=DIRECTION('',(0.,0.,-1.));
#15145=DIRECTION('',(-0.496652477275398,-0.867949489783945,0.));
#15146=DIRECTION('',(0.867949489783945,-0.496652477275398,0.));
#15147=DIRECTION('',(0.,0.,-1.));
#15148=DIRECTION('',(-0.999992545992338,-0.00386108271900417,0.));
#15149=DIRECTION('',(0.00386108271900417,-0.999992545992338,0.));
#15150=DIRECTION('',(0.,0.,-1.));
#15151=DIRECTION('',(-0.503340068716939,0.864088407064941,0.));
#15152=DIRECTION('',(-0.864088407064941,-0.503340068716939,0.));
#15153=DIRECTION('',(0.,0.,-1.));
#15154=DIRECTION('',(0.496652477275398,0.867949489783945,0.));
#15155=DIRECTION('',(-0.867949489783945,0.496652477275398,0.));
#15156=DIRECTION('',(0.,0.,-1.));
#15157=DIRECTION('',(0.999992545992338,0.00386108271900462,0.));
#15158=DIRECTION('',(-0.00386108271900462,0.999992545992338,0.));
#15159=DIRECTION('',(0.503340068716939,-0.864088407064941,0.));
#15160=DIRECTION('',(0.864088407064941,0.503340068716939,0.));
#15161=DIRECTION('',(0.,0.,-1.));
#15162=DIRECTION('',(0.,0.,-1.));
#15163=DIRECTION('',(-0.496652477275398,-0.867949489783945,0.));
#15164=DIRECTION('',(0.867949489783945,-0.496652477275398,0.));
#15165=DIRECTION('',(0.,0.,-1.));
#15166=DIRECTION('',(-0.999992545992338,-0.00386108271900417,0.));
#15167=DIRECTION('',(0.00386108271900417,-0.999992545992338,0.));
#15168=DIRECTION('',(0.,0.,-1.));
#15169=DIRECTION('',(-0.503340068716939,0.864088407064941,0.));
#15170=DIRECTION('',(-0.864088407064941,-0.503340068716939,0.));
#15171=DIRECTION('',(0.,0.,-1.));
#15172=DIRECTION('',(0.496652477275398,0.867949489783945,0.));
#15173=DIRECTION('',(-0.867949489783945,0.496652477275398,0.));
#15174=DIRECTION('',(0.,0.,-1.));
#15175=DIRECTION('',(0.999992545992338,0.00386108271900462,0.));
#15176=DIRECTION('',(-0.00386108271900462,0.999992545992338,0.));
#15177=DIRECTION('',(0.503340068716939,-0.864088407064941,0.));
#15178=DIRECTION('',(0.864088407064941,0.503340068716939,0.));
#15179=DIRECTION('',(0.,0.,-1.));
#15180=DIRECTION('',(0.,0.,-1.));
#15181=DIRECTION('',(-0.496652477275398,-0.867949489783945,0.));
#15182=DIRECTION('',(0.867949489783945,-0.496652477275398,0.));
#15183=DIRECTION('',(0.,0.,-1.));
#15184=DIRECTION('',(-0.999992545992338,-0.00386108271900417,0.));
#15185=DIRECTION('',(0.00386108271900417,-0.999992545992338,0.));
#15186=DIRECTION('',(0.,0.,-1.));
#15187=DIRECTION('',(-0.503340068716939,0.864088407064941,0.));
#15188=DIRECTION('',(-0.864088407064941,-0.503340068716939,0.));
#15189=DIRECTION('',(0.,0.,-1.));
#15190=DIRECTION('',(0.496652477275398,0.867949489783945,0.));
#15191=DIRECTION('',(-0.867949489783945,0.496652477275398,0.));
#15192=DIRECTION('',(0.,0.,-1.));
#15193=DIRECTION('',(0.999992545992338,0.00386108271900462,0.));
#15194=DIRECTION('',(-0.00386108271900462,0.999992545992338,0.));
#15195=DIRECTION('',(0.503340068716939,-0.864088407064941,0.));
#15196=DIRECTION('',(0.864088407064941,0.503340068716939,0.));
#15197=DIRECTION('',(0.,0.,-1.));
#15198=DIRECTION('',(0.,0.,-1.));
#15199=DIRECTION('',(-0.496652477275398,-0.867949489783945,0.));
#15200=DIRECTION('',(0.867949489783945,-0.496652477275398,0.));
#15201=DIRECTION('',(0.,0.,-1.));
#15202=DIRECTION('',(-0.999992545992338,-0.00386108271900417,0.));
#15203=DIRECTION('',(0.00386108271900417,-0.999992545992338,0.));
#15204=DIRECTION('',(0.,0.,-1.));
#15205=DIRECTION('',(-0.503340068716939,0.864088407064941,0.));
#15206=DIRECTION('',(-0.864088407064941,-0.503340068716939,0.));
#15207=DIRECTION('',(0.,0.,-1.));
#15208=DIRECTION('',(0.496652477275398,0.867949489783945,0.));
#15209=DIRECTION('',(-0.867949489783945,0.496652477275398,0.));
#15210=DIRECTION('',(0.,0.,-1.));
#15211=DIRECTION('',(0.999992545992338,0.00386108271900462,0.));
#15212=DIRECTION('',(-0.00386108271900462,0.999992545992338,0.));
#15213=DIRECTION('',(0.503340068716939,-0.864088407064941,0.));
#15214=DIRECTION('',(0.864088407064941,0.503340068716939,0.));
#15215=DIRECTION('',(0.,0.,-1.));
#15216=DIRECTION('',(0.,0.,-1.));
#15217=DIRECTION('',(-0.496652477275398,-0.867949489783945,0.));
#15218=DIRECTION('',(0.867949489783945,-0.496652477275398,0.));
#15219=DIRECTION('',(0.,0.,-1.));
#15220=DIRECTION('',(-0.999992545992338,-0.00386108271900417,0.));
#15221=DIRECTION('',(0.00386108271900417,-0.999992545992338,0.));
#15222=DIRECTION('',(0.,0.,-1.));
#15223=DIRECTION('',(-0.503340068716939,0.864088407064941,0.));
#15224=DIRECTION('',(-0.864088407064941,-0.503340068716939,0.));
#15225=DIRECTION('',(0.,0.,-1.));
#15226=DIRECTION('',(0.496652477275398,0.867949489783945,0.));
#15227=DIRECTION('',(-0.867949489783945,0.496652477275398,0.));
#15228=DIRECTION('',(0.,0.,-1.));
#15229=DIRECTION('',(0.999992545992338,0.00386108271900462,0.));
#15230=DIRECTION('',(-0.00386108271900462,0.999992545992338,0.));
#15231=DIRECTION('',(0.503340068716939,-0.864088407064941,0.));
#15232=DIRECTION('',(0.864088407064941,0.503340068716939,0.));
#15233=DIRECTION('',(0.,0.,-1.));
#15234=DIRECTION('',(0.,0.,-1.));
#15235=DIRECTION('',(-0.496652477275398,-0.867949489783945,0.));
#15236=DIRECTION('',(0.867949489783945,-0.496652477275398,0.));
#15237=DIRECTION('',(0.,0.,-1.));
#15238=DIRECTION('',(-0.999992545992338,-0.00386108271900417,0.));
#15239=DIRECTION('',(0.00386108271900417,-0.999992545992338,0.));
#15240=DIRECTION('',(0.,0.,-1.));
#15241=DIRECTION('',(-0.503340068716939,0.864088407064941,0.));
#15242=DIRECTION('',(-0.864088407064941,-0.503340068716939,0.));
#15243=DIRECTION('',(0.,0.,-1.));
#15244=DIRECTION('',(0.496652477275398,0.867949489783945,0.));
#15245=DIRECTION('',(-0.867949489783945,0.496652477275398,0.));
#15246=DIRECTION('',(0.,0.,-1.));
#15247=DIRECTION('',(0.999992545992338,0.00386108271900462,0.));
#15248=DIRECTION('',(-0.00386108271900462,0.999992545992338,0.));
#15249=DIRECTION('',(0.503340068716939,-0.864088407064941,0.));
#15250=DIRECTION('',(0.864088407064941,0.503340068716939,0.));
#15251=DIRECTION('',(0.,0.,-1.));
#15252=DIRECTION('',(0.,0.,-1.));
#15253=DIRECTION('',(-0.496652477275398,-0.867949489783945,0.));
#15254=DIRECTION('',(0.867949489783945,-0.496652477275398,0.));
#15255=DIRECTION('',(0.,0.,-1.));
#15256=DIRECTION('',(-0.999992545992338,-0.00386108271900417,0.));
#15257=DIRECTION('',(0.00386108271900417,-0.999992545992338,0.));
#15258=DIRECTION('',(0.,0.,-1.));
#15259=DIRECTION('',(-0.503340068716939,0.864088407064941,0.));
#15260=DIRECTION('',(-0.864088407064941,-0.503340068716939,0.));
#15261=DIRECTION('',(0.,0.,-1.));
#15262=DIRECTION('',(0.496652477275398,0.867949489783945,0.));
#15263=DIRECTION('',(-0.867949489783945,0.496652477275398,0.));
#15264=DIRECTION('',(0.,0.,-1.));
#15265=DIRECTION('',(0.999992545992338,0.00386108271900462,0.));
#15266=DIRECTION('',(-0.00386108271900462,0.999992545992338,0.));
#15267=DIRECTION('',(0.503340068716939,-0.864088407064941,0.));
#15268=DIRECTION('',(0.864088407064941,0.503340068716939,0.));
#15269=DIRECTION('',(0.,0.,-1.));
#15270=DIRECTION('',(0.,0.,-1.));
#15271=DIRECTION('',(-0.496652477275398,-0.867949489783945,0.));
#15272=DIRECTION('',(0.867949489783945,-0.496652477275398,0.));
#15273=DIRECTION('',(0.,0.,-1.));
#15274=DIRECTION('',(-0.999992545992338,-0.00386108271900417,0.));
#15275=DIRECTION('',(0.00386108271900417,-0.999992545992338,0.));
#15276=DIRECTION('',(0.,0.,-1.));
#15277=DIRECTION('',(-0.503340068716939,0.864088407064941,0.));
#15278=DIRECTION('',(-0.864088407064941,-0.503340068716939,0.));
#15279=DIRECTION('',(0.,0.,-1.));
#15280=DIRECTION('',(0.496652477275398,0.867949489783945,0.));
#15281=DIRECTION('',(-0.867949489783945,0.496652477275398,0.));
#15282=DIRECTION('',(0.,0.,-1.));
#15283=DIRECTION('',(0.999992545992338,0.00386108271900462,0.));
#15284=DIRECTION('',(-0.00386108271900462,0.999992545992338,0.));
#15285=DIRECTION('',(0.503340068716939,-0.864088407064941,0.));
#15286=DIRECTION('',(0.864088407064941,0.503340068716939,0.));
#15287=DIRECTION('',(0.,0.,-1.));
#15288=DIRECTION('',(0.,0.,-1.));
#15289=DIRECTION('',(-0.496652477275398,-0.867949489783945,0.));
#15290=DIRECTION('',(0.867949489783945,-0.496652477275398,0.));
#15291=DIRECTION('',(0.,0.,-1.));
#15292=DIRECTION('',(-0.999992545992338,-0.00386108271900417,0.));
#15293=DIRECTION('',(0.00386108271900417,-0.999992545992338,0.));
#15294=DIRECTION('',(0.,0.,-1.));
#15295=DIRECTION('',(-0.503340068716939,0.864088407064941,0.));
#15296=DIRECTION('',(-0.864088407064941,-0.503340068716939,0.));
#15297=DIRECTION('',(0.,0.,-1.));
#15298=DIRECTION('',(0.496652477275398,0.867949489783945,0.));
#15299=DIRECTION('',(-0.867949489783945,0.496652477275398,0.));
#15300=DIRECTION('',(0.,0.,-1.));
#15301=DIRECTION('',(0.999992545992338,0.00386108271900462,0.));
#15302=DIRECTION('',(-0.00386108271900462,0.999992545992338,0.));
#15303=DIRECTION('',(0.503340068716939,-0.864088407064941,0.));
#15304=DIRECTION('',(0.864088407064941,0.503340068716939,0.));
#15305=DIRECTION('',(0.,0.,-1.));
#15306=DIRECTION('',(0.,0.,-1.));
#15307=DIRECTION('',(-0.496652477275398,-0.867949489783945,0.));
#15308=DIRECTION('',(0.867949489783945,-0.496652477275398,0.));
#15309=DIRECTION('',(0.,0.,-1.));
#15310=DIRECTION('',(-0.999992545992338,-0.00386108271900417,0.));
#15311=DIRECTION('',(0.00386108271900417,-0.999992545992338,0.));
#15312=DIRECTION('',(0.,0.,-1.));
#15313=DIRECTION('',(-0.503340068716939,0.864088407064941,0.));
#15314=DIRECTION('',(-0.864088407064941,-0.503340068716939,0.));
#15315=DIRECTION('',(0.,0.,-1.));
#15316=DIRECTION('',(0.496652477275398,0.867949489783945,0.));
#15317=DIRECTION('',(-0.867949489783945,0.496652477275398,0.));
#15318=DIRECTION('',(0.,0.,-1.));
#15319=DIRECTION('',(0.999992545992338,0.00386108271900462,0.));
#15320=DIRECTION('',(-0.00386108271900462,0.999992545992338,0.));
#15321=DIRECTION('',(0.503340068716939,-0.864088407064941,0.));
#15322=DIRECTION('',(0.864088407064941,0.503340068716939,0.));
#15323=DIRECTION('',(0.,0.,-1.));
#15324=DIRECTION('',(0.,0.,-1.));
#15325=DIRECTION('',(-0.496652477275398,-0.867949489783945,0.));
#15326=DIRECTION('',(0.867949489783945,-0.496652477275398,0.));
#15327=DIRECTION('',(0.,0.,-1.));
#15328=DIRECTION('',(-0.999992545992338,-0.00386108271900417,0.));
#15329=DIRECTION('',(0.00386108271900417,-0.999992545992338,0.));
#15330=DIRECTION('',(0.,0.,-1.));
#15331=DIRECTION('',(-0.503340068716939,0.864088407064941,0.));
#15332=DIRECTION('',(-0.864088407064941,-0.503340068716939,0.));
#15333=DIRECTION('',(0.,0.,-1.));
#15334=DIRECTION('',(0.496652477275398,0.867949489783945,0.));
#15335=DIRECTION('',(-0.867949489783945,0.496652477275398,0.));
#15336=DIRECTION('',(0.,0.,-1.));
#15337=DIRECTION('',(0.999992545992338,0.00386108271900462,0.));
#15338=DIRECTION('',(-0.00386108271900462,0.999992545992338,0.));
#15339=DIRECTION('',(-1.,9.69000209772045E-16,0.));
#15340=DIRECTION('',(-9.69000209772045E-16,-1.,0.));
#15341=DIRECTION('',(0.,0.,-1.));
#15342=DIRECTION('',(0.,1.,0.));
#15343=DIRECTION('',(0.,0.,1.));
#15344=DIRECTION('',(0.,1.,0.));
#15345=DIRECTION('',(0.,0.,1.));
#15346=DIRECTION('',(0.,-0.866025403784433,-0.500000000000009));
#15347=DIRECTION('',(0.,0.500000000000009,-0.866025403784433));
#15348=DIRECTION('',(1.,0.,0.));
#15349=DIRECTION('',(0.,-0.500000000000009,0.866025403784433));
#15350=DIRECTION('',(1.,0.,0.));
#15351=DIRECTION('',(0.,1.28197512425571E-14,-1.));
#15352=DIRECTION('',(0.,1.,1.28197512425571E-14));
#15353=DIRECTION('',(1.,0.,0.));
#15354=DIRECTION('',(0.,-1.,-1.28197512425571E-14));
#15355=DIRECTION('',(0.,0.866025403784444,-0.499999999999991));
#15356=DIRECTION('',(0.,0.499999999999991,0.866025403784444));
#15357=DIRECTION('',(0.,-0.499999999999991,-0.866025403784444));
#15358=DIRECTION('',(0.,0.866025403784433,0.500000000000009));
#15359=DIRECTION('',(0.,-0.50000000000001,0.866025403784433));
#15360=DIRECTION('',(1.,0.,0.));
#15361=DIRECTION('',(1.,0.,0.));
#15362=DIRECTION('',(0.,0.,1.));
#15363=DIRECTION('',(1.,0.,0.));
#15364=DIRECTION('',(1.,0.,0.));
#15365=DIRECTION('',(0.,-0.866025403784444,0.499999999999991));
#15366=DIRECTION('',(0.,-0.499999999999991,-0.866025403784444));
#15367=DIRECTION('',(1.,0.,0.));
#15368=DIRECTION('',(0.,0.866025403784444,-0.499999999999991));
#15369=DIRECTION('',(0.,0.499999999999991,0.866025403784444));
#15370=DIRECTION('',(1.,0.,0.));
#15371=DIRECTION('',(1.,0.,0.));
#15372=DIRECTION('',(0.,1.28197512425571E-14,-1.));
#15373=DIRECTION('',(0.,1.,1.28197512425571E-14));
#15374=DIRECTION('',(1.,0.,0.));
#15375=DIRECTION('',(0.,1.28197512425571E-14,-1.));
#15376=DIRECTION('',(0.,1.,1.28197512425571E-14));
#15377=DIRECTION('',(1.,0.,0.));
#15378=DIRECTION('',(0.,-0.866025403784433,-0.500000000000009));
#15379=DIRECTION('',(0.,0.500000000000009,-0.866025403784433));
#15380=DIRECTION('',(0.,0.866025403784433,0.500000000000009));
#15381=DIRECTION('',(0.,-0.50000000000001,0.866025403784433));
#15382=DIRECTION('',(1.,0.,0.));
#15383=DIRECTION('',(1.,0.,0.));
#15384=DIRECTION('',(0.,0.,1.));
#15385=DIRECTION('',(1.,0.,0.));
#15386=DIRECTION('',(1.,0.,0.));
#15387=DIRECTION('',(0.,-0.866025403784444,0.499999999999991));
#15388=DIRECTION('',(0.,-0.499999999999991,-0.866025403784444));
#15389=DIRECTION('',(1.,0.,0.));
#15390=DIRECTION('',(0.,-0.866025403784433,-0.500000000000009));
#15391=DIRECTION('',(0.,0.500000000000009,-0.866025403784433));
#15392=DIRECTION('',(1.,0.,0.));
#15393=DIRECTION('',(0.,1.28197512425571E-14,-1.));
#15394=DIRECTION('',(0.,1.,1.28197512425571E-14));
#15395=DIRECTION('',(1.,0.,0.));
#15396=DIRECTION('',(1.,0.,0.));
#15397=DIRECTION('',(0.,0.866025403784444,-0.499999999999991));
#15398=DIRECTION('',(0.,0.499999999999991,0.866025403784444));
#15399=DIRECTION('',(0.,-0.866025403784444,0.499999999999991));
#15400=DIRECTION('',(0.,-0.499999999999991,-0.866025403784444));
#15401=DIRECTION('',(1.,0.,0.));
#15402=DIRECTION('',(1.,0.,0.));
#15403=DIRECTION('',(0.,0.,1.));
#15404=DIRECTION('',(1.,0.,0.));
#15405=DIRECTION('',(1.,0.,0.));
#15406=DIRECTION('',(0.,0.866025403784433,0.500000000000009));
#15407=DIRECTION('',(0.,-0.50000000000001,0.866025403784433));
#15408=DIRECTION('',(1.,0.,0.));
#15409=DIRECTION('',(0.,0.866025403784444,-0.499999999999991));
#15410=DIRECTION('',(0.,0.499999999999991,0.866025403784444));
#15411=DIRECTION('',(1.,0.,0.));
#15412=DIRECTION('',(0.,1.28197512425571E-14,-1.));
#15413=DIRECTION('',(0.,1.,1.28197512425571E-14));
#15414=DIRECTION('',(1.,0.,0.));
#15415=DIRECTION('',(0.,-0.866025403784433,-0.500000000000009));
#15416=DIRECTION('',(0.,0.500000000000009,-0.866025403784433));
#15417=DIRECTION('',(1.,0.,0.));
#15418=DIRECTION('',(0.,1.,0.));
#15419=DIRECTION('',(0.,-0.50000000000001,0.866025403784433));
#15420=DIRECTION('',(0.,-1.,0.));
#15421=DIRECTION('',(0.,-0.499999999999991,-0.866025403784444));
#15422=DIRECTION('',(0.,0.866025403784433,0.500000000000009));
#15423=DIRECTION('',(0.,-0.50000000000001,0.866025403784433));
#15424=DIRECTION('',(1.,0.,0.));
#15425=DIRECTION('',(0.,0.,1.));
#15426=DIRECTION('',(1.,0.,0.));
#15427=DIRECTION('',(1.,0.,0.));
#15428=DIRECTION('',(0.,-0.866025403784444,0.499999999999991));
#15429=DIRECTION('',(0.,-0.499999999999991,-0.866025403784444));
#15430=DIRECTION('',(0.,0.866025403784433,0.500000000000009));
#15431=DIRECTION('',(0.,-0.50000000000001,0.866025403784433));
#15432=DIRECTION('',(1.,0.,0.));
#15433=DIRECTION('',(1.,0.,0.));
#15434=DIRECTION('',(0.,0.,1.));
#15435=DIRECTION('',(1.,0.,0.));
#15436=DIRECTION('',(1.,0.,0.));
#15437=DIRECTION('',(0.,-0.866025403784444,0.499999999999991));
#15438=DIRECTION('',(0.,-0.499999999999991,-0.866025403784444));
#15439=DIRECTION('',(1.,0.,0.));
#15440=DIRECTION('',(0.,-0.866025403784433,-0.500000000000009));
#15441=DIRECTION('',(0.,0.500000000000009,-0.866025403784433));
#15442=DIRECTION('',(1.,0.,0.));
#15443=DIRECTION('',(0.,1.28197512425571E-14,-1.));
#15444=DIRECTION('',(0.,1.,1.28197512425571E-14));
#15445=DIRECTION('',(1.,0.,0.));
#15446=DIRECTION('',(0.,0.866025403784444,-0.499999999999991));
#15447=DIRECTION('',(0.,0.499999999999991,0.866025403784444));
#15448=DIRECTION('',(0.,0.866025403784433,0.500000000000009));
#15449=DIRECTION('',(0.,-0.50000000000001,0.866025403784433));
#15450=DIRECTION('',(1.,0.,0.));
#15451=DIRECTION('',(1.,0.,0.));
#15452=DIRECTION('',(0.,0.,1.));
#15453=DIRECTION('',(1.,0.,0.));
#15454=DIRECTION('',(1.,0.,0.));
#15455=DIRECTION('',(0.,-0.866025403784444,0.499999999999991));
#15456=DIRECTION('',(0.,-0.499999999999991,-0.866025403784444));
#15457=DIRECTION('',(1.,0.,0.));
#15458=DIRECTION('',(0.,-0.866025403784433,-0.500000000000009));
#15459=DIRECTION('',(0.,0.500000000000009,-0.866025403784433));
#15460=DIRECTION('',(1.,0.,0.));
#15461=DIRECTION('',(0.,1.28197512425571E-14,-1.));
#15462=DIRECTION('',(0.,1.,1.28197512425571E-14));
#15463=DIRECTION('',(1.,0.,0.));
#15464=DIRECTION('',(0.,0.866025403784444,-0.499999999999991));
#15465=DIRECTION('',(0.,0.499999999999991,0.866025403784444));
#15466=DIRECTION('',(0.,0.866025403784433,0.500000000000009));
#15467=DIRECTION('',(0.,-0.50000000000001,0.866025403784433));
#15468=DIRECTION('',(1.,0.,0.));
#15469=DIRECTION('',(1.,0.,0.));
#15470=DIRECTION('',(0.,0.,1.));
#15471=DIRECTION('',(1.,0.,0.));
#15472=DIRECTION('',(1.,0.,0.));
#15473=DIRECTION('',(0.,-0.866025403784444,0.499999999999991));
#15474=DIRECTION('',(0.,-0.499999999999991,-0.866025403784444));
#15475=DIRECTION('',(1.,0.,0.));
#15476=DIRECTION('',(0.,-0.866025403784433,-0.500000000000009));
#15477=DIRECTION('',(0.,0.500000000000009,-0.866025403784433));
#15478=DIRECTION('',(1.,0.,0.));
#15479=DIRECTION('',(0.,1.28197512425571E-14,-1.));
#15480=DIRECTION('',(0.,1.,1.28197512425571E-14));
#15481=DIRECTION('',(1.,0.,0.));
#15482=DIRECTION('',(0.,0.866025403784444,-0.499999999999991));
#15483=DIRECTION('',(0.,0.499999999999991,0.866025403784444));
#15484=DIRECTION('',(0.,0.866025403784433,0.500000000000009));
#15485=DIRECTION('',(0.,-0.50000000000001,0.866025403784433));
#15486=DIRECTION('',(1.,0.,0.));
#15487=DIRECTION('',(1.,0.,0.));
#15488=DIRECTION('',(0.,0.,1.));
#15489=DIRECTION('',(1.,0.,0.));
#15490=DIRECTION('',(1.,0.,0.));
#15491=DIRECTION('',(0.,-0.866025403784444,0.499999999999991));
#15492=DIRECTION('',(0.,-0.499999999999991,-0.866025403784444));
#15493=DIRECTION('',(1.,0.,0.));
#15494=DIRECTION('',(0.,-0.866025403784433,-0.500000000000009));
#15495=DIRECTION('',(0.,0.500000000000009,-0.866025403784433));
#15496=DIRECTION('',(1.,0.,0.));
#15497=DIRECTION('',(0.,1.28197512425571E-14,-1.));
#15498=DIRECTION('',(0.,1.,1.28197512425571E-14));
#15499=DIRECTION('',(1.,0.,0.));
#15500=DIRECTION('',(0.,0.866025403784444,-0.499999999999991));
#15501=DIRECTION('',(0.,0.499999999999991,0.866025403784444));
#15502=DIRECTION('',(0.,0.866025403784433,0.500000000000009));
#15503=DIRECTION('',(0.,-0.50000000000001,0.866025403784433));
#15504=DIRECTION('',(1.,0.,0.));
#15505=DIRECTION('',(1.,0.,0.));
#15506=DIRECTION('',(0.,0.,1.));
#15507=DIRECTION('',(1.,0.,0.));
#15508=DIRECTION('',(1.,0.,0.));
#15509=DIRECTION('',(0.,-0.866025403784444,0.499999999999991));
#15510=DIRECTION('',(0.,-0.499999999999991,-0.866025403784444));
#15511=DIRECTION('',(1.,0.,0.));
#15512=DIRECTION('',(0.,-0.866025403784433,-0.500000000000009));
#15513=DIRECTION('',(0.,0.500000000000009,-0.866025403784433));
#15514=DIRECTION('',(1.,0.,0.));
#15515=DIRECTION('',(0.,1.28197512425571E-14,-1.));
#15516=DIRECTION('',(0.,1.,1.28197512425571E-14));
#15517=DIRECTION('',(1.,0.,0.));
#15518=DIRECTION('',(0.,0.866025403784444,-0.499999999999991));
#15519=DIRECTION('',(0.,0.499999999999991,0.866025403784444));
#15520=DIRECTION('',(0.,0.866025403784433,0.500000000000009));
#15521=DIRECTION('',(0.,-0.50000000000001,0.866025403784433));
#15522=DIRECTION('',(1.,0.,0.));
#15523=DIRECTION('',(1.,0.,0.));
#15524=DIRECTION('',(0.,0.,1.));
#15525=DIRECTION('',(1.,0.,0.));
#15526=DIRECTION('',(1.,0.,0.));
#15527=DIRECTION('',(0.,-0.866025403784444,0.499999999999991));
#15528=DIRECTION('',(0.,-0.499999999999991,-0.866025403784444));
#15529=DIRECTION('',(1.,0.,0.));
#15530=DIRECTION('',(0.,-0.866025403784433,-0.500000000000009));
#15531=DIRECTION('',(0.,0.500000000000009,-0.866025403784433));
#15532=DIRECTION('',(1.,0.,0.));
#15533=DIRECTION('',(0.,1.28197512425571E-14,-1.));
#15534=DIRECTION('',(0.,1.,1.28197512425571E-14));
#15535=DIRECTION('',(1.,0.,0.));
#15536=DIRECTION('',(0.,0.866025403784444,-0.499999999999991));
#15537=DIRECTION('',(0.,0.499999999999991,0.866025403784444));
#15538=DIRECTION('',(0.,0.866025403784433,0.500000000000009));
#15539=DIRECTION('',(0.,-0.50000000000001,0.866025403784433));
#15540=DIRECTION('',(1.,0.,0.));
#15541=DIRECTION('',(1.,0.,0.));
#15542=DIRECTION('',(0.,0.,1.));
#15543=DIRECTION('',(1.,0.,0.));
#15544=DIRECTION('',(1.,0.,0.));
#15545=DIRECTION('',(0.,-0.866025403784444,0.499999999999991));
#15546=DIRECTION('',(0.,-0.499999999999991,-0.866025403784444));
#15547=DIRECTION('',(1.,0.,0.));
#15548=DIRECTION('',(0.,-0.866025403784433,-0.500000000000009));
#15549=DIRECTION('',(0.,0.500000000000009,-0.866025403784433));
#15550=DIRECTION('',(1.,0.,0.));
#15551=DIRECTION('',(0.,1.28197512425571E-14,-1.));
#15552=DIRECTION('',(0.,1.,1.28197512425571E-14));
#15553=DIRECTION('',(1.,0.,0.));
#15554=DIRECTION('',(0.,0.866025403784444,-0.499999999999991));
#15555=DIRECTION('',(0.,0.499999999999991,0.866025403784444));
#15556=DIRECTION('',(0.,0.866025403784433,0.500000000000009));
#15557=DIRECTION('',(0.,-0.50000000000001,0.866025403784433));
#15558=DIRECTION('',(1.,0.,0.));
#15559=DIRECTION('',(1.,0.,0.));
#15560=DIRECTION('',(0.,0.,1.));
#15561=DIRECTION('',(1.,0.,0.));
#15562=DIRECTION('',(1.,0.,0.));
#15563=DIRECTION('',(0.,-0.866025403784444,0.499999999999991));
#15564=DIRECTION('',(0.,-0.499999999999991,-0.866025403784444));
#15565=DIRECTION('',(1.,0.,0.));
#15566=DIRECTION('',(0.,-0.866025403784433,-0.500000000000009));
#15567=DIRECTION('',(0.,0.500000000000009,-0.866025403784433));
#15568=DIRECTION('',(1.,0.,0.));
#15569=DIRECTION('',(0.,1.28197512425571E-14,-1.));
#15570=DIRECTION('',(0.,1.,1.28197512425571E-14));
#15571=DIRECTION('',(1.,0.,0.));
#15572=DIRECTION('',(0.,0.866025403784444,-0.499999999999991));
#15573=DIRECTION('',(0.,0.499999999999991,0.866025403784444));
#15574=DIRECTION('',(0.,0.866025403784433,0.500000000000009));
#15575=DIRECTION('',(0.,-0.50000000000001,0.866025403784433));
#15576=DIRECTION('',(1.,0.,0.));
#15577=DIRECTION('',(1.,0.,0.));
#15578=DIRECTION('',(0.,0.,1.));
#15579=DIRECTION('',(1.,0.,0.));
#15580=DIRECTION('',(1.,0.,0.));
#15581=DIRECTION('',(0.,-0.866025403784444,0.499999999999991));
#15582=DIRECTION('',(0.,-0.499999999999991,-0.866025403784444));
#15583=DIRECTION('',(1.,0.,0.));
#15584=DIRECTION('',(0.,-0.866025403784433,-0.500000000000009));
#15585=DIRECTION('',(0.,0.500000000000009,-0.866025403784433));
#15586=DIRECTION('',(1.,0.,0.));
#15587=DIRECTION('',(0.,1.28197512425571E-14,-1.));
#15588=DIRECTION('',(0.,1.,1.28197512425571E-14));
#15589=DIRECTION('',(1.,0.,0.));
#15590=DIRECTION('',(0.,0.866025403784444,-0.499999999999991));
#15591=DIRECTION('',(0.,0.499999999999991,0.866025403784444));
#15592=DIRECTION('',(0.,0.866025403784433,0.500000000000009));
#15593=DIRECTION('',(0.,-0.50000000000001,0.866025403784433));
#15594=DIRECTION('',(1.,0.,0.));
#15595=DIRECTION('',(1.,0.,0.));
#15596=DIRECTION('',(0.,0.,1.));
#15597=DIRECTION('',(1.,0.,0.));
#15598=DIRECTION('',(1.,0.,0.));
#15599=DIRECTION('',(0.,-0.866025403784444,0.499999999999991));
#15600=DIRECTION('',(0.,-0.499999999999991,-0.866025403784444));
#15601=DIRECTION('',(1.,0.,0.));
#15602=DIRECTION('',(0.,-0.866025403784433,-0.500000000000009));
#15603=DIRECTION('',(0.,0.500000000000009,-0.866025403784433));
#15604=DIRECTION('',(1.,0.,0.));
#15605=DIRECTION('',(0.,1.28197512425571E-14,-1.));
#15606=DIRECTION('',(0.,1.,1.28197512425571E-14));
#15607=DIRECTION('',(1.,0.,0.));
#15608=DIRECTION('',(0.,0.866025403784444,-0.499999999999991));
#15609=DIRECTION('',(0.,0.499999999999991,0.866025403784444));
#15610=DIRECTION('',(0.,0.866025403784433,0.500000000000009));
#15611=DIRECTION('',(0.,-0.50000000000001,0.866025403784433));
#15612=DIRECTION('',(1.,0.,0.));
#15613=DIRECTION('',(1.,0.,0.));
#15614=DIRECTION('',(0.,0.,1.));
#15615=DIRECTION('',(1.,0.,0.));
#15616=DIRECTION('',(1.,0.,0.));
#15617=DIRECTION('',(0.,-0.866025403784444,0.499999999999991));
#15618=DIRECTION('',(0.,-0.499999999999991,-0.866025403784444));
#15619=DIRECTION('',(1.,0.,0.));
#15620=DIRECTION('',(0.,-0.866025403784433,-0.500000000000009));
#15621=DIRECTION('',(0.,0.500000000000009,-0.866025403784433));
#15622=DIRECTION('',(1.,0.,0.));
#15623=DIRECTION('',(0.,1.28197512425571E-14,-1.));
#15624=DIRECTION('',(0.,1.,1.28197512425571E-14));
#15625=DIRECTION('',(1.,0.,0.));
#15626=DIRECTION('',(0.,0.866025403784444,-0.499999999999991));
#15627=DIRECTION('',(0.,0.499999999999991,0.866025403784444));
#15628=DIRECTION('',(0.,0.866025403784433,0.500000000000009));
#15629=DIRECTION('',(0.,-0.50000000000001,0.866025403784433));
#15630=DIRECTION('',(1.,0.,0.));
#15631=DIRECTION('',(1.,0.,0.));
#15632=DIRECTION('',(0.,0.,1.));
#15633=DIRECTION('',(1.,0.,0.));
#15634=DIRECTION('',(1.,0.,0.));
#15635=DIRECTION('',(0.,-0.866025403784444,0.499999999999991));
#15636=DIRECTION('',(0.,-0.499999999999991,-0.866025403784444));
#15637=DIRECTION('',(1.,0.,0.));
#15638=DIRECTION('',(0.,-0.866025403784433,-0.500000000000009));
#15639=DIRECTION('',(0.,0.500000000000009,-0.866025403784433));
#15640=DIRECTION('',(1.,0.,0.));
#15641=DIRECTION('',(0.,1.28197512425571E-14,-1.));
#15642=DIRECTION('',(0.,1.,1.28197512425571E-14));
#15643=DIRECTION('',(1.,0.,0.));
#15644=DIRECTION('',(0.,0.866025403784444,-0.499999999999991));
#15645=DIRECTION('',(0.,0.499999999999991,0.866025403784444));
#15646=DIRECTION('',(0.,0.866025403784433,0.500000000000009));
#15647=DIRECTION('',(0.,-0.50000000000001,0.866025403784433));
#15648=DIRECTION('',(1.,0.,0.));
#15649=DIRECTION('',(1.,0.,0.));
#15650=DIRECTION('',(0.,0.,1.));
#15651=DIRECTION('',(1.,0.,0.));
#15652=DIRECTION('',(1.,0.,0.));
#15653=DIRECTION('',(0.,-0.866025403784444,0.499999999999991));
#15654=DIRECTION('',(0.,-0.499999999999991,-0.866025403784444));
#15655=DIRECTION('',(1.,0.,0.));
#15656=DIRECTION('',(0.,-0.866025403784433,-0.500000000000009));
#15657=DIRECTION('',(0.,0.500000000000009,-0.866025403784433));
#15658=DIRECTION('',(1.,0.,0.));
#15659=DIRECTION('',(0.,1.28197512425571E-14,-1.));
#15660=DIRECTION('',(0.,1.,1.28197512425571E-14));
#15661=DIRECTION('',(1.,0.,0.));
#15662=DIRECTION('',(0.,0.866025403784444,-0.499999999999991));
#15663=DIRECTION('',(0.,0.499999999999991,0.866025403784444));
#15664=DIRECTION('',(0.,0.866025403784433,0.500000000000009));
#15665=DIRECTION('',(0.,-0.50000000000001,0.866025403784433));
#15666=DIRECTION('',(1.,0.,0.));
#15667=DIRECTION('',(1.,0.,0.));
#15668=DIRECTION('',(0.,0.,1.));
#15669=DIRECTION('',(1.,0.,0.));
#15670=DIRECTION('',(1.,0.,0.));
#15671=DIRECTION('',(0.,-0.866025403784444,0.499999999999991));
#15672=DIRECTION('',(0.,-0.499999999999991,-0.866025403784444));
#15673=DIRECTION('',(1.,0.,0.));
#15674=DIRECTION('',(0.,-0.866025403784433,-0.500000000000009));
#15675=DIRECTION('',(0.,0.500000000000009,-0.866025403784433));
#15676=DIRECTION('',(1.,0.,0.));
#15677=DIRECTION('',(0.,1.28197512425571E-14,-1.));
#15678=DIRECTION('',(0.,1.,1.28197512425571E-14));
#15679=DIRECTION('',(1.,0.,0.));
#15680=DIRECTION('',(0.,0.866025403784444,-0.499999999999991));
#15681=DIRECTION('',(0.,0.499999999999991,0.866025403784444));
#15682=DIRECTION('',(0.,0.866025403784433,0.500000000000009));
#15683=DIRECTION('',(0.,-0.50000000000001,0.866025403784433));
#15684=DIRECTION('',(1.,0.,0.));
#15685=DIRECTION('',(1.,0.,0.));
#15686=DIRECTION('',(0.,0.,1.));
#15687=DIRECTION('',(1.,0.,0.));
#15688=DIRECTION('',(1.,0.,0.));
#15689=DIRECTION('',(0.,-0.866025403784444,0.499999999999991));
#15690=DIRECTION('',(0.,-0.499999999999991,-0.866025403784444));
#15691=DIRECTION('',(1.,0.,0.));
#15692=DIRECTION('',(0.,-0.866025403784433,-0.500000000000009));
#15693=DIRECTION('',(0.,0.500000000000009,-0.866025403784433));
#15694=DIRECTION('',(1.,0.,0.));
#15695=DIRECTION('',(0.,1.28197512425571E-14,-1.));
#15696=DIRECTION('',(0.,1.,1.28197512425571E-14));
#15697=DIRECTION('',(1.,0.,0.));
#15698=DIRECTION('',(0.,0.866025403784444,-0.499999999999991));
#15699=DIRECTION('',(0.,0.499999999999991,0.866025403784444));
#15700=DIRECTION('',(0.,0.866025403784433,0.500000000000009));
#15701=DIRECTION('',(0.,-0.50000000000001,0.866025403784433));
#15702=DIRECTION('',(1.,0.,0.));
#15703=DIRECTION('',(1.,0.,0.));
#15704=DIRECTION('',(0.,0.,1.));
#15705=DIRECTION('',(1.,0.,0.));
#15706=DIRECTION('',(1.,0.,0.));
#15707=DIRECTION('',(0.,-0.866025403784444,0.499999999999991));
#15708=DIRECTION('',(0.,-0.499999999999991,-0.866025403784444));
#15709=DIRECTION('',(1.,0.,0.));
#15710=DIRECTION('',(0.,-0.866025403784433,-0.500000000000009));
#15711=DIRECTION('',(0.,0.500000000000009,-0.866025403784433));
#15712=DIRECTION('',(1.,0.,0.));
#15713=DIRECTION('',(0.,1.28197512425571E-14,-1.));
#15714=DIRECTION('',(0.,1.,1.28197512425571E-14));
#15715=DIRECTION('',(1.,0.,0.));
#15716=DIRECTION('',(0.,0.866025403784444,-0.499999999999991));
#15717=DIRECTION('',(0.,0.499999999999991,0.866025403784444));
#15718=DIRECTION('',(0.,0.866025403784433,0.500000000000009));
#15719=DIRECTION('',(0.,-0.50000000000001,0.866025403784433));
#15720=DIRECTION('',(1.,0.,0.));
#15721=DIRECTION('',(1.,0.,0.));
#15722=DIRECTION('',(0.,0.,1.));
#15723=DIRECTION('',(1.,0.,0.));
#15724=DIRECTION('',(1.,0.,0.));
#15725=DIRECTION('',(0.,-0.866025403784444,0.499999999999991));
#15726=DIRECTION('',(0.,-0.499999999999991,-0.866025403784444));
#15727=DIRECTION('',(1.,0.,0.));
#15728=DIRECTION('',(0.,-0.866025403784433,-0.500000000000009));
#15729=DIRECTION('',(0.,0.500000000000009,-0.866025403784433));
#15730=DIRECTION('',(1.,0.,0.));
#15731=DIRECTION('',(0.,1.28197512425571E-14,-1.));
#15732=DIRECTION('',(0.,1.,1.28197512425571E-14));
#15733=DIRECTION('',(1.,0.,0.));
#15734=DIRECTION('',(0.,0.866025403784444,-0.499999999999991));
#15735=DIRECTION('',(0.,0.499999999999991,0.866025403784444));
#15736=DIRECTION('',(0.,0.866025403784433,0.500000000000009));
#15737=DIRECTION('',(0.,-0.50000000000001,0.866025403784433));
#15738=DIRECTION('',(1.,0.,0.));
#15739=DIRECTION('',(1.,0.,0.));
#15740=DIRECTION('',(0.,0.,1.));
#15741=DIRECTION('',(1.,0.,0.));
#15742=DIRECTION('',(1.,0.,0.));
#15743=DIRECTION('',(0.,-0.866025403784444,0.499999999999991));
#15744=DIRECTION('',(0.,-0.499999999999991,-0.866025403784444));
#15745=DIRECTION('',(1.,0.,0.));
#15746=DIRECTION('',(0.,-0.866025403784433,-0.500000000000009));
#15747=DIRECTION('',(0.,0.500000000000009,-0.866025403784433));
#15748=DIRECTION('',(1.,0.,0.));
#15749=DIRECTION('',(0.,1.28197512425571E-14,-1.));
#15750=DIRECTION('',(0.,1.,1.28197512425571E-14));
#15751=DIRECTION('',(1.,0.,0.));
#15752=DIRECTION('',(0.,0.866025403784444,-0.499999999999991));
#15753=DIRECTION('',(0.,0.499999999999991,0.866025403784444));
#15754=DIRECTION('',(0.,0.866025403784433,0.500000000000009));
#15755=DIRECTION('',(0.,-0.50000000000001,0.866025403784433));
#15756=DIRECTION('',(1.,0.,0.));
#15757=DIRECTION('',(1.,0.,0.));
#15758=DIRECTION('',(0.,0.,1.));
#15759=DIRECTION('',(1.,0.,0.));
#15760=DIRECTION('',(1.,0.,0.));
#15761=DIRECTION('',(0.,-0.866025403784444,0.499999999999991));
#15762=DIRECTION('',(0.,-0.499999999999991,-0.866025403784444));
#15763=DIRECTION('',(1.,0.,0.));
#15764=DIRECTION('',(0.,-0.866025403784433,-0.500000000000009));
#15765=DIRECTION('',(0.,0.500000000000009,-0.866025403784433));
#15766=DIRECTION('',(1.,0.,0.));
#15767=DIRECTION('',(0.,1.28197512425571E-14,-1.));
#15768=DIRECTION('',(0.,1.,1.28197512425571E-14));
#15769=DIRECTION('',(1.,0.,0.));
#15770=DIRECTION('',(0.,0.866025403784444,-0.499999999999991));
#15771=DIRECTION('',(0.,0.499999999999991,0.866025403784444));
#15772=DIRECTION('',(0.,0.866025403784433,0.500000000000009));
#15773=DIRECTION('',(0.,-0.50000000000001,0.866025403784433));
#15774=DIRECTION('',(1.,0.,0.));
#15775=DIRECTION('',(1.,0.,0.));
#15776=DIRECTION('',(0.,0.,1.));
#15777=DIRECTION('',(1.,0.,0.));
#15778=DIRECTION('',(1.,0.,0.));
#15779=DIRECTION('',(0.,-0.866025403784444,0.499999999999991));
#15780=DIRECTION('',(0.,-0.499999999999991,-0.866025403784444));
#15781=DIRECTION('',(1.,0.,0.));
#15782=DIRECTION('',(0.,-0.866025403784433,-0.500000000000009));
#15783=DIRECTION('',(0.,0.500000000000009,-0.866025403784433));
#15784=DIRECTION('',(1.,0.,0.));
#15785=DIRECTION('',(0.,1.28197512425571E-14,-1.));
#15786=DIRECTION('',(0.,1.,1.28197512425571E-14));
#15787=DIRECTION('',(1.,0.,0.));
#15788=DIRECTION('',(0.,0.866025403784444,-0.499999999999991));
#15789=DIRECTION('',(0.,0.499999999999991,0.866025403784444));
#15790=DIRECTION('',(0.,0.866025403784433,0.500000000000009));
#15791=DIRECTION('',(0.,-0.50000000000001,0.866025403784433));
#15792=DIRECTION('',(1.,0.,0.));
#15793=DIRECTION('',(1.,0.,0.));
#15794=DIRECTION('',(0.,0.,1.));
#15795=DIRECTION('',(1.,0.,0.));
#15796=DIRECTION('',(1.,0.,0.));
#15797=DIRECTION('',(0.,-0.866025403784444,0.499999999999991));
#15798=DIRECTION('',(0.,-0.499999999999991,-0.866025403784444));
#15799=DIRECTION('',(1.,0.,0.));
#15800=DIRECTION('',(0.,-0.866025403784433,-0.500000000000009));
#15801=DIRECTION('',(0.,0.500000000000009,-0.866025403784433));
#15802=DIRECTION('',(1.,0.,0.));
#15803=DIRECTION('',(0.,1.28197512425571E-14,-1.));
#15804=DIRECTION('',(0.,1.,1.28197512425571E-14));
#15805=DIRECTION('',(1.,0.,0.));
#15806=DIRECTION('',(0.,0.866025403784444,-0.499999999999991));
#15807=DIRECTION('',(0.,0.499999999999991,0.866025403784444));
#15808=DIRECTION('',(0.,-0.866025403784445,-0.499999999999989));
#15809=DIRECTION('',(0.,0.499999999999989,-0.866025403784445));
#15810=DIRECTION('',(-1.,0.,0.));
#15811=DIRECTION('',(-1.,0.,0.));
#15812=DIRECTION('',(0.,0.,-1.));
#15813=DIRECTION('',(-1.,0.,0.));
#15814=DIRECTION('',(-1.,0.,0.));
#15815=DIRECTION('',(0.,0.866025403784432,-0.500000000000011));
#15816=DIRECTION('',(0.,0.500000000000011,0.866025403784432));
#15817=DIRECTION('',(-1.,0.,0.));
#15818=DIRECTION('',(0.,-0.866025403784432,0.500000000000012));
#15819=DIRECTION('',(0.,-0.500000000000012,-0.866025403784432));
#15820=DIRECTION('',(-1.,0.,0.));
#15821=DIRECTION('',(0.,2.56395024851142E-14,1.));
#15822=DIRECTION('',(0.,-1.,2.56395024851142E-14));
#15823=DIRECTION('',(-1.,0.,0.));
#15824=DIRECTION('',(-1.,0.,0.));
#15825=DIRECTION('',(0.,0.866025403784445,0.499999999999989));
#15826=DIRECTION('',(0.,-0.499999999999989,0.866025403784445));
#15827=DIRECTION('',(0.,0.866025403784445,0.499999999999989));
#15828=DIRECTION('',(0.,-0.499999999999989,0.866025403784445));
#15829=DIRECTION('',(-1.,0.,0.));
#15830=DIRECTION('',(-1.,0.,0.));
#15831=DIRECTION('',(0.,2.56395024851142E-14,1.));
#15832=DIRECTION('',(0.,-1.,2.56395024851142E-14));
#15833=DIRECTION('',(-1.,0.,0.));
#15834=DIRECTION('',(0.,-0.866025403784432,0.500000000000012));
#15835=DIRECTION('',(0.,-0.500000000000012,-0.866025403784432));
#15836=DIRECTION('',(-1.,0.,0.));
#15837=DIRECTION('',(1.,0.,0.));
#15838=DIRECTION('',(0.,1.,0.));
#15839=DIRECTION('',(0.,-0.500000000000011,-0.866025403784432));
#15840=DIRECTION('',(0.,-1.,0.));
#15841=DIRECTION('',(0.,-0.499999999999989,0.866025403784445));
#15842=DIRECTION('',(0.,-0.866025403784445,-0.499999999999989));
#15843=DIRECTION('',(0.,0.499999999999989,-0.866025403784445));
#15844=DIRECTION('',(-1.,0.,0.));
#15845=DIRECTION('',(0.,0.,-1.));
#15846=DIRECTION('',(-1.,0.,0.));
#15847=DIRECTION('',(-1.,0.,0.));
#15848=DIRECTION('',(0.,0.866025403784432,-0.500000000000011));
#15849=DIRECTION('',(0.,0.500000000000011,0.866025403784432));
#15850=DIRECTION('',(0.,-0.866025403784445,-0.499999999999989));
#15851=DIRECTION('',(0.,0.499999999999989,-0.866025403784445));
#15852=DIRECTION('',(-1.,0.,0.));
#15853=DIRECTION('',(-1.,0.,0.));
#15854=DIRECTION('',(0.,0.,-1.));
#15855=DIRECTION('',(-1.,0.,0.));
#15856=DIRECTION('',(-1.,0.,0.));
#15857=DIRECTION('',(0.,0.866025403784432,-0.500000000000011));
#15858=DIRECTION('',(0.,0.500000000000011,0.866025403784432));
#15859=DIRECTION('',(-1.,0.,0.));
#15860=DIRECTION('',(0.,0.866025403784445,0.499999999999989));
#15861=DIRECTION('',(0.,-0.499999999999989,0.866025403784445));
#15862=DIRECTION('',(-1.,0.,0.));
#15863=DIRECTION('',(0.,2.56395024851142E-14,1.));
#15864=DIRECTION('',(0.,-1.,2.56395024851142E-14));
#15865=DIRECTION('',(-1.,0.,0.));
#15866=DIRECTION('',(0.,-0.866025403784432,0.500000000000012));
#15867=DIRECTION('',(0.,-0.500000000000012,-0.866025403784432));
#15868=DIRECTION('',(0.,-0.866025403784445,-0.499999999999989));
#15869=DIRECTION('',(0.,0.499999999999989,-0.866025403784445));
#15870=DIRECTION('',(-1.,0.,0.));
#15871=DIRECTION('',(-1.,0.,0.));
#15872=DIRECTION('',(0.,0.,-1.));
#15873=DIRECTION('',(-1.,0.,0.));
#15874=DIRECTION('',(-1.,0.,0.));
#15875=DIRECTION('',(0.,0.866025403784432,-0.500000000000011));
#15876=DIRECTION('',(0.,0.500000000000011,0.866025403784432));
#15877=DIRECTION('',(-1.,0.,0.));
#15878=DIRECTION('',(0.,0.866025403784445,0.499999999999989));
#15879=DIRECTION('',(0.,-0.499999999999989,0.866025403784445));
#15880=DIRECTION('',(-1.,0.,0.));
#15881=DIRECTION('',(0.,2.56395024851142E-14,1.));
#15882=DIRECTION('',(0.,-1.,2.56395024851142E-14));
#15883=DIRECTION('',(-1.,0.,0.));
#15884=DIRECTION('',(0.,-0.866025403784432,0.500000000000012));
#15885=DIRECTION('',(0.,-0.500000000000012,-0.866025403784432));
#15886=DIRECTION('',(0.,-0.866025403784445,-0.499999999999989));
#15887=DIRECTION('',(0.,0.499999999999989,-0.866025403784445));
#15888=DIRECTION('',(-1.,0.,0.));
#15889=DIRECTION('',(-1.,0.,0.));
#15890=DIRECTION('',(0.,0.,-1.));
#15891=DIRECTION('',(-1.,0.,0.));
#15892=DIRECTION('',(-1.,0.,0.));
#15893=DIRECTION('',(0.,0.866025403784432,-0.500000000000011));
#15894=DIRECTION('',(0.,0.500000000000011,0.866025403784432));
#15895=DIRECTION('',(-1.,0.,0.));
#15896=DIRECTION('',(0.,0.866025403784445,0.499999999999989));
#15897=DIRECTION('',(0.,-0.499999999999989,0.866025403784445));
#15898=DIRECTION('',(-1.,0.,0.));
#15899=DIRECTION('',(0.,2.56395024851142E-14,1.));
#15900=DIRECTION('',(0.,-1.,2.56395024851142E-14));
#15901=DIRECTION('',(-1.,0.,0.));
#15902=DIRECTION('',(0.,-0.866025403784432,0.500000000000012));
#15903=DIRECTION('',(0.,-0.500000000000012,-0.866025403784432));
#15904=DIRECTION('',(0.,-0.866025403784445,-0.499999999999989));
#15905=DIRECTION('',(0.,0.499999999999989,-0.866025403784445));
#15906=DIRECTION('',(-1.,0.,0.));
#15907=DIRECTION('',(-1.,0.,0.));
#15908=DIRECTION('',(0.,0.,-1.));
#15909=DIRECTION('',(-1.,0.,0.));
#15910=DIRECTION('',(-1.,0.,0.));
#15911=DIRECTION('',(0.,0.866025403784432,-0.500000000000011));
#15912=DIRECTION('',(0.,0.500000000000011,0.866025403784432));
#15913=DIRECTION('',(-1.,0.,0.));
#15914=DIRECTION('',(0.,0.866025403784445,0.499999999999989));
#15915=DIRECTION('',(0.,-0.499999999999989,0.866025403784445));
#15916=DIRECTION('',(-1.,0.,0.));
#15917=DIRECTION('',(0.,2.56395024851142E-14,1.));
#15918=DIRECTION('',(0.,-1.,2.56395024851142E-14));
#15919=DIRECTION('',(-1.,0.,0.));
#15920=DIRECTION('',(0.,-0.866025403784432,0.500000000000012));
#15921=DIRECTION('',(0.,-0.500000000000012,-0.866025403784432));
#15922=DIRECTION('',(0.,-0.866025403784445,-0.499999999999989));
#15923=DIRECTION('',(0.,0.499999999999989,-0.866025403784445));
#15924=DIRECTION('',(-1.,0.,0.));
#15925=DIRECTION('',(-1.,0.,0.));
#15926=DIRECTION('',(0.,0.,-1.));
#15927=DIRECTION('',(-1.,0.,0.));
#15928=DIRECTION('',(-1.,0.,0.));
#15929=DIRECTION('',(0.,0.866025403784432,-0.500000000000011));
#15930=DIRECTION('',(0.,0.500000000000011,0.866025403784432));
#15931=DIRECTION('',(-1.,0.,0.));
#15932=DIRECTION('',(0.,0.866025403784445,0.499999999999989));
#15933=DIRECTION('',(0.,-0.499999999999989,0.866025403784445));
#15934=DIRECTION('',(-1.,0.,0.));
#15935=DIRECTION('',(0.,2.56395024851142E-14,1.));
#15936=DIRECTION('',(0.,-1.,2.56395024851142E-14));
#15937=DIRECTION('',(-1.,0.,0.));
#15938=DIRECTION('',(0.,-0.866025403784432,0.500000000000012));
#15939=DIRECTION('',(0.,-0.500000000000012,-0.866025403784432));
#15940=DIRECTION('',(0.,-0.866025403784445,-0.499999999999989));
#15941=DIRECTION('',(0.,0.499999999999989,-0.866025403784445));
#15942=DIRECTION('',(-1.,0.,0.));
#15943=DIRECTION('',(-1.,0.,0.));
#15944=DIRECTION('',(0.,0.,-1.));
#15945=DIRECTION('',(-1.,0.,0.));
#15946=DIRECTION('',(-1.,0.,0.));
#15947=DIRECTION('',(0.,0.866025403784432,-0.500000000000011));
#15948=DIRECTION('',(0.,0.500000000000011,0.866025403784432));
#15949=DIRECTION('',(-1.,0.,0.));
#15950=DIRECTION('',(0.,0.866025403784445,0.499999999999989));
#15951=DIRECTION('',(0.,-0.499999999999989,0.866025403784445));
#15952=DIRECTION('',(-1.,0.,0.));
#15953=DIRECTION('',(0.,2.56395024851142E-14,1.));
#15954=DIRECTION('',(0.,-1.,2.56395024851142E-14));
#15955=DIRECTION('',(-1.,0.,0.));
#15956=DIRECTION('',(0.,-0.866025403784432,0.500000000000012));
#15957=DIRECTION('',(0.,-0.500000000000012,-0.866025403784432));
#15958=DIRECTION('',(0.,-0.866025403784445,-0.499999999999989));
#15959=DIRECTION('',(0.,0.499999999999989,-0.866025403784445));
#15960=DIRECTION('',(-1.,0.,0.));
#15961=DIRECTION('',(-1.,0.,0.));
#15962=DIRECTION('',(0.,0.,-1.));
#15963=DIRECTION('',(-1.,0.,0.));
#15964=DIRECTION('',(-1.,0.,0.));
#15965=DIRECTION('',(0.,0.866025403784432,-0.500000000000011));
#15966=DIRECTION('',(0.,0.500000000000011,0.866025403784432));
#15967=DIRECTION('',(-1.,0.,0.));
#15968=DIRECTION('',(0.,0.866025403784445,0.499999999999989));
#15969=DIRECTION('',(0.,-0.499999999999989,0.866025403784445));
#15970=DIRECTION('',(-1.,0.,0.));
#15971=DIRECTION('',(0.,2.56395024851142E-14,1.));
#15972=DIRECTION('',(0.,-1.,2.56395024851142E-14));
#15973=DIRECTION('',(-1.,0.,0.));
#15974=DIRECTION('',(0.,-0.866025403784432,0.500000000000012));
#15975=DIRECTION('',(0.,-0.500000000000012,-0.866025403784432));
#15976=DIRECTION('',(0.,-0.866025403784445,-0.499999999999989));
#15977=DIRECTION('',(0.,0.499999999999989,-0.866025403784445));
#15978=DIRECTION('',(-1.,0.,0.));
#15979=DIRECTION('',(-1.,0.,0.));
#15980=DIRECTION('',(0.,0.,-1.));
#15981=DIRECTION('',(-1.,0.,0.));
#15982=DIRECTION('',(-1.,0.,0.));
#15983=DIRECTION('',(0.,0.866025403784432,-0.500000000000011));
#15984=DIRECTION('',(0.,0.500000000000011,0.866025403784432));
#15985=DIRECTION('',(-1.,0.,0.));
#15986=DIRECTION('',(0.,0.866025403784445,0.499999999999989));
#15987=DIRECTION('',(0.,-0.499999999999989,0.866025403784445));
#15988=DIRECTION('',(-1.,0.,0.));
#15989=DIRECTION('',(0.,2.56395024851142E-14,1.));
#15990=DIRECTION('',(0.,-1.,2.56395024851142E-14));
#15991=DIRECTION('',(-1.,0.,0.));
#15992=DIRECTION('',(0.,-0.866025403784432,0.500000000000012));
#15993=DIRECTION('',(0.,-0.500000000000012,-0.866025403784432));
#15994=DIRECTION('',(0.,-0.866025403784445,-0.499999999999989));
#15995=DIRECTION('',(0.,0.499999999999989,-0.866025403784445));
#15996=DIRECTION('',(-1.,0.,0.));
#15997=DIRECTION('',(-1.,0.,0.));
#15998=DIRECTION('',(0.,0.,-1.));
#15999=DIRECTION('',(-1.,0.,0.));
#16000=DIRECTION('',(-1.,0.,0.));
#16001=DIRECTION('',(0.,0.866025403784432,-0.500000000000011));
#16002=DIRECTION('',(0.,0.500000000000011,0.866025403784432));
#16003=DIRECTION('',(-1.,0.,0.));
#16004=DIRECTION('',(0.,0.866025403784445,0.499999999999989));
#16005=DIRECTION('',(0.,-0.499999999999989,0.866025403784445));
#16006=DIRECTION('',(-1.,0.,0.));
#16007=DIRECTION('',(0.,2.56395024851142E-14,1.));
#16008=DIRECTION('',(0.,-1.,2.56395024851142E-14));
#16009=DIRECTION('',(-1.,0.,0.));
#16010=DIRECTION('',(0.,-0.866025403784432,0.500000000000012));
#16011=DIRECTION('',(0.,-0.500000000000012,-0.866025403784432));
#16012=DIRECTION('',(0.,-0.866025403784445,-0.499999999999989));
#16013=DIRECTION('',(0.,0.499999999999989,-0.866025403784445));
#16014=DIRECTION('',(-1.,0.,0.));
#16015=DIRECTION('',(-1.,0.,0.));
#16016=DIRECTION('',(0.,0.,-1.));
#16017=DIRECTION('',(-1.,0.,0.));
#16018=DIRECTION('',(-1.,0.,0.));
#16019=DIRECTION('',(0.,0.866025403784432,-0.500000000000011));
#16020=DIRECTION('',(0.,0.500000000000011,0.866025403784432));
#16021=DIRECTION('',(-1.,0.,0.));
#16022=DIRECTION('',(0.,0.866025403784445,0.499999999999989));
#16023=DIRECTION('',(0.,-0.499999999999989,0.866025403784445));
#16024=DIRECTION('',(-1.,0.,0.));
#16025=DIRECTION('',(0.,2.56395024851142E-14,1.));
#16026=DIRECTION('',(0.,-1.,2.56395024851142E-14));
#16027=DIRECTION('',(-1.,0.,0.));
#16028=DIRECTION('',(0.,-0.866025403784432,0.500000000000012));
#16029=DIRECTION('',(0.,-0.500000000000012,-0.866025403784432));
#16030=DIRECTION('',(0.,-0.866025403784445,-0.499999999999989));
#16031=DIRECTION('',(0.,0.499999999999989,-0.866025403784445));
#16032=DIRECTION('',(-1.,0.,0.));
#16033=DIRECTION('',(-1.,0.,0.));
#16034=DIRECTION('',(0.,0.,-1.));
#16035=DIRECTION('',(-1.,0.,0.));
#16036=DIRECTION('',(-1.,0.,0.));
#16037=DIRECTION('',(0.,0.866025403784432,-0.500000000000011));
#16038=DIRECTION('',(0.,0.500000000000011,0.866025403784432));
#16039=DIRECTION('',(-1.,0.,0.));
#16040=DIRECTION('',(0.,0.866025403784445,0.499999999999989));
#16041=DIRECTION('',(0.,-0.499999999999989,0.866025403784445));
#16042=DIRECTION('',(-1.,0.,0.));
#16043=DIRECTION('',(0.,2.56395024851142E-14,1.));
#16044=DIRECTION('',(0.,-1.,2.56395024851142E-14));
#16045=DIRECTION('',(-1.,0.,0.));
#16046=DIRECTION('',(0.,-0.866025403784432,0.500000000000012));
#16047=DIRECTION('',(0.,-0.500000000000012,-0.866025403784432));
#16048=DIRECTION('',(0.,-0.866025403784445,-0.499999999999989));
#16049=DIRECTION('',(0.,0.499999999999989,-0.866025403784445));
#16050=DIRECTION('',(-1.,0.,0.));
#16051=DIRECTION('',(-1.,0.,0.));
#16052=DIRECTION('',(0.,0.,-1.));
#16053=DIRECTION('',(-1.,0.,0.));
#16054=DIRECTION('',(-1.,0.,0.));
#16055=DIRECTION('',(0.,0.866025403784432,-0.500000000000011));
#16056=DIRECTION('',(0.,0.500000000000011,0.866025403784432));
#16057=DIRECTION('',(-1.,0.,0.));
#16058=DIRECTION('',(0.,0.866025403784445,0.499999999999989));
#16059=DIRECTION('',(0.,-0.499999999999989,0.866025403784445));
#16060=DIRECTION('',(-1.,0.,0.));
#16061=DIRECTION('',(0.,2.56395024851142E-14,1.));
#16062=DIRECTION('',(0.,-1.,2.56395024851142E-14));
#16063=DIRECTION('',(-1.,0.,0.));
#16064=DIRECTION('',(0.,-0.866025403784432,0.500000000000012));
#16065=DIRECTION('',(0.,-0.500000000000012,-0.866025403784432));
#16066=DIRECTION('',(0.,-0.866025403784445,-0.499999999999989));
#16067=DIRECTION('',(0.,0.499999999999989,-0.866025403784445));
#16068=DIRECTION('',(-1.,0.,0.));
#16069=DIRECTION('',(-1.,0.,0.));
#16070=DIRECTION('',(0.,0.,-1.));
#16071=DIRECTION('',(-1.,0.,0.));
#16072=DIRECTION('',(-1.,0.,0.));
#16073=DIRECTION('',(0.,0.866025403784432,-0.500000000000011));
#16074=DIRECTION('',(0.,0.500000000000011,0.866025403784432));
#16075=DIRECTION('',(-1.,0.,0.));
#16076=DIRECTION('',(0.,0.866025403784445,0.499999999999989));
#16077=DIRECTION('',(0.,-0.499999999999989,0.866025403784445));
#16078=DIRECTION('',(-1.,0.,0.));
#16079=DIRECTION('',(0.,2.56395024851142E-14,1.));
#16080=DIRECTION('',(0.,-1.,2.56395024851142E-14));
#16081=DIRECTION('',(-1.,0.,0.));
#16082=DIRECTION('',(0.,-0.866025403784432,0.500000000000012));
#16083=DIRECTION('',(0.,-0.500000000000012,-0.866025403784432));
#16084=DIRECTION('',(0.,-0.866025403784445,-0.499999999999989));
#16085=DIRECTION('',(0.,0.499999999999989,-0.866025403784445));
#16086=DIRECTION('',(-1.,0.,0.));
#16087=DIRECTION('',(-1.,0.,0.));
#16088=DIRECTION('',(0.,0.,-1.));
#16089=DIRECTION('',(-1.,0.,0.));
#16090=DIRECTION('',(-1.,0.,0.));
#16091=DIRECTION('',(0.,0.866025403784432,-0.500000000000011));
#16092=DIRECTION('',(0.,0.500000000000011,0.866025403784432));
#16093=DIRECTION('',(-1.,0.,0.));
#16094=DIRECTION('',(0.,0.866025403784445,0.499999999999989));
#16095=DIRECTION('',(0.,-0.499999999999989,0.866025403784445));
#16096=DIRECTION('',(-1.,0.,0.));
#16097=DIRECTION('',(0.,2.56395024851142E-14,1.));
#16098=DIRECTION('',(0.,-1.,2.56395024851142E-14));
#16099=DIRECTION('',(-1.,0.,0.));
#16100=DIRECTION('',(0.,-0.866025403784432,0.500000000000012));
#16101=DIRECTION('',(0.,-0.500000000000012,-0.866025403784432));
#16102=DIRECTION('',(-1.,0.,0.));
#16103=DIRECTION('',(0.,0.,1.));
#16104=DIRECTION('',(0.,0.,1.));
#16105=DIRECTION('',(0.,0.,1.));
#16106=DIRECTION('',(0.,-1.,0.));
#16107=DIRECTION('',(0.,0.,-1.));
#16108=DIRECTION('',(0.,-1.,0.));
#16109=DIRECTION('',(0.,0.,-1.));
#16110=DIRECTION('',(0.,-1.,0.));
#16111=DIRECTION('',(0.,0.,-1.));
#16112=DIRECTION('',(0.,-1.,0.));
#16113=DIRECTION('',(0.,0.,-1.));
#16114=DIRECTION('',(0.,-1.,0.));
#16115=DIRECTION('',(0.,0.,-1.));
#16116=DIRECTION('',(0.,-1.,0.));
#16117=DIRECTION('',(0.,0.,-1.));
#16118=DIRECTION('',(0.,1.,1.28197512425571E-14));
#16119=DIRECTION('',(0.,-1.28197512425571E-14,1.));
#16120=DIRECTION('',(0.,1.28197512425571E-14,-1.));
#16121=DIRECTION('',(1.,0.,0.));
#16122=DIRECTION('',(1.,0.,0.));
#16123=DIRECTION('',(0.,0.,-1.));
#16124=DIRECTION('',(1.,0.,0.));
#16125=DIRECTION('',(0.,0.,-1.));
#16126=DIRECTION('',(0.,-1.28197512425571E-14,1.));
#16127=DIRECTION('',(1.,0.,0.));
#16128=CARTESIAN_POINT('',(0.,0.,0.));
#16129=CARTESIAN_POINT('',(2.4535147473216,-8.67457307383884,30.8279235720634));
#16130=CARTESIAN_POINT('',(2.4535147473216,-8.67457307383884,28.3279235720635));
#16131=CARTESIAN_POINT('',(2.4535147473216,-0.42977137491107,28.3279235720635));
#16132=CARTESIAN_POINT('',(2.4535147473216,0.933288503438228,28.3279235720635));
#16133=CARTESIAN_POINT('',(2.4535147473216,0.933288503438197,30.8279235720636));
#16134=CARTESIAN_POINT('',(2.4535147473216,0.933288503438229,28.3002749614742));
#16135=CARTESIAN_POINT('',(2.4535147473216,-0.374172936575596,26.035685318433));
#16136=CARTESIAN_POINT('',(2.4535147473216,0.890927447783554,28.226903460818));
#16137=CARTESIAN_POINT('',(2.4535147473216,-2.62672242866852,34.3196517700713));
#16138=CARTESIAN_POINT('',(2.4535147473216,0.933288503438231,28.1535319601619));
#16139=CARTESIAN_POINT('',(2.4535147473216,0.933288503438197,30.8279235720636));
#16140=CARTESIAN_POINT('',(2.4535147473216,0.933288503438234,27.8519034608181));
#16141=CARTESIAN_POINT('',(2.4535147473216,-8.67457307383881,27.8519034608179));
#16142=CARTESIAN_POINT('',(2.4535147473216,1.10771143808961,27.8519034608181));
#16143=CARTESIAN_POINT('',(2.4535147473216,1.10771143808961,30.8279235720634));
#16144=CARTESIAN_POINT('',(2.4535147473216,1.10771143808961,27.8279235720635));
#16145=CARTESIAN_POINT('',(2.4535147473216,1.50234449098412E-16,27.8279235720635));
#16146=CARTESIAN_POINT('',(2.4535147473216,0.832603459362458,27.8279235720635));
#16147=CARTESIAN_POINT('',(2.4535147473216,-2.84322877961463,34.1946517700713));
#16148=CARTESIAN_POINT('',(2.4535147473216,0.674421096837448,28.1019034608181));
#16149=CARTESIAN_POINT('',(2.4535147473216,-8.67457307383884,28.1019034608181));
#16150=CARTESIAN_POINT('',(2.4535147473216,0.241408394945223,28.1019034608181));
#16151=CARTESIAN_POINT('',(2.4535147473216,-0.807185638467819,26.285685318433));
#16152=CARTESIAN_POINT('',(2.4535147473216,0.083226032420225,27.8279235720635));
#16153=CARTESIAN_POINT('',(2.4535147473216,1.50234449098412E-16,27.8279235720635));
#16154=CARTESIAN_POINT('',(2.4535147473216,-0.42977137491107,27.8279235720635));
#16155=CARTESIAN_POINT('',(2.4535147473216,-0.42977137491107,30.8279235720634));
#16156=CARTESIAN_POINT('',(2.04425677657127,-8.67457307383884,30.8279235720634));
#16157=CARTESIAN_POINT('',(2.04425677657127,0.933288503438197,30.8279235720636));
#16158=CARTESIAN_POINT('',(2.04425677657127,0.933288503438228,28.3279235720635));
#16159=CARTESIAN_POINT('',(2.04425677657127,0.933288503438229,28.3002749614742));
#16160=CARTESIAN_POINT('',(2.04425677657127,-8.67457307383884,28.3279235720635));
#16161=CARTESIAN_POINT('',(2.04425677657127,-0.42977137491107,28.3279235720635));
#16162=CARTESIAN_POINT('',(2.04425677657127,-0.42977137491107,30.8279235720634));
#16163=CARTESIAN_POINT('',(2.04425677657127,-0.42977137491107,27.8279235720635));
#16164=CARTESIAN_POINT('',(2.04425677657127,1.25174625903165E-16,27.8279235720635));
#16165=CARTESIAN_POINT('',(2.04425677657127,0.0832260324202264,27.8279235720635));
#16166=CARTESIAN_POINT('',(2.04425677657127,-0.807185638467819,26.285685318433));
#16167=CARTESIAN_POINT('',(2.04425677657127,0.241408394945222,28.1019034608181));
#16168=CARTESIAN_POINT('',(2.04425677657127,-8.67457307383884,28.1019034608181));
#16169=CARTESIAN_POINT('',(2.04425677657127,0.674421096837448,28.1019034608181));
#16170=CARTESIAN_POINT('',(2.04425677657127,-2.84322877961463,34.1946517700713));
#16171=CARTESIAN_POINT('',(2.04425677657127,0.832603459362458,27.8279235720635));
#16172=CARTESIAN_POINT('',(2.04425677657127,1.25174625903165E-16,27.8279235720635));
#16173=CARTESIAN_POINT('',(2.04425677657127,1.10771143808961,27.8279235720635));
#16174=CARTESIAN_POINT('',(2.04425677657127,1.10771143808961,30.8279235720634));
#16175=CARTESIAN_POINT('',(2.04425677657127,1.10771143808961,27.8519034608181));
#16176=CARTESIAN_POINT('',(2.04425677657127,-8.67457307383881,27.8519034608179));
#16177=CARTESIAN_POINT('',(2.04425677657127,0.933288503438234,27.8519034608181));
#16178=CARTESIAN_POINT('',(2.04425677657127,0.933288503438197,30.8279235720636));
#16179=CARTESIAN_POINT('',(2.04425677657127,0.933288503438231,28.1535319601619));
#16180=CARTESIAN_POINT('',(2.04425677657127,-2.62672242866852,34.3196517700713));
#16181=CARTESIAN_POINT('',(2.04425677657127,0.890927447783554,28.226903460818));
#16182=CARTESIAN_POINT('',(2.04425677657127,-0.374172936575596,26.035685318433));
#16183=CARTESIAN_POINT('',(1.,0.999180623256612,28.0394034608181));
#16184=CARTESIAN_POINT('',(1.,0.933288503438231,28.1535319601619));
#16185=CARTESIAN_POINT('',(1.,0.933288503438231,28.1535319601619));
#16186=CARTESIAN_POINT('',(1.,0.999180623256612,28.0394034608181));
#16187=CARTESIAN_POINT('',(1.,0.890927447783554,28.226903460818));
#16188=CARTESIAN_POINT('',(1.,0.890927447783554,28.226903460818));
#16189=CARTESIAN_POINT('',(1.,0.999180623256603,28.4144034608181));
#16190=CARTESIAN_POINT('',(1.,0.933288503438229,28.3002749614742));
#16191=CARTESIAN_POINT('',(1.,0.933288503438229,28.3002749614742));
#16192=CARTESIAN_POINT('',(1.,0.999180623256603,28.4144034608181));
#16193=CARTESIAN_POINT('',(-3.15736532211303,2.01764213852584,26.3279235720635));
#16194=CARTESIAN_POINT('',(-3.15736532211303,2.01764213852584,28.3279235720635));
#16195=CARTESIAN_POINT('',(-3.15736532211303,1.3912289403379,28.3279235720635));
#16196=CARTESIAN_POINT('',(-3.15736532211303,1.91857144236565,28.3279235720635));
#16197=CARTESIAN_POINT('',(-3.15736532211303,1.3912289403379,26.3279235720635));
#16198=CARTESIAN_POINT('',(-3.15736532211303,1.3912289403379,27.8279235720635));
#16199=CARTESIAN_POINT('',(-3.15736532211303,0.,27.8279235720635));
#16200=CARTESIAN_POINT('',(-3.15736532211303,2.64405533671379,27.8279235720635));
#16201=CARTESIAN_POINT('',(-3.15736532211303,2.64405533671379,26.3279235720635));
#16202=CARTESIAN_POINT('',(-3.15736532211303,2.64405533671379,28.8279235720635));
#16203=CARTESIAN_POINT('',(-3.15736532211303,2.01764213852584,28.8279235720635));
#16204=CARTESIAN_POINT('',(-3.15736532211303,1.91857144236565,28.8279235720635));
#16205=CARTESIAN_POINT('',(-3.15736532211303,1.91857144236565,26.3279235720635));
#16206=CARTESIAN_POINT('',(-1.84189768042416,1.3912289403379,26.3279235720635));
#16207=CARTESIAN_POINT('',(-1.84189768042416,1.3912289403379,28.3279235720635));
#16208=CARTESIAN_POINT('',(-0.526430038735271,1.3912289403379,28.3279235720635));
#16209=CARTESIAN_POINT('',(-0.526430038735271,1.3912289403379,26.3279235720635));
#16210=CARTESIAN_POINT('',(-0.526430038735271,1.3912289403379,27.8279235720635));
#16211=CARTESIAN_POINT('',(0.,1.3912289403379,27.8279235720635));
#16212=CARTESIAN_POINT('',(-0.526430038735271,2.01764213852584,26.3279235720635));
#16213=CARTESIAN_POINT('',(-0.526430038735271,2.01764213852584,28.3279235720635));
#16214=CARTESIAN_POINT('',(-0.526430038735271,1.91857144236565,28.3279235720635));
#16215=CARTESIAN_POINT('',(-0.526430038735271,1.91857144236565,26.3279235720635));
#16216=CARTESIAN_POINT('',(-0.526430038735271,1.91857144236565,28.8279235720635));
#16217=CARTESIAN_POINT('',(-0.526430038735271,2.01764213852584,28.8279235720635));
#16218=CARTESIAN_POINT('',(-0.526430038735271,2.64405533671379,28.8279235720635));
#16219=CARTESIAN_POINT('',(-0.526430038735271,2.64405533671379,26.3279235720635));
#16220=CARTESIAN_POINT('',(-0.526430038735271,2.64405533671379,27.8279235720635));
#16221=CARTESIAN_POINT('',(-0.526430038735271,0.,27.8279235720635));
#16222=CARTESIAN_POINT('',(1.92705867812037,-1.59467384219169,26.3279235720635));
#16223=CARTESIAN_POINT('',(3.20861153304577,-1.59467384219169,26.3279235720635));
#16224=CARTESIAN_POINT('',(3.20861153304577,-1.59467384219169,27.8279235720635));
#16225=CARTESIAN_POINT('',(3.20861153304577,-1.59467384219169,28.3279235720635));
#16226=CARTESIAN_POINT('',(1.92705867812037,-1.59467384219169,28.3279235720635));
#16227=CARTESIAN_POINT('',(0.645505823194975,-1.59467384219169,28.3279235720635));
#16228=CARTESIAN_POINT('',(0.645505823194975,-1.59467384219169,26.3279235720635));
#16229=CARTESIAN_POINT('',(0.645505823194975,-1.59467384219169,27.8279235720635));
#16230=CARTESIAN_POINT('',(0.,-1.59467384219169,27.8279235720635));
#16231=CARTESIAN_POINT('',(0.645505823194975,-2.15629199519754,26.3279235720635));
#16232=CARTESIAN_POINT('',(0.645505823194975,-2.15629199519754,28.3279235720635));
#16233=CARTESIAN_POINT('',(0.645505823194975,-1.89609602093697,28.3279235720635));
#16234=CARTESIAN_POINT('',(0.645505823194975,-1.89609602093697,26.3279235720635));
#16235=CARTESIAN_POINT('',(0.645505823194975,-1.89609602093697,28.8279235720635));
#16236=CARTESIAN_POINT('',(0.645505823194975,-2.15629199519754,28.8279235720635));
#16237=CARTESIAN_POINT('',(0.645505823194975,-2.71791014820338,28.8279235720635));
#16238=CARTESIAN_POINT('',(0.645505823194975,-2.71791014820338,26.3279235720635));
#16239=CARTESIAN_POINT('',(0.645505823194975,-2.71791014820338,27.8279235720635));
#16240=CARTESIAN_POINT('',(0.645505823194975,0.,27.8279235720635));
#16241=CARTESIAN_POINT('',(3.20861153304577,-2.15629199519754,26.3279235720635));
#16242=CARTESIAN_POINT('',(3.20861153304577,-1.89609602093697,26.3279235720635));
#16243=CARTESIAN_POINT('',(3.20861153304577,-1.89609602093697,28.3279235720635));
#16244=CARTESIAN_POINT('',(3.20861153304577,-1.89609602093697,28.8279235720635));
#16245=CARTESIAN_POINT('',(3.20861153304577,-2.15629199519754,28.3279235720635));
#16246=CARTESIAN_POINT('',(3.20861153304577,0.,27.8279235720635));
#16247=CARTESIAN_POINT('',(3.20861153304577,-2.71791014820338,27.8279235720635));
#16248=CARTESIAN_POINT('',(3.20861153304577,-2.71791014820338,26.3279235720635));
#16249=CARTESIAN_POINT('',(3.20861153304577,-2.71791014820338,28.8279235720635));
#16250=CARTESIAN_POINT('',(3.20861153304577,-2.15629199519754,28.8279235720635));
#16251=CARTESIAN_POINT('',(-1.79108104202896,-1.59467384219169,26.3279235720635));
#16252=CARTESIAN_POINT('',(-0.42479676194489,-1.59467384219169,26.3279235720635));
#16253=CARTESIAN_POINT('',(-0.42479676194489,-1.59467384219169,27.8279235720635));
#16254=CARTESIAN_POINT('',(-0.42479676194489,-1.59467384219169,28.3279235720635));
#16255=CARTESIAN_POINT('',(-1.79108104202896,-1.59467384219169,28.3279235720635));
#16256=CARTESIAN_POINT('',(-3.15736532211303,-1.59467384219169,28.3279235720635));
#16257=CARTESIAN_POINT('',(-3.15736532211303,-1.59467384219169,26.3279235720635));
#16258=CARTESIAN_POINT('',(-3.15736532211303,-1.59467384219169,27.8279235720635));
#16259=CARTESIAN_POINT('',(0.,-1.59467384219169,27.8279235720635));
#16260=CARTESIAN_POINT('',(-3.15736532211303,-2.10226578637957,26.3279235720635));
#16261=CARTESIAN_POINT('',(-3.15736532211303,-2.10226578637957,28.3279235720635));
#16262=CARTESIAN_POINT('',(-3.15736532211303,-1.89609602093697,28.3279235720635));
#16263=CARTESIAN_POINT('',(-3.15736532211303,-1.89609602093697,26.3279235720635));
#16264=CARTESIAN_POINT('',(-3.15736532211303,-1.89609602093697,28.8279235720635));
#16265=CARTESIAN_POINT('',(-3.15736532211303,-2.10226578637957,28.8279235720635));
#16266=CARTESIAN_POINT('',(-3.15736532211303,-2.60985773056745,28.8279235720635));
#16267=CARTESIAN_POINT('',(-3.15736532211303,-2.60985773056745,26.3279235720635));
#16268=CARTESIAN_POINT('',(-3.15736532211303,-2.60985773056745,27.8279235720635));
#16269=CARTESIAN_POINT('',(-3.15736532211303,0.,27.8279235720635));
#16270=CARTESIAN_POINT('',(-0.42479676194489,-2.10226578637957,26.3279235720635));
#16271=CARTESIAN_POINT('',(-0.42479676194489,-1.89609602093697,26.3279235720635));
#16272=CARTESIAN_POINT('',(-0.42479676194489,-1.89609602093697,28.3279235720635));
#16273=CARTESIAN_POINT('',(-0.42479676194489,-1.89609602093697,28.8279235720635));
#16274=CARTESIAN_POINT('',(-0.42479676194489,-2.10226578637957,28.3279235720635));
#16275=CARTESIAN_POINT('',(-0.42479676194489,0.,27.8279235720635));
#16276=CARTESIAN_POINT('',(-0.42479676194489,-2.60985773056745,27.8279235720635));
#16277=CARTESIAN_POINT('',(-0.42479676194489,-2.60985773056745,26.3279235720635));
#16278=CARTESIAN_POINT('',(-0.42479676194489,-2.60985773056745,28.8279235720635));
#16279=CARTESIAN_POINT('',(-0.42479676194489,-2.10226578637957,28.8279235720635));
#16280=CARTESIAN_POINT('',(0.645505823194975,2.01764213852584,26.3279235720635));
#16281=CARTESIAN_POINT('',(0.645505823194975,2.01764213852584,28.3279235720635));
#16282=CARTESIAN_POINT('',(0.645505823194975,1.3912289403379,28.3279235720635));
#16283=CARTESIAN_POINT('',(0.645505823194975,1.91857144236565,28.3279235720635));
#16284=CARTESIAN_POINT('',(0.645505823194975,1.3912289403379,26.3279235720635));
#16285=CARTESIAN_POINT('',(0.645505823194975,1.3912289403379,27.8279235720635));
#16286=CARTESIAN_POINT('',(0.645505823194975,0.,27.8279235720635));
#16287=CARTESIAN_POINT('',(0.645505823194975,2.64405533671379,27.8279235720635));
#16288=CARTESIAN_POINT('',(0.645505823194975,2.64405533671379,26.3279235720635));
#16289=CARTESIAN_POINT('',(0.645505823194975,2.64405533671379,28.8279235720635));
#16290=CARTESIAN_POINT('',(0.645505823194975,2.01764213852584,28.8279235720635));
#16291=CARTESIAN_POINT('',(0.645505823194975,1.91857144236565,28.8279235720635));
#16292=CARTESIAN_POINT('',(0.645505823194975,1.91857144236565,26.3279235720635));
#16293=CARTESIAN_POINT('',(1.91789707168936,1.3912289403379,26.3279235720635));
#16294=CARTESIAN_POINT('',(1.91789707168936,1.3912289403379,28.3279235720635));
#16295=CARTESIAN_POINT('',(3.19125913083554,1.39122894033789,28.3279235720635));
#16296=CARTESIAN_POINT('',(3.19125913083554,1.39122894033789,28.3281235720635));
#16297=CARTESIAN_POINT('',(3.19077372550964,1.3912289403379,27.8519034608181));
#16298=CARTESIAN_POINT('',(3.19028832018376,1.3912289403379,26.3279235720635));
#16299=CARTESIAN_POINT('',(3.19028832018376,1.3912289403379,27.8279235720635));
#16300=CARTESIAN_POINT('',(0.,1.3912289403379,27.8279235720635));
#16301=CARTESIAN_POINT('',(3.19028832018376,2.01764213852584,26.3279235720635));
#16302=CARTESIAN_POINT('',(3.19028832018376,2.01764213852584,28.3279235720635));
#16303=CARTESIAN_POINT('',(3.19125913083554,1.69862886314689,28.3279235720635));
#16304=CARTESIAN_POINT('',(3.19028832018376,1.91972812172025,28.3279235720635));
#16305=CARTESIAN_POINT('',(3.19028832018376,1.91857144236565,26.3279235720635));
#16306=CARTESIAN_POINT('',(3.19028832018376,1.91857144236565,28.8279235720635));
#16307=CARTESIAN_POINT('',(3.19028832018376,2.01764213852584,28.8279235720635));
#16308=CARTESIAN_POINT('',(3.19028832018376,2.64405533671379,28.8279235720635));
#16309=CARTESIAN_POINT('',(3.19028832018376,2.64405533671379,26.3279235720635));
#16310=CARTESIAN_POINT('',(3.19028832018376,2.64405533671379,27.8279235720635));
#16311=CARTESIAN_POINT('',(3.19028832018376,0.,27.8279235720635));
#16312=CARTESIAN_POINT('',(3.19028832018376,2.01764213852582,27.8519034608181));
#16313=CARTESIAN_POINT('',(3.19125913083554,1.54044650062188,27.8519034608181));
#16314=CARTESIAN_POINT('',(3.19028832018376,0.999842760838846,26.9155503167521));
#16315=CARTESIAN_POINT('',(3.19125913083554,1.75695285156799,28.226903460818));
#16316=CARTESIAN_POINT('',(3.19028832018376,2.64440758577609,26.6897867717521));
#16317=CARTESIAN_POINT('',(1.,0.999180623256603,28.4144034608181));
#16318=CARTESIAN_POINT('',(3.94059270620346,0.999180623256603,28.4144034608181));
#16319=CARTESIAN_POINT('',(3.94059270620346,0.933288503438229,28.3002749614742));
#16320=CARTESIAN_POINT('',(3.94059270620346,0.949251436204655,28.3279235720635));
#16321=CARTESIAN_POINT('',(1.,0.949251436204655,28.3279235720635));
#16322=CARTESIAN_POINT('',(3.93813401460647,0.949251436204655,28.3279235720635));
#16323=CARTESIAN_POINT('',(3.93813401460647,0.999180623256603,28.4144034608181));
#16324=CARTESIAN_POINT('',(3.93813401460647,1.10743379872966,28.6019034608181));
#16325=CARTESIAN_POINT('',(1.,1.10743379872966,28.6019034608181));
#16326=CARTESIAN_POINT('',(4.30999888415661,1.10743379872966,28.6019034608181));
#16327=CARTESIAN_POINT('',(2.72483912810286E-16,-3.88088838458394E-17,26.6837718553993));
#16328=CARTESIAN_POINT('',(4.35990232491347,0.890927447783554,28.226903460818));
#16329=CARTESIAN_POINT('',(1.,0.890927447783554,28.226903460818));
#16330=CARTESIAN_POINT('',(1.,0.933288503438229,28.3002749614742));
#16331=CARTESIAN_POINT('',(1.,1.32394014967577,28.226903460818));
#16332=CARTESIAN_POINT('',(1.,0.933288503438228,28.3281235720635));
#16333=CARTESIAN_POINT('',(1.,1.64869967609494,28.4144034608181));
#16334=CARTESIAN_POINT('',(3.93813401460647,1.64869967609494,28.4144034608181));
#16335=CARTESIAN_POINT('',(3.93813401460647,1.69862886314689,28.3279235720635));
#16336=CARTESIAN_POINT('',(3.93813401460647,1.54044650062188,28.6019034608181));
#16337=CARTESIAN_POINT('',(1.,1.69862886314689,28.3279235720635));
#16338=CARTESIAN_POINT('',(3.94059270620346,1.69862886314689,28.3279235720635));
#16339=CARTESIAN_POINT('',(3.94059270620346,1.64869967609494,28.4144034608181));
#16340=CARTESIAN_POINT('',(3.94059270620346,1.756952851568,28.226903460818));
#16341=CARTESIAN_POINT('',(1.,1.756952851568,28.226903460818));
#16342=CARTESIAN_POINT('',(4.08847363662371,1.756952851568,28.226903460818));
#16343=CARTESIAN_POINT('',(2.72483912810286E-16,-3.88088838458394E-17,31.2700350662368));
#16344=CARTESIAN_POINT('',(4.17486821094053,1.54044650062188,28.6019034608181));
#16345=CARTESIAN_POINT('',(1.,1.54044650062188,28.6019034608181));
#16346=CARTESIAN_POINT('',(1.,1.32394014967577,28.6019034608181));
#16347=CARTESIAN_POINT('',(3.93813401460647,1.32394014967577,28.6019034608181));
#16348=CARTESIAN_POINT('',(2.72483912810286E-16,-3.88088838458394E-17,28.6019034608181));
#16349=CARTESIAN_POINT('',(-3.71880350781281,-2.27711040625045E-16,29.7802));
#16350=CARTESIAN_POINT('',(-3.71880350781281,-2.27711040625045E-16,27.5607231855392));
#16351=CARTESIAN_POINT('',(-3.71880350781281,0.502355933028781,27.5607231855392));
#16352=CARTESIAN_POINT('',(-3.71880350781281,0.935368634921002,27.5607231855392));
#16353=CARTESIAN_POINT('',(-3.71880350781281,-0.25953517602602,29.6303572962572));
#16354=CARTESIAN_POINT('',(-3.71880350781281,1.1518749858671,27.1857231855392));
#16355=CARTESIAN_POINT('',(-3.71880350781281,1.98734765482671,28.6328042965124));
#16356=CARTESIAN_POINT('',(-3.71880350781281,0.935368634920994,26.8107231855392));
#16357=CARTESIAN_POINT('',(-3.71880350781281,-7.63636192044802E-14,26.8107231855392));
#16358=CARTESIAN_POINT('',(-3.71880350781281,0.502355933028776,26.8107231855392));
#16359=CARTESIAN_POINT('',(-3.71880350781281,-0.909054228864353,29.2553572962573));
#16360=CARTESIAN_POINT('',(-3.71880350781281,0.28584958208267,27.1857231855392));
#16361=CARTESIAN_POINT('',(-3.71880350781281,1.33782860198839,29.0078042965124));
#16362=CARTESIAN_POINT('',(-3.71880350781281,-2.27711040625045E-16,21.0607231855392));
#16363=CARTESIAN_POINT('',(-3.71880350781281,-0.363669470755831,21.0607231855392));
#16364=CARTESIAN_POINT('',(-3.71880350781281,0.0693432311363896,21.0607231855392));
#16365=CARTESIAN_POINT('',(-3.71880350781281,-3.72363679116387,27.6303572962572));
#16366=CARTESIAN_POINT('',(-3.71880350781281,0.285849582082492,20.6857231855393));
#16367=CARTESIAN_POINT('',(-3.71880350781281,4.15241116428773,27.3828042965124));
#16368=CARTESIAN_POINT('',(-3.71880350781281,0.0693432311363824,20.3107231855392));
#16369=CARTESIAN_POINT('',(-3.71880350781281,-2.43020385357723E-13,20.3107231855392));
#16370=CARTESIAN_POINT('',(-3.71880350781281,-0.363669470755836,20.3107231855392));
#16371=CARTESIAN_POINT('',(-3.71880350781281,-4.3731558440022,27.2553572962573));
#16372=CARTESIAN_POINT('',(-3.71880350781281,-0.580175821701942,20.6857231855393));
#16373=CARTESIAN_POINT('',(-3.71880350781281,3.5028921114494,27.7578042965125));
#16374=CARTESIAN_POINT('',(-3.71880350781281,-2.27711040625045E-16,22.0607231855392));
#16375=CARTESIAN_POINT('',(-3.71880350781281,-0.363669470755805,22.0607231855392));
#16376=CARTESIAN_POINT('',(-3.71880350781281,0.0693432311364152,22.0607231855392));
#16377=CARTESIAN_POINT('',(-3.71880350781281,-3.29062408927163,27.8803572962572));
#16378=CARTESIAN_POINT('',(-3.71880350781281,0.285849582082518,21.6857231855393));
#16379=CARTESIAN_POINT('',(-3.71880350781281,3.71939846239552,27.6328042965124));
#16380=CARTESIAN_POINT('',(-3.71880350781281,0.0693432311364046,21.3107231855392));
#16381=CARTESIAN_POINT('',(-3.71880350781281,-2.17380882872609E-13,21.3107231855392));
#16382=CARTESIAN_POINT('',(-3.71880350781281,-0.363669470755811,21.3107231855392));
#16383=CARTESIAN_POINT('',(-3.71880350781281,-3.94014314210997,27.5053572962573));
#16384=CARTESIAN_POINT('',(-3.71880350781281,-0.580175821701916,21.6857231855393));
#16385=CARTESIAN_POINT('',(-3.71880350781281,3.0698794095572,28.0078042965125));
#16386=CARTESIAN_POINT('',(-3.71880350781281,-2.27711040625045E-16,23.0607231855392));
#16387=CARTESIAN_POINT('',(-3.71880350781281,-0.363669470755779,23.0607231855392));
#16388=CARTESIAN_POINT('',(-3.71880350781281,0.0693432311364409,23.0607231855392));
#16389=CARTESIAN_POINT('',(-3.71880350781281,-2.85761138737941,28.1303572962572));
#16390=CARTESIAN_POINT('',(-3.71880350781281,0.285849582082543,22.6857231855392));
#16391=CARTESIAN_POINT('',(-3.71880350781281,3.28638576050331,27.8828042965124));
#16392=CARTESIAN_POINT('',(-3.71880350781281,0.0693432311364331,22.3107231855392));
#16393=CARTESIAN_POINT('',(-3.71880350781281,-1.91741380387494E-13,22.3107231855392));
#16394=CARTESIAN_POINT('',(-3.71880350781281,-0.363669470755784,22.3107231855392));
#16395=CARTESIAN_POINT('',(-3.71880350781281,-3.50713044021774,27.7553572962573));
#16396=CARTESIAN_POINT('',(-3.71880350781281,-0.580175821701891,22.6857231855392));
#16397=CARTESIAN_POINT('',(-3.71880350781281,2.63686670766499,28.2578042965124));
#16398=CARTESIAN_POINT('',(-3.71880350781281,-2.27711040625045E-16,24.0607231855393));
#16399=CARTESIAN_POINT('',(-3.71880350781281,-0.363669470755754,24.0607231855393));
#16400=CARTESIAN_POINT('',(-3.71880350781281,0.0693432311364666,24.0607231855393));
#16401=CARTESIAN_POINT('',(-3.71880350781281,-2.42459868548717,28.3803572962572));
#16402=CARTESIAN_POINT('',(-3.71880350781281,0.285849582082568,23.6857231855392));
#16403=CARTESIAN_POINT('',(-3.71880350781281,2.85337305861111,28.1328042965124));
#16404=CARTESIAN_POINT('',(-3.71880350781281,0.0693432311364567,23.3107231855392));
#16405=CARTESIAN_POINT('',(-3.71880350781281,-1.6610187790238E-13,23.3107231855392));
#16406=CARTESIAN_POINT('',(-3.71880350781281,-0.363669470755759,23.3107231855392));
#16407=CARTESIAN_POINT('',(-3.71880350781281,-3.0741177383255,28.0053572962572));
#16408=CARTESIAN_POINT('',(-3.71880350781281,-0.580175821701865,23.6857231855392));
#16409=CARTESIAN_POINT('',(-3.71880350781281,2.20385400577279,28.5078042965124));
#16410=CARTESIAN_POINT('',(-3.71880350781281,-2.27711040625045E-16,25.0607231855392));
#16411=CARTESIAN_POINT('',(-3.71880350781281,-0.363669470755729,25.0607231855392));
#16412=CARTESIAN_POINT('',(-3.71880350781281,0.0693432311364923,25.0607231855392));
#16413=CARTESIAN_POINT('',(-3.71880350781281,-1.99158598359494,28.6303572962573));
#16414=CARTESIAN_POINT('',(-3.71880350781281,0.285849582082595,24.6857231855393));
#16415=CARTESIAN_POINT('',(-3.71880350781281,2.4203603567189,28.3828042965124));
#16416=CARTESIAN_POINT('',(-3.71880350781281,0.0693432311364824,24.3107231855393));
#16417=CARTESIAN_POINT('',(-3.71880350781281,-1.40462375417266E-13,24.3107231855393));
#16418=CARTESIAN_POINT('',(-3.71880350781281,-0.363669470755734,24.3107231855393));
#16419=CARTESIAN_POINT('',(-3.71880350781281,-2.64110503643327,28.2553572962572));
#16420=CARTESIAN_POINT('',(-3.71880350781281,-0.580175821701839,24.6857231855393));
#16421=CARTESIAN_POINT('',(-3.71880350781281,1.77084130388058,28.7578042965124));
#16422=CARTESIAN_POINT('',(-3.71880350781281,-2.27711040625045E-16,26.0607231855392));
#16423=CARTESIAN_POINT('',(-3.71880350781281,-0.363669470755703,26.0607231855392));
#16424=CARTESIAN_POINT('',(-3.71880350781281,0.0693432311365178,26.0607231855392));
#16425=CARTESIAN_POINT('',(-3.71880350781281,-1.55857328170271,28.8803572962572));
#16426=CARTESIAN_POINT('',(-3.71880350781281,0.28584958208262,25.6857231855392));
#16427=CARTESIAN_POINT('',(-3.71880350781281,1.9873476548267,28.6328042965124));
#16428=CARTESIAN_POINT('',(-3.71880350781281,0.0693432311365091,25.3107231855392));
#16429=CARTESIAN_POINT('',(-3.71880350781281,-1.14822872932152E-13,25.3107231855392));
#16430=CARTESIAN_POINT('',(-3.71880350781281,-0.363669470755708,25.3107231855392));
#16431=CARTESIAN_POINT('',(-3.71880350781281,-2.20809233454104,28.5053572962573));
#16432=CARTESIAN_POINT('',(-3.71880350781281,-0.580175821701814,25.6857231855392));
#16433=CARTESIAN_POINT('',(-3.71880350781281,1.33782860198837,29.0078042965124));
#16434=CARTESIAN_POINT('',(-3.71880350781281,-2.27711040625045E-16,27.0607231855392));
#16435=CARTESIAN_POINT('',(-3.71880350781281,-0.363669470755677,27.0607231855392));
#16436=CARTESIAN_POINT('',(-3.71880350781281,0.0693432311365434,27.0607231855392));
#16437=CARTESIAN_POINT('',(-3.71880350781281,-1.12556057981047,29.1303572962572));
#16438=CARTESIAN_POINT('',(-3.71880350781281,0.285849582082645,26.6857231855392));
#16439=CARTESIAN_POINT('',(-3.71880350781281,1.55433495293448,28.8828042965124));
#16440=CARTESIAN_POINT('',(-3.71880350781281,0.0693432311365353,26.3107231855392));
#16441=CARTESIAN_POINT('',(-3.71880350781281,-8.91833704470375E-14,26.3107231855392));
#16442=CARTESIAN_POINT('',(-3.71880350781281,-0.363669470755682,26.3107231855392));
#16443=CARTESIAN_POINT('',(-3.71880350781281,-1.77507963264881,28.7553572962573));
#16444=CARTESIAN_POINT('',(-3.71880350781281,-0.580175821701788,26.6857231855392));
#16445=CARTESIAN_POINT('',(-3.71880350781281,0.904815900096163,29.2578042965124));
#16446=CARTESIAN_POINT('',(-3.71880350781281,-2.27711040625045E-16,26.5607231855392));
#16447=CARTESIAN_POINT('',(-3.71880350781281,0.502355933028755,26.5607231855392));
#16448=CARTESIAN_POINT('',(-3.71880350781281,0.935368634920976,26.5607231855392));
#16449=CARTESIAN_POINT('',(-3.71880350781281,-0.692547877918253,29.3803572962572));
#16450=CARTESIAN_POINT('',(-3.71880350781281,1.15187498586708,26.1857231855392));
#16451=CARTESIAN_POINT('',(-3.71880350781281,2.42036035671892,28.3828042965124));
#16452=CARTESIAN_POINT('',(-3.71880350781281,0.935368634920968,25.8107231855392));
#16453=CARTESIAN_POINT('',(-3.71880350781281,-1.02003121689594E-13,25.8107231855392));
#16454=CARTESIAN_POINT('',(-3.71880350781281,0.50235593302875,25.8107231855392));
#16455=CARTESIAN_POINT('',(-3.71880350781281,-1.34206693075658,29.0053572962573));
#16456=CARTESIAN_POINT('',(-3.71880350781281,0.285849582082644,26.1857231855392));
#16457=CARTESIAN_POINT('',(-3.71880350781281,1.7708413038806,28.7578042965124));
#16458=CARTESIAN_POINT('',(-3.71880350781281,-2.27711040625045E-16,25.5607231855392));
#16459=CARTESIAN_POINT('',(-3.71880350781281,0.50235593302873,25.5607231855392));
#16460=CARTESIAN_POINT('',(-3.71880350781281,0.93536863492095,25.5607231855392));
#16461=CARTESIAN_POINT('',(-3.71880350781281,-1.12556057981048,29.1303572962572));
#16462=CARTESIAN_POINT('',(-3.71880350781281,1.15187498586705,25.1857231855392));
#16463=CARTESIAN_POINT('',(-3.71880350781281,2.85337305861113,28.1328042965124));
#16464=CARTESIAN_POINT('',(-3.71880350781281,0.93536863492094,24.8107231855393));
#16465=CARTESIAN_POINT('',(-3.71880350781281,-1.27642624174708E-13,24.8107231855393));
#16466=CARTESIAN_POINT('',(-3.71880350781281,0.502355933028725,24.8107231855393));
#16467=CARTESIAN_POINT('',(-3.71880350781281,-1.77507963264882,28.7553572962573));
#16468=CARTESIAN_POINT('',(-3.71880350781281,0.285849582082619,25.1857231855392));
#16469=CARTESIAN_POINT('',(-3.71880350781281,2.20385400577281,28.5078042965124));
#16470=CARTESIAN_POINT('',(-3.71880350781281,-2.27711040625045E-16,24.5607231855393));
#16471=CARTESIAN_POINT('',(-3.71880350781281,0.502355933028704,24.5607231855393));
#16472=CARTESIAN_POINT('',(-3.71880350781281,0.935368634920925,24.5607231855393));
#16473=CARTESIAN_POINT('',(-3.71880350781281,-1.55857328170272,28.8803572962572));
#16474=CARTESIAN_POINT('',(-3.71880350781281,1.15187498586703,24.1857231855393));
#16475=CARTESIAN_POINT('',(-3.71880350781281,3.28638576050333,27.8828042965124));
#16476=CARTESIAN_POINT('',(-3.71880350781281,0.935368634920915,23.8107231855393));
#16477=CARTESIAN_POINT('',(-3.71880350781281,-1.53282126659823E-13,23.8107231855393));
#16478=CARTESIAN_POINT('',(-3.71880350781281,0.502355933028699,23.8107231855393));
#16479=CARTESIAN_POINT('',(-3.71880350781281,-2.20809233454105,28.5053572962573));
#16480=CARTESIAN_POINT('',(-3.71880350781281,0.285849582082593,24.1857231855393));
#16481=CARTESIAN_POINT('',(-3.71880350781281,2.63686670766501,28.2578042965124));
#16482=CARTESIAN_POINT('',(-3.71880350781281,-2.27711040625045E-16,23.5607231855392));
#16483=CARTESIAN_POINT('',(-3.71880350781281,0.502355933028678,23.5607231855392));
#16484=CARTESIAN_POINT('',(-3.71880350781281,0.935368634920899,23.5607231855392));
#16485=CARTESIAN_POINT('',(-3.71880350781281,-1.99158598359495,28.6303572962572));
#16486=CARTESIAN_POINT('',(-3.71880350781281,1.151874985867,23.1857231855392));
#16487=CARTESIAN_POINT('',(-3.71880350781281,3.71939846239554,27.6328042965124));
#16488=CARTESIAN_POINT('',(-3.71880350781281,0.935368634920889,22.8107231855392));
#16489=CARTESIAN_POINT('',(-3.71880350781281,-1.78921629144937E-13,22.8107231855392));
#16490=CARTESIAN_POINT('',(-3.71880350781281,0.502355933028673,22.8107231855392));
#16491=CARTESIAN_POINT('',(-3.71880350781281,-2.64110503643328,28.2553572962572));
#16492=CARTESIAN_POINT('',(-3.71880350781281,0.285849582082567,23.1857231855392));
#16493=CARTESIAN_POINT('',(-3.71880350781281,3.06987940955722,28.0078042965124));
#16494=CARTESIAN_POINT('',(-3.71880350781281,-2.27711040625045E-16,27.8279235720635));
#16495=CARTESIAN_POINT('',(-3.71880350781281,1.32264526809782,27.8279235720635));
#16496=CARTESIAN_POINT('',(-3.71880350781281,0.203750150644056,27.8279235720635));
#16497=CARTESIAN_POINT('',(-3.71880350781281,-0.692547877918242,29.3803572962572));
#16498=CARTESIAN_POINT('',(-3.71880350781281,0.285849582082671,27.6857231855392));
#16499=CARTESIAN_POINT('',(-3.71880350781281,1.12132225104228,29.1328042965124));
#16500=CARTESIAN_POINT('',(-3.71880350781281,0.0693432311365604,27.3107231855392));
#16501=CARTESIAN_POINT('',(-3.71880350781281,-6.35438679619234E-14,27.3107231855392));
#16502=CARTESIAN_POINT('',(-3.71880350781281,-0.363669470755657,27.3107231855392));
#16503=CARTESIAN_POINT('',(-3.71880350781281,-1.34206693075657,29.0053572962573));
#16504=CARTESIAN_POINT('',(-3.71880350781281,-0.580175821701762,27.6857231855392));
#16505=CARTESIAN_POINT('',(-3.71880350781281,0.471803198203956,29.5078042965124));
#16506=CARTESIAN_POINT('',(-3.71880350781281,-0.498076390263147,27.8279235720635));
#16507=CARTESIAN_POINT('',(-3.71880350781281,-2.27711040625045E-16,27.8279235720635));
#16508=CARTESIAN_POINT('',(-3.71880350781281,-1.12877640743135,27.8279235720635));
#16509=CARTESIAN_POINT('',(-3.71880350781281,-1.12877640743135,27.8281235720635));
#16510=CARTESIAN_POINT('',(-3.71880350781281,-1.12877640743135,19.1));
#16511=CARTESIAN_POINT('',(-3.71880350781281,-2.27711040625045E-16,19.1));
#16512=CARTESIAN_POINT('',(-3.71880350781281,1.32264526809782,19.1));
#16513=CARTESIAN_POINT('',(-3.71880350781281,1.32264526809782,27.8281235720635));
#16514=CARTESIAN_POINT('',(-3.71880350781281,-2.27711040625045E-16,20.5607231855392));
#16515=CARTESIAN_POINT('',(-3.71880350781281,0.502355933028602,20.5607231855392));
#16516=CARTESIAN_POINT('',(-3.71880350781281,0.935368634920822,20.5607231855392));
#16517=CARTESIAN_POINT('',(-3.71880350781281,-3.29062408927165,27.8803572962572));
#16518=CARTESIAN_POINT('',(-3.71880350781281,1.15187498586692,20.1857231855392));
#16519=CARTESIAN_POINT('',(-3.71880350781281,5.01843656807216,26.8828042965124));
#16520=CARTESIAN_POINT('',(-3.71880350781281,0.935368634920814,19.8107231855392));
#16521=CARTESIAN_POINT('',(-3.71880350781281,-2.55840136600279E-13,19.8107231855392));
#16522=CARTESIAN_POINT('',(-3.71880350781281,0.502355933028597,19.8107231855392));
#16523=CARTESIAN_POINT('',(-3.71880350781281,-3.94014314210998,27.5053572962573));
#16524=CARTESIAN_POINT('',(-3.71880350781281,0.285849582082491,20.1857231855392));
#16525=CARTESIAN_POINT('',(-3.71880350781281,4.36891751523383,27.2578042965124));
#16526=CARTESIAN_POINT('',(-3.71880350781281,-2.27711040625045E-16,21.5607231855393));
#16527=CARTESIAN_POINT('',(-3.71880350781281,0.502355933028627,21.5607231855393));
#16528=CARTESIAN_POINT('',(-3.71880350781281,0.935368634920848,21.5607231855393));
#16529=CARTESIAN_POINT('',(-3.71880350781281,-2.85761138737942,28.1303572962572));
#16530=CARTESIAN_POINT('',(-3.71880350781281,1.15187498586695,21.1857231855392));
#16531=CARTESIAN_POINT('',(-3.71880350781281,4.58542386617995,27.1328042965124));
#16532=CARTESIAN_POINT('',(-3.71880350781281,0.935368634920841,20.8107231855392));
#16533=CARTESIAN_POINT('',(-3.71880350781281,-2.30200634115165E-13,20.8107231855392));
#16534=CARTESIAN_POINT('',(-3.71880350781281,0.502355933028622,20.8107231855392));
#16535=CARTESIAN_POINT('',(-3.71880350781281,-3.50713044021775,27.7553572962573));
#16536=CARTESIAN_POINT('',(-3.71880350781281,0.285849582082517,21.1857231855392));
#16537=CARTESIAN_POINT('',(-3.71880350781281,3.93590481334163,27.5078042965124));
#16538=CARTESIAN_POINT('',(-3.71880350781281,-2.27711040625045E-16,22.5607231855392));
#16539=CARTESIAN_POINT('',(-3.71880350781281,0.502355933028653,22.5607231855392));
#16540=CARTESIAN_POINT('',(-3.71880350781281,0.935368634920873,22.5607231855392));
#16541=CARTESIAN_POINT('',(-3.71880350781281,-2.42459868548718,28.3803572962572));
#16542=CARTESIAN_POINT('',(-3.71880350781281,1.15187498586697,22.1857231855392));
#16543=CARTESIAN_POINT('',(-3.71880350781281,4.15241116428775,27.3828042965124));
#16544=CARTESIAN_POINT('',(-3.71880350781281,0.935368634920867,21.8107231855393));
#16545=CARTESIAN_POINT('',(-3.71880350781281,-2.04561131630051E-13,21.8107231855393));
#16546=CARTESIAN_POINT('',(-3.71880350781281,0.502355933028648,21.8107231855393));
#16547=CARTESIAN_POINT('',(-3.71880350781281,-3.07411773832551,28.0053572962572));
#16548=CARTESIAN_POINT('',(-3.71880350781281,0.285849582082542,22.1857231855392));
#16549=CARTESIAN_POINT('',(-3.71880350781281,3.50289211144942,27.7578042965124));
#16550=CARTESIAN_POINT('',(0.0185537469987406,-1.56011503903541E-15,29.7802));
#16551=CARTESIAN_POINT('',(0.0185537469987406,-1.56011503903541E-15,23.1808291850285));
#16552=CARTESIAN_POINT('',(-4.347900791546,0.935368634920848,21.5607231855393));
#16553=CARTESIAN_POINT('',(-4.29584351534344,1.15187498586695,21.1857231855392));
#16554=CARTESIAN_POINT('',(0.0185537469987406,-1.56011503903541E-15,21.5607231855393));
#16555=CARTESIAN_POINT('',(-4.41861632376964,0.502355933028627,21.5607231855393));
#16556=CARTESIAN_POINT('',(0.0185537469987406,-1.56011503903541E-15,20.69061718605));
#16557=CARTESIAN_POINT('',(-4.43780460223608,0.285849582082517,21.1857231855392));
#16558=CARTESIAN_POINT('',(0.0185537469987406,-1.56011503903541E-15,21.6808291850285));
#16559=CARTESIAN_POINT('',(-4.41861632376964,0.502355933028622,20.8107231855392));
#16560=CARTESIAN_POINT('',(0.0185537469987406,-1.56011503903541E-15,20.8107231855392));
#16561=CARTESIAN_POINT('',(-4.347900791546,0.935368634920839,20.8107231855392));
#16562=CARTESIAN_POINT('',(0.0185537469987406,-1.56011503903541E-15,19.19061718605));
#16563=CARTESIAN_POINT('',(0.0185537469987406,-1.56011503903541E-15,28.1808291850288));
#16564=CARTESIAN_POINT('',(-4.44231226718328,0.203750150644056,27.8279235720635));
#16565=CARTESIAN_POINT('',(-4.43780460223608,0.285849582082671,27.6857231855392));
#16566=CARTESIAN_POINT('',(0.0185537469987406,-1.56011503903541E-15,27.8279235720635));
#16567=CARTESIAN_POINT('',(-4.24658976936154,1.32264526809782,27.8279235720635));
#16568=CARTESIAN_POINT('',(-4.24658976936154,1.32264526809782,29.7802));
#16569=CARTESIAN_POINT('',(-4.24658976936154,1.32264526809782,19.1));
#16570=CARTESIAN_POINT('',(0.0185537469987406,-1.56011503903541E-15,19.1));
#16571=CARTESIAN_POINT('',(-4.44559372492122,0.110576079340274,19.1));
#16572=CARTESIAN_POINT('',(-4.44559372492123,-0.110576079340136,19.1));
#16573=CARTESIAN_POINT('',(-4.44467705662727,-0.147583562979279,19.1238886452688));
#16574=CARTESIAN_POINT('',(-4.44232981876884,-0.204503346696812,19.1950824090903));
#16575=CARTESIAN_POINT('',(-4.44205865124063,-0.209555055911542,19.3329746303433));
#16576=CARTESIAN_POINT('',(-4.44549796010527,-0.130876607726673,19.4461045119892));
#16577=CARTESIAN_POINT('',(-4.44769399585659,-0.000119009433646753,19.4896985715569));
#16578=CARTESIAN_POINT('',(-4.44550398319521,0.130703286361433,19.4462436384701));
#16579=CARTESIAN_POINT('',(-4.44206166804734,0.209495392802483,19.3331592681826));
#16580=CARTESIAN_POINT('',(-4.4423253305045,0.204605044812194,19.1952576045572));
#16581=CARTESIAN_POINT('',(-4.44467705787708,0.147583512522203,19.1238886126983));
#16582=CARTESIAN_POINT('',(-4.44559372492122,0.110576079340135,19.1));
#16583=CARTESIAN_POINT('',(-4.44559372492122,-0.110576079340274,19.1));
#16584=CARTESIAN_POINT('',(0.0185537469987406,-1.56011503903541E-15,19.1));
#16585=CARTESIAN_POINT('',(-4.30194431947439,-1.12877640743135,19.1));
#16586=CARTESIAN_POINT('',(-4.30194431947439,-1.12877640743135,29.7802));
#16587=CARTESIAN_POINT('',(-4.30194431947439,-1.12877640743135,27.8279235720635));
#16588=CARTESIAN_POINT('',(0.0185537469987406,-1.56011503903541E-15,27.8279235720635));
#16589=CARTESIAN_POINT('',(-4.41909874388358,-0.498076390263147,27.8279235720635));
#16590=CARTESIAN_POINT('',(0.0185537469987406,-1.56011503903541E-15,28.6906171860497));
#16591=CARTESIAN_POINT('',(-4.4091133290453,-0.580175821701762,27.6857231855392));
#16592=CARTESIAN_POINT('',(0.0185537469987406,-1.56011503903541E-15,26.6808291850287));
#16593=CARTESIAN_POINT('',(-4.43212982256807,-0.363669470755657,27.3107231855392));
#16594=CARTESIAN_POINT('',(0.0185537469987406,-1.56011503903541E-15,27.3107231855392));
#16595=CARTESIAN_POINT('',(-4.44642455492695,0.0693432311365604,27.3107231855392));
#16596=CARTESIAN_POINT('',(0.0185537469987406,-1.56011503903541E-15,27.1906171860497));
#16597=CARTESIAN_POINT('',(0.0185537469987406,-1.56011503903541E-15,26.1808291850287));
#16598=CARTESIAN_POINT('',(-4.34790079154598,0.935368634920925,24.5607231855393));
#16599=CARTESIAN_POINT('',(-4.29584351534341,1.15187498586703,24.1857231855393));
#16600=CARTESIAN_POINT('',(0.0185537469987406,-1.56011503903541E-15,24.5607231855393));
#16601=CARTESIAN_POINT('',(-4.41861632376963,0.502355933028704,24.5607231855393));
#16602=CARTESIAN_POINT('',(0.0185537469987406,-1.56011503903541E-15,23.6906171860499));
#16603=CARTESIAN_POINT('',(-4.43780460223608,0.285849582082593,24.1857231855393));
#16604=CARTESIAN_POINT('',(0.0185537469987406,-1.56011503903541E-15,24.6808291850287));
#16605=CARTESIAN_POINT('',(-4.41861632376963,0.502355933028699,23.8107231855393));
#16606=CARTESIAN_POINT('',(0.0185537469987406,-1.56011503903541E-15,23.8107231855393));
#16607=CARTESIAN_POINT('',(-4.34790079154599,0.935368634920916,23.8107231855393));
#16608=CARTESIAN_POINT('',(0.0185537469987406,-1.56011503903541E-15,22.1906171860499));
#16609=CARTESIAN_POINT('',(0.0185537469987406,-1.56011503903541E-15,28.1808291850287));
#16610=CARTESIAN_POINT('',(-4.34790079154597,0.935368634920976,26.5607231855392));
#16611=CARTESIAN_POINT('',(-4.2958435153434,1.15187498586708,26.1857231855392));
#16612=CARTESIAN_POINT('',(0.0185537469987406,-1.56011503903541E-15,26.5607231855392));
#16613=CARTESIAN_POINT('',(-4.41861632376962,0.502355933028755,26.5607231855392));
#16614=CARTESIAN_POINT('',(0.0185537469987406,-1.56011503903541E-15,25.6906171860498));
#16615=CARTESIAN_POINT('',(-4.43780460223608,0.285849582082644,26.1857231855392));
#16616=CARTESIAN_POINT('',(0.0185537469987406,-1.56011503903541E-15,26.6808291850287));
#16617=CARTESIAN_POINT('',(-4.41861632376962,0.50235593302875,25.8107231855392));
#16618=CARTESIAN_POINT('',(0.0185537469987406,-1.56011503903541E-15,25.8107231855392));
#16619=CARTESIAN_POINT('',(-4.34790079154597,0.935368634920967,25.8107231855392));
#16620=CARTESIAN_POINT('',(0.0185537469987406,-1.56011503903541E-15,24.1906171860499));
#16621=CARTESIAN_POINT('',(0.0185537469987406,-1.56011503903541E-15,26.1808291850287));
#16622=CARTESIAN_POINT('',(-4.44642455492695,0.0693432311365178,26.0607231855392));
#16623=CARTESIAN_POINT('',(-4.43780460223608,0.28584958208262,25.6857231855392));
#16624=CARTESIAN_POINT('',(0.0185537469987406,-1.56011503903541E-15,26.0607231855392));
#16625=CARTESIAN_POINT('',(-4.43212982256807,-0.363669470755703,26.0607231855392));
#16626=CARTESIAN_POINT('',(0.0185537469987406,-1.56011503903541E-15,26.6906171860498));
#16627=CARTESIAN_POINT('',(-4.40911332904529,-0.580175821701814,25.6857231855392));
#16628=CARTESIAN_POINT('',(0.0185537469987406,-1.56011503903541E-15,24.6808291850287));
#16629=CARTESIAN_POINT('',(-4.43212982256806,-0.363669470755708,25.3107231855392));
#16630=CARTESIAN_POINT('',(0.0185537469987406,-1.56011503903541E-15,25.3107231855392));
#16631=CARTESIAN_POINT('',(-4.44642455492695,0.0693432311365091,25.3107231855392));
#16632=CARTESIAN_POINT('',(0.0185537469987406,-1.56011503903541E-15,25.1906171860499));
#16633=CARTESIAN_POINT('',(0.0185537469987406,-1.56011503903541E-15,24.1808291850286));
#16634=CARTESIAN_POINT('',(-4.44642455492695,0.0693432311364666,24.0607231855393));
#16635=CARTESIAN_POINT('',(-4.43780460223608,0.285849582082568,23.6857231855392));
#16636=CARTESIAN_POINT('',(0.0185537469987406,-1.56011503903541E-15,24.0607231855393));
#16637=CARTESIAN_POINT('',(-4.43212982256806,-0.363669470755754,24.0607231855393));
#16638=CARTESIAN_POINT('',(0.0185537469987406,-1.56011503903541E-15,24.6906171860499));
#16639=CARTESIAN_POINT('',(-4.40911332904528,-0.580175821701865,23.6857231855392));
#16640=CARTESIAN_POINT('',(0.0185537469987406,-1.56011503903541E-15,22.6808291850286));
#16641=CARTESIAN_POINT('',(-4.43212982256806,-0.363669470755759,23.3107231855392));
#16642=CARTESIAN_POINT('',(0.0185537469987406,-1.56011503903541E-15,23.3107231855392));
#16643=CARTESIAN_POINT('',(-4.44642455492695,0.0693432311364579,23.3107231855392));
#16644=CARTESIAN_POINT('',(0.0185537469987406,-1.56011503903541E-15,23.1906171860499));
#16645=CARTESIAN_POINT('',(0.0185537469987406,-1.56011503903541E-15,22.1808291850285));
#16646=CARTESIAN_POINT('',(-4.44642455492695,0.0693432311364152,22.0607231855392));
#16647=CARTESIAN_POINT('',(-4.43780460223608,0.285849582082518,21.6857231855393));
#16648=CARTESIAN_POINT('',(0.0185537469987406,-1.56011503903541E-15,22.0607231855392));
#16649=CARTESIAN_POINT('',(-4.43212982256806,-0.363669470755805,22.0607231855392));
#16650=CARTESIAN_POINT('',(0.0185537469987406,-1.56011503903541E-15,22.6906171860499));
#16651=CARTESIAN_POINT('',(-4.40911332904528,-0.580175821701916,21.6857231855393));
#16652=CARTESIAN_POINT('',(0.0185537469987406,-1.56011503903541E-15,20.6808291850285));
#16653=CARTESIAN_POINT('',(-4.43212982256806,-0.363669470755811,21.3107231855392));
#16654=CARTESIAN_POINT('',(0.0185537469987406,-1.56011503903541E-15,21.3107231855392));
#16655=CARTESIAN_POINT('',(-4.44642455492695,0.0693432311364066,21.3107231855392));
#16656=CARTESIAN_POINT('',(0.0185537469987406,-1.56011503903541E-15,21.19061718605));
#16657=CARTESIAN_POINT('',(0.0185537469987406,-1.56011503903541E-15,29.1808291850288));
#16658=CARTESIAN_POINT('',(-4.34790079154597,0.935368634921002,27.5607231855392));
#16659=CARTESIAN_POINT('',(-4.2958435153434,1.1518749858671,27.1857231855392));
#16660=CARTESIAN_POINT('',(0.0185537469987406,-1.56011503903541E-15,27.5607231855392));
#16661=CARTESIAN_POINT('',(-4.41861632376962,0.502355933028781,27.5607231855392));
#16662=CARTESIAN_POINT('',(0.0185537469987406,-1.56011503903541E-15,26.6906171860498));
#16663=CARTESIAN_POINT('',(-4.43780460223608,0.28584958208267,27.1857231855392));
#16664=CARTESIAN_POINT('',(0.0185537469987406,-1.56011503903541E-15,27.6808291850288));
#16665=CARTESIAN_POINT('',(-4.41861632376962,0.502355933028776,26.8107231855392));
#16666=CARTESIAN_POINT('',(0.0185537469987406,-1.56011503903541E-15,26.8107231855392));
#16667=CARTESIAN_POINT('',(-4.34790079154597,0.935368634920993,26.8107231855392));
#16668=CARTESIAN_POINT('',(0.0185537469987406,-1.56011503903541E-15,25.1906171860498));
#16669=CARTESIAN_POINT('',(0.0185537469987406,-1.56011503903541E-15,21.1808291850285));
#16670=CARTESIAN_POINT('',(-4.44642455492695,0.0693432311363896,21.0607231855392));
#16671=CARTESIAN_POINT('',(-4.43780460223608,0.285849582082492,20.6857231855393));
#16672=CARTESIAN_POINT('',(0.0185537469987406,-1.56011503903541E-15,21.0607231855392));
#16673=CARTESIAN_POINT('',(-4.43212982256806,-0.363669470755831,21.0607231855392));
#16674=CARTESIAN_POINT('',(0.0185537469987406,-1.56011503903541E-15,21.69061718605));
#16675=CARTESIAN_POINT('',(-4.40911332904528,-0.580175821701942,20.6857231855393));
#16676=CARTESIAN_POINT('',(0.0185537469987406,-1.56011503903541E-15,19.6808291850285));
#16677=CARTESIAN_POINT('',(-4.43212982256805,-0.363669470755836,20.3107231855392));
#16678=CARTESIAN_POINT('',(0.0185537469987406,-1.56011503903541E-15,20.3107231855392));
#16679=CARTESIAN_POINT('',(-4.44642455492695,0.0693432311363809,20.3107231855392));
#16680=CARTESIAN_POINT('',(0.0185537469987406,-1.56011503903541E-15,20.1906171860501));
#16681=CARTESIAN_POINT('',(0.0185537469987406,-1.56011503903541E-15,23.1808291850285));
#16682=CARTESIAN_POINT('',(-4.44642455492695,0.0693432311364409,23.0607231855392));
#16683=CARTESIAN_POINT('',(-4.43780460223608,0.285849582082543,22.6857231855392));
#16684=CARTESIAN_POINT('',(0.0185537469987406,-1.56011503903541E-15,23.0607231855392));
#16685=CARTESIAN_POINT('',(-4.43212982256806,-0.363669470755779,23.0607231855392));
#16686=CARTESIAN_POINT('',(0.0185537469987406,-1.56011503903541E-15,23.69061718605));
#16687=CARTESIAN_POINT('',(-4.40911332904528,-0.580175821701891,22.6857231855392));
#16688=CARTESIAN_POINT('',(0.0185537469987406,-1.56011503903541E-15,21.6808291850285));
#16689=CARTESIAN_POINT('',(-4.43212982256806,-0.363669470755784,22.3107231855392));
#16690=CARTESIAN_POINT('',(0.0185537469987406,-1.56011503903541E-15,22.3107231855392));
#16691=CARTESIAN_POINT('',(-4.44642455492695,0.0693432311364322,22.3107231855392));
#16692=CARTESIAN_POINT('',(0.0185537469987406,-1.56011503903541E-15,22.19061718605));
#16693=CARTESIAN_POINT('',(0.0185537469987406,-1.56011503903541E-15,25.1808291850287));
#16694=CARTESIAN_POINT('',(-4.44642455492695,0.0693432311364923,25.0607231855392));
#16695=CARTESIAN_POINT('',(-4.43780460223608,0.285849582082595,24.6857231855393));
#16696=CARTESIAN_POINT('',(0.0185537469987406,-1.56011503903541E-15,25.0607231855392));
#16697=CARTESIAN_POINT('',(-4.43212982256806,-0.363669470755729,25.0607231855392));
#16698=CARTESIAN_POINT('',(0.0185537469987406,-1.56011503903541E-15,25.6906171860499));
#16699=CARTESIAN_POINT('',(-4.40911332904529,-0.580175821701839,24.6857231855393));
#16700=CARTESIAN_POINT('',(0.0185537469987406,-1.56011503903541E-15,23.6808291850286));
#16701=CARTESIAN_POINT('',(-4.43212982256806,-0.363669470755734,24.3107231855393));
#16702=CARTESIAN_POINT('',(0.0185537469987406,-1.56011503903541E-15,24.3107231855393));
#16703=CARTESIAN_POINT('',(-4.44642455492695,0.0693432311364836,24.3107231855393));
#16704=CARTESIAN_POINT('',(0.0185537469987406,-1.56011503903541E-15,24.1906171860499));
#16705=CARTESIAN_POINT('',(0.0185537469987406,-1.56011503903541E-15,27.1808291850287));
#16706=CARTESIAN_POINT('',(-4.44642455492695,0.0693432311365434,27.0607231855392));
#16707=CARTESIAN_POINT('',(-4.43780460223608,0.285849582082645,26.6857231855392));
#16708=CARTESIAN_POINT('',(0.0185537469987406,-1.56011503903541E-15,27.0607231855392));
#16709=CARTESIAN_POINT('',(-4.43212982256807,-0.363669470755677,27.0607231855392));
#16710=CARTESIAN_POINT('',(0.0185537469987406,-1.56011503903541E-15,27.6906171860497));
#16711=CARTESIAN_POINT('',(-4.4091133290453,-0.580175821701788,26.6857231855392));
#16712=CARTESIAN_POINT('',(0.0185537469987406,-1.56011503903541E-15,25.6808291850287));
#16713=CARTESIAN_POINT('',(-4.43212982256807,-0.363669470755682,26.3107231855392));
#16714=CARTESIAN_POINT('',(0.0185537469987406,-1.56011503903541E-15,26.3107231855392));
#16715=CARTESIAN_POINT('',(-4.44642455492695,0.0693432311365348,26.3107231855392));
#16716=CARTESIAN_POINT('',(0.0185537469987406,-1.56011503903541E-15,26.1906171860498));
#16717=CARTESIAN_POINT('',(0.0185537469987406,-1.56011503903541E-15,27.1808291850287));
#16718=CARTESIAN_POINT('',(-4.34790079154598,0.93536863492095,25.5607231855392));
#16719=CARTESIAN_POINT('',(-4.29584351534341,1.15187498586705,25.1857231855392));
#16720=CARTESIAN_POINT('',(0.0185537469987406,-1.56011503903541E-15,25.5607231855392));
#16721=CARTESIAN_POINT('',(-4.41861632376962,0.50235593302873,25.5607231855392));
#16722=CARTESIAN_POINT('',(0.0185537469987406,-1.56011503903541E-15,24.6906171860499));
#16723=CARTESIAN_POINT('',(-4.43780460223608,0.285849582082619,25.1857231855392));
#16724=CARTESIAN_POINT('',(0.0185537469987406,-1.56011503903541E-15,25.6808291850287));
#16725=CARTESIAN_POINT('',(-4.41861632376962,0.502355933028725,24.8107231855393));
#16726=CARTESIAN_POINT('',(0.0185537469987406,-1.56011503903541E-15,24.8107231855393));
#16727=CARTESIAN_POINT('',(-4.34790079154598,0.935368634920941,24.8107231855393));
#16728=CARTESIAN_POINT('',(0.0185537469987406,-1.56011503903541E-15,23.1906171860499));
#16729=CARTESIAN_POINT('',(0.0185537469987406,-1.56011503903541E-15,25.1808291850287));
#16730=CARTESIAN_POINT('',(-4.34790079154599,0.935368634920899,23.5607231855392));
#16731=CARTESIAN_POINT('',(-4.29584351534342,1.151874985867,23.1857231855392));
#16732=CARTESIAN_POINT('',(0.0185537469987406,-1.56011503903541E-15,23.5607231855392));
#16733=CARTESIAN_POINT('',(-4.41861632376963,0.502355933028678,23.5607231855392));
#16734=CARTESIAN_POINT('',(0.0185537469987406,-1.56011503903541E-15,22.6906171860499));
#16735=CARTESIAN_POINT('',(-4.43780460223608,0.285849582082567,23.1857231855392));
#16736=CARTESIAN_POINT('',(0.0185537469987406,-1.56011503903541E-15,23.6808291850286));
#16737=CARTESIAN_POINT('',(-4.41861632376963,0.502355933028673,22.8107231855392));
#16738=CARTESIAN_POINT('',(0.0185537469987406,-1.56011503903541E-15,22.8107231855392));
#16739=CARTESIAN_POINT('',(-4.347900791546,0.93536863492089,22.8107231855392));
#16740=CARTESIAN_POINT('',(0.0185537469987406,-1.56011503903541E-15,21.1906171860499));
#16741=CARTESIAN_POINT('',(0.0185537469987406,-1.56011503903541E-15,22.1808291850285));
#16742=CARTESIAN_POINT('',(-4.347900791546,0.935368634920822,20.5607231855392));
#16743=CARTESIAN_POINT('',(-4.29584351534344,1.15187498586692,20.1857231855392));
#16744=CARTESIAN_POINT('',(0.0185537469987406,-1.56011503903541E-15,20.5607231855392));
#16745=CARTESIAN_POINT('',(-4.41861632376964,0.502355933028602,20.5607231855392));
#16746=CARTESIAN_POINT('',(0.0185537469987406,-1.56011503903541E-15,19.69061718605));
#16747=CARTESIAN_POINT('',(-4.43780460223608,0.285849582082491,20.1857231855392));
#16748=CARTESIAN_POINT('',(0.0185537469987406,-1.56011503903541E-15,20.6808291850285));
#16749=CARTESIAN_POINT('',(-4.41861632376964,0.502355933028597,19.8107231855392));
#16750=CARTESIAN_POINT('',(0.0185537469987406,-1.56011503903541E-15,19.8107231855392));
#16751=CARTESIAN_POINT('',(-4.34790079154601,0.935368634920813,19.8107231855392));
#16752=CARTESIAN_POINT('',(0.0185537469987406,-1.56011503903541E-15,18.1906171860501));
#16753=CARTESIAN_POINT('',(0.0185537469987406,-1.56011503903541E-15,24.1808291850286));
#16754=CARTESIAN_POINT('',(-4.347900791546,0.935368634920873,22.5607231855392));
#16755=CARTESIAN_POINT('',(-4.29584351534343,1.15187498586697,22.1857231855392));
#16756=CARTESIAN_POINT('',(0.0185537469987406,-1.56011503903541E-15,22.5607231855392));
#16757=CARTESIAN_POINT('',(-4.41861632376963,0.502355933028653,22.5607231855392));
#16758=CARTESIAN_POINT('',(0.0185537469987406,-1.56011503903541E-15,21.69061718605));
#16759=CARTESIAN_POINT('',(-4.43780460223608,0.285849582082542,22.1857231855392));
#16760=CARTESIAN_POINT('',(0.0185537469987406,-1.56011503903541E-15,22.6808291850285));
#16761=CARTESIAN_POINT('',(-4.41861632376963,0.502355933028648,21.8107231855393));
#16762=CARTESIAN_POINT('',(0.0185537469987406,-1.56011503903541E-15,21.8107231855393));
#16763=CARTESIAN_POINT('',(-4.347900791546,0.935368634920865,21.8107231855393));
#16764=CARTESIAN_POINT('',(0.0185537469987406,-1.56011503903541E-15,20.19061718605));
#16765=CARTESIAN_POINT('',(0.,0.,27.8279235720635));
#16766=CARTESIAN_POINT('',(0.,-2.60985773056745,27.8279235720635));
#16767=CARTESIAN_POINT('',(0.,2.64405533671379,27.8279235720635));
#16768=CARTESIAN_POINT('',(3.88088838458394E-17,2.37635876901443E-33,27.8279235720635));
#16769=CARTESIAN_POINT('',(7.76177676916788E-17,-0.63379717111676,27.8279235720635));
#16770=CARTESIAN_POINT('',(3.64752977198369E-17,-0.595686817541719,27.8279235720635));
#16771=CARTESIAN_POINT('',(-2.45758146047592,-0.595686817541719,27.8279235720635));
#16772=CARTESIAN_POINT('',(-2.02620141208172,-0.595686817541719,27.8279235720635));
#16773=CARTESIAN_POINT('',(-2.02620141208172,-1.24069053686686E-16,27.8279235720635));
#16774=CARTESIAN_POINT('',(-2.02620141208172,0.96391811966896,27.8279235720635));
#16775=CARTESIAN_POINT('',(-5.90229619946364E-17,0.963918119668961,27.8279235720635));
#16776=CARTESIAN_POINT('',(-2.45758146047592,0.96391811966896,27.8279235720635));
#16777=CARTESIAN_POINT('',(-2.45758146047592,-1.50483463460786E-16,27.8279235720635));
#16778=CARTESIAN_POINT('',(0.,-2.71791014820338,27.8279235720635));
#16779=CARTESIAN_POINT('',(0.,2.64405533671379,27.8279235720635));
#16780=CARTESIAN_POINT('',(0.,0.203750150644056,27.8279235720635));
#16781=CARTESIAN_POINT('',(-4.44533304445376,0.203750150644055,27.8279235720635));
#16782=CARTESIAN_POINT('',(2.72483912810286E-16,1.66848275821132E-32,27.8279235720635));
#16783=CARTESIAN_POINT('',(-3.00141132017186,3.28542692616108,27.8279235720635));
#16784=CARTESIAN_POINT('',(-2.01174378447789E-16,3.28542692616116,27.8279235720635));
#16785=CARTESIAN_POINT('',(3.00141132017179,3.28542692616114,27.8279235720635));
#16786=CARTESIAN_POINT('',(2.72483912810286E-16,1.66848275821132E-32,27.8279235720635));
#16787=CARTESIAN_POINT('',(4.37141527190654,0.83260345936246,27.8279235720635));
#16788=CARTESIAN_POINT('',(0.,0.832603459362459,27.8279235720635));
#16789=CARTESIAN_POINT('',(4.3701767824098,0.832603459362459,27.8279235720635));
#16790=CARTESIAN_POINT('',(-0.00831041920681779,5.19908176378982E-16,27.8279235720635));
#16791=CARTESIAN_POINT('',(4.0479206889899,1.84698887169361,27.8279235720635));
#16792=CARTESIAN_POINT('',(3.87763073117604,1.84698887169361,27.8279235720635));
#16793=CARTESIAN_POINT('',(3.71880350781281,1.84698887169361,27.8279235720635));
#16794=CARTESIAN_POINT('',(3.71880350781281,2.27711040625045E-16,27.8279235720635));
#16795=CARTESIAN_POINT('',(3.71880350781281,0.832603459362459,27.8279235720635));
#16796=CARTESIAN_POINT('',(0.,0.832603459362459,27.8279235720635));
#16797=CARTESIAN_POINT('',(-6.78277633517676E-17,1.10771143808961,27.8279235720635));
#16798=CARTESIAN_POINT('',(0.,0.832603459362459,27.8279235720635));
#16799=CARTESIAN_POINT('',(1.,0.832603459362459,27.8279235720635));
#16800=CARTESIAN_POINT('',(1.,0.,27.8279235720635));
#16801=CARTESIAN_POINT('',(1.,0.0832260324202249,27.8279235720635));
#16802=CARTESIAN_POINT('',(0.,0.0832260324202249,27.8279235720635));
#16803=CARTESIAN_POINT('',(2.63159069325E-17,-0.42977137491107,27.8279235720635));
#16804=CARTESIAN_POINT('',(0.,0.0832260324202249,27.8279235720635));
#16805=CARTESIAN_POINT('',(3.71880350781281,0.0832260324202249,27.8279235720635));
#16806=CARTESIAN_POINT('',(3.71880350781281,2.27711040625045E-16,27.8279235720635));
#16807=CARTESIAN_POINT('',(3.71880350781281,-1.12877640743135,27.8279235720635));
#16808=CARTESIAN_POINT('',(4.13899145162502,-1.12877640743135,27.8279235720635));
#16809=CARTESIAN_POINT('',(4.30332993189961,-1.12877640743135,27.8279235720635));
#16810=CARTESIAN_POINT('',(-0.00831041920681779,5.19908176378982E-16,27.8279235720635));
#16811=CARTESIAN_POINT('',(4.44785969904387,0.0832260324202249,27.8279235720635));
#16812=CARTESIAN_POINT('',(0.,0.0832260324202249,27.8279235720635));
#16813=CARTESIAN_POINT('',(4.44922166536211,0.0832260324202265,27.8279235720635));
#16814=CARTESIAN_POINT('',(2.72483912810286E-16,1.66848275821132E-32,27.8279235720635));
#16815=CARTESIAN_POINT('',(-4.4220379814586,-0.498076390263147,27.8279235720635));
#16816=CARTESIAN_POINT('',(0.,-0.498076390263147,27.8279235720635));
#16817=CARTESIAN_POINT('',(-4.01163105291397,-1.12877640743135,27.8279235720635));
#16818=CARTESIAN_POINT('',(0.,-0.498076390263147,27.8279235720635));
#16819=CARTESIAN_POINT('',(-3.3,-0.498076390263147,27.8279235720635));
#16820=CARTESIAN_POINT('',(-3.3,0.,27.8279235720635));
#16821=CARTESIAN_POINT('',(-3.3,0.203750150644056,27.8279235720635));
#16822=CARTESIAN_POINT('',(0.,0.203750150644056,27.8279235720635));
#16823=CARTESIAN_POINT('',(-3.98384929943315,1.32264526809782,27.8279235720635));
#16824=CARTESIAN_POINT('',(2.72483912810286E-16,-3.88088838458394E-17,28.8279235720635));
#16825=CARTESIAN_POINT('',(-4.44817511296932,-0.141210039303873,28.5214945125724));
#16826=CARTESIAN_POINT('',(-4.45091155458272,3.61283515218564E-5,28.5800738012003));
#16827=CARTESIAN_POINT('',(-4.44817866869981,0.141065525897785,28.5215397694734));
#16828=CARTESIAN_POINT('',(-4.4454481833425,0.199447139274704,28.3807018774732));
#16829=CARTESIAN_POINT('',(-4.44817696568625,0.14114576329728,28.2395584064014));
#16830=CARTESIAN_POINT('',(-4.45090943448769,2.72488123280358E-5,28.1811009689761));
#16831=CARTESIAN_POINT('',(-4.4481852935982,-0.140870518909184,28.239367272893));
#16832=CARTESIAN_POINT('',(-4.44544699432385,-0.199479722552181,28.3803440461766));
#16833=CARTESIAN_POINT('',(-4.44817511296932,-0.141210039303873,28.5214945125724));
#16834=CARTESIAN_POINT('',(-4.45091155458272,3.61283515218564E-5,28.5800738012003));
#16835=CARTESIAN_POINT('',(-4.44817866869981,0.141065525897785,28.5215397694734));
#16836=CARTESIAN_POINT('',(-4.45,1.15840836299882E-15,28.5605549144745));
#16837=CARTESIAN_POINT('',(2.72483912810286E-16,-3.88088838458394E-17,28.8279235720635));
#16838=CARTESIAN_POINT('',(3.97384616083421,-2.00280969464652,28.8279235720635));
#16839=CARTESIAN_POINT('',(3.97384616095619,2.00281159423186,28.8279235720635));
#16840=CARTESIAN_POINT('',(2.72483912810286E-16,-3.88088838458394E-17,28.8279235720635));
#16841=CARTESIAN_POINT('',(0.141210039303878,4.44817511296932,28.4728958654548));
#16842=CARTESIAN_POINT('',(-3.61283515212492E-5,4.45091155458272,28.5314751540827));
#16843=CARTESIAN_POINT('',(-0.141065525897791,4.44817866869982,28.4729411223558));
#16844=CARTESIAN_POINT('',(-0.199447139274704,4.4454481833425,28.3321032303556));
#16845=CARTESIAN_POINT('',(-0.141145763297273,4.44817696568625,28.1909597592838));
#16846=CARTESIAN_POINT('',(-2.72488123298331E-5,4.45090943448769,28.1325023218585));
#16847=CARTESIAN_POINT('',(0.140870518909185,4.4481852935982,28.1907686257754));
#16848=CARTESIAN_POINT('',(0.199479722552179,4.44544699432385,28.331745399059));
#16849=CARTESIAN_POINT('',(0.141210039303878,4.44817511296932,28.4728958654548));
#16850=CARTESIAN_POINT('',(-3.61283515212492E-5,4.45091155458272,28.5314751540827));
#16851=CARTESIAN_POINT('',(-0.141065525897791,4.44817866869982,28.4729411223558));
#16852=CARTESIAN_POINT('',(-8.84140583603331E-16,4.45,28.5119562673569));
#16853=CARTESIAN_POINT('',(4.44817511296932,0.141210039303879,28.2396153163765));
#16854=CARTESIAN_POINT('',(4.45091155458272,-3.61283515218293E-5,28.1810360277487));
#16855=CARTESIAN_POINT('',(4.44817866869981,-0.141065525897791,28.2395700594756));
#16856=CARTESIAN_POINT('',(4.4454481833425,-0.199447139274702,28.3804079514758));
#16857=CARTESIAN_POINT('',(4.44817696568625,-0.141145763297281,28.5215514225476));
#16858=CARTESIAN_POINT('',(4.45090943448769,-2.72488123287578E-5,28.5800088599729));
#16859=CARTESIAN_POINT('',(4.4481852935982,0.140870518909184,28.521742556056));
#16860=CARTESIAN_POINT('',(4.44544699432385,0.199479722552179,28.3807657827724));
#16861=CARTESIAN_POINT('',(4.44817511296932,0.141210039303879,28.2396153163765));
#16862=CARTESIAN_POINT('',(4.45091155458272,-3.61283515218293E-5,28.1810360277487));
#16863=CARTESIAN_POINT('',(4.44817866869981,-0.141065525897791,28.2395700594756));
#16864=CARTESIAN_POINT('',(4.45,-1.15840836299882E-15,28.2005549144745));
#16865=CARTESIAN_POINT('',(0.141210039303878,-4.44817511296932,28.1874612521981));
#16866=CARTESIAN_POINT('',(-3.61283515213279E-5,-4.45091155458272,28.1288819635702));
#16867=CARTESIAN_POINT('',(-0.141065525897792,-4.44817866869981,28.1874159952971));
#16868=CARTESIAN_POINT('',(-0.199447139274702,-4.4454481833425,28.3282538872973));
#16869=CARTESIAN_POINT('',(-0.14114576329728,-4.44817696568625,28.4693973583691));
#16870=CARTESIAN_POINT('',(-2.72488123276192E-5,-4.45090943448769,28.5278547957944));
#16871=CARTESIAN_POINT('',(0.140870518909185,-4.4481852935982,28.4695884918775));
#16872=CARTESIAN_POINT('',(0.199479722552179,-4.44544699432385,28.3286117185939));
#16873=CARTESIAN_POINT('',(0.141210039303878,-4.44817511296932,28.1874612521981));
#16874=CARTESIAN_POINT('',(-3.61283515213279E-5,-4.45091155458272,28.1288819635702));
#16875=CARTESIAN_POINT('',(-0.141065525897792,-4.44817866869981,28.1874159952971));
#16876=CARTESIAN_POINT('',(-1.15840836299882E-15,-4.45,28.148400850296));
#16877=CARTESIAN_POINT('',(2.72483912810286E-16,-3.88088838458394E-17,25.1837718553992));
#16878=CARTESIAN_POINT('',(4.17486821094053,1.54044650062189,27.8519034608181));
#16879=CARTESIAN_POINT('',(2.72483912810286E-16,-3.88088838458394E-17,27.8519034608181));
#16880=CARTESIAN_POINT('',(4.30999888415661,1.10743379872966,27.8519034608181));
#16881=CARTESIAN_POINT('',(2.72483912810286E-16,-3.88088838458394E-17,29.7700350662368));
#16882=CARTESIAN_POINT('',(2.72483912810286E-16,-3.88088838458394E-17,28.1808291850288));
#16883=CARTESIAN_POINT('',(-4.44945968813018,0.0693432311365691,28.0607231855392));
#16884=CARTESIAN_POINT('',(2.72483912810286E-16,-3.88088838458394E-17,28.0607231855392));
#16885=CARTESIAN_POINT('',(-4.43511493831223,-0.363669470755651,28.0607231855392));
#16886=CARTESIAN_POINT('',(2.72483912810286E-16,-3.88088838458394E-17,28.6906171860497));
#16887=CARTESIAN_POINT('',(2.72483912810286E-16,-3.88088838458394E-17,27.6837718553993));
#16888=CARTESIAN_POINT('',(4.44344708383593,0.241408394945223,28.1019034608181));
#16889=CARTESIAN_POINT('',(2.72483912810286E-16,-3.88088838458394E-17,28.1019034608181));
#16890=CARTESIAN_POINT('',(4.39859706999181,0.674421096837448,28.1019034608181));
#16891=CARTESIAN_POINT('',(2.72483912810286E-16,-3.88088838458394E-17,29.2700350662368));
#16892=CARTESIAN_POINT('',(2.72483912810286E-16,1.66848275821132E-32,27.8279235720635));
#16893=CARTESIAN_POINT('',(-3.78875393748284,-0.0612950883805752,20.0002));
#16894=CARTESIAN_POINT('',(-3.78875393748284,0.279397310300723,20.1968988480895));
#16895=CARTESIAN_POINT('',(-3.78875393748284,0.502355933028597,19.8107231855392));
#16896=CARTESIAN_POINT('',(-3.78875393748284,0.381529907864528,20.02));
#16897=CARTESIAN_POINT('',(-3.78875393748284,-0.06129508838058,19.8107231855392));
#16898=CARTESIAN_POINT('',(-3.78875393748284,0.885450315177441,19.8107231855392));
#16899=CARTESIAN_POINT('',(-3.78875393748284,0.885450315177441,20.0002));
#16900=CARTESIAN_POINT('',(-3.78875393748284,0.885450315177441,18.6));
#16901=CARTESIAN_POINT('',(-3.78875393748284,0.,18.6));
#16902=CARTESIAN_POINT('',(-3.78875393748284,-1.00804049193859,18.6));
#16903=CARTESIAN_POINT('',(-3.78875393748284,-1.00804049193859,20.0002));
#16904=CARTESIAN_POINT('',(-3.78875393748284,-1.00804049193859,20.02));
#16905=CARTESIAN_POINT('',(-3.78875393748284,-0.0612950883805752,20.02));
#16906=CARTESIAN_POINT('',(-4.07383980469239,0.885450315177441,20.0002));
#16907=CARTESIAN_POINT('',(-4.07383980469239,0.885450315177441,19.8107231855392));
#16908=CARTESIAN_POINT('',(-3.89007867190195,0.885450315177441,19.8107231855392));
#16909=CARTESIAN_POINT('',(-3.89007867190195,0.885450315177441,20.0002));
#16910=CARTESIAN_POINT('',(-3.89007867190195,0.885450315177441,18.6));
#16911=CARTESIAN_POINT('',(0.,0.885450315177441,18.6));
#16912=CARTESIAN_POINT('',(-4.35892567190195,-0.0612950883805752,20.0002));
#16913=CARTESIAN_POINT('',(-4.35892567190195,0.,19.2720338702202));
#16914=CARTESIAN_POINT('',(-4.35892567190195,0.,19.3720338702202));
#16915=CARTESIAN_POINT('',(-4.35892567190195,0.279397310300723,20.1968988480895));
#16916=CARTESIAN_POINT('',(-4.35892567190195,0.381529907864528,20.02));
#16917=CARTESIAN_POINT('',(-4.35892567190195,0.416603315177441,19.9592510765395));
#16918=CARTESIAN_POINT('',(-4.35892567190195,-0.0612950883805752,20.02));
#16919=CARTESIAN_POINT('',(-4.35892567190195,-0.539193491938591,20.02));
#16920=CARTESIAN_POINT('',(-4.35892567190195,-0.539193491938591,20.0002));
#16921=CARTESIAN_POINT('',(-4.35892567190195,-0.539193491938591,18.6));
#16922=CARTESIAN_POINT('',(-4.35892567190195,0.,18.6));
#16923=CARTESIAN_POINT('',(-4.35892567190195,0.416603315177441,18.6));
#16924=CARTESIAN_POINT('',(-4.35892567190195,0.416603315177441,20.0002));
#16925=CARTESIAN_POINT('',(-3.89007867190195,0.416603315177441,20.0002));
#16926=CARTESIAN_POINT('',(-3.89007867190195,0.416603315177441,19.9592510765395));
#16927=CARTESIAN_POINT('',(-4.35101684339643,0.502355933028597,19.8107231855392));
#16928=CARTESIAN_POINT('',(-3.89007867190195,0.416603315177441,18.6));
#16929=CARTESIAN_POINT('',(-3.89007867190195,0.416603315177441,19.8107231855392));
#16930=CARTESIAN_POINT('',(0.,0.,20.02));
#16931=CARTESIAN_POINT('',(0.,0.381529907864528,20.02));
#16932=CARTESIAN_POINT('',(-4.07383980469239,-1.00804049193859,20.02));
#16933=CARTESIAN_POINT('',(-3.89007867190195,-1.00804049193859,20.02));
#16934=CARTESIAN_POINT('',(-3.89007867190195,-0.539193491938591,20.02));
#16935=CARTESIAN_POINT('',(4.25761159181595,0.553968329044355,14.2));
#16936=CARTESIAN_POINT('',(4.25761159181595,0.553968329044355,20.02));
#16937=CARTESIAN_POINT('',(4.25761159181595,-0.0615443343214988,20.02));
#16938=CARTESIAN_POINT('',(4.25761159181595,1.01038321658322,20.02));
#16939=CARTESIAN_POINT('',(4.25761159181595,3.41641341971125,15.8526334436371));
#16940=CARTESIAN_POINT('',(4.25761159181595,1.02193022196702,20.));
#16941=CARTESIAN_POINT('',(4.25761159181595,0.,20.));
#16942=CARTESIAN_POINT('',(4.25761159181595,-0.0368192583762535,20.));
#16943=CARTESIAN_POINT('',(4.25761159181595,-0.0368192583762535,20.));
#16944=CARTESIAN_POINT('',(4.25761159181595,-0.0368192583762535,18.6));
#16945=CARTESIAN_POINT('',(4.25761159181595,0.,18.6));
#16946=CARTESIAN_POINT('',(4.25761159181595,-0.0615443343214988,18.6));
#16947=CARTESIAN_POINT('',(4.25761159181595,-0.0615443343214988,14.2));
#16948=CARTESIAN_POINT('',(0.,0.,18.6));
#16949=CARTESIAN_POINT('',(-0.794404931366444,3.72804570943117,18.6));
#16950=CARTESIAN_POINT('',(-0.794404931366444,3.54902371764183,18.6));
#16951=CARTESIAN_POINT('',(-0.794404931366444,3.58776271259932,18.6));
#16952=CARTESIAN_POINT('',(-0.863703226548647,3.54739576822906,18.6));
#16953=CARTESIAN_POINT('',(-1.11314406375994,3.40209400614523,18.6));
#16954=CARTESIAN_POINT('',(-1.11202946518635,3.11342102333709,18.6));
#16955=CARTESIAN_POINT('',(-1.11091486661276,2.82474804052894,18.6));
#16956=CARTESIAN_POINT('',(-0.860359430827876,2.68137681980462,18.6));
#16957=CARTESIAN_POINT('',(-0.609803995042997,2.53800559908029,18.6));
#16958=CARTESIAN_POINT('',(-0.360363157831707,2.68330736116412,18.6));
#16959=CARTESIAN_POINT('',(-0.110922320620418,2.82860912324794,18.6));
#16960=CARTESIAN_POINT('',(-0.112036919194008,3.11728210605609,18.6));
#16961=CARTESIAN_POINT('',(-0.113151517767599,3.40595508886424,18.6));
#16962=CARTESIAN_POINT('',(-0.363706953552478,3.54932630958856,18.6));
#16963=CARTESIAN_POINT('',(-0.363178144097583,3.54902371764183,18.6));
#16964=CARTESIAN_POINT('',(0.180065305903554,3.54902371764183,18.6));
#16965=CARTESIAN_POINT('',(0.180065305903554,3.54902371764183,18.6));
#16966=CARTESIAN_POINT('',(0.33112851761967,3.54902371764183,18.6));
#16967=CARTESIAN_POINT('',(0.844910061344499,3.54902371764183,18.6));
#16968=CARTESIAN_POINT('',(0.336287828642158,3.55202906749187,18.6));
#16969=CARTESIAN_POINT('',(0.0868469914308688,3.40672730540805,18.6));
#16970=CARTESIAN_POINT('',(0.087961590004459,3.1180543225999,18.6));
#16971=CARTESIAN_POINT('',(0.0890761885780492,2.82938133979175,18.6));
#16972=CARTESIAN_POINT('',(0.339631624362929,2.68601011906742,18.6));
#16973=CARTESIAN_POINT('',(0.590187060147808,2.5426388983431,18.6));
#16974=CARTESIAN_POINT('',(0.839627897359098,2.68794066042692,18.6));
#16975=CARTESIAN_POINT('',(1.08906873457039,2.83324242251075,18.6));
#16976=CARTESIAN_POINT('',(1.0879541359968,3.1219154053189,18.6));
#16977=CARTESIAN_POINT('',(1.08683953742321,3.41058838812704,18.6));
#16978=CARTESIAN_POINT('',(0.836284101638327,3.55395960885137,18.6));
#16979=CARTESIAN_POINT('',(-0.256351348367548,1.64447073132669,18.6));
#16980=CARTESIAN_POINT('',(-0.00579591258266932,1.50109951060237,18.6));
#16981=CARTESIAN_POINT('',(-0.506906784152428,1.78784195205102,18.6));
#16982=CARTESIAN_POINT('',(0.24364492462862,1.64640127268619,18.6));
#16983=CARTESIAN_POINT('',(0.49308576183991,1.79170303477002,18.6));
#16984=CARTESIAN_POINT('',(0.491971163266319,2.08037601757816,18.6));
#16985=CARTESIAN_POINT('',(0.490856564692729,2.36904900038631,18.6));
#16986=CARTESIAN_POINT('',(0.240301128907849,2.51242022111063,18.6));
#16987=CARTESIAN_POINT('',(-0.0102543068770303,2.65579144183496,18.6));
#16988=CARTESIAN_POINT('',(-0.25969514408832,2.51048967975114,18.6));
#16989=CARTESIAN_POINT('',(-0.509135981299609,2.36518791766731,18.6));
#16990=CARTESIAN_POINT('',(-0.508021382726019,2.07651493485916,18.6));
#16991=CARTESIAN_POINT('',(-1.4483172938285,-0.438608044154777,18.6));
#16992=CARTESIAN_POINT('',(-1.19776185804362,-0.5819792648791,18.6));
#16993=CARTESIAN_POINT('',(-1.69887272961338,-0.295236823430455,18.6));
#16994=CARTESIAN_POINT('',(-0.948321020832335,-0.436677502795275,18.6));
#16995=CARTESIAN_POINT('',(-0.698880183621045,-0.291375740711451,18.6));
#16996=CARTESIAN_POINT('',(-0.699994782194636,-0.00270275790330303,18.6));
#16997=CARTESIAN_POINT('',(-0.701109380768227,0.285970224904845,18.6));
#16998=CARTESIAN_POINT('',(-0.951664816553106,0.429341445629167,18.6));
#16999=CARTESIAN_POINT('',(-1.20222025233798,0.57271266635349,18.6));
#17000=CARTESIAN_POINT('',(-1.45166108954927,0.427410904269665,18.6));
#17001=CARTESIAN_POINT('',(-1.70110192676056,0.28210914218584,18.6));
#17002=CARTESIAN_POINT('',(-1.69998732818698,-0.00656384062230704,18.6));
#17003=CARTESIAN_POINT('',(-0.852334321098026,0.602931343585957,18.6));
#17004=CARTESIAN_POINT('',(-0.601778885313147,0.459560122861634,18.6));
#17005=CARTESIAN_POINT('',(-1.10288975688291,0.746302564310279,18.6));
#17006=CARTESIAN_POINT('',(-0.352338048101857,0.604861884945459,18.6));
#17007=CARTESIAN_POINT('',(-0.102897210890568,0.750163647029284,18.6));
#17008=CARTESIAN_POINT('',(-0.104011809464159,1.03883662983743,18.6));
#17009=CARTESIAN_POINT('',(-0.105126408037749,1.32750961264558,18.6));
#17010=CARTESIAN_POINT('',(-0.355681843822628,1.4708808333699,18.6));
#17011=CARTESIAN_POINT('',(-0.606237279607508,1.61425205409422,18.6));
#17012=CARTESIAN_POINT('',(-0.855678116818797,1.4689502920104,18.6));
#17013=CARTESIAN_POINT('',(-1.10511895403009,1.32364852992657,18.6));
#17014=CARTESIAN_POINT('',(-1.1040043554565,1.03497554711843,18.6));
#17015=CARTESIAN_POINT('',(0.347656734092778,0.607564642848762,18.6));
#17016=CARTESIAN_POINT('',(0.598212169877658,0.464193422124439,18.6));
#17017=CARTESIAN_POINT('',(0.0971012983078989,0.750935863573084,18.6));
#17018=CARTESIAN_POINT('',(0.847653007088947,0.609495184208264,18.6));
#17019=CARTESIAN_POINT('',(1.09709384430024,0.754796946292089,18.6));
#17020=CARTESIAN_POINT('',(1.09597924572665,1.04346992910024,18.6));
#17021=CARTESIAN_POINT('',(1.09486464715306,1.33214291190838,18.6));
#17022=CARTESIAN_POINT('',(0.844309211368177,1.47551413263271,18.6));
#17023=CARTESIAN_POINT('',(0.593753775583297,1.61888535335703,18.6));
#17024=CARTESIAN_POINT('',(0.344312938372007,1.4735835912732,18.6));
#17025=CARTESIAN_POINT('',(0.0948721011607185,1.32828182918938,18.6));
#17026=CARTESIAN_POINT('',(0.0959866997343087,1.03960884638123,18.6));
#17027=CARTESIAN_POINT('',(-0.844309211368177,-1.47551413263271,18.6));
#17028=CARTESIAN_POINT('',(-0.593753775583297,-1.61888535335703,18.6));
#17029=CARTESIAN_POINT('',(-1.09486464715306,-1.33214291190838,18.6));
#17030=CARTESIAN_POINT('',(-0.344312938372007,-1.4735835912732,18.6));
#17031=CARTESIAN_POINT('',(-0.0948721011607182,-1.32828182918938,18.6));
#17032=CARTESIAN_POINT('',(-0.0959866997343089,-1.03960884638123,18.6));
#17033=CARTESIAN_POINT('',(-0.0971012983078992,-0.750935863573084,18.6));
#17034=CARTESIAN_POINT('',(-0.347656734092778,-0.607564642848762,18.6));
#17035=CARTESIAN_POINT('',(-0.598212169877658,-0.464193422124439,18.6));
#17036=CARTESIAN_POINT('',(-0.847653007088947,-0.609495184208264,18.6));
#17037=CARTESIAN_POINT('',(-1.09709384430024,-0.754796946292088,18.6));
#17038=CARTESIAN_POINT('',(-1.09597924572665,-1.04346992910024,18.6));
#17039=CARTESIAN_POINT('',(-2.03627515682913,-3.55859290811418,18.6));
#17040=CARTESIAN_POINT('',(-1.78571972104425,-3.7019641288385,18.6));
#17041=CARTESIAN_POINT('',(-2.28683059261401,-3.41522168738985,18.6));
#17042=CARTESIAN_POINT('',(-1.53627888383296,-3.55666236675467,18.6));
#17043=CARTESIAN_POINT('',(-1.28683804662167,-3.41136060467085,18.6));
#17044=CARTESIAN_POINT('',(-1.28795264519526,-3.1226876218627,18.6));
#17045=CARTESIAN_POINT('',(-1.28906724376885,-2.83401463905455,18.6));
#17046=CARTESIAN_POINT('',(-1.53962267955374,-2.69064341833023,18.6));
#17047=CARTESIAN_POINT('',(-1.79017811533861,-2.5472721976059,18.6));
#17048=CARTESIAN_POINT('',(-2.03961895254991,-2.69257395968973,18.6));
#17049=CARTESIAN_POINT('',(-2.28905978976119,-2.83787572177356,18.6));
#17050=CARTESIAN_POINT('',(-2.2879451911876,-3.12654870458171,18.6));
#17051=CARTESIAN_POINT('',(-1.44029218409865,-2.51705352037344,18.6));
#17052=CARTESIAN_POINT('',(-1.18973674831377,-2.66042474109776,18.6));
#17053=CARTESIAN_POINT('',(-1.69084761988353,-2.37368229964912,18.6));
#17054=CARTESIAN_POINT('',(-0.940295911102485,-2.51512297901394,18.6));
#17055=CARTESIAN_POINT('',(-0.690855073891196,-2.36982121693012,18.6));
#17056=CARTESIAN_POINT('',(-0.691969672464786,-2.08114823412196,18.6));
#17057=CARTESIAN_POINT('',(-0.693084271038377,-1.79247525131382,18.6));
#17058=CARTESIAN_POINT('',(-0.943639706823256,-1.6491040305895,18.6));
#17059=CARTESIAN_POINT('',(-1.19419514260814,-1.50573280986517,18.6));
#17060=CARTESIAN_POINT('',(-1.44363597981942,-1.651034571949,18.6));
#17061=CARTESIAN_POINT('',(-1.69307681703071,-1.79633633403282,18.6));
#17062=CARTESIAN_POINT('',(-1.69196221845713,-2.08500931684097,18.6));
#17063=CARTESIAN_POINT('',(-2.64830834901931,-0.443241343417582,18.6));
#17064=CARTESIAN_POINT('',(-2.39775291323443,-0.586612564141905,18.6));
#17065=CARTESIAN_POINT('',(-2.89886378480419,-0.29987012269326,18.6));
#17066=CARTESIAN_POINT('',(-2.14831207602314,-0.44131080205808,18.6));
#17067=CARTESIAN_POINT('',(-1.89887123881185,-0.296009039974255,18.6));
#17068=CARTESIAN_POINT('',(-1.89998583738544,-0.00733605716610809,18.6));
#17069=CARTESIAN_POINT('',(-1.90110043595903,0.28133692564204,18.6));
#17070=CARTESIAN_POINT('',(-2.15165587174391,0.424708146366362,18.6));
#17071=CARTESIAN_POINT('',(-2.40221130752879,0.568079367090685,18.6));
#17072=CARTESIAN_POINT('',(-2.65165214474008,0.42277760500686,18.6));
#17073=CARTESIAN_POINT('',(-2.90109298195137,0.277475842923036,18.6));
#17074=CARTESIAN_POINT('',(-2.89997838337778,-0.0111971398851121,18.6));
#17075=CARTESIAN_POINT('',(-2.05232537628883,0.598298044323152,18.6));
#17076=CARTESIAN_POINT('',(-1.80176994050395,0.454926823598829,18.6));
#17077=CARTESIAN_POINT('',(-2.30288081207371,0.741669265047474,18.6));
#17078=CARTESIAN_POINT('',(-1.55232910329266,0.600228585682654,18.6));
#17079=CARTESIAN_POINT('',(-1.30288826608137,0.745530347766478,18.6));
#17080=CARTESIAN_POINT('',(-1.30400286465496,1.03420333057463,18.6));
#17081=CARTESIAN_POINT('',(-1.30511746322855,1.32287631338277,18.6));
#17082=CARTESIAN_POINT('',(-1.55567289901343,1.4662475341071,18.6));
#17083=CARTESIAN_POINT('',(-1.80622833479831,1.60961875483142,18.6));
#17084=CARTESIAN_POINT('',(-2.0556691720096,1.46431699274759,18.6));
#17085=CARTESIAN_POINT('',(-2.30511000922089,1.31901523066377,18.6));
#17086=CARTESIAN_POINT('',(-2.3039954106473,1.03034224785562,18.6));
#17087=CARTESIAN_POINT('',(-3.24429132174979,-1.48478073115832,18.6));
#17088=CARTESIAN_POINT('',(-2.99373588596491,-1.62815195188264,18.6));
#17089=CARTESIAN_POINT('',(-3.49484675753467,-1.34140951043399,18.6));
#17090=CARTESIAN_POINT('',(-2.74429504875361,-1.48285018979881,18.6));
#17091=CARTESIAN_POINT('',(-2.49485421154233,-1.33754842771499,18.6));
#17092=CARTESIAN_POINT('',(-2.49596881011592,-1.04887544490684,18.6));
#17093=CARTESIAN_POINT('',(-2.49708340868951,-0.760202462098694,18.6));
#17094=CARTESIAN_POINT('',(-2.74763884447439,-0.616831241374372,18.6));
#17095=CARTESIAN_POINT('',(-2.99819428025927,-0.473460020650049,18.6));
#17096=CARTESIAN_POINT('',(-3.24763511747055,-0.618761782733874,18.6));
#17097=CARTESIAN_POINT('',(-3.49707595468184,-0.764063544817699,18.6));
#17098=CARTESIAN_POINT('',(-3.49596135610825,-1.05273652762585,18.6));
#17099=CARTESIAN_POINT('',(-2.06035048601868,2.67674352054181,18.6));
#17100=CARTESIAN_POINT('',(-1.8097950502338,2.53337229981749,18.6));
#17101=CARTESIAN_POINT('',(-2.31090592180356,2.82011474126614,18.6));
#17102=CARTESIAN_POINT('',(-1.56035421302251,2.67867406190132,18.6));
#17103=CARTESIAN_POINT('',(-1.31091337581122,2.82397582398514,18.6));
#17104=CARTESIAN_POINT('',(-1.31202797438481,3.11264880679329,18.6));
#17105=CARTESIAN_POINT('',(-1.3131425729584,3.40132178960144,18.6));
#17106=CARTESIAN_POINT('',(-1.56369800874329,3.54469301032576,18.6));
#17107=CARTESIAN_POINT('',(-1.81425344452817,3.68806423105008,18.6));
#17108=CARTESIAN_POINT('',(-2.06369428173945,3.54276246896625,18.6));
#17109=CARTESIAN_POINT('',(-2.31313511895074,3.39746070688243,18.6));
#17110=CARTESIAN_POINT('',(-2.31202052037715,3.10878772407428,18.6));
#17111=CARTESIAN_POINT('',(-1.45634240355835,1.63983743206388,18.6));
#17112=CARTESIAN_POINT('',(-1.20578696777347,1.49646621133956,18.6));
#17113=CARTESIAN_POINT('',(-1.70689783934324,1.78320865278821,18.6));
#17114=CARTESIAN_POINT('',(-0.956346130562185,1.64176797342339,18.6));
#17115=CARTESIAN_POINT('',(-0.706905293350895,1.78706973550721,18.6));
#17116=CARTESIAN_POINT('',(-0.708019891924486,2.07574271831536,18.6));
#17117=CARTESIAN_POINT('',(-0.709134490498076,2.36441570112351,18.6));
#17118=CARTESIAN_POINT('',(-0.959689926282956,2.50778692184783,18.6));
#17119=CARTESIAN_POINT('',(-1.21024536206783,2.65115814257216,18.6));
#17120=CARTESIAN_POINT('',(-1.45968619927912,2.50585638048833,18.6));
#17121=CARTESIAN_POINT('',(-1.70912703649041,2.3605546184045,18.6));
#17122=CARTESIAN_POINT('',(-1.70801243791683,2.07188163559635,18.6));
#17123=CARTESIAN_POINT('',(-2.04430026655898,-1.48014743189551,18.6));
#17124=CARTESIAN_POINT('',(-1.7937448307741,-1.62351865261984,18.6));
#17125=CARTESIAN_POINT('',(-2.29485570234386,-1.33677621117119,18.6));
#17126=CARTESIAN_POINT('',(-1.54430399356281,-1.47821689053601,18.6));
#17127=CARTESIAN_POINT('',(-1.29486315635152,-1.33291512845218,18.6));
#17128=CARTESIAN_POINT('',(-1.29597775492511,-1.04424214564404,18.6));
#17129=CARTESIAN_POINT('',(-1.2970923534987,-0.755569162835889,18.6));
#17130=CARTESIAN_POINT('',(-1.54764778928358,-0.612197942111567,18.6));
#17131=CARTESIAN_POINT('',(-1.79820322506846,-0.468826721387244,18.6));
#17132=CARTESIAN_POINT('',(-2.04764406227975,-0.614128483471069,18.6));
#17133=CARTESIAN_POINT('',(-2.29708489949104,-0.759430245554893,18.6));
#17134=CARTESIAN_POINT('',(-2.29597030091745,-1.04810322836304,18.6));
#17135=CARTESIAN_POINT('',(-2.64028323928946,-2.52168681963624,18.6));
#17136=CARTESIAN_POINT('',(-2.38972780350458,-2.66505804036057,18.6));
#17137=CARTESIAN_POINT('',(-2.89083867507434,-2.37831559891192,18.6));
#17138=CARTESIAN_POINT('',(-2.14028696629329,-2.51975627827674,18.6));
#17139=CARTESIAN_POINT('',(-1.890846129082,-2.37445451619292,18.6));
#17140=CARTESIAN_POINT('',(-1.89196072765559,-2.08578153338477,18.6));
#17141=CARTESIAN_POINT('',(-1.89307532622918,-1.79710855057662,18.6));
#17142=CARTESIAN_POINT('',(-2.14363076201406,-1.6537373298523,18.6));
#17143=CARTESIAN_POINT('',(-2.39418619779894,-1.51036610912798,18.6));
#17144=CARTESIAN_POINT('',(-2.64362703501023,-1.65566787121181,18.6));
#17145=CARTESIAN_POINT('',(-2.89306787222152,-1.80096963329563,18.6));
#17146=CARTESIAN_POINT('',(-2.89195327364793,-2.08964261610377,18.6));
#17147=CARTESIAN_POINT('',(1.55567289901343,-1.4662475341071,18.6));
#17148=CARTESIAN_POINT('',(1.80622833479831,-1.60961875483142,18.6));
#17149=CARTESIAN_POINT('',(1.30511746322855,-1.32287631338277,18.6));
#17150=CARTESIAN_POINT('',(2.0556691720096,-1.46431699274759,18.6));
#17151=CARTESIAN_POINT('',(2.30511000922089,-1.31901523066377,18.6));
#17152=CARTESIAN_POINT('',(2.3039954106473,-1.03034224785562,18.6));
#17153=CARTESIAN_POINT('',(2.30288081207371,-0.741669265047474,18.6));
#17154=CARTESIAN_POINT('',(2.05232537628883,-0.598298044323151,18.6));
#17155=CARTESIAN_POINT('',(1.80176994050395,-0.454926823598829,18.6));
#17156=CARTESIAN_POINT('',(1.55232910329266,-0.600228585682654,18.6));
#17157=CARTESIAN_POINT('',(1.30288826608137,-0.745530347766478,18.6));
#17158=CARTESIAN_POINT('',(1.30400286465496,-1.03420333057463,18.6));
#17159=CARTESIAN_POINT('',(2.15165587174391,-0.424708146366362,18.6));
#17160=CARTESIAN_POINT('',(2.40221130752879,-0.568079367090685,18.6));
#17161=CARTESIAN_POINT('',(1.90110043595903,-0.281336925642039,18.6));
#17162=CARTESIAN_POINT('',(2.65165214474008,-0.42277760500686,18.6));
#17163=CARTESIAN_POINT('',(2.90109298195137,-0.277475842923036,18.6));
#17164=CARTESIAN_POINT('',(2.89997838337778,0.0111971398851121,18.6));
#17165=CARTESIAN_POINT('',(2.89886378480419,0.29987012269326,18.6));
#17166=CARTESIAN_POINT('',(2.64830834901931,0.443241343417582,18.6));
#17167=CARTESIAN_POINT('',(2.39775291323443,0.586612564141905,18.6));
#17168=CARTESIAN_POINT('',(2.14831207602314,0.44131080205808,18.6));
#17169=CARTESIAN_POINT('',(1.89887123881185,0.296009039974255,18.6));
#17170=CARTESIAN_POINT('',(1.89998583738544,0.00733605716610813,18.6));
#17171=CARTESIAN_POINT('',(0.363706953552478,-3.54932630958856,18.6));
#17172=CARTESIAN_POINT('',(0.614262389337357,-3.69269753031289,18.6));
#17173=CARTESIAN_POINT('',(0.113151517767598,-3.40595508886424,18.6));
#17174=CARTESIAN_POINT('',(0.863703226548647,-3.54739576822906,18.6));
#17175=CARTESIAN_POINT('',(1.11314406375994,-3.40209400614523,18.6));
#17176=CARTESIAN_POINT('',(1.11202946518635,-3.11342102333709,18.6));
#17177=CARTESIAN_POINT('',(1.11091486661276,-2.82474804052894,18.6));
#17178=CARTESIAN_POINT('',(0.860359430827876,-2.68137681980462,18.6));
#17179=CARTESIAN_POINT('',(0.609803995042996,-2.53800559908029,18.6));
#17180=CARTESIAN_POINT('',(0.360363157831707,-2.68330736116412,18.6));
#17181=CARTESIAN_POINT('',(0.110922320620418,-2.82860912324794,18.6));
#17182=CARTESIAN_POINT('',(0.112036919194008,-3.11728210605609,18.6));
#17183=CARTESIAN_POINT('',(0.959689926282956,-2.50778692184783,18.6));
#17184=CARTESIAN_POINT('',(1.21024536206783,-2.65115814257216,18.6));
#17185=CARTESIAN_POINT('',(0.709134490498076,-2.36441570112351,18.6));
#17186=CARTESIAN_POINT('',(1.45968619927912,-2.50585638048833,18.6));
#17187=CARTESIAN_POINT('',(1.70912703649041,-2.3605546184045,18.6));
#17188=CARTESIAN_POINT('',(1.70801243791683,-2.07188163559635,18.6));
#17189=CARTESIAN_POINT('',(1.70689783934324,-1.78320865278821,18.6));
#17190=CARTESIAN_POINT('',(1.45634240355835,-1.63983743206388,18.6));
#17191=CARTESIAN_POINT('',(1.20578696777347,-1.49646621133956,18.6));
#17192=CARTESIAN_POINT('',(0.956346130562185,-1.64176797342338,18.6));
#17193=CARTESIAN_POINT('',(0.706905293350896,-1.78706973550721,18.6));
#17194=CARTESIAN_POINT('',(0.708019891924486,-2.07574271831536,18.6));
#17195=CARTESIAN_POINT('',(2.15968098147376,-2.50315362258502,18.6));
#17196=CARTESIAN_POINT('',(2.41023641725864,-2.64652484330935,18.6));
#17197=CARTESIAN_POINT('',(1.90912554568888,-2.3597824018607,18.6));
#17198=CARTESIAN_POINT('',(2.65967725446993,-2.50122308122552,18.6));
#17199=CARTESIAN_POINT('',(2.90911809168122,-2.3559213191417,18.6));
#17200=CARTESIAN_POINT('',(2.90800349310763,-2.06724833633355,18.6));
#17201=CARTESIAN_POINT('',(2.90688889453404,-1.7785753535254,18.6));
#17202=CARTESIAN_POINT('',(2.65633345874916,-1.63520413280108,18.6));
#17203=CARTESIAN_POINT('',(2.40577802296428,-1.49183291207676,18.6));
#17204=CARTESIAN_POINT('',(2.15633718575299,-1.63713467416058,18.6));
#17205=CARTESIAN_POINT('',(1.9068963485417,-1.7824364362444,18.6));
#17206=CARTESIAN_POINT('',(1.90801094711529,-2.07110941905255,18.6));
#17207=CARTESIAN_POINT('',(2.75566395420424,-1.46161423484429,18.6));
#17208=CARTESIAN_POINT('',(3.00621938998912,-1.60498545556861,18.6));
#17209=CARTESIAN_POINT('',(2.50510851841936,-1.31824301411997,18.6));
#17210=CARTESIAN_POINT('',(3.2556602272004,-1.45968369348479,18.6));
#17211=CARTESIAN_POINT('',(3.5051010644117,-1.31438193140096,18.6));
#17212=CARTESIAN_POINT('',(3.5039864658381,-1.02570894859282,18.6));
#17213=CARTESIAN_POINT('',(3.50287186726451,-0.737035965784669,18.6));
#17214=CARTESIAN_POINT('',(3.25231643147963,-0.593664745060346,18.6));
#17215=CARTESIAN_POINT('',(3.00176099569476,-0.450293524336024,18.6));
#17216=CARTESIAN_POINT('',(2.75232015848347,-0.595595286419848,18.6));
#17217=CARTESIAN_POINT('',(2.50287932127218,-0.740897048503673,18.6));
#17218=CARTESIAN_POINT('',(2.50399391984577,-1.02957003131182,18.6));
#17219=CARTESIAN_POINT('',(1.56369800874329,-3.54469301032576,18.6));
#17220=CARTESIAN_POINT('',(1.81425344452816,-3.68806423105008,18.6));
#17221=CARTESIAN_POINT('',(1.3131425729584,-3.40132178960144,18.6));
#17222=CARTESIAN_POINT('',(2.06369428173945,-3.54276246896625,18.6));
#17223=CARTESIAN_POINT('',(2.31313511895074,-3.39746070688243,18.6));
#17224=CARTESIAN_POINT('',(2.31202052037715,-3.10878772407428,18.6));
#17225=CARTESIAN_POINT('',(2.31090592180356,-2.82011474126614,18.6));
#17226=CARTESIAN_POINT('',(2.06035048601868,-2.67674352054181,18.6));
#17227=CARTESIAN_POINT('',(1.8097950502338,-2.53337229981749,18.6));
#17228=CARTESIAN_POINT('',(1.56035421302251,-2.67867406190132,18.6));
#17229=CARTESIAN_POINT('',(1.31091337581122,-2.82397582398514,18.6));
#17230=CARTESIAN_POINT('',(1.31202797438481,-3.11264880679329,18.6));
#17231=CARTESIAN_POINT('',(2.74763884447439,0.616831241374372,18.6));
#17232=CARTESIAN_POINT('',(2.99819428025927,0.473460020650049,18.6));
#17233=CARTESIAN_POINT('',(2.49708340868951,0.760202462098694,18.6));
#17234=CARTESIAN_POINT('',(3.24763511747055,0.618761782733874,18.6));
#17235=CARTESIAN_POINT('',(3.49707595468184,0.764063544817699,18.6));
#17236=CARTESIAN_POINT('',(3.49596135610825,1.05273652762585,18.6));
#17237=CARTESIAN_POINT('',(3.49484675753467,1.34140951043399,18.6));
#17238=CARTESIAN_POINT('',(3.24429132174979,1.48478073115832,18.6));
#17239=CARTESIAN_POINT('',(2.99373588596491,1.62815195188264,18.6));
#17240=CARTESIAN_POINT('',(2.74429504875361,1.48285018979881,18.6));
#17241=CARTESIAN_POINT('',(2.49485421154233,1.33754842771499,18.6));
#17242=CARTESIAN_POINT('',(2.49596881011592,1.04887544490684,18.6));
#17243=CARTESIAN_POINT('',(1.53962267955374,2.69064341833023,18.6));
#17244=CARTESIAN_POINT('',(1.79017811533861,2.5472721976059,18.6));
#17245=CARTESIAN_POINT('',(1.28906724376885,2.83401463905455,18.6));
#17246=CARTESIAN_POINT('',(2.03961895254991,2.69257395968973,18.6));
#17247=CARTESIAN_POINT('',(2.28905978976119,2.83787572177356,18.6));
#17248=CARTESIAN_POINT('',(2.2879451911876,3.12654870458171,18.6));
#17249=CARTESIAN_POINT('',(2.28683059261401,3.41522168738985,18.6));
#17250=CARTESIAN_POINT('',(2.03627515682913,3.55859290811418,18.6));
#17251=CARTESIAN_POINT('',(1.78571972104425,3.7019641288385,18.6));
#17252=CARTESIAN_POINT('',(1.53627888383296,3.55666236675468,18.6));
#17253=CARTESIAN_POINT('',(1.28683804662167,3.41136060467085,18.6));
#17254=CARTESIAN_POINT('',(1.28795264519526,3.1226876218627,18.6));
#17255=CARTESIAN_POINT('',(0.943639706823256,1.6491040305895,18.6));
#17256=CARTESIAN_POINT('',(1.19419514260814,1.50573280986517,18.6));
#17257=CARTESIAN_POINT('',(0.693084271038376,1.79247525131382,18.6));
#17258=CARTESIAN_POINT('',(1.44363597981942,1.651034571949,18.6));
#17259=CARTESIAN_POINT('',(1.69307681703071,1.79633633403283,18.6));
#17260=CARTESIAN_POINT('',(1.69196221845713,2.08500931684097,18.6));
#17261=CARTESIAN_POINT('',(1.69084761988353,2.37368229964912,18.6));
#17262=CARTESIAN_POINT('',(1.44029218409865,2.51705352037344,18.6));
#17263=CARTESIAN_POINT('',(1.18973674831377,2.66042474109776,18.6));
#17264=CARTESIAN_POINT('',(0.940295911102485,2.51512297901394,18.6));
#17265=CARTESIAN_POINT('',(0.690855073891196,2.36982121693012,18.6));
#17266=CARTESIAN_POINT('',(0.691969672464786,2.08114823412196,18.6));
#17267=CARTESIAN_POINT('',(-0.240301128907849,-2.51242022111063,18.6));
#17268=CARTESIAN_POINT('',(0.0102543068770301,-2.65579144183496,18.6));
#17269=CARTESIAN_POINT('',(-0.490856564692729,-2.36904900038631,18.6));
#17270=CARTESIAN_POINT('',(0.25969514408832,-2.51048967975114,18.6));
#17271=CARTESIAN_POINT('',(0.509135981299609,-2.36518791766731,18.6));
#17272=CARTESIAN_POINT('',(0.508021382726018,-2.07651493485916,18.6));
#17273=CARTESIAN_POINT('',(0.506906784152428,-1.78784195205102,18.6));
#17274=CARTESIAN_POINT('',(0.256351348367548,-1.64447073132669,18.6));
#17275=CARTESIAN_POINT('',(0.00579591258266917,-1.50109951060237,18.6));
#17276=CARTESIAN_POINT('',(-0.24364492462862,-1.64640127268619,18.6));
#17277=CARTESIAN_POINT('',(-0.493085761839909,-1.79170303477002,18.6));
#17278=CARTESIAN_POINT('',(-0.491971163266319,-2.08037601757816,18.6));
#17279=CARTESIAN_POINT('',(-0.836284101638327,-3.55395960885137,18.6));
#17280=CARTESIAN_POINT('',(-0.585728665853447,-3.69733082957569,18.6));
#17281=CARTESIAN_POINT('',(-1.08683953742321,-3.41058838812704,18.6));
#17282=CARTESIAN_POINT('',(-0.336287828642158,-3.55202906749187,18.6));
#17283=CARTESIAN_POINT('',(-0.0868469914308685,-3.40672730540805,18.6));
#17284=CARTESIAN_POINT('',(-0.0879615900044591,-3.1180543225999,18.6));
#17285=CARTESIAN_POINT('',(-0.0890761885780495,-2.82938133979175,18.6));
#17286=CARTESIAN_POINT('',(-0.339631624362929,-2.68601011906742,18.6));
#17287=CARTESIAN_POINT('',(-0.590187060147808,-2.5426388983431,18.6));
#17288=CARTESIAN_POINT('',(-0.839627897359098,-2.68794066042692,18.6));
#17289=CARTESIAN_POINT('',(-1.08906873457039,-2.83324242251075,18.6));
#17290=CARTESIAN_POINT('',(-1.0879541359968,-3.1219154053189,18.6));
#17291=CARTESIAN_POINT('',(1.54764778928358,0.612197942111567,18.6));
#17292=CARTESIAN_POINT('',(1.79820322506846,0.468826721387244,18.6));
#17293=CARTESIAN_POINT('',(1.2970923534987,0.755569162835889,18.6));
#17294=CARTESIAN_POINT('',(2.04764406227975,0.614128483471069,18.6));
#17295=CARTESIAN_POINT('',(2.29708489949104,0.759430245554894,18.6));
#17296=CARTESIAN_POINT('',(2.29597030091745,1.04810322836304,18.6));
#17297=CARTESIAN_POINT('',(2.29485570234386,1.33677621117119,18.6));
#17298=CARTESIAN_POINT('',(2.04430026655898,1.48014743189551,18.6));
#17299=CARTESIAN_POINT('',(1.7937448307741,1.62351865261984,18.6));
#17300=CARTESIAN_POINT('',(1.54430399356281,1.47821689053601,18.6));
#17301=CARTESIAN_POINT('',(1.29486315635152,1.33291512845218,18.6));
#17302=CARTESIAN_POINT('',(1.29597775492511,1.04424214564404,18.6));
#17303=CARTESIAN_POINT('',(2.14363076201406,1.6537373298523,18.6));
#17304=CARTESIAN_POINT('',(2.39418619779894,1.51036610912798,18.6));
#17305=CARTESIAN_POINT('',(1.89307532622918,1.79710855057662,18.6));
#17306=CARTESIAN_POINT('',(2.64362703501023,1.65566787121181,18.6));
#17307=CARTESIAN_POINT('',(2.89306787222152,1.80096963329563,18.6));
#17308=CARTESIAN_POINT('',(2.89195327364793,2.08964261610377,18.6));
#17309=CARTESIAN_POINT('',(2.89083867507434,2.37831559891192,18.6));
#17310=CARTESIAN_POINT('',(2.64028323928946,2.52168681963624,18.6));
#17311=CARTESIAN_POINT('',(2.38972780350458,2.66505804036057,18.6));
#17312=CARTESIAN_POINT('',(2.14028696629329,2.51975627827674,18.6));
#17313=CARTESIAN_POINT('',(1.890846129082,2.37445451619292,18.6));
#17314=CARTESIAN_POINT('',(1.89196072765559,2.08578153338477,18.6));
#17315=CARTESIAN_POINT('',(0.355681843822628,-1.4708808333699,18.6));
#17316=CARTESIAN_POINT('',(0.606237279607508,-1.61425205409422,18.6));
#17317=CARTESIAN_POINT('',(0.105126408037749,-1.32750961264558,18.6));
#17318=CARTESIAN_POINT('',(0.855678116818797,-1.4689502920104,18.6));
#17319=CARTESIAN_POINT('',(1.10511895403009,-1.32364852992657,18.6));
#17320=CARTESIAN_POINT('',(1.1040043554565,-1.03497554711843,18.6));
#17321=CARTESIAN_POINT('',(1.10288975688291,-0.746302564310279,18.6));
#17322=CARTESIAN_POINT('',(0.852334321098026,-0.602931343585956,18.6));
#17323=CARTESIAN_POINT('',(0.601778885313147,-0.459560122861634,18.6));
#17324=CARTESIAN_POINT('',(0.352338048101857,-0.604861884945459,18.6));
#17325=CARTESIAN_POINT('',(0.102897210890568,-0.750163647029283,18.6));
#17326=CARTESIAN_POINT('',(0.104011809464158,-1.03883662983743,18.6));
#17327=CARTESIAN_POINT('',(0.951664816553106,-0.429341445629167,18.6));
#17328=CARTESIAN_POINT('',(1.20222025233798,-0.57271266635349,18.6));
#17329=CARTESIAN_POINT('',(0.701109380768226,-0.285970224904845,18.6));
#17330=CARTESIAN_POINT('',(1.45166108954927,-0.427410904269665,18.6));
#17331=CARTESIAN_POINT('',(1.70110192676056,-0.28210914218584,18.6));
#17332=CARTESIAN_POINT('',(1.69998732818698,0.00656384062230708,18.6));
#17333=CARTESIAN_POINT('',(1.69887272961338,0.295236823430455,18.6));
#17334=CARTESIAN_POINT('',(1.4483172938285,0.438608044154777,18.6));
#17335=CARTESIAN_POINT('',(1.19776185804362,0.5819792648791,18.6));
#17336=CARTESIAN_POINT('',(0.948321020832335,0.436677502795275,18.6));
#17337=CARTESIAN_POINT('',(0.698880183621046,0.291375740711451,18.6));
#17338=CARTESIAN_POINT('',(0.699994782194636,0.00270275790330307,18.6));
#17339=CARTESIAN_POINT('',(-3.25231643147963,0.593664745060346,18.6));
#17340=CARTESIAN_POINT('',(-3.00176099569476,0.450293524336024,18.6));
#17341=CARTESIAN_POINT('',(-3.50287186726451,0.737035965784669,18.6));
#17342=CARTESIAN_POINT('',(-2.75232015848347,0.595595286419848,18.6));
#17343=CARTESIAN_POINT('',(-2.50287932127218,0.740897048503673,18.6));
#17344=CARTESIAN_POINT('',(-2.50399391984577,1.02957003131182,18.6));
#17345=CARTESIAN_POINT('',(-2.50510851841936,1.31824301411997,18.6));
#17346=CARTESIAN_POINT('',(-2.75566395420424,1.46161423484429,18.6));
#17347=CARTESIAN_POINT('',(-3.00621938998912,1.60498545556861,18.6));
#17348=CARTESIAN_POINT('',(-3.2556602272004,1.45968369348479,18.6));
#17349=CARTESIAN_POINT('',(-3.5051010644117,1.31438193140096,18.6));
#17350=CARTESIAN_POINT('',(-3.5039864658381,1.02570894859282,18.6));
#17351=CARTESIAN_POINT('',(-2.65633345874916,1.63520413280108,18.6));
#17352=CARTESIAN_POINT('',(-2.40577802296428,1.49183291207676,18.6));
#17353=CARTESIAN_POINT('',(-2.90688889453404,1.7785753535254,18.6));
#17354=CARTESIAN_POINT('',(-2.15633718575299,1.63713467416059,18.6));
#17355=CARTESIAN_POINT('',(-1.9068963485417,1.7824364362444,18.6));
#17356=CARTESIAN_POINT('',(-1.90801094711529,2.07110941905255,18.6));
#17357=CARTESIAN_POINT('',(-1.90912554568888,2.3597824018607,18.6));
#17358=CARTESIAN_POINT('',(-2.15968098147376,2.50315362258502,18.6));
#17359=CARTESIAN_POINT('',(-2.41023641725864,2.64652484330935,18.6));
#17360=CARTESIAN_POINT('',(-2.65967725446993,2.50122308122552,18.6));
#17361=CARTESIAN_POINT('',(-2.90911809168122,2.3559213191417,18.6));
#17362=CARTESIAN_POINT('',(-2.90800349310763,2.06724833633355,18.6));
#17363=CARTESIAN_POINT('',(-0.248326238637699,-0.433974744891972,18.6));
#17364=CARTESIAN_POINT('',(0.00222919714718042,-0.577345965616295,18.6));
#17365=CARTESIAN_POINT('',(-0.498881674422579,-0.29060352416765,18.6));
#17366=CARTESIAN_POINT('',(0.25167003435847,-0.43204420353247,18.6));
#17367=CARTESIAN_POINT('',(0.501110871569759,-0.286742441448646,18.6));
#17368=CARTESIAN_POINT('',(0.499996272996169,0.00193054135950202,18.6));
#17369=CARTESIAN_POINT('',(0.498881674422578,0.29060352416765,18.6));
#17370=CARTESIAN_POINT('',(0.248326238637699,0.433974744891972,18.6));
#17371=CARTESIAN_POINT('',(-0.00222919714718056,0.577345965616295,18.6));
#17372=CARTESIAN_POINT('',(-0.25167003435847,0.43204420353247,18.6));
#17373=CARTESIAN_POINT('',(-0.501110871569759,0.286742441448646,18.6));
#17374=CARTESIAN_POINT('',(-0.499996272996169,-0.00193054135950198,18.6));
#17375=CARTESIAN_POINT('',(-3.89007867190195,-0.539193491938591,18.6));
#17376=CARTESIAN_POINT('',(-3.89007867190195,-1.00804049193859,18.6));
#17377=CARTESIAN_POINT('',(0.,-1.00804049193859,18.6));
#17378=CARTESIAN_POINT('',(2.72483912810286E-16,1.66848275821132E-32,18.6));
#17379=CARTESIAN_POINT('',(5.44967825620572E-16,-4.45,18.6));
#17380=CARTESIAN_POINT('',(3.70555957045617,1.11039187759161,18.6));
#17381=CARTESIAN_POINT('',(4.25761159181595,1.14598513124341,18.6));
#17382=CARTESIAN_POINT('',(4.25875782966614,1.11039187759161,18.6));
#17383=CARTESIAN_POINT('',(4.25761159181595,0.,18.6));
#17384=CARTESIAN_POINT('',(4.25761159181595,1.16948095805424,18.6));
#17385=CARTESIAN_POINT('',(3.87547955745998,1.16948095805424,18.6));
#17386=CARTESIAN_POINT('',(4.16388948839699,1.42016921748802,18.6));
#17387=CARTESIAN_POINT('',(3.70555957045617,1.11039187759161,18.6));
#17388=CARTESIAN_POINT('',(4.02344507795866,1.56313586497612,18.6));
#17389=CARTESIAN_POINT('',(3.89395435971081,1.56313586497612,18.6));
#17390=CARTESIAN_POINT('',(3.76446364146297,1.56313586497612,18.6));
#17391=CARTESIAN_POINT('',(3.76446364146297,0.55572917202226,18.6));
#17392=CARTESIAN_POINT('',(3.76446364146297,-0.451677520931599,18.6));
#17393=CARTESIAN_POINT('',(3.9069348345985,-0.451677520931599,18.6));
#17394=CARTESIAN_POINT('',(4.04940602773402,-0.451677520931599,18.6));
#17395=CARTESIAN_POINT('',(3.66683371532891,2.3319883617867E-15,18.6));
#17396=CARTESIAN_POINT('',(4.18615147405511,-0.284047923079018,18.6));
#17397=CARTESIAN_POINT('',(3.87547959181595,-0.0615443343214988,18.6));
#17398=CARTESIAN_POINT('',(3.66683371532891,2.3319883617867E-15,18.6));
#17399=CARTESIAN_POINT('',(4.25875782966614,2.3319883617867E-15,18.6));
#17400=CARTESIAN_POINT('',(4.25875782966614,0.555195938795805,18.6));
#17401=CARTESIAN_POINT('',(3.71880350781281,2.27711040625045E-16,29.7802));
#17402=CARTESIAN_POINT('',(3.71880350781281,1.99031176994701,28.6310929638498));
#17403=CARTESIAN_POINT('',(3.71880350781281,0.674421096837465,26.3519034608181));
#17404=CARTESIAN_POINT('',(3.71880350781281,0.890927447783567,26.7269034608181));
#17405=CARTESIAN_POINT('',(3.71880350781281,-0.653920598271688,29.4026587665592));
#17406=CARTESIAN_POINT('',(3.71880350781281,0.674421096837461,27.1019034608181));
#17407=CARTESIAN_POINT('',(3.71880350781281,2.27711040625045E-16,27.1019034608181));
#17408=CARTESIAN_POINT('',(3.71880350781281,0.241408394945236,27.1019034608181));
#17409=CARTESIAN_POINT('',(3.71880350781281,1.34079271710868,29.0060929638498));
#17410=CARTESIAN_POINT('',(3.71880350781281,0.0249020439991334,26.7269034608181));
#17411=CARTESIAN_POINT('',(3.71880350781281,-1.30343965111001,29.0276587665592));
#17412=CARTESIAN_POINT('',(3.71880350781281,0.241408394945236,26.3519034608181));
#17413=CARTESIAN_POINT('',(3.71880350781281,4.41776198586573E-14,26.3519034608181));
#17414=CARTESIAN_POINT('',(3.71880350781281,2.42332447183924,28.3810929638498));
#17415=CARTESIAN_POINT('',(3.71880350781281,0.674421096837477,25.351903460818));
#17416=CARTESIAN_POINT('',(3.71880350781281,0.890927447783582,25.7269034608181));
#17417=CARTESIAN_POINT('',(3.71880350781281,-1.0869333001639,29.1526587665592));
#17418=CARTESIAN_POINT('',(3.71880350781281,0.674421096837474,26.1019034608181));
#17419=CARTESIAN_POINT('',(3.71880350781281,2.27711040625045E-16,26.1019034608181));
#17420=CARTESIAN_POINT('',(3.71880350781281,0.241408394945249,26.1019034608181));
#17421=CARTESIAN_POINT('',(3.71880350781281,1.7738054190009,28.7560929638498));
#17422=CARTESIAN_POINT('',(3.71880350781281,0.0249020439991463,25.7269034608181));
#17423=CARTESIAN_POINT('',(3.71880350781281,-1.73645235300223,28.7776587665592));
#17424=CARTESIAN_POINT('',(3.71880350781281,0.241408394945248,25.351903460818));
#17425=CARTESIAN_POINT('',(3.71880350781281,5.69973711012144E-14,25.351903460818));
#17426=CARTESIAN_POINT('',(3.71880350781281,2.85633717373147,28.1310929638498));
#17427=CARTESIAN_POINT('',(3.71880350781281,0.67442109683749,24.3519034608181));
#17428=CARTESIAN_POINT('',(3.71880350781281,0.890927447783595,24.7269034608181));
#17429=CARTESIAN_POINT('',(3.71880350781281,-1.51994600205612,28.9026587665592));
#17430=CARTESIAN_POINT('',(3.71880350781281,0.674421096837487,25.101903460818));
#17431=CARTESIAN_POINT('',(3.71880350781281,2.27711040625045E-16,25.101903460818));
#17432=CARTESIAN_POINT('',(3.71880350781281,0.241408394945262,25.101903460818));
#17433=CARTESIAN_POINT('',(3.71880350781281,2.20681812089313,28.5060929638498));
#17434=CARTESIAN_POINT('',(3.71880350781281,0.0249020439991591,24.7269034608181));
#17435=CARTESIAN_POINT('',(3.71880350781281,-2.16946505489444,28.5276587665592));
#17436=CARTESIAN_POINT('',(3.71880350781281,0.241408394945261,24.3519034608181));
#17437=CARTESIAN_POINT('',(3.71880350781281,6.98171223437715E-14,24.3519034608181));
#17438=CARTESIAN_POINT('',(3.71880350781281,3.28934987562369,27.8810929638498));
#17439=CARTESIAN_POINT('',(3.71880350781281,0.674421096837503,23.3519034608181));
#17440=CARTESIAN_POINT('',(3.71880350781281,0.890927447783607,23.7269034608181));
#17441=CARTESIAN_POINT('',(3.71880350781281,-1.95295870394834,28.6526587665592));
#17442=CARTESIAN_POINT('',(3.71880350781281,0.6744210968375,24.1019034608181));
#17443=CARTESIAN_POINT('',(3.71880350781281,2.27711040625045E-16,24.1019034608181));
#17444=CARTESIAN_POINT('',(3.71880350781281,0.241408394945275,24.1019034608181));
#17445=CARTESIAN_POINT('',(3.71880350781281,2.63983082278536,28.2560929638498));
#17446=CARTESIAN_POINT('',(3.71880350781281,0.024902043999172,23.7269034608181));
#17447=CARTESIAN_POINT('',(3.71880350781281,-2.60247775678666,28.2776587665592));
#17448=CARTESIAN_POINT('',(3.71880350781281,0.241408394945274,23.3519034608181));
#17449=CARTESIAN_POINT('',(3.71880350781281,8.26368735863286E-14,23.3519034608181));
#17450=CARTESIAN_POINT('',(3.71880350781281,4.58838798130036,27.1310929638499));
#17451=CARTESIAN_POINT('',(3.71880350781281,0.674421096837541,20.3519034608181));
#17452=CARTESIAN_POINT('',(3.71880350781281,0.890927447783647,20.7269034608181));
#17453=CARTESIAN_POINT('',(3.71880350781281,-3.25199680962498,27.9026587665592));
#17454=CARTESIAN_POINT('',(3.71880350781281,0.674421096837538,21.1019034608181));
#17455=CARTESIAN_POINT('',(3.71880350781281,2.27711040625045E-16,21.1019034608181));
#17456=CARTESIAN_POINT('',(3.71880350781281,0.241408394945313,21.1019034608181));
#17457=CARTESIAN_POINT('',(3.71880350781281,3.93886892846202,27.5060929638498));
#17458=CARTESIAN_POINT('',(3.71880350781281,0.0249020439992103,20.7269034608181));
#17459=CARTESIAN_POINT('',(3.71880350781281,-3.90151586246331,27.5276587665592));
#17460=CARTESIAN_POINT('',(3.71880350781281,0.241408394945313,20.3519034608181));
#17461=CARTESIAN_POINT('',(3.71880350781281,1.21096127314E-13,20.3519034608181));
#17462=CARTESIAN_POINT('',(3.71880350781281,4.15537527940813,27.3810929638498));
#17463=CARTESIAN_POINT('',(3.71880350781281,0.674421096837529,21.3519034608181));
#17464=CARTESIAN_POINT('',(3.71880350781281,0.890927447783634,21.7269034608181));
#17465=CARTESIAN_POINT('',(3.71880350781281,-2.81898410773277,28.1526587665592));
#17466=CARTESIAN_POINT('',(3.71880350781281,0.674421096837525,22.1019034608181));
#17467=CARTESIAN_POINT('',(3.71880350781281,2.27711040625045E-16,22.1019034608181));
#17468=CARTESIAN_POINT('',(3.71880350781281,0.2414083949453,22.1019034608181));
#17469=CARTESIAN_POINT('',(3.71880350781281,3.5058562265698,27.7560929638498));
#17470=CARTESIAN_POINT('',(3.71880350781281,0.0249020439991975,21.7269034608181));
#17471=CARTESIAN_POINT('',(3.71880350781281,-3.46850316057109,27.7776587665592));
#17472=CARTESIAN_POINT('',(3.71880350781281,0.2414083949453,21.3519034608181));
#17473=CARTESIAN_POINT('',(3.71880350781281,1.08276376071443E-13,21.3519034608181));
#17474=CARTESIAN_POINT('',(3.71880350781281,3.72236257751591,27.6310929638498));
#17475=CARTESIAN_POINT('',(3.71880350781281,0.674421096837516,22.3519034608181));
#17476=CARTESIAN_POINT('',(3.71880350781281,0.890927447783619,22.7269034608181));
#17477=CARTESIAN_POINT('',(3.71880350781281,-2.38597140584055,28.4026587665592));
#17478=CARTESIAN_POINT('',(3.71880350781281,0.674421096837513,23.1019034608181));
#17479=CARTESIAN_POINT('',(3.71880350781281,2.27711040625045E-16,23.1019034608181));
#17480=CARTESIAN_POINT('',(3.71880350781281,0.241408394945288,23.1019034608181));
#17481=CARTESIAN_POINT('',(3.71880350781281,3.07284352467757,28.0060929638498));
#17482=CARTESIAN_POINT('',(3.71880350781281,0.0249020439991848,22.7269034608181));
#17483=CARTESIAN_POINT('',(3.71880350781281,-3.03549045867888,28.0276587665592));
#17484=CARTESIAN_POINT('',(3.71880350781281,0.241408394945287,22.3519034608181));
#17485=CARTESIAN_POINT('',(3.71880350781281,9.54566248288856E-14,22.3519034608181));
#17486=CARTESIAN_POINT('',(3.71880350781281,1.5572990680548,28.8810929638498));
#17487=CARTESIAN_POINT('',(3.71880350781281,-0.191604306946969,25.8519034608181));
#17488=CARTESIAN_POINT('',(3.71880350781281,0.0249020439991334,26.2269034608181));
#17489=CARTESIAN_POINT('',(3.71880350781281,-1.51994600205612,28.9026587665592));
#17490=CARTESIAN_POINT('',(3.71880350781281,-0.191604306946972,26.6019034608181));
#17491=CARTESIAN_POINT('',(3.71880350781281,2.27711040625045E-16,26.6019034608181));
#17492=CARTESIAN_POINT('',(3.71880350781281,-0.624617008839197,26.6019034608181));
#17493=CARTESIAN_POINT('',(3.71880350781281,0.90778001521646,29.2560929638498));
#17494=CARTESIAN_POINT('',(3.71880350781281,-0.8411233597853,26.2269034608181));
#17495=CARTESIAN_POINT('',(3.71880350781281,-2.16946505489444,28.5276587665592));
#17496=CARTESIAN_POINT('',(3.71880350781281,-0.624617008839198,25.8519034608181));
#17497=CARTESIAN_POINT('',(3.71880350781281,5.05874954799359E-14,25.8519034608181));
#17498=CARTESIAN_POINT('',(3.71880350781281,1.99031176994702,28.6310929638498));
#17499=CARTESIAN_POINT('',(3.71880350781281,-0.191604306946956,24.8519034608181));
#17500=CARTESIAN_POINT('',(3.71880350781281,0.0249020439991491,25.2269034608181));
#17501=CARTESIAN_POINT('',(3.71880350781281,-1.95295870394834,28.6526587665592));
#17502=CARTESIAN_POINT('',(3.71880350781281,-0.191604306946959,25.601903460818));
#17503=CARTESIAN_POINT('',(3.71880350781281,2.27711040625045E-16,25.601903460818));
#17504=CARTESIAN_POINT('',(3.71880350781281,-0.624617008839185,25.601903460818));
#17505=CARTESIAN_POINT('',(3.71880350781281,1.34079271710868,29.0060929638498));
#17506=CARTESIAN_POINT('',(3.71880350781281,-0.841123359785287,25.2269034608181));
#17507=CARTESIAN_POINT('',(3.71880350781281,-2.60247775678666,28.2776587665592));
#17508=CARTESIAN_POINT('',(3.71880350781281,-0.624617008839185,24.8519034608181));
#17509=CARTESIAN_POINT('',(3.71880350781281,6.34072467224929E-14,24.8519034608181));
#17510=CARTESIAN_POINT('',(3.71880350781281,2.42332447183924,28.3810929638498));
#17511=CARTESIAN_POINT('',(3.71880350781281,-0.191604306946943,23.8519034608181));
#17512=CARTESIAN_POINT('',(3.71880350781281,0.0249020439991622,24.2269034608181));
#17513=CARTESIAN_POINT('',(3.71880350781281,-2.38597140584055,28.4026587665592));
#17514=CARTESIAN_POINT('',(3.71880350781281,-0.191604306946946,24.6019034608181));
#17515=CARTESIAN_POINT('',(3.71880350781281,2.27711040625045E-16,24.6019034608181));
#17516=CARTESIAN_POINT('',(3.71880350781281,-0.624617008839172,24.6019034608181));
#17517=CARTESIAN_POINT('',(3.71880350781281,1.7738054190009,28.7560929638498));
#17518=CARTESIAN_POINT('',(3.71880350781281,-0.841123359785274,24.2269034608181));
#17519=CARTESIAN_POINT('',(3.71880350781281,-3.03549045867888,28.0276587665592));
#17520=CARTESIAN_POINT('',(3.71880350781281,-0.624617008839172,23.8519034608181));
#17521=CARTESIAN_POINT('',(3.71880350781281,7.622699796505E-14,23.8519034608181));
#17522=CARTESIAN_POINT('',(3.71880350781281,2.85633717373147,28.1310929638498));
#17523=CARTESIAN_POINT('',(3.71880350781281,-0.191604306946931,22.8519034608181));
#17524=CARTESIAN_POINT('',(3.71880350781281,0.0249020439991744,23.2269034608181));
#17525=CARTESIAN_POINT('',(3.71880350781281,-2.81898410773277,28.1526587665592));
#17526=CARTESIAN_POINT('',(3.71880350781281,-0.191604306946934,23.6019034608181));
#17527=CARTESIAN_POINT('',(3.71880350781281,2.27711040625045E-16,23.6019034608181));
#17528=CARTESIAN_POINT('',(3.71880350781281,-0.624617008839159,23.6019034608181));
#17529=CARTESIAN_POINT('',(3.71880350781281,2.20681812089313,28.5060929638498));
#17530=CARTESIAN_POINT('',(3.71880350781281,-0.841123359785261,23.2269034608181));
#17531=CARTESIAN_POINT('',(3.71880350781281,-3.4685031605711,27.7776587665592));
#17532=CARTESIAN_POINT('',(3.71880350781281,-0.624617008839159,22.8519034608181));
#17533=CARTESIAN_POINT('',(3.71880350781281,8.90467492076071E-14,22.8519034608181));
#17534=CARTESIAN_POINT('',(3.71880350781281,4.15537527940814,27.3810929638498));
#17535=CARTESIAN_POINT('',(3.71880350781281,-0.191604306946892,19.8519034608181));
#17536=CARTESIAN_POINT('',(3.71880350781281,0.0249020439992121,20.2269034608181));
#17537=CARTESIAN_POINT('',(3.71880350781281,-4.11802221340941,27.4026587665592));
#17538=CARTESIAN_POINT('',(3.71880350781281,-0.191604306946895,20.6019034608181));
#17539=CARTESIAN_POINT('',(3.71880350781281,2.27711040625045E-16,20.6019034608181));
#17540=CARTESIAN_POINT('',(3.71880350781281,-0.62461700883912,20.6019034608181));
#17541=CARTESIAN_POINT('',(3.71880350781281,3.5058562265698,27.7560929638498));
#17542=CARTESIAN_POINT('',(3.71880350781281,-0.841123359785223,20.2269034608181));
#17543=CARTESIAN_POINT('',(3.71880350781281,-4.76754126624774,27.0276587665592));
#17544=CARTESIAN_POINT('',(3.71880350781281,-0.624617008839121,19.8519034608181));
#17545=CARTESIAN_POINT('',(3.71880350781281,1.27506002935278E-13,19.8519034608181));
#17546=CARTESIAN_POINT('',(3.71880350781281,3.72236257751591,27.6310929638498));
#17547=CARTESIAN_POINT('',(3.71880350781281,-0.191604306946905,20.8519034608181));
#17548=CARTESIAN_POINT('',(3.71880350781281,0.0249020439992024,21.2269034608181));
#17549=CARTESIAN_POINT('',(3.71880350781281,-3.6850095115172,27.6526587665592));
#17550=CARTESIAN_POINT('',(3.71880350781281,-0.191604306946908,21.6019034608181));
#17551=CARTESIAN_POINT('',(3.71880350781281,2.27711040625045E-16,21.6019034608181));
#17552=CARTESIAN_POINT('',(3.71880350781281,-0.624617008839133,21.6019034608181));
#17553=CARTESIAN_POINT('',(3.71880350781281,3.07284352467757,28.0060929638498));
#17554=CARTESIAN_POINT('',(3.71880350781281,-0.841123359785236,21.2269034608181));
#17555=CARTESIAN_POINT('',(3.71880350781281,-4.33452856435552,27.2776587665592));
#17556=CARTESIAN_POINT('',(3.71880350781281,-0.624617008839134,20.8519034608181));
#17557=CARTESIAN_POINT('',(3.71880350781281,1.14686251692721E-13,20.8519034608181));
#17558=CARTESIAN_POINT('',(3.71880350781281,3.28934987562369,27.8810929638498));
#17559=CARTESIAN_POINT('',(3.71880350781281,-0.191604306946918,21.8519034608181));
#17560=CARTESIAN_POINT('',(3.71880350781281,0.0249020439991865,22.2269034608181));
#17561=CARTESIAN_POINT('',(3.71880350781281,-3.25199680962498,27.9026587665592));
#17562=CARTESIAN_POINT('',(3.71880350781281,-0.191604306946921,22.6019034608181));
#17563=CARTESIAN_POINT('',(3.71880350781281,2.27711040625045E-16,22.6019034608181));
#17564=CARTESIAN_POINT('',(3.71880350781281,-0.624617008839146,22.6019034608181));
#17565=CARTESIAN_POINT('',(3.71880350781281,2.63983082278536,28.2560929638498));
#17566=CARTESIAN_POINT('',(3.71880350781281,-0.841123359785249,22.2269034608181));
#17567=CARTESIAN_POINT('',(3.71880350781281,-3.90151586246331,27.5276587665592));
#17568=CARTESIAN_POINT('',(3.71880350781281,-0.624617008839147,21.8519034608181));
#17569=CARTESIAN_POINT('',(3.71880350781281,1.01866500450164E-13,21.8519034608181));
#17570=CARTESIAN_POINT('',(3.71880350781281,2.42332447183923,28.3810929638498));
#17571=CARTESIAN_POINT('',(3.71880350781281,1.5404465006219,26.8519034608181));
#17572=CARTESIAN_POINT('',(3.71880350781281,1.756952851568,27.2269034608181));
#17573=CARTESIAN_POINT('',(3.71880350781281,0.212104805512744,29.9026587665592));
#17574=CARTESIAN_POINT('',(3.71880350781281,1.5404465006219,27.6019034608181));
#17575=CARTESIAN_POINT('',(3.71880350781281,2.27711040625045E-16,27.6019034608181));
#17576=CARTESIAN_POINT('',(3.71880350781281,1.10743379872967,27.6019034608181));
#17577=CARTESIAN_POINT('',(3.71880350781281,1.7738054190009,28.7560929638498));
#17578=CARTESIAN_POINT('',(3.71880350781281,0.890927447783567,27.2269034608181));
#17579=CARTESIAN_POINT('',(3.71880350781281,-0.437414247325581,29.5276587665592));
#17580=CARTESIAN_POINT('',(3.71880350781281,1.10743379872967,26.8519034608181));
#17581=CARTESIAN_POINT('',(3.71880350781281,3.77677442373789E-14,26.8519034608181));
#17582=CARTESIAN_POINT('',(3.71880350781281,2.85633717373146,28.1310929638498));
#17583=CARTESIAN_POINT('',(3.71880350781281,1.54044650062191,25.8519034608181));
#17584=CARTESIAN_POINT('',(3.71880350781281,1.75695285156802,26.2269034608181));
#17585=CARTESIAN_POINT('',(3.71880350781281,-0.220907896379469,29.6526587665592));
#17586=CARTESIAN_POINT('',(3.71880350781281,1.54044650062191,26.6019034608181));
#17587=CARTESIAN_POINT('',(3.71880350781281,2.27711040625045E-16,26.6019034608181));
#17588=CARTESIAN_POINT('',(3.71880350781281,1.10743379872968,26.6019034608181));
#17589=CARTESIAN_POINT('',(3.71880350781281,2.20681812089313,28.5060929638498));
#17590=CARTESIAN_POINT('',(3.71880350781281,0.89092744778358,26.2269034608181));
#17591=CARTESIAN_POINT('',(3.71880350781281,-0.870426949217794,29.2776587665592));
#17592=CARTESIAN_POINT('',(3.71880350781281,1.10743379872968,25.8519034608181));
#17593=CARTESIAN_POINT('',(3.71880350781281,5.05874954799359E-14,25.8519034608181));
#17594=CARTESIAN_POINT('',(3.71880350781281,3.28934987562369,27.8810929638498));
#17595=CARTESIAN_POINT('',(3.71880350781281,1.54044650062193,24.8519034608181));
#17596=CARTESIAN_POINT('',(3.71880350781281,1.75695285156803,25.2269034608181));
#17597=CARTESIAN_POINT('',(3.71880350781281,-0.653920598271685,29.4026587665592));
#17598=CARTESIAN_POINT('',(3.71880350781281,1.54044650062192,25.601903460818));
#17599=CARTESIAN_POINT('',(3.71880350781281,2.27711040625045E-16,25.601903460818));
#17600=CARTESIAN_POINT('',(3.71880350781281,1.10743379872969,25.601903460818));
#17601=CARTESIAN_POINT('',(3.71880350781281,2.63983082278535,28.2560929638498));
#17602=CARTESIAN_POINT('',(3.71880350781281,0.890927447783592,25.2269034608181));
#17603=CARTESIAN_POINT('',(3.71880350781281,-1.30343965111001,29.0276587665592));
#17604=CARTESIAN_POINT('',(3.71880350781281,1.10743379872969,24.8519034608181));
#17605=CARTESIAN_POINT('',(3.71880350781281,6.3407246722493E-14,24.8519034608181));
#17606=CARTESIAN_POINT('',(3.71880350781281,3.72236257751591,27.6310929638498));
#17607=CARTESIAN_POINT('',(3.71880350781281,1.54044650062193,23.8519034608181));
#17608=CARTESIAN_POINT('',(3.71880350781281,1.75695285156804,24.2269034608181));
#17609=CARTESIAN_POINT('',(3.71880350781281,-1.0869333001639,29.1526587665592));
#17610=CARTESIAN_POINT('',(3.71880350781281,1.54044650062193,24.6019034608181));
#17611=CARTESIAN_POINT('',(3.71880350781281,2.27711040625045E-16,24.6019034608181));
#17612=CARTESIAN_POINT('',(3.71880350781281,1.10743379872971,24.6019034608181));
#17613=CARTESIAN_POINT('',(3.71880350781281,3.07284352467757,28.0060929638498));
#17614=CARTESIAN_POINT('',(3.71880350781281,0.890927447783605,24.2269034608181));
#17615=CARTESIAN_POINT('',(3.71880350781281,-1.73645235300222,28.7776587665592));
#17616=CARTESIAN_POINT('',(3.71880350781281,1.10743379872971,23.8519034608181));
#17617=CARTESIAN_POINT('',(3.71880350781281,7.622699796505E-14,23.8519034608181));
#17618=CARTESIAN_POINT('',(3.71880350781281,4.15537527940813,27.3810929638499));
#17619=CARTESIAN_POINT('',(3.71880350781281,1.54044650062195,22.8519034608181));
#17620=CARTESIAN_POINT('',(3.71880350781281,1.75695285156805,23.2269034608181));
#17621=CARTESIAN_POINT('',(3.71880350781281,-1.51994600205612,28.9026587665592));
#17622=CARTESIAN_POINT('',(3.71880350781281,1.54044650062195,23.6019034608181));
#17623=CARTESIAN_POINT('',(3.71880350781281,2.27711040625045E-16,23.6019034608181));
#17624=CARTESIAN_POINT('',(3.71880350781281,1.10743379872972,23.6019034608181));
#17625=CARTESIAN_POINT('',(3.71880350781281,3.5058562265698,27.7560929638498));
#17626=CARTESIAN_POINT('',(3.71880350781281,0.890927447783618,23.2269034608181));
#17627=CARTESIAN_POINT('',(3.71880350781281,-2.16946505489444,28.5276587665592));
#17628=CARTESIAN_POINT('',(3.71880350781281,1.10743379872972,22.8519034608181));
#17629=CARTESIAN_POINT('',(3.71880350781281,8.90467492076071E-14,22.8519034608181));
#17630=CARTESIAN_POINT('',(3.71880350781281,4.58838798130036,27.1310929638499));
#17631=CARTESIAN_POINT('',(3.71880350781281,1.54044650062196,21.8519034608181));
#17632=CARTESIAN_POINT('',(3.71880350781281,1.75695285156807,22.2269034608181));
#17633=CARTESIAN_POINT('',(3.71880350781281,-1.95295870394833,28.6526587665592));
#17634=CARTESIAN_POINT('',(3.71880350781281,1.54044650062196,22.6019034608181));
#17635=CARTESIAN_POINT('',(3.71880350781281,2.27711040625045E-16,22.6019034608181));
#17636=CARTESIAN_POINT('',(3.71880350781281,1.10743379872973,22.6019034608181));
#17637=CARTESIAN_POINT('',(3.71880350781281,3.93886892846202,27.5060929638498));
#17638=CARTESIAN_POINT('',(3.71880350781281,0.890927447783631,22.2269034608181));
#17639=CARTESIAN_POINT('',(3.71880350781281,-2.60247775678665,28.2776587665592));
#17640=CARTESIAN_POINT('',(3.71880350781281,1.10743379872973,21.8519034608181));
#17641=CARTESIAN_POINT('',(3.71880350781281,1.01866500450164E-13,21.8519034608181));
#17642=CARTESIAN_POINT('',(3.71880350781281,5.02140068319258,26.8810929638499));
#17643=CARTESIAN_POINT('',(3.71880350781281,1.54044650062198,20.8519034608181));
#17644=CARTESIAN_POINT('',(3.71880350781281,1.75695285156808,21.2269034608181));
#17645=CARTESIAN_POINT('',(3.71880350781281,-2.38597140584055,28.4026587665592));
#17646=CARTESIAN_POINT('',(3.71880350781281,1.54044650062197,21.6019034608181));
#17647=CARTESIAN_POINT('',(3.71880350781281,2.27711040625045E-16,21.6019034608181));
#17648=CARTESIAN_POINT('',(3.71880350781281,1.10743379872975,21.6019034608181));
#17649=CARTESIAN_POINT('',(3.71880350781281,4.37188163035424,27.2560929638498));
#17650=CARTESIAN_POINT('',(3.71880350781281,0.890927447783644,21.2269034608181));
#17651=CARTESIAN_POINT('',(3.71880350781281,-3.03549045867887,28.0276587665592));
#17652=CARTESIAN_POINT('',(3.71880350781281,1.10743379872975,20.8519034608181));
#17653=CARTESIAN_POINT('',(3.71880350781281,1.14686251692721E-13,20.8519034608181));
#17654=CARTESIAN_POINT('',(3.71880350781281,5.4544133850848,26.6310929638499));
#17655=CARTESIAN_POINT('',(3.71880350781281,1.54044650062199,19.8519034608181));
#17656=CARTESIAN_POINT('',(3.71880350781281,1.75695285156809,20.2269034608181));
#17657=CARTESIAN_POINT('',(3.71880350781281,-2.81898410773276,28.1526587665592));
#17658=CARTESIAN_POINT('',(3.71880350781281,1.54044650062198,20.6019034608181));
#17659=CARTESIAN_POINT('',(3.71880350781281,2.27711040625045E-16,20.6019034608181));
#17660=CARTESIAN_POINT('',(3.71880350781281,1.10743379872976,20.6019034608181));
#17661=CARTESIAN_POINT('',(3.71880350781281,4.80489433224647,27.0060929638499));
#17662=CARTESIAN_POINT('',(3.71880350781281,0.890927447783657,20.2269034608181));
#17663=CARTESIAN_POINT('',(3.71880350781281,-3.46850316057108,27.7776587665592));
#17664=CARTESIAN_POINT('',(3.71880350781281,1.10743379872976,19.8519034608181));
#17665=CARTESIAN_POINT('',(3.71880350781281,1.27506002935278E-13,19.8519034608181));
#17666=CARTESIAN_POINT('',(3.71880350781281,1.12428636616257,29.1310929638498));
#17667=CARTESIAN_POINT('',(3.71880350781281,-0.191604306946981,26.8519034608181));
#17668=CARTESIAN_POINT('',(3.71880350781281,0.0249020439991218,27.2269034608181));
#17669=CARTESIAN_POINT('',(3.71880350781281,-1.08693330016391,29.1526587665592));
#17670=CARTESIAN_POINT('',(3.71880350781281,-0.191604306946985,27.6019034608181));
#17671=CARTESIAN_POINT('',(3.71880350781281,2.27711040625045E-16,27.6019034608181));
#17672=CARTESIAN_POINT('',(3.71880350781281,-0.62461700883921,27.6019034608181));
#17673=CARTESIAN_POINT('',(3.71880350781281,0.474767313324236,29.5060929638499));
#17674=CARTESIAN_POINT('',(3.71880350781281,-0.841123359785313,27.2269034608181));
#17675=CARTESIAN_POINT('',(3.71880350781281,-1.73645235300223,28.7776587665592));
#17676=CARTESIAN_POINT('',(3.71880350781281,-0.624617008839211,26.8519034608181));
#17677=CARTESIAN_POINT('',(3.71880350781281,3.77677442373788E-14,26.8519034608181));
#17678=CARTESIAN_POINT('',(3.71880350781281,1.55729906805479,28.8810929638498));
#17679=CARTESIAN_POINT('',(3.71880350781281,0.674421096837452,27.3519034608181));
#17680=CARTESIAN_POINT('',(3.71880350781281,0.890927447783562,27.7269034608181));
#17681=CARTESIAN_POINT('',(3.71880350781281,-0.220907896379472,29.6526587665592));
#17682=CARTESIAN_POINT('',(3.71880350781281,1.84698887169361,27.8281235720635));
#17683=CARTESIAN_POINT('',(3.71880350781281,1.84698887169361,19.1));
#17684=CARTESIAN_POINT('',(3.71880350781281,2.27711040625045E-16,19.1));
#17685=CARTESIAN_POINT('',(3.71880350781281,-1.12877640743135,19.1));
#17686=CARTESIAN_POINT('',(3.71880350781281,-1.12877640743135,27.8281235720635));
#17687=CARTESIAN_POINT('',(3.71880350781281,0.907780015216457,29.2560929638498));
#17688=CARTESIAN_POINT('',(3.71880350781281,0.0249020439991206,27.7269034608181));
#17689=CARTESIAN_POINT('',(3.71880350781281,-0.870426949217797,29.2776587665592));
#17690=CARTESIAN_POINT('',(3.71880350781281,0.241408394945223,27.3519034608181));
#17691=CARTESIAN_POINT('',(3.71880350781281,3.13578686161003E-14,27.3519034608181));
#17692=CARTESIAN_POINT('',(-0.00831041920681779,5.19908176378982E-16,29.7802));
#17693=CARTESIAN_POINT('',(-0.00831041920681779,5.19908176378982E-16,27.1019034608181));
#17694=CARTESIAN_POINT('',(4.44209413342801,0.241408394945236,27.1019034608181));
#17695=CARTESIAN_POINT('',(4.39731494836626,0.674421096837461,27.1019034608181));
#17696=CARTESIAN_POINT('',(-0.00831041920681779,5.19908176378982E-16,28.2700350662368));
#17697=CARTESIAN_POINT('',(4.35868247957934,0.890927447783575,26.7269034608181));
#17698=CARTESIAN_POINT('',(-0.00831041920681779,5.19908176378982E-16,25.1837718553992));
#17699=CARTESIAN_POINT('',(4.39731494836626,0.674421096837465,26.3519034608181));
#17700=CARTESIAN_POINT('',(-0.00831041920681779,5.19908176378982E-16,26.3519034608181));
#17701=CARTESIAN_POINT('',(4.44209413342801,0.241408394945236,26.3519034608181));
#17702=CARTESIAN_POINT('',(-0.00831041920681779,5.19908176378982E-16,26.7700350662368));
#17703=CARTESIAN_POINT('',(4.44856725282631,0.0249020439991334,26.7269034608181));
#17704=CARTESIAN_POINT('',(-0.00831041920681779,5.19908176378982E-16,26.6837718553993));
#17705=CARTESIAN_POINT('',(-0.00831041920681779,5.19908176378982E-16,26.1019034608181));
#17706=CARTESIAN_POINT('',(4.44209413342801,0.241408394945249,26.1019034608181));
#17707=CARTESIAN_POINT('',(4.39731494836626,0.674421096837474,26.1019034608181));
#17708=CARTESIAN_POINT('',(-0.00831041920681779,5.19908176378982E-16,27.2700350662368));
#17709=CARTESIAN_POINT('',(4.35868247957933,0.890927447783588,25.7269034608181));
#17710=CARTESIAN_POINT('',(-0.00831041920681779,5.19908176378982E-16,24.1837718553992));
#17711=CARTESIAN_POINT('',(4.39731494836626,0.674421096837477,25.351903460818));
#17712=CARTESIAN_POINT('',(-0.00831041920681779,5.19908176378982E-16,25.351903460818));
#17713=CARTESIAN_POINT('',(4.44209413342801,0.241408394945248,25.351903460818));
#17714=CARTESIAN_POINT('',(-0.00831041920681779,5.19908176378982E-16,25.7700350662369));
#17715=CARTESIAN_POINT('',(4.44856725282631,0.0249020439991463,25.7269034608181));
#17716=CARTESIAN_POINT('',(-0.00831041920681779,5.19908176378982E-16,25.6837718553992));
#17717=CARTESIAN_POINT('',(-0.00831041920681779,5.19908176378982E-16,25.101903460818));
#17718=CARTESIAN_POINT('',(4.44209413342801,0.241408394945262,25.101903460818));
#17719=CARTESIAN_POINT('',(4.39731494836625,0.674421096837487,25.101903460818));
#17720=CARTESIAN_POINT('',(-0.00831041920681779,5.19908176378982E-16,26.2700350662369));
#17721=CARTESIAN_POINT('',(4.35868247957933,0.890927447783601,24.7269034608181));
#17722=CARTESIAN_POINT('',(-0.00831041920681779,5.19908176378982E-16,23.1837718553992));
#17723=CARTESIAN_POINT('',(4.39731494836625,0.67442109683749,24.3519034608181));
#17724=CARTESIAN_POINT('',(-0.00831041920681779,5.19908176378982E-16,24.3519034608181));
#17725=CARTESIAN_POINT('',(4.44209413342801,0.241408394945261,24.3519034608181));
#17726=CARTESIAN_POINT('',(-0.00831041920681779,5.19908176378982E-16,24.7700350662369));
#17727=CARTESIAN_POINT('',(4.44856725282631,0.0249020439991591,24.7269034608181));
#17728=CARTESIAN_POINT('',(-0.00831041920681779,5.19908176378982E-16,24.6837718553992));
#17729=CARTESIAN_POINT('',(-0.00831041920681779,5.19908176378982E-16,24.1019034608181));
#17730=CARTESIAN_POINT('',(4.44209413342801,0.241408394945275,24.1019034608181));
#17731=CARTESIAN_POINT('',(4.39731494836625,0.6744210968375,24.1019034608181));
#17732=CARTESIAN_POINT('',(-0.00831041920681779,5.19908176378982E-16,25.2700350662369));
#17733=CARTESIAN_POINT('',(4.35868247957932,0.890927447783614,23.7269034608181));
#17734=CARTESIAN_POINT('',(-0.00831041920681779,5.19908176378982E-16,22.1837718553991));
#17735=CARTESIAN_POINT('',(4.39731494836625,0.674421096837503,23.3519034608181));
#17736=CARTESIAN_POINT('',(-0.00831041920681779,5.19908176378982E-16,23.3519034608181));
#17737=CARTESIAN_POINT('',(4.44209413342801,0.241408394945274,23.3519034608181));
#17738=CARTESIAN_POINT('',(-0.00831041920681779,5.19908176378982E-16,23.7700350662369));
#17739=CARTESIAN_POINT('',(4.44856725282631,0.024902043999172,23.7269034608181));
#17740=CARTESIAN_POINT('',(-0.00831041920681779,5.19908176378982E-16,23.6837718553992));
#17741=CARTESIAN_POINT('',(-0.00831041920681779,5.19908176378982E-16,21.1019034608181));
#17742=CARTESIAN_POINT('',(4.442094133428,0.241408394945313,21.1019034608181));
#17743=CARTESIAN_POINT('',(4.39731494836624,0.674421096837538,21.1019034608181));
#17744=CARTESIAN_POINT('',(-0.00831041920681779,5.19908176378982E-16,22.270035066237));
#17745=CARTESIAN_POINT('',(4.35868247957931,0.890927447783652,20.7269034608181));
#17746=CARTESIAN_POINT('',(-0.00831041920681779,5.19908176378982E-16,19.1837718553991));
#17747=CARTESIAN_POINT('',(4.39731494836624,0.674421096837541,20.3519034608181));
#17748=CARTESIAN_POINT('',(-0.00831041920681779,5.19908176378982E-16,20.3519034608181));
#17749=CARTESIAN_POINT('',(4.44209413342801,0.241408394945313,20.3519034608181));
#17750=CARTESIAN_POINT('',(-0.00831041920681779,5.19908176378982E-16,20.770035066237));
#17751=CARTESIAN_POINT('',(4.44856725282631,0.0249020439992103,20.7269034608181));
#17752=CARTESIAN_POINT('',(-0.00831041920681779,5.19908176378982E-16,20.6837718553991));
#17753=CARTESIAN_POINT('',(-0.00831041920681779,5.19908176378982E-16,22.1019034608181));
#17754=CARTESIAN_POINT('',(4.44209413342801,0.2414083949453,22.1019034608181));
#17755=CARTESIAN_POINT('',(4.39731494836625,0.674421096837525,22.1019034608181));
#17756=CARTESIAN_POINT('',(-0.00831041920681779,5.19908176378982E-16,23.270035066237));
#17757=CARTESIAN_POINT('',(4.35868247957932,0.890927447783639,21.7269034608181));
#17758=CARTESIAN_POINT('',(-0.00831041920681779,5.19908176378982E-16,20.1837718553991));
#17759=CARTESIAN_POINT('',(4.39731494836625,0.674421096837529,21.3519034608181));
#17760=CARTESIAN_POINT('',(-0.00831041920681779,5.19908176378982E-16,21.3519034608181));
#17761=CARTESIAN_POINT('',(4.44209413342801,0.2414083949453,21.3519034608181));
#17762=CARTESIAN_POINT('',(-0.00831041920681779,5.19908176378982E-16,21.7700350662369));
#17763=CARTESIAN_POINT('',(4.44856725282631,0.0249020439991975,21.7269034608181));
#17764=CARTESIAN_POINT('',(-0.00831041920681779,5.19908176378982E-16,21.6837718553991));
#17765=CARTESIAN_POINT('',(-0.00831041920681779,5.19908176378982E-16,23.1019034608181));
#17766=CARTESIAN_POINT('',(4.44209413342801,0.241408394945288,23.1019034608181));
#17767=CARTESIAN_POINT('',(4.39731494836625,0.674421096837513,23.1019034608181));
#17768=CARTESIAN_POINT('',(-0.00831041920681779,5.19908176378982E-16,24.2700350662369));
#17769=CARTESIAN_POINT('',(4.35868247957932,0.890927447783626,22.7269034608181));
#17770=CARTESIAN_POINT('',(-0.00831041920681779,5.19908176378982E-16,21.1837718553991));
#17771=CARTESIAN_POINT('',(4.39731494836625,0.674421096837516,22.3519034608181));
#17772=CARTESIAN_POINT('',(-0.00831041920681779,5.19908176378982E-16,22.3519034608181));
#17773=CARTESIAN_POINT('',(4.44209413342801,0.241408394945287,22.3519034608181));
#17774=CARTESIAN_POINT('',(-0.00831041920681779,5.19908176378982E-16,22.770035066237));
#17775=CARTESIAN_POINT('',(4.44856725282631,0.0249020439991848,22.7269034608181));
#17776=CARTESIAN_POINT('',(-0.00831041920681779,5.19908176378982E-16,22.6837718553991));
#17777=CARTESIAN_POINT('',(-0.00831041920681779,5.19908176378982E-16,26.6019034608181));
#17778=CARTESIAN_POINT('',(4.40465143056388,-0.624617008839197,26.6019034608181));
#17779=CARTESIAN_POINT('',(4.44451637787637,-0.191604306946972,26.6019034608181));
#17780=CARTESIAN_POINT('',(-0.00831041920681779,5.19908176378982E-16,26.2700350662369));
#17781=CARTESIAN_POINT('',(4.44856725282631,0.0249020439991416,26.2269034608181));
#17782=CARTESIAN_POINT('',(-0.00831041920681779,5.19908176378982E-16,26.1837718553992));
#17783=CARTESIAN_POINT('',(4.44451637787637,-0.191604306946969,25.8519034608181));
#17784=CARTESIAN_POINT('',(-0.00831041920681779,5.19908176378982E-16,25.8519034608181));
#17785=CARTESIAN_POINT('',(4.40465143056388,-0.624617008839198,25.8519034608181));
#17786=CARTESIAN_POINT('',(-0.00831041920681779,5.19908176378982E-16,24.7700350662369));
#17787=CARTESIAN_POINT('',(4.36854806478445,-0.8411233597853,26.2269034608181));
#17788=CARTESIAN_POINT('',(-0.00831041920681779,5.19908176378982E-16,27.6837718553993));
#17789=CARTESIAN_POINT('',(-0.00831041920681779,5.19908176378982E-16,25.601903460818));
#17790=CARTESIAN_POINT('',(4.40465143056388,-0.624617008839185,25.601903460818));
#17791=CARTESIAN_POINT('',(4.44451637787637,-0.191604306946959,25.601903460818));
#17792=CARTESIAN_POINT('',(-0.00831041920681779,5.19908176378982E-16,25.2700350662369));
#17793=CARTESIAN_POINT('',(4.44856725282631,0.0249020439991545,25.2269034608181));
#17794=CARTESIAN_POINT('',(-0.00831041920681779,5.19908176378982E-16,25.1837718553992));
#17795=CARTESIAN_POINT('',(4.44451637787637,-0.191604306946956,24.8519034608181));
#17796=CARTESIAN_POINT('',(-0.00831041920681779,5.19908176378982E-16,24.8519034608181));
#17797=CARTESIAN_POINT('',(4.40465143056388,-0.624617008839185,24.8519034608181));
#17798=CARTESIAN_POINT('',(-0.00831041920681779,5.19908176378982E-16,23.7700350662369));
#17799=CARTESIAN_POINT('',(4.36854806478445,-0.841123359785287,25.2269034608181));
#17800=CARTESIAN_POINT('',(-0.00831041920681779,5.19908176378982E-16,26.6837718553992));
#17801=CARTESIAN_POINT('',(-0.00831041920681779,5.19908176378982E-16,24.6019034608181));
#17802=CARTESIAN_POINT('',(4.40465143056388,-0.624617008839172,24.6019034608181));
#17803=CARTESIAN_POINT('',(4.44451637787637,-0.191604306946946,24.6019034608181));
#17804=CARTESIAN_POINT('',(-0.00831041920681779,5.19908176378982E-16,24.2700350662369));
#17805=CARTESIAN_POINT('',(4.44856725282631,0.0249020439991673,24.2269034608181));
#17806=CARTESIAN_POINT('',(-0.00831041920681779,5.19908176378982E-16,24.1837718553992));
#17807=CARTESIAN_POINT('',(4.44451637787637,-0.191604306946943,23.8519034608181));
#17808=CARTESIAN_POINT('',(-0.00831041920681779,5.19908176378982E-16,23.8519034608181));
#17809=CARTESIAN_POINT('',(4.40465143056388,-0.624617008839172,23.8519034608181));
#17810=CARTESIAN_POINT('',(-0.00831041920681779,5.19908176378982E-16,22.770035066237));
#17811=CARTESIAN_POINT('',(4.36854806478445,-0.841123359785274,24.2269034608181));
#17812=CARTESIAN_POINT('',(-0.00831041920681779,5.19908176378982E-16,25.6837718553992));
#17813=CARTESIAN_POINT('',(-0.00831041920681779,5.19908176378982E-16,23.6019034608181));
#17814=CARTESIAN_POINT('',(4.40465143056388,-0.624617008839159,23.6019034608181));
#17815=CARTESIAN_POINT('',(4.44451637787638,-0.191604306946934,23.6019034608181));
#17816=CARTESIAN_POINT('',(-0.00831041920681779,5.19908176378982E-16,23.270035066237));
#17817=CARTESIAN_POINT('',(4.44856725282631,0.0249020439991801,23.2269034608181));
#17818=CARTESIAN_POINT('',(-0.00831041920681779,5.19908176378982E-16,23.1837718553992));
#17819=CARTESIAN_POINT('',(4.44451637787638,-0.191604306946931,22.8519034608181));
#17820=CARTESIAN_POINT('',(-0.00831041920681779,5.19908176378982E-16,22.8519034608181));
#17821=CARTESIAN_POINT('',(4.40465143056388,-0.624617008839159,22.8519034608181));
#17822=CARTESIAN_POINT('',(-0.00831041920681779,5.19908176378982E-16,21.7700350662369));
#17823=CARTESIAN_POINT('',(4.36854806478445,-0.841123359785261,23.2269034608181));
#17824=CARTESIAN_POINT('',(-0.00831041920681779,5.19908176378982E-16,24.6837718553992));
#17825=CARTESIAN_POINT('',(-0.00831041920681779,5.19908176378982E-16,29.2700350662368));
#17826=CARTESIAN_POINT('',(4.35868247957934,0.890927447783562,27.7269034608181));
#17827=CARTESIAN_POINT('',(-0.00831041920681779,5.19908176378982E-16,26.1837718553993));
#17828=CARTESIAN_POINT('',(4.39731494836626,0.674421096837452,27.3519034608181));
#17829=CARTESIAN_POINT('',(-0.00831041920681779,5.19908176378982E-16,27.3519034608181));
#17830=CARTESIAN_POINT('',(4.44209413342801,0.241408394945223,27.3519034608181));
#17831=CARTESIAN_POINT('',(-0.00831041920681779,5.19908176378982E-16,27.7700350662368));
#17832=CARTESIAN_POINT('',(4.44856725282631,0.0249020439991206,27.7269034608181));
#17833=CARTESIAN_POINT('',(-0.00831041920681779,5.19908176378982E-16,27.6837718553993));
#17834=CARTESIAN_POINT('',(4.30332993189961,-1.12877640743135,29.7802));
#17835=CARTESIAN_POINT('',(4.30332993189961,-1.12877640743135,19.1));
#17836=CARTESIAN_POINT('',(-0.00831041920681779,5.19908176378982E-16,19.1));
#17837=CARTESIAN_POINT('',(4.44467358298369,0.187915330663023,19.1));
#17838=CARTESIAN_POINT('',(4.44467358298369,0.187915330663023,19.1));
#17839=CARTESIAN_POINT('',(4.44636585732353,0.14781391618025,19.1708645595993));
#17840=CARTESIAN_POINT('',(4.44727065443963,0.106518172677858,19.3313378305317));
#17841=CARTESIAN_POINT('',(4.44579749625198,0.173357527845044,19.5734258782971));
#17842=CARTESIAN_POINT('',(4.43655848361661,0.351515373318258,19.748457260746));
#17843=CARTESIAN_POINT('',(4.41137763895989,0.59330895311123,19.811112869672));
#17844=CARTESIAN_POINT('',(4.37230589857689,0.830952689692574,19.7466283375626));
#17845=CARTESIAN_POINT('',(4.33390591346238,1.00726294001855,19.572540719142));
#17846=CARTESIAN_POINT('',(4.31720154931489,1.07399427822429,19.3321013310996));
#17847=CARTESIAN_POINT('',(4.32760772139111,1.03240717259263,19.170443644628));
#17848=CARTESIAN_POINT('',(4.33671376999592,0.992543948903981,19.1));
#17849=CARTESIAN_POINT('',(4.33671376999592,0.992543948903981,19.1));
#17850=CARTESIAN_POINT('',(-0.00831041920681779,5.19908176378982E-16,19.1));
#17851=CARTESIAN_POINT('',(4.0479206889899,1.84698887169361,19.1));
#17852=CARTESIAN_POINT('',(4.0479206889899,1.84698887169361,29.7802));
#17853=CARTESIAN_POINT('',(-0.00831041920681779,5.19908176378982E-16,20.6019034608181));
#17854=CARTESIAN_POINT('',(4.40465143056389,-0.62461700883912,20.6019034608181));
#17855=CARTESIAN_POINT('',(4.44451637787638,-0.191604306946895,20.6019034608181));
#17856=CARTESIAN_POINT('',(-0.00831041920681779,5.19908176378982E-16,20.270035066237));
#17857=CARTESIAN_POINT('',(4.44856725282631,0.0249020439992186,20.2269034608181));
#17858=CARTESIAN_POINT('',(-0.00831041920681779,5.19908176378982E-16,20.1837718553991));
#17859=CARTESIAN_POINT('',(4.44451637787638,-0.191604306946892,19.8519034608181));
#17860=CARTESIAN_POINT('',(-0.00831041920681779,5.19908176378982E-16,19.8519034608181));
#17861=CARTESIAN_POINT('',(4.40465143056389,-0.624617008839121,19.8519034608181));
#17862=CARTESIAN_POINT('',(-0.00831041920681779,5.19908176378982E-16,18.770035066237));
#17863=CARTESIAN_POINT('',(4.36854806478446,-0.841123359785223,20.2269034608181));
#17864=CARTESIAN_POINT('',(-0.00831041920681779,5.19908176378982E-16,21.6837718553991));
#17865=CARTESIAN_POINT('',(-0.00831041920681779,5.19908176378982E-16,21.6019034608181));
#17866=CARTESIAN_POINT('',(4.40465143056389,-0.624617008839133,21.6019034608181));
#17867=CARTESIAN_POINT('',(4.44451637787638,-0.191604306946908,21.6019034608181));
#17868=CARTESIAN_POINT('',(-0.00831041920681779,5.19908176378982E-16,21.270035066237));
#17869=CARTESIAN_POINT('',(4.44856725282631,0.0249020439992058,21.2269034608181));
#17870=CARTESIAN_POINT('',(-0.00831041920681779,5.19908176378982E-16,21.1837718553991));
#17871=CARTESIAN_POINT('',(4.44451637787638,-0.191604306946905,20.8519034608181));
#17872=CARTESIAN_POINT('',(-0.00831041920681779,5.19908176378982E-16,20.8519034608181));
#17873=CARTESIAN_POINT('',(4.40465143056389,-0.624617008839134,20.8519034608181));
#17874=CARTESIAN_POINT('',(-0.00831041920681779,5.19908176378982E-16,19.770035066237));
#17875=CARTESIAN_POINT('',(4.36854806478446,-0.841123359785236,21.2269034608181));
#17876=CARTESIAN_POINT('',(-0.00831041920681779,5.19908176378982E-16,22.6837718553991));
#17877=CARTESIAN_POINT('',(-0.00831041920681779,5.19908176378982E-16,22.6019034608181));
#17878=CARTESIAN_POINT('',(4.40465143056389,-0.624617008839146,22.6019034608181));
#17879=CARTESIAN_POINT('',(4.44451637787638,-0.191604306946921,22.6019034608181));
#17880=CARTESIAN_POINT('',(-0.00831041920681779,5.19908176378982E-16,22.270035066237));
#17881=CARTESIAN_POINT('',(4.44856725282631,0.024902043999193,22.2269034608181));
#17882=CARTESIAN_POINT('',(-0.00831041920681779,5.19908176378982E-16,22.1837718553991));
#17883=CARTESIAN_POINT('',(4.44451637787638,-0.191604306946918,21.8519034608181));
#17884=CARTESIAN_POINT('',(-0.00831041920681779,5.19908176378982E-16,21.8519034608181));
#17885=CARTESIAN_POINT('',(4.40465143056389,-0.624617008839147,21.8519034608181));
#17886=CARTESIAN_POINT('',(-0.00831041920681779,5.19908176378982E-16,20.770035066237));
#17887=CARTESIAN_POINT('',(4.36854806478445,-0.841123359785249,22.2269034608181));
#17888=CARTESIAN_POINT('',(-0.00831041920681779,5.19908176378982E-16,23.6837718553992));
#17889=CARTESIAN_POINT('',(-0.00831041920681779,5.19908176378982E-16,27.6019034608181));
#17890=CARTESIAN_POINT('',(4.30886100160727,1.10743379872967,27.6019034608181));
#17891=CARTESIAN_POINT('',(4.17396208195623,1.5404465006219,27.6019034608181));
#17892=CARTESIAN_POINT('',(-0.00831041920681779,5.19908176378982E-16,30.2700350662368));
#17893=CARTESIAN_POINT('',(4.08772368375545,1.75695285156801,27.2269034608181));
#17894=CARTESIAN_POINT('',(-0.00831041920681779,5.19908176378982E-16,24.1837718553992));
#17895=CARTESIAN_POINT('',(4.17396208195623,1.5404465006219,26.8519034608181));
#17896=CARTESIAN_POINT('',(-0.00831041920681779,5.19908176378982E-16,26.8519034608181));
#17897=CARTESIAN_POINT('',(4.30886100160727,1.10743379872967,26.8519034608181));
#17898=CARTESIAN_POINT('',(-0.00831041920681779,5.19908176378982E-16,28.7700350662368));
#17899=CARTESIAN_POINT('',(4.35868247957934,0.890927447783567,27.2269034608181));
#17900=CARTESIAN_POINT('',(-0.00831041920681779,5.19908176378982E-16,25.6837718553992));
#17901=CARTESIAN_POINT('',(-0.00831041920681779,5.19908176378982E-16,26.6019034608181));
#17902=CARTESIAN_POINT('',(4.30886100160727,1.10743379872968,26.6019034608181));
#17903=CARTESIAN_POINT('',(4.17396208195622,1.54044650062191,26.6019034608181));
#17904=CARTESIAN_POINT('',(-0.00831041920681779,5.19908176378982E-16,29.2700350662368));
#17905=CARTESIAN_POINT('',(4.08772368375544,1.75695285156802,26.2269034608181));
#17906=CARTESIAN_POINT('',(-0.00831041920681779,5.19908176378982E-16,23.1837718553992));
#17907=CARTESIAN_POINT('',(4.17396208195622,1.54044650062191,25.8519034608181));
#17908=CARTESIAN_POINT('',(-0.00831041920681779,5.19908176378982E-16,25.8519034608181));
#17909=CARTESIAN_POINT('',(4.30886100160727,1.10743379872968,25.8519034608181));
#17910=CARTESIAN_POINT('',(-0.00831041920681779,5.19908176378982E-16,27.7700350662368));
#17911=CARTESIAN_POINT('',(4.35868247957933,0.89092744778358,26.2269034608181));
#17912=CARTESIAN_POINT('',(-0.00831041920681779,5.19908176378982E-16,24.6837718553992));
#17913=CARTESIAN_POINT('',(-0.00831041920681779,5.19908176378982E-16,25.601903460818));
#17914=CARTESIAN_POINT('',(4.30886100160727,1.10743379872969,25.601903460818));
#17915=CARTESIAN_POINT('',(4.17396208195622,1.54044650062192,25.601903460818));
#17916=CARTESIAN_POINT('',(-0.00831041920681779,5.19908176378982E-16,28.2700350662368));
#17917=CARTESIAN_POINT('',(4.08772368375543,1.75695285156804,25.2269034608181));
#17918=CARTESIAN_POINT('',(-0.00831041920681779,5.19908176378982E-16,22.1837718553991));
#17919=CARTESIAN_POINT('',(4.17396208195622,1.54044650062193,24.8519034608181));
#17920=CARTESIAN_POINT('',(-0.00831041920681779,5.19908176378982E-16,24.8519034608181));
#17921=CARTESIAN_POINT('',(4.30886100160727,1.10743379872969,24.8519034608181));
#17922=CARTESIAN_POINT('',(-0.00831041920681779,5.19908176378982E-16,26.7700350662368));
#17923=CARTESIAN_POINT('',(4.35868247957933,0.890927447783592,25.2269034608181));
#17924=CARTESIAN_POINT('',(-0.00831041920681779,5.19908176378982E-16,23.6837718553992));
#17925=CARTESIAN_POINT('',(-0.00831041920681779,5.19908176378982E-16,24.6019034608181));
#17926=CARTESIAN_POINT('',(4.30886100160726,1.10743379872971,24.6019034608181));
#17927=CARTESIAN_POINT('',(4.17396208195621,1.54044650062193,24.6019034608181));
#17928=CARTESIAN_POINT('',(-0.00831041920681779,5.19908176378982E-16,27.2700350662368));
#17929=CARTESIAN_POINT('',(4.08772368375543,1.75695285156805,24.2269034608181));
#17930=CARTESIAN_POINT('',(-0.00831041920681779,5.19908176378982E-16,21.1837718553991));
#17931=CARTESIAN_POINT('',(4.17396208195621,1.54044650062193,23.8519034608181));
#17932=CARTESIAN_POINT('',(-0.00831041920681779,5.19908176378982E-16,23.8519034608181));
#17933=CARTESIAN_POINT('',(4.30886100160726,1.10743379872971,23.8519034608181));
#17934=CARTESIAN_POINT('',(-0.00831041920681779,5.19908176378982E-16,25.7700350662369));
#17935=CARTESIAN_POINT('',(4.35868247957932,0.890927447783605,24.2269034608181));
#17936=CARTESIAN_POINT('',(-0.00831041920681779,5.19908176378982E-16,22.6837718553991));
#17937=CARTESIAN_POINT('',(-0.00831041920681779,5.19908176378982E-16,23.6019034608181));
#17938=CARTESIAN_POINT('',(4.30886100160726,1.10743379872972,23.6019034608181));
#17939=CARTESIAN_POINT('',(4.17396208195621,1.54044650062195,23.6019034608181));
#17940=CARTESIAN_POINT('',(-0.00831041920681779,5.19908176378982E-16,26.2700350662369));
#17941=CARTESIAN_POINT('',(4.08772368375543,1.75695285156806,23.2269034608181));
#17942=CARTESIAN_POINT('',(-0.00831041920681779,5.19908176378982E-16,20.1837718553991));
#17943=CARTESIAN_POINT('',(4.17396208195621,1.54044650062195,22.8519034608181));
#17944=CARTESIAN_POINT('',(-0.00831041920681779,5.19908176378982E-16,22.8519034608181));
#17945=CARTESIAN_POINT('',(4.30886100160726,1.10743379872972,22.8519034608181));
#17946=CARTESIAN_POINT('',(-0.00831041920681779,5.19908176378982E-16,24.7700350662369));
#17947=CARTESIAN_POINT('',(4.35868247957932,0.890927447783618,23.2269034608181));
#17948=CARTESIAN_POINT('',(-0.00831041920681779,5.19908176378982E-16,21.6837718553991));
#17949=CARTESIAN_POINT('',(-0.00831041920681779,5.19908176378982E-16,22.6019034608181));
#17950=CARTESIAN_POINT('',(4.30886100160726,1.10743379872973,22.6019034608181));
#17951=CARTESIAN_POINT('',(4.1739620819562,1.54044650062196,22.6019034608181));
#17952=CARTESIAN_POINT('',(-0.00831041920681779,5.19908176378982E-16,25.2700350662369));
#17953=CARTESIAN_POINT('',(4.08772368375542,1.75695285156808,22.2269034608181));
#17954=CARTESIAN_POINT('',(-0.00831041920681779,5.19908176378982E-16,19.1837718553991));
#17955=CARTESIAN_POINT('',(4.1739620819562,1.54044650062196,21.8519034608181));
#17956=CARTESIAN_POINT('',(-0.00831041920681779,5.19908176378982E-16,21.8519034608181));
#17957=CARTESIAN_POINT('',(4.30886100160726,1.10743379872973,21.8519034608181));
#17958=CARTESIAN_POINT('',(-0.00831041920681779,5.19908176378982E-16,23.770035066237));
#17959=CARTESIAN_POINT('',(4.35868247957932,0.890927447783631,22.2269034608181));
#17960=CARTESIAN_POINT('',(-0.00831041920681779,5.19908176378982E-16,20.6837718553991));
#17961=CARTESIAN_POINT('',(-0.00831041920681779,5.19908176378982E-16,21.6019034608181));
#17962=CARTESIAN_POINT('',(4.30886100160726,1.10743379872975,21.6019034608181));
#17963=CARTESIAN_POINT('',(4.1739620819562,1.54044650062197,21.6019034608181));
#17964=CARTESIAN_POINT('',(-0.00831041920681779,5.19908176378982E-16,24.2700350662369));
#17965=CARTESIAN_POINT('',(4.08772368375541,1.75695285156809,21.2269034608181));
#17966=CARTESIAN_POINT('',(-0.00831041920681779,5.19908176378982E-16,18.1837718553991));
#17967=CARTESIAN_POINT('',(4.1739620819562,1.54044650062198,20.8519034608181));
#17968=CARTESIAN_POINT('',(-0.00831041920681779,5.19908176378982E-16,20.8519034608181));
#17969=CARTESIAN_POINT('',(4.30886100160726,1.10743379872975,20.8519034608181));
#17970=CARTESIAN_POINT('',(-0.00831041920681779,5.19908176378982E-16,22.770035066237));
#17971=CARTESIAN_POINT('',(4.35868247957931,0.890927447783644,21.2269034608181));
#17972=CARTESIAN_POINT('',(-0.00831041920681779,5.19908176378982E-16,19.6837718553991));
#17973=CARTESIAN_POINT('',(-0.00831041920681779,5.19908176378982E-16,20.6019034608181));
#17974=CARTESIAN_POINT('',(4.30886100160726,1.10743379872976,20.6019034608181));
#17975=CARTESIAN_POINT('',(4.1739620819562,1.54044650062198,20.6019034608181));
#17976=CARTESIAN_POINT('',(-0.00831041920681779,5.19908176378982E-16,23.270035066237));
#17977=CARTESIAN_POINT('',(4.0877236837554,1.7569528515681,20.2269034608181));
#17978=CARTESIAN_POINT('',(-0.00831041920681779,5.19908176378982E-16,17.183771855399));
#17979=CARTESIAN_POINT('',(4.17396208195619,1.54044650062199,19.8519034608181));
#17980=CARTESIAN_POINT('',(-0.00831041920681779,5.19908176378982E-16,19.8519034608181));
#17981=CARTESIAN_POINT('',(4.30886100160726,1.10743379872976,19.8519034608181));
#17982=CARTESIAN_POINT('',(-0.00831041920681779,5.19908176378982E-16,21.770035066237));
#17983=CARTESIAN_POINT('',(4.35868247957931,0.890927447783657,20.2269034608181));
#17984=CARTESIAN_POINT('',(-0.00831041920681779,5.19908176378982E-16,18.6837718553991));
#17985=CARTESIAN_POINT('',(-0.00831041920681779,5.19908176378982E-16,27.6019034608181));
#17986=CARTESIAN_POINT('',(4.40465143056388,-0.62461700883921,27.6019034608181));
#17987=CARTESIAN_POINT('',(4.44451637787637,-0.191604306946985,27.6019034608181));
#17988=CARTESIAN_POINT('',(-0.00831041920681779,5.19908176378982E-16,27.2700350662368));
#17989=CARTESIAN_POINT('',(4.44856725282631,0.0249020439991288,27.2269034608181));
#17990=CARTESIAN_POINT('',(-0.00831041920681779,5.19908176378982E-16,27.1837718553993));
#17991=CARTESIAN_POINT('',(4.44451637787637,-0.191604306946981,26.8519034608181));
#17992=CARTESIAN_POINT('',(-0.00831041920681779,5.19908176378982E-16,26.8519034608181));
#17993=CARTESIAN_POINT('',(4.40465143056388,-0.624617008839211,26.8519034608181));
#17994=CARTESIAN_POINT('',(-0.00831041920681779,5.19908176378982E-16,25.7700350662369));
#17995=CARTESIAN_POINT('',(4.36854806478445,-0.841123359785313,27.2269034608181));
#17996=CARTESIAN_POINT('',(-0.00831041920681779,5.19908176378982E-16,28.6837718553993));
#17997=CARTESIAN_POINT('',(4.75271753802886E-33,-3.88088838458394E-17,28.8279235720635));
#17998=CARTESIAN_POINT('',(0.0277087092399597,-1.89609602093697,28.8279235720635));
#17999=CARTESIAN_POINT('',(-3.88271659612656,-1.89609602093697,28.8279235720635));
#18000=CARTESIAN_POINT('',(-3.88271659612656,-0.018870085477829,28.8279235720635));
#18001=CARTESIAN_POINT('',(-3.88271659612656,1.91857144236565,28.8279235720635));
#18002=CARTESIAN_POINT('',(0.0277087092399597,1.91857144236565,28.8279235720635));
#18003=CARTESIAN_POINT('',(-1.84189768042416,2.64405533671379,28.8279235720635));
#18004=CARTESIAN_POINT('',(0.0277087092399597,1.91857144236565,28.8279235720635));
#18005=CARTESIAN_POINT('',(1.91789707168936,2.64405533671379,28.8279235720635));
#18006=CARTESIAN_POINT('',(0.0277087092399597,1.91857144236565,28.8279235720635));
#18007=CARTESIAN_POINT('',(3.93813401460647,1.91857144236565,28.8279235720635));
#18008=CARTESIAN_POINT('',(3.93813401460647,0.0112377107143402,28.8279235720635));
#18009=CARTESIAN_POINT('',(3.93813401460647,-1.89609602093697,28.8279235720635));
#18010=CARTESIAN_POINT('',(0.0277087092399597,-1.89609602093697,28.8279235720635));
#18011=CARTESIAN_POINT('',(1.92705867812037,-2.71791014820338,28.8279235720635));
#18012=CARTESIAN_POINT('',(0.0277087092399597,-1.89609602093697,28.8279235720635));
#18013=CARTESIAN_POINT('',(-1.79108104202896,-2.60985773056745,28.8279235720635));
#18014=CARTESIAN_POINT('',(0.488891452550889,-0.42977137491107,30.8279235720634));
#18015=CARTESIAN_POINT('',(0.488891452550889,-0.42977137491107,28.3279235720635));
#18016=CARTESIAN_POINT('',(0.488891452550889,-0.595686817541719,30.8279235720634));
#18017=CARTESIAN_POINT('',(-2.45758146047592,-0.595686817541719,30.8279235720634));
#18018=CARTESIAN_POINT('',(-2.45758146047592,-0.595686817541719,28.3279235720635));
#18019=CARTESIAN_POINT('',(0.488891452550889,-0.595686817541719,28.3279235720635));
#18020=CARTESIAN_POINT('',(-2.02620141208172,-0.595686817541719,28.3279235720635));
#18021=CARTESIAN_POINT('',(-2.02620141208172,-0.595686817541719,30.8279235720634));
#18022=CARTESIAN_POINT('',(-2.02620141208172,-8.67457307383884,30.8279235720634));
#18023=CARTESIAN_POINT('',(-2.02620141208172,-8.67457307383884,28.3279235720635));
#18024=CARTESIAN_POINT('',(-2.02620141208172,0.96391811966896,28.3279235720635));
#18025=CARTESIAN_POINT('',(-2.02620141208172,0.96391811966896,30.8279235720634));
#18026=CARTESIAN_POINT('',(0.488891452550889,0.963918119668961,30.8279235720634));
#18027=CARTESIAN_POINT('',(0.488891452550889,0.963918119668961,28.3279235720635));
#18028=CARTESIAN_POINT('',(-2.45758146047592,0.963918119668961,28.3279235720635));
#18029=CARTESIAN_POINT('',(-2.45758146047592,0.96391811966896,30.8279235720634));
#18030=CARTESIAN_POINT('',(-2.45758146047592,-8.67457307383884,30.8279235720634));
#18031=CARTESIAN_POINT('',(-2.45758146047592,-8.67457307383884,28.3279235720635));
#18032=CARTESIAN_POINT('',(2.72483912810286E-16,1.66848275821132E-32,19.1));
#18033=CARTESIAN_POINT('',(-4.44862595985297,0.110576079340274,19.1));
#18034=CARTESIAN_POINT('',(-4.45026691158011,0.0445583610799847,19.0573850016835));
#18035=CARTESIAN_POINT('',(-4.45026691681178,-0.0445581506026634,19.0573848658186));
#18036=CARTESIAN_POINT('',(-4.44862595985297,-0.110576079340273,19.1));
#18037=CARTESIAN_POINT('',(-4.44862595985297,0.110576079340274,19.1));
#18038=CARTESIAN_POINT('',(-4.44862595985297,-0.110576079340274,19.1));
#18039=CARTESIAN_POINT('',(2.72483912810286E-16,1.66848275821132E-32,19.1));
#18040=CARTESIAN_POINT('',(-3.00141132017186,3.28542692616108,19.1));
#18041=CARTESIAN_POINT('',(2.72483912810286E-16,1.66848275821132E-32,19.1));
#18042=CARTESIAN_POINT('',(3.00141132017179,3.28542692616114,19.1));
#18043=CARTESIAN_POINT('',(2.72483912810286E-16,1.66848275821132E-32,19.1));
#18044=CARTESIAN_POINT('',(4.33789770620448,0.992543948903981,19.1));
#18045=CARTESIAN_POINT('',(4.33789770620448,0.992543948903981,19.1));
#18046=CARTESIAN_POINT('',(4.34715875643356,0.952068674645188,19.028474780204));
#18047=CARTESIAN_POINT('',(4.37279581720239,0.835044587920629,18.9104694154282));
#18048=CARTESIAN_POINT('',(4.41288363579952,0.592518309319042,18.8434252080264));
#18049=CARTESIAN_POINT('',(4.43818071504793,0.348121201630831,18.9082598371281));
#18050=CARTESIAN_POINT('',(4.44430938525199,0.228638136741415,19.0280373583921));
#18051=CARTESIAN_POINT('',(4.44603056990185,0.187915330663023,19.1));
#18052=CARTESIAN_POINT('',(4.44603056990185,0.187915330663023,19.1));
#18053=CARTESIAN_POINT('',(2.72483912810286E-16,1.66848275821132E-32,19.1));
#18054=CARTESIAN_POINT('',(3.70555957045617,1.11039187759161,20.));
#18055=CARTESIAN_POINT('',(4.25875782966614,1.11039187759161,20.));
#18056=CARTESIAN_POINT('',(4.25875782966614,1.11039187759161,19.8519034608181));
#18057=CARTESIAN_POINT('',(3.70555957045617,1.11039187759161,19.8519034608181));
#18058=CARTESIAN_POINT('',(4.25761159181595,1.14598513124341,19.8519034608181));
#18059=CARTESIAN_POINT('',(4.25761159181595,1.14598513124341,20.));
#18060=CARTESIAN_POINT('',(3.66683371532891,2.3319883617867E-15,20.));
#18061=CARTESIAN_POINT('',(3.66683371532891,2.3319883617867E-15,20.));
#18062=CARTESIAN_POINT('',(4.25875782966614,0.,20.));
#18063=CARTESIAN_POINT('',(4.25875782966614,0.,20.));
#18064=CARTESIAN_POINT('',(0.,0.,20.));
#18065=CARTESIAN_POINT('',(0.,1.02193022196702,20.));
#18066=CARTESIAN_POINT('',(4.25875782966614,1.02193022196702,20.));
#18067=CARTESIAN_POINT('',(4.25875782966614,0.555195938795805,20.));
#18068=CARTESIAN_POINT('',(0.488891452550889,1.10771143808961,30.8279235720634));
#18069=CARTESIAN_POINT('',(0.488891452550889,1.10771143808961,27.8519034608181));
#18070=CARTESIAN_POINT('',(0.,0.,19.1));
#18071=CARTESIAN_POINT('',(-0.654342089332021,1.12331492918442,19.1));
#18072=CARTESIAN_POINT('',(-0.00579591258266932,1.50109951060237,19.1));
#18073=CARTESIAN_POINT('',(0.493085761839909,1.79170303477002,19.1));
#18074=CARTESIAN_POINT('',(0.645648220458017,1.12833433671913,19.1));
#18075=CARTESIAN_POINT('',(-0.506906784152428,1.78784195205102,19.1));
#18076=CARTESIAN_POINT('',(-0.499996272996169,-0.00193054135950208,19.1));
#18077=CARTESIAN_POINT('',(-0.509135981299609,2.36518791766731,19.1));
#18078=CARTESIAN_POINT('',(-1.15768215804896,1.98740333624937,19.1));
#18079=CARTESIAN_POINT('',(-0.0102543068770303,2.65579144183496,19.1));
#18080=CARTESIAN_POINT('',(1.14230069773341,1.99628382650308,19.1));
#18081=CARTESIAN_POINT('',(0.490856564692729,2.36904900038631,19.1));
#18082=CARTESIAN_POINT('',(0.49999627299617,0.00193054135950231,19.1));
#18083=CARTESIAN_POINT('',(0.0999992545992335,0.000386108271900416,19.1));
#18084=CARTESIAN_POINT('',(0.087315345720104,3.28542692616116,19.1));
#18085=CARTESIAN_POINT('',(0.0890761885780492,2.82938133979175,19.1));
#18086=CARTESIAN_POINT('',(-2.01174378447789E-16,3.28542692616116,19.1));
#18087=CARTESIAN_POINT('',(-0.112686145092541,3.28542692616116,19.1));
#18088=CARTESIAN_POINT('',(-0.0999992545992324,-0.000386108271900457,19.1));
#18089=CARTESIAN_POINT('',(-0.110922320620418,2.82860912324794,19.1));
#18090=CARTESIAN_POINT('',(-1.25835017179235,2.16022101766236,19.1));
#18091=CARTESIAN_POINT('',(-0.609803995042997,2.53800559908029,19.1));
#18092=CARTESIAN_POINT('',(0.943639706823256,1.6491040305895,19.1));
#18093=CARTESIAN_POINT('',(-1.11091486661276,2.82474804052894,19.1));
#18094=CARTESIAN_POINT('',(-1.09999180059157,-0.00424719099090459,19.1));
#18095=CARTESIAN_POINT('',(-1.11269359915577,3.28542692616116,19.1));
#18096=CARTESIAN_POINT('',(-2.01174378447789E-16,3.28542692616116,19.1));
#18097=CARTESIAN_POINT('',(-1.31269508996841,3.28542692616116,19.1));
#18098=CARTESIAN_POINT('',(-1.29999030979004,-0.005019407534706,19.1));
#18099=CARTESIAN_POINT('',(-1.31091337581122,2.82397582398514,19.1));
#18100=CARTESIAN_POINT('',(-1.56035421302251,2.67867406190132,19.1));
#18101=CARTESIAN_POINT('',(-1.8097950502338,2.53337229981749,19.1));
#18102=CARTESIAN_POINT('',(0.645648220458017,1.12833433671913,19.1));
#18103=CARTESIAN_POINT('',(-2.31090592180356,2.82011474126614,19.1));
#18104=CARTESIAN_POINT('',(-2.29998285578237,-0.0088804902537096,19.1));
#18105=CARTESIAN_POINT('',(-2.31270254403164,3.28542692616116,19.1));
#18106=CARTESIAN_POINT('',(-2.01174378447789E-16,3.28542692616116,19.1));
#18107=CARTESIAN_POINT('',(-4.4,0.110576079340274,19.1));
#18108=CARTESIAN_POINT('',(-3.98384929943315,1.32264526809782,19.1));
#18109=CARTESIAN_POINT('',(-4.01163105291397,-1.12877640743135,19.1));
#18110=CARTESIAN_POINT('',(-4.4,-0.110576079340274,19.1));
#18111=CARTESIAN_POINT('',(4.23741159181595,0.187915330663023,19.1));
#18112=CARTESIAN_POINT('',(4.13899145162502,-1.12877640743135,19.1));
#18113=CARTESIAN_POINT('',(3.87763073117604,1.84698887169361,19.1));
#18114=CARTESIAN_POINT('',(4.23741159181595,0.992543948903981,19.1));
#18115=CARTESIAN_POINT('',(-2.01174378447789E-16,3.28542692616116,19.1));
#18116=CARTESIAN_POINT('',(2.2873317446592,3.28542692616116,19.1));
#18117=CARTESIAN_POINT('',(2.29998285578238,0.00888049025371063,19.1));
#18118=CARTESIAN_POINT('',(2.28905978976119,2.83787572177356,19.1));
#18119=CARTESIAN_POINT('',(-0.654342089332022,1.12331492918442,19.1));
#18120=CARTESIAN_POINT('',(1.79017811533861,2.5472721976059,19.1));
#18121=CARTESIAN_POINT('',(1.53962267955374,2.69064341833023,19.1));
#18122=CARTESIAN_POINT('',(1.28906724376885,2.83401463905455,19.1));
#18123=CARTESIAN_POINT('',(1.29999030979004,0.00501940753470542,19.1));
#18124=CARTESIAN_POINT('',(1.28732429059597,3.28542692616116,19.1));
#18125=CARTESIAN_POINT('',(-2.01174378447789E-16,3.28542692616116,19.1));
#18126=CARTESIAN_POINT('',(1.08732279978333,3.28542692616116,19.1));
#18127=CARTESIAN_POINT('',(1.09999180059157,0.00424719099090509,19.1));
#18128=CARTESIAN_POINT('',(1.08906873457039,2.83324242251075,19.1));
#18129=CARTESIAN_POINT('',(-0.956346130562185,1.64176797342339,19.1));
#18130=CARTESIAN_POINT('',(0.590187060147808,2.5426388983431,19.1));
#18131=CARTESIAN_POINT('',(1.24163119318849,2.16987372445986,19.1));
#18132=CARTESIAN_POINT('',(-0.0503340068716937,0.0864088407064938,19.1));
#18133=CARTESIAN_POINT('',(-1.19776185804362,-0.5819792648791,19.1));
#18134=CARTESIAN_POINT('',(-0.698880183621046,-0.291375740711451,19.1));
#18135=CARTESIAN_POINT('',(-0.546317725002938,-0.95474443876234,19.1));
#18136=CARTESIAN_POINT('',(-1.69887272961338,-0.295236823430455,19.1));
#18137=CARTESIAN_POINT('',(-1.69998732818698,-0.00656384062230709,19.1));
#18138=CARTESIAN_POINT('',(-1.70110192676056,0.28210914218584,19.1));
#18139=CARTESIAN_POINT('',(-0.553674075588633,0.950497247771435,19.1));
#18140=CARTESIAN_POINT('',(-1.20222025233798,0.57271266635349,19.1));
#18141=CARTESIAN_POINT('',(-0.0496652477275398,-0.0867949489783945,19.1));
#18142=CARTESIAN_POINT('',(-0.701109380768227,0.285970224904845,19.1));
#18143=CARTESIAN_POINT('',(-0.699994782194636,-0.00270275790330324,19.1));
#18144=CARTESIAN_POINT('',(-0.352338048101857,0.604861884945459,19.1));
#18145=CARTESIAN_POINT('',(-0.601778885313147,0.459560122861634,19.1));
#18146=CARTESIAN_POINT('',(-0.102897210890568,0.750163647029284,19.1));
#18147=CARTESIAN_POINT('',(0.0496652477275398,0.0867949489783944,19.1));
#18148=CARTESIAN_POINT('',(-1.10288975688291,0.746302564310279,19.1));
#18149=CARTESIAN_POINT('',(-1.09999180059157,-0.00424719099090459,19.1));
#18150=CARTESIAN_POINT('',(-1.10511895403009,1.32364852992657,19.1));
#18151=CARTESIAN_POINT('',(-0.855678116818797,1.4689502920104,19.1));
#18152=CARTESIAN_POINT('',(-0.606237279607508,1.61425205409422,19.1));
#18153=CARTESIAN_POINT('',(0.546317725002938,0.954744438762339,19.1));
#18154=CARTESIAN_POINT('',(-0.105126408037749,1.32750961264558,19.1));
#18155=CARTESIAN_POINT('',(-0.0999992545992333,-0.00038610827190046,19.1));
#18156=CARTESIAN_POINT('',(-0.0503340068716942,0.0864088407064946,19.1));
#18157=CARTESIAN_POINT('',(0.598212169877658,0.464193422124439,19.1));
#18158=CARTESIAN_POINT('',(1.09709384430024,0.754796946292089,19.1));
#18159=CARTESIAN_POINT('',(0.347656734092778,0.607564642848762,19.1));
#18160=CARTESIAN_POINT('',(0.0971012983078989,0.750935863573084,19.1));
#18161=CARTESIAN_POINT('',(0.0999992545992335,0.000386108271900417,19.1));
#18162=CARTESIAN_POINT('',(0.0948721011607185,1.32828182918938,19.1));
#18163=CARTESIAN_POINT('',(-0.553674075588633,0.950497247771435,19.1));
#18164=CARTESIAN_POINT('',(0.593753775583297,1.61888535335703,19.1));
#18165=CARTESIAN_POINT('',(0.844309211368177,1.47551413263271,19.1));
#18166=CARTESIAN_POINT('',(1.09486464715306,1.33214291190838,19.1));
#18167=CARTESIAN_POINT('',(1.09999180059157,0.00424719099090509,19.1));
#18168=CARTESIAN_POINT('',(0.553674075588633,-0.950497247771435,19.1));
#18169=CARTESIAN_POINT('',(-0.593753775583297,-1.61888535335703,19.1));
#18170=CARTESIAN_POINT('',(-0.0948721011607185,-1.32828182918938,19.1));
#18171=CARTESIAN_POINT('',(-0.844309211368177,-1.47551413263271,19.1));
#18172=CARTESIAN_POINT('',(-1.09486464715306,-1.33214291190838,19.1));
#18173=CARTESIAN_POINT('',(-1.09999180059157,-0.00424719099090459,19.1));
#18174=CARTESIAN_POINT('',(-1.09709384430024,-0.754796946292088,19.1));
#18175=CARTESIAN_POINT('',(0.0503340068716939,-0.0864088407064941,19.1));
#18176=CARTESIAN_POINT('',(-0.598212169877658,-0.464193422124439,19.1));
#18177=CARTESIAN_POINT('',(-0.347656734092778,-0.607564642848762,19.1));
#18178=CARTESIAN_POINT('',(-0.0971012983078993,-0.750935863573084,19.1));
#18179=CARTESIAN_POINT('',(-0.0999992545992342,-0.000386108271900464,19.1));
#18180=CARTESIAN_POINT('',(1.15768215804896,-1.98740333624937,19.1));
#18181=CARTESIAN_POINT('',(-1.78571972104425,-3.7019641288385,19.1));
#18182=CARTESIAN_POINT('',(-1.28683804662167,-3.41136060467085,19.1));
#18183=CARTESIAN_POINT('',(-2.03627515682913,-3.55859290811418,19.1));
#18184=CARTESIAN_POINT('',(-2.28683059261401,-3.41522168738985,19.1));
#18185=CARTESIAN_POINT('',(-2.29998285578237,-0.00888049025370959,19.1));
#18186=CARTESIAN_POINT('',(-2.28905978976119,-2.83787572177356,19.1));
#18187=CARTESIAN_POINT('',(0.654342089332021,-1.12331492918442,19.1));
#18188=CARTESIAN_POINT('',(-1.79017811533861,-2.5472721976059,19.1));
#18189=CARTESIAN_POINT('',(-1.53962267955374,-2.69064341833023,19.1));
#18190=CARTESIAN_POINT('',(-1.28906724376885,-2.83401463905455,19.1));
#18191=CARTESIAN_POINT('',(-1.29999030979004,-0.00501940753470601,19.1));
#18192=CARTESIAN_POINT('',(0.855678116818797,-1.4689502920104,19.1));
#18193=CARTESIAN_POINT('',(-1.18973674831377,-2.66042474109776,19.1));
#18194=CARTESIAN_POINT('',(-0.690855073891196,-2.36982121693012,19.1));
#18195=CARTESIAN_POINT('',(-1.44029218409865,-2.51705352037344,19.1));
#18196=CARTESIAN_POINT('',(-1.69084761988353,-2.37368229964912,19.1));
#18197=CARTESIAN_POINT('',(-1.69998732818698,-0.00656384062230709,19.1));
#18198=CARTESIAN_POINT('',(-1.69307681703071,-1.79633633403282,19.1));
#18199=CARTESIAN_POINT('',(0.352338048101857,-0.604861884945459,19.1));
#18200=CARTESIAN_POINT('',(-1.19419514260814,-1.50573280986517,19.1));
#18201=CARTESIAN_POINT('',(-0.943639706823256,-1.6491040305895,19.1));
#18202=CARTESIAN_POINT('',(-0.693084271038377,-1.79247525131382,19.1));
#18203=CARTESIAN_POINT('',(-0.699994782194637,-0.00270275790330324,19.1));
#18204=CARTESIAN_POINT('',(-0.352338048101857,0.604861884945458,19.1));
#18205=CARTESIAN_POINT('',(-2.39775291323443,-0.586612564141905,19.1));
#18206=CARTESIAN_POINT('',(-1.89887123881185,-0.296009039974255,19.1));
#18207=CARTESIAN_POINT('',(-0.844309211368177,-1.47551413263271,19.1));
#18208=CARTESIAN_POINT('',(-2.89886378480419,-0.29987012269326,19.1));
#18209=CARTESIAN_POINT('',(-2.89997838337778,-0.0111971398851121,19.1));
#18210=CARTESIAN_POINT('',(-2.90109298195137,0.277475842923036,19.1));
#18211=CARTESIAN_POINT('',(-0.855678116818797,1.4689502920104,19.1));
#18212=CARTESIAN_POINT('',(-2.40221130752879,0.568079367090685,19.1));
#18213=CARTESIAN_POINT('',(-0.347656734092778,-0.607564642848761,19.1));
#18214=CARTESIAN_POINT('',(-1.90110043595903,0.28133692564204,19.1));
#18215=CARTESIAN_POINT('',(-1.89998583738544,-0.00733605716610878,19.1));
#18216=CARTESIAN_POINT('',(-0.654342089332021,1.12331492918442,19.1));
#18217=CARTESIAN_POINT('',(-1.80176994050395,0.454926823598829,19.1));
#18218=CARTESIAN_POINT('',(-1.30288826608137,0.745530347766479,19.1));
#18219=CARTESIAN_POINT('',(-0.248326238637699,-0.433974744891972,19.1));
#18220=CARTESIAN_POINT('',(-2.30288081207371,0.741669265047474,19.1));
#18221=CARTESIAN_POINT('',(-2.29998285578237,-0.0088804902537096,19.1));
#18222=CARTESIAN_POINT('',(-2.30511000922089,1.31901523066377,19.1));
#18223=CARTESIAN_POINT('',(-1.15768215804896,1.98740333624937,19.1));
#18224=CARTESIAN_POINT('',(-1.80622833479831,1.60961875483142,19.1));
#18225=CARTESIAN_POINT('',(0.248326238637699,0.433974744891972,19.1));
#18226=CARTESIAN_POINT('',(-1.30511746322855,1.32287631338277,19.1));
#18227=CARTESIAN_POINT('',(-1.29999030979004,-0.005019407534706,19.1));
#18228=CARTESIAN_POINT('',(-0.0503340068716934,0.0864088407064931,19.1));
#18229=CARTESIAN_POINT('',(-2.99373588596491,-1.62815195188264,19.1));
#18230=CARTESIAN_POINT('',(-2.49485421154233,-1.33754842771499,19.1));
#18231=CARTESIAN_POINT('',(-1.44029218409865,-2.51705352037344,19.1));
#18232=CARTESIAN_POINT('',(-3.49484675753467,-1.34140951043399,19.1));
#18233=CARTESIAN_POINT('',(-3.49997391097318,-0.0135137895165146,19.1));
#18234=CARTESIAN_POINT('',(-3.49707595468184,-0.764063544817699,19.1));
#18235=CARTESIAN_POINT('',(-0.553674075588633,0.950497247771435,19.1));
#18236=CARTESIAN_POINT('',(-2.99819428025927,-0.473460020650049,19.1));
#18237=CARTESIAN_POINT('',(-0.943639706823256,-1.6491040305895,19.1));
#18238=CARTESIAN_POINT('',(-2.49708340868951,-0.760202462098694,19.1));
#18239=CARTESIAN_POINT('',(-2.49998136498085,-0.00965270679751155,19.1));
#18240=CARTESIAN_POINT('',(-0.956346130562185,1.64176797342339,19.1));
#18241=CARTESIAN_POINT('',(-1.20578696777347,1.49646621133956,19.1));
#18242=CARTESIAN_POINT('',(-0.706905293350896,1.78706973550721,19.1));
#18243=CARTESIAN_POINT('',(0.347656734092778,0.607564642848761,19.1));
#18244=CARTESIAN_POINT('',(-1.70689783934324,1.78320865278821,19.1));
#18245=CARTESIAN_POINT('',(-1.69998732818698,-0.00656384062230709,19.1));
#18246=CARTESIAN_POINT('',(-1.70912703649041,2.3605546184045,19.1));
#18247=CARTESIAN_POINT('',(-1.45968619927912,2.50585638048833,19.1));
#18248=CARTESIAN_POINT('',(-1.21024536206783,2.65115814257216,19.1));
#18249=CARTESIAN_POINT('',(0.844309211368177,1.47551413263271,19.1));
#18250=CARTESIAN_POINT('',(-0.709134490498076,2.36441570112351,19.1));
#18251=CARTESIAN_POINT('',(-0.699994782194635,-0.00270275790330323,19.1));
#18252=CARTESIAN_POINT('',(0.25167003435847,-0.432044203532471,19.1));
#18253=CARTESIAN_POINT('',(-1.7937448307741,-1.62351865261984,19.1));
#18254=CARTESIAN_POINT('',(-1.29486315635152,-1.33291512845218,19.1));
#18255=CARTESIAN_POINT('',(-1.14230069773342,-1.99628382650308,19.1));
#18256=CARTESIAN_POINT('',(-2.29485570234386,-1.33677621117119,19.1));
#18257=CARTESIAN_POINT('',(-2.29998285578237,-0.00888049025370959,19.1));
#18258=CARTESIAN_POINT('',(-2.29708489949104,-0.759430245554893,19.1));
#18259=CARTESIAN_POINT('',(-0.25167003435847,0.43204420353247,19.1));
#18260=CARTESIAN_POINT('',(-1.79820322506846,-0.468826721387244,19.1));
#18261=CARTESIAN_POINT('',(-0.645648220458017,-1.12833433671913,19.1));
#18262=CARTESIAN_POINT('',(-1.2970923534987,-0.755569162835889,19.1));
#18263=CARTESIAN_POINT('',(-1.29999030979004,-0.00501940753470601,19.1));
#18264=CARTESIAN_POINT('',(0.553674075588634,-0.950497247771436,19.1));
#18265=CARTESIAN_POINT('',(-2.38972780350458,-2.66505804036057,19.1));
#18266=CARTESIAN_POINT('',(-1.890846129082,-2.37445451619292,19.1));
#18267=CARTESIAN_POINT('',(-1.7382836704639,-3.03782321424381,19.1));
#18268=CARTESIAN_POINT('',(-2.89083867507434,-2.37831559891192,19.1));
#18269=CARTESIAN_POINT('',(-2.89997838337778,-0.0111971398851121,19.1));
#18270=CARTESIAN_POINT('',(-2.89306787222152,-1.80096963329563,19.1));
#18271=CARTESIAN_POINT('',(0.0503340068716942,-0.0864088407064945,19.1));
#18272=CARTESIAN_POINT('',(-2.39418619779894,-1.51036610912798,19.1));
#18273=CARTESIAN_POINT('',(-1.24163119318849,-2.16987372445986,19.1));
#18274=CARTESIAN_POINT('',(-1.89307532622918,-1.79710855057662,19.1));
#18275=CARTESIAN_POINT('',(-1.89998583738545,-0.00733605716610878,19.1));
#18276=CARTESIAN_POINT('',(1.15768215804896,-1.98740333624937,19.1));
#18277=CARTESIAN_POINT('',(1.80622833479831,-1.60961875483142,19.1));
#18278=CARTESIAN_POINT('',(2.30511000922089,-1.31901523066377,19.1));
#18279=CARTESIAN_POINT('',(-0.248326238637699,-0.433974744891972,19.1));
#18280=CARTESIAN_POINT('',(1.30511746322855,-1.32287631338277,19.1));
#18281=CARTESIAN_POINT('',(1.29999030979004,0.00501940753470542,19.1));
#18282=CARTESIAN_POINT('',(1.30288826608137,-0.745530347766478,19.1));
#18283=CARTESIAN_POINT('',(0.654342089332021,-1.12331492918442,19.1));
#18284=CARTESIAN_POINT('',(1.80176994050395,-0.454926823598829,19.1));
#18285=CARTESIAN_POINT('',(0.248326238637699,0.433974744891972,19.1));
#18286=CARTESIAN_POINT('',(2.30288081207371,-0.741669265047474,19.1));
#18287=CARTESIAN_POINT('',(2.29998285578237,0.00888049025371062,19.1));
#18288=CARTESIAN_POINT('',(0.855678116818796,-1.4689502920104,19.1));
#18289=CARTESIAN_POINT('',(2.40221130752879,-0.568079367090685,19.1));
#18290=CARTESIAN_POINT('',(2.90109298195137,-0.277475842923036,19.1));
#18291=CARTESIAN_POINT('',(0.347656734092779,0.607564642848762,19.1));
#18292=CARTESIAN_POINT('',(1.90110043595903,-0.281336925642039,19.1));
#18293=CARTESIAN_POINT('',(1.89998583738544,0.00733605716610792,19.1));
#18294=CARTESIAN_POINT('',(1.89887123881185,0.296009039974255,19.1));
#18295=CARTESIAN_POINT('',(0.352338048101857,-0.604861884945458,19.1));
#18296=CARTESIAN_POINT('',(2.39775291323443,0.586612564141905,19.1));
#18297=CARTESIAN_POINT('',(0.844309211368177,1.47551413263271,19.1));
#18298=CARTESIAN_POINT('',(2.89886378480419,0.29987012269326,19.1));
#18299=CARTESIAN_POINT('',(2.89997838337778,0.0111971398851134,19.1));
#18300=CARTESIAN_POINT('',(1.76169024050928,-3.02430942472729,19.1));
#18301=CARTESIAN_POINT('',(0.614262389337357,-3.69269753031289,19.1));
#18302=CARTESIAN_POINT('',(1.11314406375994,-3.40209400614523,19.1));
#18303=CARTESIAN_POINT('',(-1.44029218409865,-2.51705352037344,19.1));
#18304=CARTESIAN_POINT('',(0.113151517767598,-3.40595508886424,19.1));
#18305=CARTESIAN_POINT('',(0.0999992545992336,0.000386108271900417,19.1));
#18306=CARTESIAN_POINT('',(0.110922320620418,-2.82860912324794,19.1));
#18307=CARTESIAN_POINT('',(1.25835017179235,-2.16022101766235,19.1));
#18308=CARTESIAN_POINT('',(0.609803995042996,-2.53800559908029,19.1));
#18309=CARTESIAN_POINT('',(-0.943639706823256,-1.6491040305895,19.1));
#18310=CARTESIAN_POINT('',(1.11091486661275,-2.82474804052894,19.1));
#18311=CARTESIAN_POINT('',(1.09999180059157,0.00424719099090508,19.1));
#18312=CARTESIAN_POINT('',(1.45968619927912,-2.50585638048833,19.1));
#18313=CARTESIAN_POINT('',(1.21024536206783,-2.65115814257216,19.1));
#18314=CARTESIAN_POINT('',(1.70912703649041,-2.3605546184045,19.1));
#18315=CARTESIAN_POINT('',(-0.844309211368177,-1.47551413263271,19.1));
#18316=CARTESIAN_POINT('',(0.709134490498076,-2.36441570112351,19.1));
#18317=CARTESIAN_POINT('',(0.699994782194636,0.00270275790330292,19.1));
#18318=CARTESIAN_POINT('',(0.706905293350896,-1.78706973550721,19.1));
#18319=CARTESIAN_POINT('',(0.956346130562185,-1.64176797342338,19.1));
#18320=CARTESIAN_POINT('',(1.20578696777347,-1.49646621133956,19.1));
#18321=CARTESIAN_POINT('',(-0.347656734092778,-0.607564642848762,19.1));
#18322=CARTESIAN_POINT('',(1.70689783934324,-1.78320865278821,19.1));
#18323=CARTESIAN_POINT('',(1.69998732818698,0.00656384062230785,19.1));
#18324=CARTESIAN_POINT('',(1.76169024050928,-3.02430942472729,19.1));
#18325=CARTESIAN_POINT('',(2.41023641725864,-2.64652484330935,19.1));
#18326=CARTESIAN_POINT('',(2.90911809168122,-2.3559213191417,19.1));
#18327=CARTESIAN_POINT('',(-0.546317725002938,-0.954744438762339,19.1));
#18328=CARTESIAN_POINT('',(1.90912554568888,-2.3597824018607,19.1));
#18329=CARTESIAN_POINT('',(1.89998583738544,0.00733605716610792,19.1));
#18330=CARTESIAN_POINT('',(1.9068963485417,-1.7824364362444,19.1));
#18331=CARTESIAN_POINT('',(1.25835017179235,-2.16022101766235,19.1));
#18332=CARTESIAN_POINT('',(2.40577802296428,-1.49183291207676,19.1));
#18333=CARTESIAN_POINT('',(-0.0496652477275398,-0.0867949489783944,19.1));
#18334=CARTESIAN_POINT('',(2.90688889453404,-1.7785753535254,19.1));
#18335=CARTESIAN_POINT('',(2.89997838337778,0.0111971398851134,19.1));
#18336=CARTESIAN_POINT('',(1.45968619927912,-2.50585638048833,19.1));
#18337=CARTESIAN_POINT('',(3.00621938998912,-1.60498545556861,19.1));
#18338=CARTESIAN_POINT('',(3.5051010644117,-1.31438193140096,19.1));
#18339=CARTESIAN_POINT('',(0.0496652477275402,0.0867949489783952,19.1));
#18340=CARTESIAN_POINT('',(2.50510851841936,-1.31824301411997,19.1));
#18341=CARTESIAN_POINT('',(2.49998136498085,0.00965270679751043,19.1));
#18342=CARTESIAN_POINT('',(2.50287932127218,-0.740897048503673,19.1));
#18343=CARTESIAN_POINT('',(0.956346130562185,-1.64176797342338,19.1));
#18344=CARTESIAN_POINT('',(3.00176099569476,-0.450293524336024,19.1));
#18345=CARTESIAN_POINT('',(0.546317725002938,0.954744438762339,19.1));
#18346=CARTESIAN_POINT('',(3.50287186726451,-0.737035965784669,19.1));
#18347=CARTESIAN_POINT('',(3.49997391097318,0.0135137895165162,19.1));
#18348=CARTESIAN_POINT('',(2.06369428173945,-3.54276246896626,19.1));
#18349=CARTESIAN_POINT('',(1.81425344452816,-3.68806423105008,19.1));
#18350=CARTESIAN_POINT('',(2.31313511895074,-3.39746070688243,19.1));
#18351=CARTESIAN_POINT('',(-1.14230069773342,-1.99628382650308,19.1));
#18352=CARTESIAN_POINT('',(1.3131425729584,-3.40132178960144,19.1));
#18353=CARTESIAN_POINT('',(1.29999030979004,0.00501940753470542,19.1));
#18354=CARTESIAN_POINT('',(1.31091337581122,-2.82397582398514,19.1));
#18355=CARTESIAN_POINT('',(1.56035421302251,-2.67867406190132,19.1));
#18356=CARTESIAN_POINT('',(1.8097950502338,-2.53337229981749,19.1));
#18357=CARTESIAN_POINT('',(-0.645648220458017,-1.12833433671913,19.1));
#18358=CARTESIAN_POINT('',(2.31090592180356,-2.82011474126614,19.1));
#18359=CARTESIAN_POINT('',(2.29998285578237,0.00888049025371062,19.1));
#18360=CARTESIAN_POINT('',(0.553674075588632,-0.950497247771434,19.1));
#18361=CARTESIAN_POINT('',(2.99819428025927,0.473460020650049,19.1));
#18362=CARTESIAN_POINT('',(3.49707595468184,0.764063544817699,19.1));
#18363=CARTESIAN_POINT('',(0.943639706823257,1.6491040305895,19.1));
#18364=CARTESIAN_POINT('',(2.49708340868951,0.760202462098694,19.1));
#18365=CARTESIAN_POINT('',(2.49998136498085,0.00965270679751042,19.1));
#18366=CARTESIAN_POINT('',(2.49485421154233,1.33754842771499,19.1));
#18367=CARTESIAN_POINT('',(0.0503340068716937,-0.0864088407064937,19.1));
#18368=CARTESIAN_POINT('',(2.99373588596491,1.62815195188264,19.1));
#18369=CARTESIAN_POINT('',(1.44029218409865,2.51705352037344,19.1));
#18370=CARTESIAN_POINT('',(3.49484675753467,1.34140951043399,19.1));
#18371=CARTESIAN_POINT('',(3.49997391097318,0.0135137895165162,19.1));
#18372=CARTESIAN_POINT('',(-0.352338048101858,0.60486188494546,19.1));
#18373=CARTESIAN_POINT('',(1.19419514260814,1.50573280986517,19.1));
#18374=CARTESIAN_POINT('',(1.69307681703071,1.79633633403282,19.1));
#18375=CARTESIAN_POINT('',(0.943639706823256,1.6491040305895,19.1));
#18376=CARTESIAN_POINT('',(0.693084271038376,1.79247525131382,19.1));
#18377=CARTESIAN_POINT('',(0.699994782194636,0.00270275790330292,19.1));
#18378=CARTESIAN_POINT('',(0.690855073891196,2.36982121693012,19.1));
#18379=CARTESIAN_POINT('',(-0.855678116818797,1.4689502920104,19.1));
#18380=CARTESIAN_POINT('',(1.18973674831377,2.66042474109776,19.1));
#18381=CARTESIAN_POINT('',(1.44029218409865,2.51705352037344,19.1));
#18382=CARTESIAN_POINT('',(1.69084761988353,2.37368229964912,19.1));
#18383=CARTESIAN_POINT('',(1.69998732818698,0.00656384062230786,19.1));
#18384=CARTESIAN_POINT('',(1.15768215804896,-1.98740333624937,19.1));
#18385=CARTESIAN_POINT('',(0.0102543068770301,-2.65579144183496,19.1));
#18386=CARTESIAN_POINT('',(0.509135981299609,-2.36518791766731,19.1));
#18387=CARTESIAN_POINT('',(-1.14230069773342,-1.99628382650308,19.1));
#18388=CARTESIAN_POINT('',(-0.490856564692729,-2.36904900038631,19.1));
#18389=CARTESIAN_POINT('',(-0.499996272996169,-0.00193054135950208,19.1));
#18390=CARTESIAN_POINT('',(-0.493085761839909,-1.79170303477002,19.1));
#18391=CARTESIAN_POINT('',(0.654342089332021,-1.12331492918442,19.1));
#18392=CARTESIAN_POINT('',(0.00579591258266917,-1.50109951060237,19.1));
#18393=CARTESIAN_POINT('',(-0.645648220458017,-1.12833433671913,19.1));
#18394=CARTESIAN_POINT('',(0.506906784152428,-1.78784195205102,19.1));
#18395=CARTESIAN_POINT('',(0.499996272996168,0.0019305413595023,19.1));
#18396=CARTESIAN_POINT('',(1.45968619927912,-2.50585638048833,19.1));
#18397=CARTESIAN_POINT('',(-0.585728665853447,-3.69733082957569,19.1));
#18398=CARTESIAN_POINT('',(-0.0868469914308688,-3.40672730540805,19.1));
#18399=CARTESIAN_POINT('',(-1.7382836704639,-3.0378232142438,19.1));
#18400=CARTESIAN_POINT('',(-1.08683953742321,-3.41058838812704,19.1));
#18401=CARTESIAN_POINT('',(-1.09999180059157,-0.00424719099090459,19.1));
#18402=CARTESIAN_POINT('',(-1.08906873457039,-2.83324242251075,19.1));
#18403=CARTESIAN_POINT('',(0.956346130562185,-1.64176797342339,19.1));
#18404=CARTESIAN_POINT('',(-0.590187060147808,-2.5426388983431,19.1));
#18405=CARTESIAN_POINT('',(-1.24163119318849,-2.16987372445986,19.1));
#18406=CARTESIAN_POINT('',(-0.0890761885780495,-2.82938133979175,19.1));
#18407=CARTESIAN_POINT('',(-0.0999992545992351,-0.000386108271900467,19.1));
#18408=CARTESIAN_POINT('',(0.251670034358469,-0.432044203532469,19.1));
#18409=CARTESIAN_POINT('',(1.79820322506846,0.468826721387244,19.1));
#18410=CARTESIAN_POINT('',(2.29708489949104,0.759430245554894,19.1));
#18411=CARTESIAN_POINT('',(0.645648220458018,1.12833433671913,19.1));
#18412=CARTESIAN_POINT('',(1.2970923534987,0.755569162835889,19.1));
#18413=CARTESIAN_POINT('',(1.29999030979004,0.00501940753470542,19.1));
#18414=CARTESIAN_POINT('',(1.29486315635152,1.33291512845218,19.1));
#18415=CARTESIAN_POINT('',(-0.25167003435847,0.43204420353247,19.1));
#18416=CARTESIAN_POINT('',(1.7937448307741,1.62351865261984,19.1));
#18417=CARTESIAN_POINT('',(1.14230069773341,1.99628382650308,19.1));
#18418=CARTESIAN_POINT('',(2.29485570234386,1.33677621117119,19.1));
#18419=CARTESIAN_POINT('',(2.29998285578237,0.00888049025371063,19.1));
#18420=CARTESIAN_POINT('',(-0.0503340068716946,0.0864088407064952,19.1));
#18421=CARTESIAN_POINT('',(2.39418619779894,1.51036610912798,19.1));
#18422=CARTESIAN_POINT('',(2.89306787222152,1.80096963329563,19.1));
#18423=CARTESIAN_POINT('',(1.2416311931885,2.16987372445986,19.1));
#18424=CARTESIAN_POINT('',(1.89307532622918,1.79710855057662,19.1));
#18425=CARTESIAN_POINT('',(1.89998583738544,0.00733605716610792,19.1));
#18426=CARTESIAN_POINT('',(1.890846129082,2.37445451619292,19.1));
#18427=CARTESIAN_POINT('',(-0.553674075588634,0.950497247771435,19.1));
#18428=CARTESIAN_POINT('',(2.38972780350458,2.66505804036057,19.1));
#18429=CARTESIAN_POINT('',(1.7382836704639,3.03782321424381,19.1));
#18430=CARTESIAN_POINT('',(2.89083867507434,2.37831559891192,19.1));
#18431=CARTESIAN_POINT('',(2.89997838337778,0.0111971398851134,19.1));
#18432=CARTESIAN_POINT('',(0.855678116818797,-1.4689502920104,19.1));
#18433=CARTESIAN_POINT('',(0.606237279607508,-1.61425205409422,19.1));
#18434=CARTESIAN_POINT('',(1.10511895403009,-1.32364852992657,19.1));
#18435=CARTESIAN_POINT('',(-0.546317725002938,-0.954744438762339,19.1));
#18436=CARTESIAN_POINT('',(0.105126408037749,-1.32750961264558,19.1));
#18437=CARTESIAN_POINT('',(0.0999992545992336,0.000386108271900417,19.1));
#18438=CARTESIAN_POINT('',(0.102897210890568,-0.750163647029283,19.1));
#18439=CARTESIAN_POINT('',(0.352338048101857,-0.604861884945458,19.1));
#18440=CARTESIAN_POINT('',(0.601778885313147,-0.459560122861634,19.1));
#18441=CARTESIAN_POINT('',(-0.0496652477275398,-0.0867949489783946,19.1));
#18442=CARTESIAN_POINT('',(1.10288975688291,-0.746302564310279,19.1));
#18443=CARTESIAN_POINT('',(1.09999180059157,0.00424719099090508,19.1));
#18444=CARTESIAN_POINT('',(0.553674075588633,-0.950497247771435,19.1));
#18445=CARTESIAN_POINT('',(1.20222025233798,-0.57271266635349,19.1));
#18446=CARTESIAN_POINT('',(1.70110192676056,-0.28210914218584,19.1));
#18447=CARTESIAN_POINT('',(0.0496652477275399,0.0867949489783947,19.1));
#18448=CARTESIAN_POINT('',(0.701109380768226,-0.285970224904845,19.1));
#18449=CARTESIAN_POINT('',(0.699994782194636,0.00270275790330292,19.1));
#18450=CARTESIAN_POINT('',(0.698880183621046,0.291375740711451,19.1));
#18451=CARTESIAN_POINT('',(0.0503340068716939,-0.0864088407064939,19.1));
#18452=CARTESIAN_POINT('',(1.19776185804362,0.5819792648791,19.1));
#18453=CARTESIAN_POINT('',(0.546317725002938,0.954744438762339,19.1));
#18454=CARTESIAN_POINT('',(1.69887272961338,0.295236823430455,19.1));
#18455=CARTESIAN_POINT('',(1.69998732818698,0.00656384062230785,19.1));
#18456=CARTESIAN_POINT('',(-0.956346130562184,1.64176797342338,19.1));
#18457=CARTESIAN_POINT('',(-3.00176099569476,0.450293524336024,19.1));
#18458=CARTESIAN_POINT('',(-2.50287932127218,0.740897048503673,19.1));
#18459=CARTESIAN_POINT('',(-0.546317725002938,-0.95474443876234,19.1));
#18460=CARTESIAN_POINT('',(-3.50287186726451,0.737035965784669,19.1));
#18461=CARTESIAN_POINT('',(-3.49997391097318,-0.0135137895165146,19.1));
#18462=CARTESIAN_POINT('',(-3.5051010644117,1.31438193140096,19.1));
#18463=CARTESIAN_POINT('',(-1.45968619927912,2.50585638048833,19.1));
#18464=CARTESIAN_POINT('',(-3.00621938998912,1.60498545556861,19.1));
#18465=CARTESIAN_POINT('',(-0.0496652477275398,-0.0867949489783946,19.1));
#18466=CARTESIAN_POINT('',(-2.50510851841936,1.31824301411997,19.1));
#18467=CARTESIAN_POINT('',(-2.49998136498085,-0.00965270679751155,19.1));
#18468=CARTESIAN_POINT('',(-1.25835017179235,2.16022101766235,19.1));
#18469=CARTESIAN_POINT('',(-2.40577802296428,1.49183291207676,19.1));
#18470=CARTESIAN_POINT('',(-1.9068963485417,1.7824364362444,19.1));
#18471=CARTESIAN_POINT('',(0.0496652477275396,0.0867949489783941,19.1));
#18472=CARTESIAN_POINT('',(-2.90688889453404,1.7785753535254,19.1));
#18473=CARTESIAN_POINT('',(-2.89997838337778,-0.0111971398851121,19.1));
#18474=CARTESIAN_POINT('',(-2.90911809168122,2.3559213191417,19.1));
#18475=CARTESIAN_POINT('',(-1.76169024050929,3.02430942472729,19.1));
#18476=CARTESIAN_POINT('',(-2.41023641725864,2.64652484330935,19.1));
#18477=CARTESIAN_POINT('',(0.546317725002938,0.954744438762339,19.1));
#18478=CARTESIAN_POINT('',(-1.90912554568888,2.3597824018607,19.1));
#18479=CARTESIAN_POINT('',(-1.89998583738544,-0.00733605716610878,19.1));
#18480=CARTESIAN_POINT('',(0.25167003435847,-0.43204420353247,19.1));
#18481=CARTESIAN_POINT('',(0.00222919714718042,-0.577345965616295,19.1));
#18482=CARTESIAN_POINT('',(0.501110871569759,-0.286742441448646,19.1));
#18483=CARTESIAN_POINT('',(-0.248326238637699,-0.433974744891972,19.1));
#18484=CARTESIAN_POINT('',(-0.498881674422579,-0.29060352416765,19.1));
#18485=CARTESIAN_POINT('',(-0.499996272996169,-0.00193054135950208,19.1));
#18486=CARTESIAN_POINT('',(-0.501110871569759,0.286742441448646,19.1));
#18487=CARTESIAN_POINT('',(-0.25167003435847,0.43204420353247,19.1));
#18488=CARTESIAN_POINT('',(-0.00222919714718056,0.577345965616295,19.1));
#18489=CARTESIAN_POINT('',(0.248326238637699,0.433974744891972,19.1));
#18490=CARTESIAN_POINT('',(0.498881674422578,0.29060352416765,19.1));
#18491=CARTESIAN_POINT('',(0.499996272996169,0.00193054135950231,19.1));
#18492=CARTESIAN_POINT('',(-2.01174378447789E-16,3.28542692616116,29.78));
#18493=CARTESIAN_POINT('',(0.087315345720104,3.28542692616116,29.78));
#18494=CARTESIAN_POINT('',(0.087315345720104,3.28542692616116,19.16));
#18495=CARTESIAN_POINT('',(-2.01174378447789E-16,3.28542692616116,19.16));
#18496=CARTESIAN_POINT('',(1.08732279978333,3.28542692616116,19.16));
#18497=CARTESIAN_POINT('',(1.08732279978333,3.28542692616116,29.78));
#18498=CARTESIAN_POINT('',(1.28732429059597,3.28542692616116,29.78));
#18499=CARTESIAN_POINT('',(1.28732429059597,3.28542692616116,19.16));
#18500=CARTESIAN_POINT('',(-2.01174378447789E-16,3.28542692616116,19.16));
#18501=CARTESIAN_POINT('',(2.2873317446592,3.28542692616116,19.16));
#18502=CARTESIAN_POINT('',(2.2873317446592,3.28542692616116,29.78));
#18503=CARTESIAN_POINT('',(3.00141132017179,3.28542692616114,29.78));
#18504=CARTESIAN_POINT('',(-3.00141132017186,3.28542692616108,29.78));
#18505=CARTESIAN_POINT('',(-2.31270254403164,3.28542692616116,29.78));
#18506=CARTESIAN_POINT('',(-2.31270254403164,3.28542692616116,19.16));
#18507=CARTESIAN_POINT('',(-2.01174378447789E-16,3.28542692616116,19.16));
#18508=CARTESIAN_POINT('',(-1.31269508996841,3.28542692616116,19.16));
#18509=CARTESIAN_POINT('',(-1.31269508996841,3.28542692616116,29.78));
#18510=CARTESIAN_POINT('',(-1.11269359915577,3.28542692616116,29.78));
#18511=CARTESIAN_POINT('',(-1.11269359915577,3.28542692616116,19.16));
#18512=CARTESIAN_POINT('',(-2.01174378447789E-16,3.28542692616116,19.16));
#18513=CARTESIAN_POINT('',(-0.112686145092541,3.28542692616116,19.16));
#18514=CARTESIAN_POINT('',(-0.112686145092541,3.28542692616116,29.78));
#18515=CARTESIAN_POINT('',(6.96466524892585E-16,-0.0420878003952886,29.78));
#18516=CARTESIAN_POINT('',(6.96466524892585E-16,-0.0420878003952886,27.8279235720635));
#18517=CARTESIAN_POINT('',(6.96466524892585E-16,-0.0420878003952886,19.1));
#18518=CARTESIAN_POINT('',(0.,0.,19.1));
#18519=CARTESIAN_POINT('',(0.,0.,27.8279235720635));
#18520=CARTESIAN_POINT('',(3.88088838458394E-17,2.37635876901443E-33,25.8279235720634));
#18521=CARTESIAN_POINT('',(3.88088838458394E-17,2.37635876901443E-33,28.3279235720635));
#18522=CARTESIAN_POINT('',(0.63379717111676,2.37635876901443E-33,28.3279235720635));
#18523=CARTESIAN_POINT('',(3.9069348345985,-0.451677520931599,20.));
#18524=CARTESIAN_POINT('',(3.9069348345985,-0.451677520931599,19.8519034608181));
#18525=CARTESIAN_POINT('',(4.04940602773402,-0.451677520931598,19.8519034608181));
#18526=CARTESIAN_POINT('',(3.76446364146297,-0.451677520931599,19.8519034608181));
#18527=CARTESIAN_POINT('',(4.04940602773402,-0.451677520931599,20.));
#18528=CARTESIAN_POINT('',(3.76446364146297,-0.451677520931599,20.));
#18529=CARTESIAN_POINT('',(3.76446364146297,0.55572917202226,20.));
#18530=CARTESIAN_POINT('',(3.76446364146297,0.555729172022262,19.8519034608181));
#18531=CARTESIAN_POINT('',(3.76446364146297,-0.191604306946892,19.8519034608181));
#18532=CARTESIAN_POINT('',(3.76446364146297,1.56313586497612,20.));
#18533=CARTESIAN_POINT('',(3.76446364146297,1.56313586497612,19.8912025926709));
#18534=CARTESIAN_POINT('',(3.76446364146297,1.35839485104413,19.5365807541474));
#18535=CARTESIAN_POINT('',(3.76446364146297,1.54044650062199,19.8519034608181));
#18536=CARTESIAN_POINT('',(3.76446364146297,0.555729172022262,19.8519034608181));
#18537=CARTESIAN_POINT('',(3.76446364146297,1.10743379872976,19.8519034608181));
#18538=CARTESIAN_POINT('',(3.76446364146297,0.905379959480823,20.2018709762616));
#18539=CARTESIAN_POINT('',(3.76446364146297,1.02193022196702,20.));
#18540=CARTESIAN_POINT('',(3.76446364146297,0.55572917202226,20.));
#18541=CARTESIAN_POINT('',(3.76446364146297,-0.106100730184129,20.));
#18542=CARTESIAN_POINT('',(3.76446364146297,0.059356745367462,20.2865807541474));
#18543=CARTESIAN_POINT('',(3.89395435971081,1.56313586497612,20.));
#18544=CARTESIAN_POINT('',(4.02344507795866,1.56313586497612,20.));
#18545=CARTESIAN_POINT('',(4.02344507795866,1.56313586497612,19.8912025926709));
#18546=CARTESIAN_POINT('',(3.89395435971081,1.56313586497612,19.8912025926709));
#18547=CARTESIAN_POINT('',(3.70555957045617,1.11039187759161,20.));
#18548=CARTESIAN_POINT('',(4.16388948839699,1.42016921748802,14.1919012467644));
#18549=CARTESIAN_POINT('',(4.16388948839699,1.42016921748802,19.8519034608181));
#18550=CARTESIAN_POINT('',(3.70555957045617,1.11039187759161,19.8519034608181));
#18551=CARTESIAN_POINT('',(4.0535270045691,1.54044650062199,19.8519034608181));
#18552=CARTESIAN_POINT('',(3.70555957045617,1.11039187759161,19.1070270036995));
#18553=CARTESIAN_POINT('',(4.25875782966614,0.555195938795805,20.));
#18554=CARTESIAN_POINT('',(4.25875782966614,0.905246651174209,20.2021018730217));
#18555=CARTESIAN_POINT('',(4.25875782966614,1.10743379872976,19.8519034608181));
#18556=CARTESIAN_POINT('',(4.25875782966614,0.555195938795807,19.8519034608181));
#18557=CARTESIAN_POINT('',(4.25875782966614,0.578423868864775,19.3141415715218));
#18558=CARTESIAN_POINT('',(4.25875782966614,0.578423868864775,19.1571610903958));
#18559=CARTESIAN_POINT('',(3.66683371532891,2.3319883617867E-15,20.));
#18560=CARTESIAN_POINT('',(3.66683371532891,2.3319883617867E-15,19.8519034608181));
#18561=CARTESIAN_POINT('',(4.18615147405511,-0.284047923079018,19.8519034608181));
#18562=CARTESIAN_POINT('',(4.18615147405511,-0.284047923079018,14.1919012710238));
#18563=CARTESIAN_POINT('',(0.,0.,20.));
#18564=CARTESIAN_POINT('',(0.,-0.106100730184129,20.));
#18565=CARTESIAN_POINT('',(3.80083021104336,-0.106100730184128,20.));
#18566=CARTESIAN_POINT('',(0.,1.02193022196702,20.));
#18567=CARTESIAN_POINT('',(3.80083021104336,1.02193022196702,20.));
#18568=CARTESIAN_POINT('',(3.80083021104336,0.,20.));
#18569=CARTESIAN_POINT('',(4.23741159181595,0.590229639783502,19.3276648998261));
#18570=CARTESIAN_POINT('',(4.30361159181595,0.590229639783502,19.3276648998261));
#18571=CARTESIAN_POINT('',(4.30361159181595,0.590229639783502,18.8654007870768));
#18572=CARTESIAN_POINT('',(0.,3.95,28.3319562673569));
#18573=CARTESIAN_POINT('',(0.,3.95,28.3319562673569));
#18574=CARTESIAN_POINT('',(0.,3.95,28.5119562673569));
#18575=CARTESIAN_POINT('',(0.,3.95,28.3319562673569));
#18576=CARTESIAN_POINT('',(4.11407048309678,0.,28.3805549144745));
#18577=CARTESIAN_POINT('',(4.11407048309678,0.,28.3805549144745));
#18578=CARTESIAN_POINT('',(4.11407048309678,0.,28.2005549144745));
#18579=CARTESIAN_POINT('',(4.11407048309678,0.,28.3805549144745));
#18580=CARTESIAN_POINT('',(0.,-4.22,28.328400850296));
#18581=CARTESIAN_POINT('',(0.,-4.22,28.328400850296));
#18582=CARTESIAN_POINT('',(0.,-4.22,28.148400850296));
#18583=CARTESIAN_POINT('',(0.,-4.22,28.328400850296));
#18584=CARTESIAN_POINT('',(-4.21407048309678,0.,28.3805549144745));
#18585=CARTESIAN_POINT('',(-4.21407048309678,0.,28.3805549144745));
#18586=CARTESIAN_POINT('',(-4.21407048309678,0.,28.2005549144745));
#18587=CARTESIAN_POINT('',(-4.21407048309678,0.,28.3805549144745));
#18588=CARTESIAN_POINT('',(0.,0.,20.02));
#18589=CARTESIAN_POINT('',(0.,-0.0945537248003365,20.02));
#18590=CARTESIAN_POINT('',(3.80083021104336,-0.0945537248003361,20.02));
#18591=CARTESIAN_POINT('',(4.25618321087442,-0.0945537248003365,20.02));
#18592=CARTESIAN_POINT('',(3.80083021104336,0.,20.02));
#18593=CARTESIAN_POINT('',(3.80083021104336,1.01038321658322,20.02));
#18594=CARTESIAN_POINT('',(0.,1.01038321658322,20.02));
#18595=CARTESIAN_POINT('',(3.87547959181595,-0.0615443343214988,20.02));
#18596=CARTESIAN_POINT('',(3.87547955745998,1.16948095805424,14.2));
#18597=CARTESIAN_POINT('',(4.25761159181595,1.16948095805424,14.2));
#18598=CARTESIAN_POINT('',(4.25761159181595,1.16948095805424,19.8519034608181));
#18599=CARTESIAN_POINT('',(3.87547955745998,1.16948095805424,19.8519034608181));
#18600=CARTESIAN_POINT('',(3.87547959181595,-0.0615443343214988,14.2));
#18601=CARTESIAN_POINT('',(3.87547959181595,-0.0615443343214988,19.8519034608181));
#18602=CARTESIAN_POINT('',(4.23479737448845,-0.191604306946892,19.8519034608181));
#18603=CARTESIAN_POINT('',(3.87547959181595,-0.0615443343214988,20.0771739414363));
#18604=CARTESIAN_POINT('',(4.25761159181595,0.553968329044355,14.2));
#18605=CARTESIAN_POINT('',(4.25761159181595,0.553968329044282,19.8519034608181));
#18606=CARTESIAN_POINT('',(3.80083021104336,2.0763236656785,14.5631087034941));
#18607=CARTESIAN_POINT('',(3.80083021104336,-1.91473762141279,16.8673490119484));
#18608=CARTESIAN_POINT('',(3.80083021104336,3.63977157308926,15.4657657737017));
#18609=CARTESIAN_POINT('',(-4.07383980469239,-1.00804049193859,20.0002));
#18610=CARTESIAN_POINT('',(-3.89007867190195,-1.00804049193859,20.0002));
#18611=CARTESIAN_POINT('',(-3.89007867190195,-0.539193491938591,20.0002));
#18612=CARTESIAN_POINT('',(-6.83892567190195,0.,19.2720338702202));
#18613=CARTESIAN_POINT('',(-4.4,0.,19.2720338702202));
#18614=CARTESIAN_POINT('',(-4.4,0.,19.1720338702202));
#18615=CARTESIAN_POINT('',(-4.4,0.,19.2713007330895));
#18616=CARTESIAN_POINT('',(-4.4,0.,19.2713007330895));
#18617=CARTESIAN_POINT('',(-4.4,0.,19.0674110313406));
#18618=CARTESIAN_POINT('',(-4.4,0.,19.2713007330895));
#18619=CARTESIAN_POINT('',(4.30361159181595,0.553968311866373,14.0845499941561));
#18620=CARTESIAN_POINT('',(4.30361159181595,0.578423868864775,19.3141415715218));
#18621=CARTESIAN_POINT('',(4.30361159181595,0.578423868864775,19.1571610903958));
#18622=CARTESIAN_POINT('',(4.30361159181595,0.578423868864775,19.3141415715218));
#18623=CARTESIAN_POINT('',(0.00249874999999969,0.,28.3279235720635));
#18624=CARTESIAN_POINT('',(2.47029635310173,0.933288503438228,28.3279235720635));
#18625=CARTESIAN_POINT('',(0.0277087092399597,1.91857144236565,28.3279235720635));
#18626=CARTESIAN_POINT('',(0.0277087092399597,1.91857144236565,28.3279235720635));
#18627=CARTESIAN_POINT('',(-3.88271659612656,1.91857144236565,28.3279235720635));
#18628=CARTESIAN_POINT('',(-3.88271659612656,-0.018870085477829,28.3279235720635));
#18629=CARTESIAN_POINT('',(-3.88271659612656,-1.89609602093697,28.3279235720635));
#18630=CARTESIAN_POINT('',(0.0277087092399597,-1.89609602093697,28.3279235720635));
#18631=CARTESIAN_POINT('',(0.0277087092399597,-1.89609602093697,28.3279235720635));
#18632=CARTESIAN_POINT('',(0.0277087092399597,-1.89609602093697,28.3279235720635));
#18633=CARTESIAN_POINT('',(3.93813401460647,-1.89609602093697,28.3279235720635));
#18634=CARTESIAN_POINT('',(3.93813401460647,0.0112377107143402,28.3279235720635));
#18635=CARTESIAN_POINT('',(3.94059270620346,1.16225872188806,28.3279235720635));
#18636=CARTESIAN_POINT('',(3.93813401460647,0.0112377107143402,28.3279235720635));
#18637=CARTESIAN_POINT('',(3.93813401460647,1.91857144236565,28.3279235720635));
#18638=CARTESIAN_POINT('',(0.0277087092399597,1.91857144236565,28.3279235720635));
#18639=CARTESIAN_POINT('',(3.19125913083554,1.65556115098297,28.3279235720635));
#18640=CARTESIAN_POINT('',(-3.88271659612656,-0.018870085477829,28.3279235720635));
#18641=CARTESIAN_POINT('',(-3.88271659612656,-1.89609602093697,28.3277235720635));
#18642=CARTESIAN_POINT('',(-3.88271659612656,1.91857144236565,28.3277235720635));
#18643=CARTESIAN_POINT('',(-1.84189768042416,2.64405533671379,26.3279235720635));
#18644=CARTESIAN_POINT('',(1.92705867812037,-2.71791014820338,26.3279235720635));
#18645=CARTESIAN_POINT('',(-1.79108104202896,-2.60985773056745,26.3279235720635));
#18646=CARTESIAN_POINT('',(1.91789707168936,2.64405533671379,26.3279235720635));
#18647=CARTESIAN_POINT('',(4.13899145162502,-1.12877640743135,27.8281235720635));
#18648=CARTESIAN_POINT('',(3.87763073117604,1.84698887169361,27.8281235720635));
#18649=CARTESIAN_POINT('',(-3.98384929943315,1.32264526809782,27.8281235720635));
#18650=CARTESIAN_POINT('',(-4.01163105291397,-1.12877640743135,27.8281235720635));
#18651=CARTESIAN_POINT('',(-0.360363157831707,2.68330736116412,19.16));
#18652=CARTESIAN_POINT('',(-0.110922320620418,2.82860912324794,19.16));
#18653=CARTESIAN_POINT('',(-0.609803995042997,2.53800559908029,19.16));
#18654=CARTESIAN_POINT('',(-0.860359430827876,2.68137681980462,19.16));
#18655=CARTESIAN_POINT('',(-1.11091486661276,2.82474804052894,19.16));
#18656=CARTESIAN_POINT('',(-1.11202946518635,3.11342102333709,19.16));
#18657=CARTESIAN_POINT('',(-1.11314406375994,3.40209400614523,19.16));
#18658=CARTESIAN_POINT('',(-1.11314406375994,3.40209400614523,19.16));
#18659=CARTESIAN_POINT('',(-1.11202946518635,3.11342102333709,19.16));
#18660=CARTESIAN_POINT('',(-0.863703226548647,3.54739576822906,19.16));
#18661=CARTESIAN_POINT('',(-0.794404931366444,3.58776271259932,20.));
#18662=CARTESIAN_POINT('',(-0.794404931366444,3.58776271259932,19.16));
#18663=CARTESIAN_POINT('',(-0.863703226548647,3.54739576822906,19.16));
#18664=CARTESIAN_POINT('',(-0.363706953552478,3.54932630958856,19.16));
#18665=CARTESIAN_POINT('',(-0.363178144097583,3.54902371764183,20.));
#18666=CARTESIAN_POINT('',(-0.363178144097583,3.54902371764183,19.16));
#18667=CARTESIAN_POINT('',(-0.113151517767599,3.40595508886424,19.16));
#18668=CARTESIAN_POINT('',(-0.113151517767599,3.40595508886424,19.16));
#18669=CARTESIAN_POINT('',(-0.363706953552478,3.54932630958856,19.16));
#18670=CARTESIAN_POINT('',(-0.112036919194008,3.11728210605609,19.16));
#18671=CARTESIAN_POINT('',(-0.112036919194008,3.11728210605609,19.16));
#18672=CARTESIAN_POINT('',(-0.612033192190177,3.11535156469659,19.16));
#18673=CARTESIAN_POINT('',(-0.794404931366444,3.72804570943117,19.16));
#18674=CARTESIAN_POINT('',(-0.794404931366444,3.54902371764183,19.16));
#18675=CARTESIAN_POINT('',(0.180065305903554,3.54902371764183,19.16));
#18676=CARTESIAN_POINT('',(0.839627897359098,2.68794066042692,19.16));
#18677=CARTESIAN_POINT('',(1.08906873457039,2.83324242251075,19.16));
#18678=CARTESIAN_POINT('',(0.590187060147808,2.5426388983431,19.16));
#18679=CARTESIAN_POINT('',(0.339631624362929,2.68601011906742,19.16));
#18680=CARTESIAN_POINT('',(0.0890761885780492,2.82938133979175,19.16));
#18681=CARTESIAN_POINT('',(0.087961590004459,3.1180543225999,19.16));
#18682=CARTESIAN_POINT('',(0.0868469914308688,3.40672730540805,19.16));
#18683=CARTESIAN_POINT('',(0.0868469914308688,3.40672730540805,19.16));
#18684=CARTESIAN_POINT('',(0.087961590004459,3.1180543225999,19.16));
#18685=CARTESIAN_POINT('',(0.336287828642158,3.55202906749187,19.16));
#18686=CARTESIAN_POINT('',(0.33112851761967,3.54902371764183,20.));
#18687=CARTESIAN_POINT('',(0.33112851761967,3.54902371764183,19.16));
#18688=CARTESIAN_POINT('',(0.336287828642158,3.55202906749187,19.16));
#18689=CARTESIAN_POINT('',(0.836284101638327,3.55395960885137,19.16));
#18690=CARTESIAN_POINT('',(0.8449100613445,3.54902371764183,20.));
#18691=CARTESIAN_POINT('',(0.844910061344499,3.54902371764183,19.16));
#18692=CARTESIAN_POINT('',(1.08683953742321,3.41058838812704,19.16));
#18693=CARTESIAN_POINT('',(1.08683953742321,3.41058838812704,19.16));
#18694=CARTESIAN_POINT('',(0.836284101638327,3.55395960885137,19.16));
#18695=CARTESIAN_POINT('',(1.0879541359968,3.1219154053189,19.16));
#18696=CARTESIAN_POINT('',(1.0879541359968,3.1219154053189,19.16));
#18697=CARTESIAN_POINT('',(0.587957863000628,3.11998486395939,19.16));
#18698=CARTESIAN_POINT('',(0.180065305903554,3.54902371764183,19.16));
#18699=CARTESIAN_POINT('',(2.03961895254991,2.69257395968973,19.16));
#18700=CARTESIAN_POINT('',(2.28905978976119,2.83787572177356,19.16));
#18701=CARTESIAN_POINT('',(1.79017811533861,2.5472721976059,19.16));
#18702=CARTESIAN_POINT('',(1.53962267955374,2.69064341833023,19.16));
#18703=CARTESIAN_POINT('',(1.28906724376885,2.83401463905455,19.16));
#18704=CARTESIAN_POINT('',(1.28795264519526,3.1226876218627,19.16));
#18705=CARTESIAN_POINT('',(1.28683804662167,3.41136060467085,19.16));
#18706=CARTESIAN_POINT('',(1.28683804662167,3.41136060467085,19.16));
#18707=CARTESIAN_POINT('',(1.28795264519526,3.1226876218627,19.16));
#18708=CARTESIAN_POINT('',(1.53627888383296,3.55666236675468,19.16));
#18709=CARTESIAN_POINT('',(1.78571972104425,3.7019641288385,19.16));
#18710=CARTESIAN_POINT('',(1.78571972104425,3.7019641288385,19.16));
#18711=CARTESIAN_POINT('',(1.53627888383296,3.55666236675468,19.16));
#18712=CARTESIAN_POINT('',(2.03627515682913,3.55859290811418,19.16));
#18713=CARTESIAN_POINT('',(2.28683059261401,3.41522168738985,19.16));
#18714=CARTESIAN_POINT('',(2.28683059261401,3.41522168738985,19.16));
#18715=CARTESIAN_POINT('',(2.03627515682913,3.55859290811418,19.16));
#18716=CARTESIAN_POINT('',(2.2879451911876,3.12654870458171,19.16));
#18717=CARTESIAN_POINT('',(2.2879451911876,3.12654870458171,19.16));
#18718=CARTESIAN_POINT('',(1.78794891819143,3.1246181632222,19.16));
#18719=CARTESIAN_POINT('',(-1.56035421302251,2.67867406190132,19.16));
#18720=CARTESIAN_POINT('',(-1.31091337581122,2.82397582398514,19.16));
#18721=CARTESIAN_POINT('',(-1.8097950502338,2.53337229981749,19.16));
#18722=CARTESIAN_POINT('',(-2.06035048601868,2.67674352054181,19.16));
#18723=CARTESIAN_POINT('',(-2.31090592180356,2.82011474126614,19.16));
#18724=CARTESIAN_POINT('',(-2.31202052037715,3.10878772407428,19.16));
#18725=CARTESIAN_POINT('',(-2.31313511895074,3.39746070688243,19.16));
#18726=CARTESIAN_POINT('',(-2.31313511895074,3.39746070688243,19.16));
#18727=CARTESIAN_POINT('',(-2.31202052037715,3.10878772407428,19.16));
#18728=CARTESIAN_POINT('',(-2.06369428173945,3.54276246896625,19.16));
#18729=CARTESIAN_POINT('',(-1.81425344452817,3.68806423105008,19.16));
#18730=CARTESIAN_POINT('',(-1.81425344452817,3.68806423105008,19.16));
#18731=CARTESIAN_POINT('',(-2.06369428173945,3.54276246896625,19.16));
#18732=CARTESIAN_POINT('',(-1.56369800874329,3.54469301032576,19.16));
#18733=CARTESIAN_POINT('',(-1.3131425729584,3.40132178960144,19.16));
#18734=CARTESIAN_POINT('',(-1.3131425729584,3.40132178960144,19.16));
#18735=CARTESIAN_POINT('',(-1.56369800874329,3.54469301032576,19.16));
#18736=CARTESIAN_POINT('',(-1.31202797438481,3.11264880679329,19.16));
#18737=CARTESIAN_POINT('',(-1.31202797438481,3.11264880679329,19.16));
#18738=CARTESIAN_POINT('',(-1.81202424738098,3.11071826543379,19.16));
#18739=CARTESIAN_POINT('',(0.25167003435847,-0.43204420353247,19.16));
#18740=CARTESIAN_POINT('',(0.501110871569759,-0.286742441448646,19.16));
#18741=CARTESIAN_POINT('',(0.00222919714718042,-0.577345965616295,19.16));
#18742=CARTESIAN_POINT('',(-0.248326238637699,-0.433974744891972,19.16));
#18743=CARTESIAN_POINT('',(-0.498881674422579,-0.29060352416765,19.16));
#18744=CARTESIAN_POINT('',(-0.499996272996169,-0.00193054135950198,19.16));
#18745=CARTESIAN_POINT('',(-0.501110871569759,0.286742441448646,19.16));
#18746=CARTESIAN_POINT('',(-0.25167003435847,0.43204420353247,19.16));
#18747=CARTESIAN_POINT('',(-0.00222919714718056,0.577345965616295,19.16));
#18748=CARTESIAN_POINT('',(0.248326238637699,0.433974744891972,19.16));
#18749=CARTESIAN_POINT('',(0.498881674422578,0.29060352416765,19.16));
#18750=CARTESIAN_POINT('',(0.499996272996169,0.00193054135950202,19.16));
#18751=CARTESIAN_POINT('',(-2.15633718575299,1.63713467416059,19.16));
#18752=CARTESIAN_POINT('',(-1.9068963485417,1.7824364362444,19.16));
#18753=CARTESIAN_POINT('',(-2.40577802296428,1.49183291207676,19.16));
#18754=CARTESIAN_POINT('',(-2.65633345874916,1.63520413280108,19.16));
#18755=CARTESIAN_POINT('',(-2.90688889453404,1.7785753535254,19.16));
#18756=CARTESIAN_POINT('',(-2.90800349310763,2.06724833633355,19.16));
#18757=CARTESIAN_POINT('',(-2.90911809168122,2.3559213191417,19.16));
#18758=CARTESIAN_POINT('',(-2.65967725446993,2.50122308122552,19.16));
#18759=CARTESIAN_POINT('',(-2.41023641725864,2.64652484330935,19.16));
#18760=CARTESIAN_POINT('',(-2.15968098147376,2.50315362258502,19.16));
#18761=CARTESIAN_POINT('',(-1.90912554568888,2.3597824018607,19.16));
#18762=CARTESIAN_POINT('',(-1.90801094711529,2.07110941905255,19.16));
#18763=CARTESIAN_POINT('',(-2.75232015848347,0.595595286419848,19.16));
#18764=CARTESIAN_POINT('',(-2.50287932127218,0.740897048503673,19.16));
#18765=CARTESIAN_POINT('',(-3.00176099569476,0.450293524336024,19.16));
#18766=CARTESIAN_POINT('',(-3.25231643147963,0.593664745060346,19.16));
#18767=CARTESIAN_POINT('',(-3.50287186726451,0.737035965784669,19.16));
#18768=CARTESIAN_POINT('',(-3.5039864658381,1.02570894859282,19.16));
#18769=CARTESIAN_POINT('',(-3.5051010644117,1.31438193140096,19.16));
#18770=CARTESIAN_POINT('',(-3.2556602272004,1.45968369348479,19.16));
#18771=CARTESIAN_POINT('',(-3.00621938998912,1.60498545556861,19.16));
#18772=CARTESIAN_POINT('',(-2.75566395420424,1.46161423484429,19.16));
#18773=CARTESIAN_POINT('',(-2.50510851841936,1.31824301411997,19.16));
#18774=CARTESIAN_POINT('',(-2.50399391984577,1.02957003131182,19.16));
#18775=CARTESIAN_POINT('',(1.45166108954927,-0.427410904269665,19.16));
#18776=CARTESIAN_POINT('',(1.70110192676056,-0.28210914218584,19.16));
#18777=CARTESIAN_POINT('',(1.20222025233798,-0.57271266635349,19.16));
#18778=CARTESIAN_POINT('',(0.951664816553106,-0.429341445629167,19.16));
#18779=CARTESIAN_POINT('',(0.701109380768226,-0.285970224904845,19.16));
#18780=CARTESIAN_POINT('',(0.699994782194636,0.00270275790330307,19.16));
#18781=CARTESIAN_POINT('',(0.698880183621046,0.291375740711451,19.16));
#18782=CARTESIAN_POINT('',(0.948321020832335,0.436677502795275,19.16));
#18783=CARTESIAN_POINT('',(1.19776185804362,0.5819792648791,19.16));
#18784=CARTESIAN_POINT('',(1.4483172938285,0.438608044154777,19.16));
#18785=CARTESIAN_POINT('',(1.69887272961338,0.295236823430455,19.16));
#18786=CARTESIAN_POINT('',(1.69998732818698,0.00656384062230708,19.16));
#18787=CARTESIAN_POINT('',(0.855678116818797,-1.4689502920104,19.16));
#18788=CARTESIAN_POINT('',(1.10511895403009,-1.32364852992657,19.16));
#18789=CARTESIAN_POINT('',(0.606237279607508,-1.61425205409422,19.16));
#18790=CARTESIAN_POINT('',(0.355681843822628,-1.4708808333699,19.16));
#18791=CARTESIAN_POINT('',(0.105126408037749,-1.32750961264558,19.16));
#18792=CARTESIAN_POINT('',(0.104011809464158,-1.03883662983743,19.16));
#18793=CARTESIAN_POINT('',(0.102897210890568,-0.750163647029283,19.16));
#18794=CARTESIAN_POINT('',(0.352338048101857,-0.604861884945459,19.16));
#18795=CARTESIAN_POINT('',(0.601778885313147,-0.459560122861634,19.16));
#18796=CARTESIAN_POINT('',(0.852334321098026,-0.602931343585956,19.16));
#18797=CARTESIAN_POINT('',(1.10288975688291,-0.746302564310279,19.16));
#18798=CARTESIAN_POINT('',(1.1040043554565,-1.03497554711843,19.16));
#18799=CARTESIAN_POINT('',(2.64362703501023,1.65566787121181,19.16));
#18800=CARTESIAN_POINT('',(2.89306787222152,1.80096963329563,19.16));
#18801=CARTESIAN_POINT('',(2.39418619779894,1.51036610912798,19.16));
#18802=CARTESIAN_POINT('',(2.14363076201406,1.6537373298523,19.16));
#18803=CARTESIAN_POINT('',(1.89307532622918,1.79710855057662,19.16));
#18804=CARTESIAN_POINT('',(1.89196072765559,2.08578153338477,19.16));
#18805=CARTESIAN_POINT('',(1.890846129082,2.37445451619292,19.16));
#18806=CARTESIAN_POINT('',(2.14028696629329,2.51975627827674,19.16));
#18807=CARTESIAN_POINT('',(2.38972780350458,2.66505804036057,19.16));
#18808=CARTESIAN_POINT('',(2.64028323928946,2.52168681963624,19.16));
#18809=CARTESIAN_POINT('',(2.89083867507434,2.37831559891192,19.16));
#18810=CARTESIAN_POINT('',(2.89195327364793,2.08964261610377,19.16));
#18811=CARTESIAN_POINT('',(2.04764406227975,0.614128483471069,19.16));
#18812=CARTESIAN_POINT('',(2.29708489949104,0.759430245554894,19.16));
#18813=CARTESIAN_POINT('',(1.79820322506846,0.468826721387244,19.16));
#18814=CARTESIAN_POINT('',(1.54764778928358,0.612197942111567,19.16));
#18815=CARTESIAN_POINT('',(1.2970923534987,0.755569162835889,19.16));
#18816=CARTESIAN_POINT('',(1.29597775492511,1.04424214564404,19.16));
#18817=CARTESIAN_POINT('',(1.29486315635152,1.33291512845218,19.16));
#18818=CARTESIAN_POINT('',(1.54430399356281,1.47821689053601,19.16));
#18819=CARTESIAN_POINT('',(1.7937448307741,1.62351865261984,19.16));
#18820=CARTESIAN_POINT('',(2.04430026655898,1.48014743189551,19.16));
#18821=CARTESIAN_POINT('',(2.29485570234386,1.33677621117119,19.16));
#18822=CARTESIAN_POINT('',(2.29597030091745,1.04810322836304,19.16));
#18823=CARTESIAN_POINT('',(-0.336287828642158,-3.55202906749187,19.16));
#18824=CARTESIAN_POINT('',(-0.0868469914308685,-3.40672730540805,19.16));
#18825=CARTESIAN_POINT('',(-0.585728665853447,-3.69733082957569,19.16));
#18826=CARTESIAN_POINT('',(-0.836284101638327,-3.55395960885137,19.16));
#18827=CARTESIAN_POINT('',(-1.08683953742321,-3.41058838812704,19.16));
#18828=CARTESIAN_POINT('',(-1.0879541359968,-3.1219154053189,19.16));
#18829=CARTESIAN_POINT('',(-1.08906873457039,-2.83324242251075,19.16));
#18830=CARTESIAN_POINT('',(-0.839627897359098,-2.68794066042692,19.16));
#18831=CARTESIAN_POINT('',(-0.590187060147808,-2.5426388983431,19.16));
#18832=CARTESIAN_POINT('',(-0.339631624362929,-2.68601011906742,19.16));
#18833=CARTESIAN_POINT('',(-0.0890761885780495,-2.82938133979175,19.16));
#18834=CARTESIAN_POINT('',(-0.0879615900044591,-3.1180543225999,19.16));
#18835=CARTESIAN_POINT('',(0.25969514408832,-2.51048967975114,19.16));
#18836=CARTESIAN_POINT('',(0.509135981299609,-2.36518791766731,19.16));
#18837=CARTESIAN_POINT('',(0.0102543068770301,-2.65579144183496,19.16));
#18838=CARTESIAN_POINT('',(-0.240301128907849,-2.51242022111063,19.16));
#18839=CARTESIAN_POINT('',(-0.490856564692729,-2.36904900038631,19.16));
#18840=CARTESIAN_POINT('',(-0.491971163266319,-2.08037601757816,19.16));
#18841=CARTESIAN_POINT('',(-0.493085761839909,-1.79170303477002,19.16));
#18842=CARTESIAN_POINT('',(-0.24364492462862,-1.64640127268619,19.16));
#18843=CARTESIAN_POINT('',(0.00579591258266917,-1.50109951060237,19.16));
#18844=CARTESIAN_POINT('',(0.256351348367548,-1.64447073132669,19.16));
#18845=CARTESIAN_POINT('',(0.506906784152428,-1.78784195205102,19.16));
#18846=CARTESIAN_POINT('',(0.508021382726018,-2.07651493485916,19.16));
#18847=CARTESIAN_POINT('',(1.44363597981942,1.651034571949,19.16));
#18848=CARTESIAN_POINT('',(1.69307681703071,1.79633633403283,19.16));
#18849=CARTESIAN_POINT('',(1.19419514260814,1.50573280986517,19.16));
#18850=CARTESIAN_POINT('',(0.943639706823256,1.6491040305895,19.16));
#18851=CARTESIAN_POINT('',(0.693084271038376,1.79247525131382,19.16));
#18852=CARTESIAN_POINT('',(0.691969672464786,2.08114823412196,19.16));
#18853=CARTESIAN_POINT('',(0.690855073891196,2.36982121693012,19.16));
#18854=CARTESIAN_POINT('',(0.940295911102485,2.51512297901394,19.16));
#18855=CARTESIAN_POINT('',(1.18973674831377,2.66042474109776,19.16));
#18856=CARTESIAN_POINT('',(1.44029218409865,2.51705352037344,19.16));
#18857=CARTESIAN_POINT('',(1.69084761988353,2.37368229964912,19.16));
#18858=CARTESIAN_POINT('',(1.69196221845713,2.08500931684097,19.16));
#18859=CARTESIAN_POINT('',(3.24763511747055,0.618761782733874,19.16));
#18860=CARTESIAN_POINT('',(3.49707595468184,0.764063544817699,19.16));
#18861=CARTESIAN_POINT('',(2.99819428025927,0.473460020650049,19.16));
#18862=CARTESIAN_POINT('',(2.74763884447439,0.616831241374372,19.16));
#18863=CARTESIAN_POINT('',(2.49708340868951,0.760202462098694,19.16));
#18864=CARTESIAN_POINT('',(2.49596881011592,1.04887544490684,19.16));
#18865=CARTESIAN_POINT('',(2.49485421154233,1.33754842771499,19.16));
#18866=CARTESIAN_POINT('',(2.74429504875361,1.48285018979881,19.16));
#18867=CARTESIAN_POINT('',(2.99373588596491,1.62815195188264,19.16));
#18868=CARTESIAN_POINT('',(3.24429132174979,1.48478073115832,19.16));
#18869=CARTESIAN_POINT('',(3.49484675753467,1.34140951043399,19.16));
#18870=CARTESIAN_POINT('',(3.49596135610825,1.05273652762585,19.16));
#18871=CARTESIAN_POINT('',(2.06369428173945,-3.54276246896625,19.16));
#18872=CARTESIAN_POINT('',(2.31313511895074,-3.39746070688243,19.16));
#18873=CARTESIAN_POINT('',(1.81425344452816,-3.68806423105008,19.16));
#18874=CARTESIAN_POINT('',(1.56369800874329,-3.54469301032576,19.16));
#18875=CARTESIAN_POINT('',(1.3131425729584,-3.40132178960144,19.16));
#18876=CARTESIAN_POINT('',(1.31202797438481,-3.11264880679329,19.16));
#18877=CARTESIAN_POINT('',(1.31091337581122,-2.82397582398514,19.16));
#18878=CARTESIAN_POINT('',(1.56035421302251,-2.67867406190132,19.16));
#18879=CARTESIAN_POINT('',(1.8097950502338,-2.53337229981749,19.16));
#18880=CARTESIAN_POINT('',(2.06035048601868,-2.67674352054181,19.16));
#18881=CARTESIAN_POINT('',(2.31090592180356,-2.82011474126614,19.16));
#18882=CARTESIAN_POINT('',(2.31202052037715,-3.10878772407428,19.16));
#18883=CARTESIAN_POINT('',(3.2556602272004,-1.45968369348479,19.16));
#18884=CARTESIAN_POINT('',(3.5051010644117,-1.31438193140096,19.16));
#18885=CARTESIAN_POINT('',(3.00621938998912,-1.60498545556861,19.16));
#18886=CARTESIAN_POINT('',(2.75566395420424,-1.46161423484429,19.16));
#18887=CARTESIAN_POINT('',(2.50510851841936,-1.31824301411997,19.16));
#18888=CARTESIAN_POINT('',(2.50399391984577,-1.02957003131182,19.16));
#18889=CARTESIAN_POINT('',(2.50287932127218,-0.740897048503673,19.16));
#18890=CARTESIAN_POINT('',(2.75232015848347,-0.595595286419848,19.16));
#18891=CARTESIAN_POINT('',(3.00176099569476,-0.450293524336024,19.16));
#18892=CARTESIAN_POINT('',(3.25231643147963,-0.593664745060346,19.16));
#18893=CARTESIAN_POINT('',(3.50287186726451,-0.737035965784669,19.16));
#18894=CARTESIAN_POINT('',(3.5039864658381,-1.02570894859282,19.16));
#18895=CARTESIAN_POINT('',(2.65967725446993,-2.50122308122552,19.16));
#18896=CARTESIAN_POINT('',(2.90911809168122,-2.3559213191417,19.16));
#18897=CARTESIAN_POINT('',(2.41023641725864,-2.64652484330935,19.16));
#18898=CARTESIAN_POINT('',(2.15968098147376,-2.50315362258502,19.16));
#18899=CARTESIAN_POINT('',(1.90912554568888,-2.3597824018607,19.16));
#18900=CARTESIAN_POINT('',(1.90801094711529,-2.07110941905255,19.16));
#18901=CARTESIAN_POINT('',(1.9068963485417,-1.7824364362444,19.16));
#18902=CARTESIAN_POINT('',(2.15633718575299,-1.63713467416058,19.16));
#18903=CARTESIAN_POINT('',(2.40577802296428,-1.49183291207676,19.16));
#18904=CARTESIAN_POINT('',(2.65633345874916,-1.63520413280108,19.16));
#18905=CARTESIAN_POINT('',(2.90688889453404,-1.7785753535254,19.16));
#18906=CARTESIAN_POINT('',(2.90800349310763,-2.06724833633355,19.16));
#18907=CARTESIAN_POINT('',(1.45968619927912,-2.50585638048833,19.16));
#18908=CARTESIAN_POINT('',(1.70912703649041,-2.3605546184045,19.16));
#18909=CARTESIAN_POINT('',(1.21024536206783,-2.65115814257216,19.16));
#18910=CARTESIAN_POINT('',(0.959689926282956,-2.50778692184783,19.16));
#18911=CARTESIAN_POINT('',(0.709134490498076,-2.36441570112351,19.16));
#18912=CARTESIAN_POINT('',(0.708019891924486,-2.07574271831536,19.16));
#18913=CARTESIAN_POINT('',(0.706905293350896,-1.78706973550721,19.16));
#18914=CARTESIAN_POINT('',(0.956346130562185,-1.64176797342338,19.16));
#18915=CARTESIAN_POINT('',(1.20578696777347,-1.49646621133956,19.16));
#18916=CARTESIAN_POINT('',(1.45634240355835,-1.63983743206388,19.16));
#18917=CARTESIAN_POINT('',(1.70689783934324,-1.78320865278821,19.16));
#18918=CARTESIAN_POINT('',(1.70801243791683,-2.07188163559635,19.16));
#18919=CARTESIAN_POINT('',(0.863703226548647,-3.54739576822906,19.16));
#18920=CARTESIAN_POINT('',(1.11314406375994,-3.40209400614523,19.16));
#18921=CARTESIAN_POINT('',(0.614262389337357,-3.69269753031289,19.16));
#18922=CARTESIAN_POINT('',(0.363706953552478,-3.54932630958856,19.16));
#18923=CARTESIAN_POINT('',(0.113151517767598,-3.40595508886424,19.16));
#18924=CARTESIAN_POINT('',(0.112036919194008,-3.11728210605609,19.16));
#18925=CARTESIAN_POINT('',(0.110922320620418,-2.82860912324794,19.16));
#18926=CARTESIAN_POINT('',(0.360363157831707,-2.68330736116412,19.16));
#18927=CARTESIAN_POINT('',(0.609803995042996,-2.53800559908029,19.16));
#18928=CARTESIAN_POINT('',(0.860359430827876,-2.68137681980462,19.16));
#18929=CARTESIAN_POINT('',(1.11091486661275,-2.82474804052894,19.16));
#18930=CARTESIAN_POINT('',(1.11202946518635,-3.11342102333709,19.16));
#18931=CARTESIAN_POINT('',(2.65165214474008,-0.42277760500686,19.16));
#18932=CARTESIAN_POINT('',(2.90109298195137,-0.277475842923036,19.16));
#18933=CARTESIAN_POINT('',(2.40221130752879,-0.568079367090685,19.16));
#18934=CARTESIAN_POINT('',(2.15165587174391,-0.424708146366362,19.16));
#18935=CARTESIAN_POINT('',(1.90110043595903,-0.281336925642039,19.16));
#18936=CARTESIAN_POINT('',(1.89998583738544,0.00733605716610813,19.16));
#18937=CARTESIAN_POINT('',(1.89887123881185,0.296009039974255,19.16));
#18938=CARTESIAN_POINT('',(2.14831207602314,0.44131080205808,19.16));
#18939=CARTESIAN_POINT('',(2.39775291323443,0.586612564141905,19.16));
#18940=CARTESIAN_POINT('',(2.64830834901931,0.443241343417582,19.16));
#18941=CARTESIAN_POINT('',(2.89886378480419,0.29987012269326,19.16));
#18942=CARTESIAN_POINT('',(2.89997838337778,0.0111971398851121,19.16));
#18943=CARTESIAN_POINT('',(2.0556691720096,-1.46431699274759,19.16));
#18944=CARTESIAN_POINT('',(2.30511000922089,-1.31901523066377,19.16));
#18945=CARTESIAN_POINT('',(1.80622833479831,-1.60961875483142,19.16));
#18946=CARTESIAN_POINT('',(1.55567289901343,-1.4662475341071,19.16));
#18947=CARTESIAN_POINT('',(1.30511746322855,-1.32287631338277,19.16));
#18948=CARTESIAN_POINT('',(1.30400286465496,-1.03420333057463,19.16));
#18949=CARTESIAN_POINT('',(1.30288826608137,-0.745530347766478,19.16));
#18950=CARTESIAN_POINT('',(1.55232910329266,-0.600228585682654,19.16));
#18951=CARTESIAN_POINT('',(1.80176994050395,-0.454926823598829,19.16));
#18952=CARTESIAN_POINT('',(2.05232537628883,-0.598298044323151,19.16));
#18953=CARTESIAN_POINT('',(2.30288081207371,-0.741669265047474,19.16));
#18954=CARTESIAN_POINT('',(2.3039954106473,-1.03034224785562,19.16));
#18955=CARTESIAN_POINT('',(-2.14028696629329,-2.51975627827674,19.16));
#18956=CARTESIAN_POINT('',(-1.890846129082,-2.37445451619292,19.16));
#18957=CARTESIAN_POINT('',(-2.38972780350458,-2.66505804036057,19.16));
#18958=CARTESIAN_POINT('',(-2.64028323928946,-2.52168681963624,19.16));
#18959=CARTESIAN_POINT('',(-2.89083867507434,-2.37831559891192,19.16));
#18960=CARTESIAN_POINT('',(-2.89195327364793,-2.08964261610377,19.16));
#18961=CARTESIAN_POINT('',(-2.89306787222152,-1.80096963329563,19.16));
#18962=CARTESIAN_POINT('',(-2.64362703501023,-1.65566787121181,19.16));
#18963=CARTESIAN_POINT('',(-2.39418619779894,-1.51036610912798,19.16));
#18964=CARTESIAN_POINT('',(-2.14363076201406,-1.6537373298523,19.16));
#18965=CARTESIAN_POINT('',(-1.89307532622918,-1.79710855057662,19.16));
#18966=CARTESIAN_POINT('',(-1.89196072765559,-2.08578153338477,19.16));
#18967=CARTESIAN_POINT('',(-1.54430399356281,-1.47821689053601,19.16));
#18968=CARTESIAN_POINT('',(-1.29486315635152,-1.33291512845218,19.16));
#18969=CARTESIAN_POINT('',(-1.7937448307741,-1.62351865261984,19.16));
#18970=CARTESIAN_POINT('',(-2.04430026655898,-1.48014743189551,19.16));
#18971=CARTESIAN_POINT('',(-2.29485570234386,-1.33677621117119,19.16));
#18972=CARTESIAN_POINT('',(-2.29597030091745,-1.04810322836304,19.16));
#18973=CARTESIAN_POINT('',(-2.29708489949104,-0.759430245554893,19.16));
#18974=CARTESIAN_POINT('',(-2.04764406227975,-0.614128483471069,19.16));
#18975=CARTESIAN_POINT('',(-1.79820322506846,-0.468826721387244,19.16));
#18976=CARTESIAN_POINT('',(-1.54764778928358,-0.612197942111567,19.16));
#18977=CARTESIAN_POINT('',(-1.2970923534987,-0.755569162835889,19.16));
#18978=CARTESIAN_POINT('',(-1.29597775492511,-1.04424214564404,19.16));
#18979=CARTESIAN_POINT('',(-0.956346130562185,1.64176797342339,19.16));
#18980=CARTESIAN_POINT('',(-0.706905293350895,1.78706973550721,19.16));
#18981=CARTESIAN_POINT('',(-1.20578696777347,1.49646621133956,19.16));
#18982=CARTESIAN_POINT('',(-1.45634240355835,1.63983743206388,19.16));
#18983=CARTESIAN_POINT('',(-1.70689783934324,1.78320865278821,19.16));
#18984=CARTESIAN_POINT('',(-1.70801243791683,2.07188163559635,19.16));
#18985=CARTESIAN_POINT('',(-1.70912703649041,2.3605546184045,19.16));
#18986=CARTESIAN_POINT('',(-1.45968619927912,2.50585638048833,19.16));
#18987=CARTESIAN_POINT('',(-1.21024536206783,2.65115814257216,19.16));
#18988=CARTESIAN_POINT('',(-0.959689926282956,2.50778692184783,19.16));
#18989=CARTESIAN_POINT('',(-0.709134490498076,2.36441570112351,19.16));
#18990=CARTESIAN_POINT('',(-0.708019891924486,2.07574271831536,19.16));
#18991=CARTESIAN_POINT('',(-2.74429504875361,-1.48285018979881,19.16));
#18992=CARTESIAN_POINT('',(-2.49485421154233,-1.33754842771499,19.16));
#18993=CARTESIAN_POINT('',(-2.99373588596491,-1.62815195188264,19.16));
#18994=CARTESIAN_POINT('',(-3.24429132174979,-1.48478073115832,19.16));
#18995=CARTESIAN_POINT('',(-3.49484675753467,-1.34140951043399,19.16));
#18996=CARTESIAN_POINT('',(-3.49596135610825,-1.05273652762585,19.16));
#18997=CARTESIAN_POINT('',(-3.49707595468184,-0.764063544817699,19.16));
#18998=CARTESIAN_POINT('',(-3.24763511747055,-0.618761782733874,19.16));
#18999=CARTESIAN_POINT('',(-2.99819428025927,-0.473460020650049,19.16));
#19000=CARTESIAN_POINT('',(-2.74763884447439,-0.616831241374372,19.16));
#19001=CARTESIAN_POINT('',(-2.49708340868951,-0.760202462098694,19.16));
#19002=CARTESIAN_POINT('',(-2.49596881011592,-1.04887544490684,19.16));
#19003=CARTESIAN_POINT('',(-1.55232910329266,0.600228585682654,19.16));
#19004=CARTESIAN_POINT('',(-1.30288826608137,0.745530347766478,19.16));
#19005=CARTESIAN_POINT('',(-1.80176994050395,0.454926823598829,19.16));
#19006=CARTESIAN_POINT('',(-2.05232537628883,0.598298044323152,19.16));
#19007=CARTESIAN_POINT('',(-2.30288081207371,0.741669265047474,19.16));
#19008=CARTESIAN_POINT('',(-2.3039954106473,1.03034224785562,19.16));
#19009=CARTESIAN_POINT('',(-2.30511000922089,1.31901523066377,19.16));
#19010=CARTESIAN_POINT('',(-2.0556691720096,1.46431699274759,19.16));
#19011=CARTESIAN_POINT('',(-1.80622833479831,1.60961875483142,19.16));
#19012=CARTESIAN_POINT('',(-1.55567289901343,1.4662475341071,19.16));
#19013=CARTESIAN_POINT('',(-1.30511746322855,1.32287631338277,19.16));
#19014=CARTESIAN_POINT('',(-1.30400286465496,1.03420333057463,19.16));
#19015=CARTESIAN_POINT('',(-2.14831207602314,-0.44131080205808,19.16));
#19016=CARTESIAN_POINT('',(-1.89887123881185,-0.296009039974255,19.16));
#19017=CARTESIAN_POINT('',(-2.39775291323443,-0.586612564141905,19.16));
#19018=CARTESIAN_POINT('',(-2.64830834901931,-0.443241343417582,19.16));
#19019=CARTESIAN_POINT('',(-2.89886378480419,-0.29987012269326,19.16));
#19020=CARTESIAN_POINT('',(-2.89997838337778,-0.0111971398851121,19.16));
#19021=CARTESIAN_POINT('',(-2.90109298195137,0.277475842923036,19.16));
#19022=CARTESIAN_POINT('',(-2.65165214474008,0.42277760500686,19.16));
#19023=CARTESIAN_POINT('',(-2.40221130752879,0.568079367090685,19.16));
#19024=CARTESIAN_POINT('',(-2.15165587174391,0.424708146366362,19.16));
#19025=CARTESIAN_POINT('',(-1.90110043595903,0.28133692564204,19.16));
#19026=CARTESIAN_POINT('',(-1.89998583738544,-0.00733605716610809,19.16));
#19027=CARTESIAN_POINT('',(-0.940295911102485,-2.51512297901394,19.16));
#19028=CARTESIAN_POINT('',(-0.690855073891196,-2.36982121693012,19.16));
#19029=CARTESIAN_POINT('',(-1.18973674831377,-2.66042474109776,19.16));
#19030=CARTESIAN_POINT('',(-1.44029218409865,-2.51705352037344,19.16));
#19031=CARTESIAN_POINT('',(-1.69084761988353,-2.37368229964912,19.16));
#19032=CARTESIAN_POINT('',(-1.69196221845713,-2.08500931684097,19.16));
#19033=CARTESIAN_POINT('',(-1.69307681703071,-1.79633633403282,19.16));
#19034=CARTESIAN_POINT('',(-1.44363597981942,-1.651034571949,19.16));
#19035=CARTESIAN_POINT('',(-1.19419514260814,-1.50573280986517,19.16));
#19036=CARTESIAN_POINT('',(-0.943639706823256,-1.6491040305895,19.16));
#19037=CARTESIAN_POINT('',(-0.693084271038377,-1.79247525131382,19.16));
#19038=CARTESIAN_POINT('',(-0.691969672464786,-2.08114823412196,19.16));
#19039=CARTESIAN_POINT('',(-1.53627888383296,-3.55666236675467,19.16));
#19040=CARTESIAN_POINT('',(-1.28683804662167,-3.41136060467085,19.16));
#19041=CARTESIAN_POINT('',(-1.78571972104425,-3.7019641288385,19.16));
#19042=CARTESIAN_POINT('',(-2.03627515682913,-3.55859290811418,19.16));
#19043=CARTESIAN_POINT('',(-2.28683059261401,-3.41522168738985,19.16));
#19044=CARTESIAN_POINT('',(-2.2879451911876,-3.12654870458171,19.16));
#19045=CARTESIAN_POINT('',(-2.28905978976119,-2.83787572177356,19.16));
#19046=CARTESIAN_POINT('',(-2.03961895254991,-2.69257395968973,19.16));
#19047=CARTESIAN_POINT('',(-1.79017811533861,-2.5472721976059,19.16));
#19048=CARTESIAN_POINT('',(-1.53962267955374,-2.69064341833023,19.16));
#19049=CARTESIAN_POINT('',(-1.28906724376885,-2.83401463905455,19.16));
#19050=CARTESIAN_POINT('',(-1.28795264519526,-3.1226876218627,19.16));
#19051=CARTESIAN_POINT('',(-0.344312938372007,-1.4735835912732,19.16));
#19052=CARTESIAN_POINT('',(-0.0948721011607182,-1.32828182918938,19.16));
#19053=CARTESIAN_POINT('',(-0.593753775583297,-1.61888535335703,19.16));
#19054=CARTESIAN_POINT('',(-0.844309211368177,-1.47551413263271,19.16));
#19055=CARTESIAN_POINT('',(-1.09486464715306,-1.33214291190838,19.16));
#19056=CARTESIAN_POINT('',(-1.09597924572665,-1.04346992910024,19.16));
#19057=CARTESIAN_POINT('',(-1.09709384430024,-0.754796946292088,19.16));
#19058=CARTESIAN_POINT('',(-0.847653007088947,-0.609495184208264,19.16));
#19059=CARTESIAN_POINT('',(-0.598212169877658,-0.464193422124439,19.16));
#19060=CARTESIAN_POINT('',(-0.347656734092778,-0.607564642848762,19.16));
#19061=CARTESIAN_POINT('',(-0.0971012983078993,-0.750935863573084,19.16));
#19062=CARTESIAN_POINT('',(-0.0959866997343089,-1.03960884638123,19.16));
#19063=CARTESIAN_POINT('',(0.847653007088947,0.609495184208264,19.16));
#19064=CARTESIAN_POINT('',(1.09709384430024,0.754796946292089,19.16));
#19065=CARTESIAN_POINT('',(0.598212169877658,0.464193422124439,19.16));
#19066=CARTESIAN_POINT('',(0.347656734092778,0.607564642848762,19.16));
#19067=CARTESIAN_POINT('',(0.0971012983078989,0.750935863573084,19.16));
#19068=CARTESIAN_POINT('',(0.0959866997343087,1.03960884638123,19.16));
#19069=CARTESIAN_POINT('',(0.0948721011607185,1.32828182918938,19.16));
#19070=CARTESIAN_POINT('',(0.344312938372007,1.4735835912732,19.16));
#19071=CARTESIAN_POINT('',(0.593753775583297,1.61888535335703,19.16));
#19072=CARTESIAN_POINT('',(0.844309211368177,1.47551413263271,19.16));
#19073=CARTESIAN_POINT('',(1.09486464715306,1.33214291190838,19.16));
#19074=CARTESIAN_POINT('',(1.09597924572665,1.04346992910024,19.16));
#19075=CARTESIAN_POINT('',(-0.352338048101857,0.604861884945459,19.16));
#19076=CARTESIAN_POINT('',(-0.102897210890568,0.750163647029284,19.16));
#19077=CARTESIAN_POINT('',(-0.601778885313147,0.459560122861634,19.16));
#19078=CARTESIAN_POINT('',(-0.852334321098026,0.602931343585957,19.16));
#19079=CARTESIAN_POINT('',(-1.10288975688291,0.746302564310279,19.16));
#19080=CARTESIAN_POINT('',(-1.1040043554565,1.03497554711843,19.16));
#19081=CARTESIAN_POINT('',(-1.10511895403009,1.32364852992657,19.16));
#19082=CARTESIAN_POINT('',(-0.855678116818797,1.4689502920104,19.16));
#19083=CARTESIAN_POINT('',(-0.606237279607508,1.61425205409422,19.16));
#19084=CARTESIAN_POINT('',(-0.355681843822628,1.4708808333699,19.16));
#19085=CARTESIAN_POINT('',(-0.105126408037749,1.32750961264558,19.16));
#19086=CARTESIAN_POINT('',(-0.104011809464159,1.03883662983743,19.16));
#19087=CARTESIAN_POINT('',(-0.948321020832335,-0.436677502795275,19.16));
#19088=CARTESIAN_POINT('',(-0.698880183621045,-0.291375740711451,19.16));
#19089=CARTESIAN_POINT('',(-1.19776185804362,-0.5819792648791,19.16));
#19090=CARTESIAN_POINT('',(-1.4483172938285,-0.438608044154777,19.16));
#19091=CARTESIAN_POINT('',(-1.69887272961338,-0.295236823430455,19.16));
#19092=CARTESIAN_POINT('',(-1.69998732818698,-0.00656384062230704,19.16));
#19093=CARTESIAN_POINT('',(-1.70110192676056,0.28210914218584,19.16));
#19094=CARTESIAN_POINT('',(-1.45166108954927,0.427410904269665,19.16));
#19095=CARTESIAN_POINT('',(-1.20222025233798,0.57271266635349,19.16));
#19096=CARTESIAN_POINT('',(-0.951664816553106,0.429341445629167,19.16));
#19097=CARTESIAN_POINT('',(-0.701109380768227,0.285970224904845,19.16));
#19098=CARTESIAN_POINT('',(-0.699994782194636,-0.00270275790330303,19.16));
#19099=CARTESIAN_POINT('',(0.24364492462862,1.64640127268619,19.16));
#19100=CARTESIAN_POINT('',(0.49308576183991,1.79170303477002,19.16));
#19101=CARTESIAN_POINT('',(-0.00579591258266932,1.50109951060237,19.16));
#19102=CARTESIAN_POINT('',(-0.256351348367548,1.64447073132669,19.16));
#19103=CARTESIAN_POINT('',(-0.506906784152428,1.78784195205102,19.16));
#19104=CARTESIAN_POINT('',(-0.508021382726019,2.07651493485916,19.16));
#19105=CARTESIAN_POINT('',(-0.509135981299609,2.36518791766731,19.16));
#19106=CARTESIAN_POINT('',(-0.25969514408832,2.51048967975114,19.16));
#19107=CARTESIAN_POINT('',(-0.0102543068770303,2.65579144183496,19.16));
#19108=CARTESIAN_POINT('',(0.240301128907849,2.51242022111063,19.16));
#19109=CARTESIAN_POINT('',(0.490856564692729,2.36904900038631,19.16));
#19110=CARTESIAN_POINT('',(0.491971163266319,2.08037601757816,19.16));
#19111=CARTESIAN_POINT('',(-0.794404931366444,3.72804570943117,24.64));
#19112=CARTESIAN_POINT('',(-0.794404931366444,3.54902371764183,24.64));
#19113=CARTESIAN_POINT('',(0.180065305903554,3.54902371764183,24.64));
#19114=CARTESIAN_POINT('',(0.180065305903554,3.54902371764183,24.64));
#19115=CARTESIAN_POINT('',(1.,0.999180623256612,28.0394034608181));
#19116=CARTESIAN_POINT('',(1.,1.10743379872966,27.8519034608181));
#19117=CARTESIAN_POINT('',(3.94059270620346,1.10743379872968,27.8519034608181));
#19118=CARTESIAN_POINT('',(3.94059270620346,0.999180623256612,28.0394034608181));
#19119=CARTESIAN_POINT('',(3.94059270620346,0.933288503438231,28.1535319601619));
#19120=CARTESIAN_POINT('',(1.,0.933288503438231,28.1535319601619));
#19121=CARTESIAN_POINT('',(1.,1.32394014967577,27.8519034608181));
#19122=CARTESIAN_POINT('',(1.,1.54044650062189,27.8519034608181));
#19123=CARTESIAN_POINT('',(3.94059270620346,1.54044650062189,27.8519034608181));
#19124=CARTESIAN_POINT('',(3.94059270620346,1.16225872188806,27.8519034608181));
#19125=CARTESIAN_POINT('',(1.,1.64869967609494,28.0394034608181));
#19126=CARTESIAN_POINT('',(3.94059270620346,1.64869967609494,28.0394034608181));
#19127=CARTESIAN_POINT('',(1.,1.64869967609504,20.4144034608181));
#19128=CARTESIAN_POINT('',(1.,1.7569528515681,20.2269034608181));
#19129=CARTESIAN_POINT('',(1.,1.54044650062198,20.6019034608181));
#19130=CARTESIAN_POINT('',(1.,1.32394014967587,20.6019034608181));
#19131=CARTESIAN_POINT('',(1.,1.10743379872976,20.6019034608181));
#19132=CARTESIAN_POINT('',(1.,0.999180623256706,20.4144034608181));
#19133=CARTESIAN_POINT('',(1.,0.890927447783657,20.2269034608181));
#19134=CARTESIAN_POINT('',(1.,1.64869967609504,20.0394034608181));
#19135=CARTESIAN_POINT('',(1.,1.54044650062199,19.8519034608181));
#19136=CARTESIAN_POINT('',(1.,1.54044650062199,19.8519034608181));
#19137=CARTESIAN_POINT('',(1.,1.32394014967587,19.8519034608181));
#19138=CARTESIAN_POINT('',(1.,1.10743379872976,19.8519034608181));
#19139=CARTESIAN_POINT('',(1.,1.32394014967587,19.8519034608181));
#19140=CARTESIAN_POINT('',(1.,1.10743379872976,19.8519034608181));
#19141=CARTESIAN_POINT('',(1.,0.999180623256715,20.0394034608181));
#19142=CARTESIAN_POINT('',(1.,-0.0833511314738383,20.4144034608181));
#19143=CARTESIAN_POINT('',(1.,0.0249020439992186,20.2269034608181));
#19144=CARTESIAN_POINT('',(1.,-0.191604306946895,20.6019034608181));
#19145=CARTESIAN_POINT('',(1.,-0.408110657893011,20.6019034608181));
#19146=CARTESIAN_POINT('',(1.,-0.62461700883912,20.6019034608181));
#19147=CARTESIAN_POINT('',(1.,-0.732870184312173,20.4144034608181));
#19148=CARTESIAN_POINT('',(1.,-0.841123359785223,20.2269034608181));
#19149=CARTESIAN_POINT('',(1.,-0.732870184312165,20.0394034608181));
#19150=CARTESIAN_POINT('',(1.,-0.624617008839121,19.8519034608181));
#19151=CARTESIAN_POINT('',(1.,-0.408110657893011,19.8519034608181));
#19152=CARTESIAN_POINT('',(1.,-0.191604306946892,19.8519034608181));
#19153=CARTESIAN_POINT('',(1.,-0.191604306946892,19.8519034608181));
#19154=CARTESIAN_POINT('',(1.,-0.0833511314738404,20.0394034608181));
#19155=CARTESIAN_POINT('',(1.,0.13315521947217,27.9144034608181));
#19156=CARTESIAN_POINT('',(1.,0.241408394945223,28.1019034608181));
#19157=CARTESIAN_POINT('',(1.,0.0249020439991206,27.7269034608181));
#19158=CARTESIAN_POINT('',(1.,0.457914745891333,28.1019034608181));
#19159=CARTESIAN_POINT('',(1.,0.674421096837448,28.1019034608181));
#19160=CARTESIAN_POINT('',(1.,0.782674272310505,27.9144034608181));
#19161=CARTESIAN_POINT('',(1.,0.890927447783562,27.7269034608181));
#19162=CARTESIAN_POINT('',(1.,0.782674272310503,27.5394034608181));
#19163=CARTESIAN_POINT('',(1.,0.674421096837452,27.3519034608181));
#19164=CARTESIAN_POINT('',(1.,0.457914745891333,27.3519034608181));
#19165=CARTESIAN_POINT('',(1.,0.241408394945223,27.3519034608181));
#19166=CARTESIAN_POINT('',(1.,0.133155219472179,27.5394034608181));
#19167=CARTESIAN_POINT('',(1.,0.45791474589134,27.7269034608181));
#19168=CARTESIAN_POINT('',(1.,0.782674272310505,27.9144034608181));
#19169=CARTESIAN_POINT('',(1.,0.674421096837448,28.1019034608181));
#19170=CARTESIAN_POINT('',(1.,0.457914745891333,28.1019034608181));
#19171=CARTESIAN_POINT('',(1.,0.241408394945223,28.1019034608181));
#19172=CARTESIAN_POINT('',(1.,0.13315521947217,27.9144034608181));
#19173=CARTESIAN_POINT('',(1.,0.782674272310505,27.9144034608181));
#19174=CARTESIAN_POINT('',(1.,0.674421096837448,28.1019034608181));
#19175=CARTESIAN_POINT('',(1.,0.457914745891333,28.1019034608181));
#19176=CARTESIAN_POINT('',(1.,0.241408394945223,28.1019034608181));
#19177=CARTESIAN_POINT('',(1.,0.13315521947217,27.9144034608181));
#19178=CARTESIAN_POINT('',(1.,-0.083351131473928,27.4144034608181));
#19179=CARTESIAN_POINT('',(1.,0.0249020439991288,27.2269034608181));
#19180=CARTESIAN_POINT('',(1.,-0.191604306946985,27.6019034608181));
#19181=CARTESIAN_POINT('',(1.,-0.4081106578931,27.6019034608181));
#19182=CARTESIAN_POINT('',(1.,-0.62461700883921,27.6019034608181));
#19183=CARTESIAN_POINT('',(1.,-0.732870184312263,27.4144034608181));
#19184=CARTESIAN_POINT('',(1.,-0.841123359785313,27.2269034608181));
#19185=CARTESIAN_POINT('',(1.,-0.732870184312254,27.0394034608181));
#19186=CARTESIAN_POINT('',(1.,-0.624617008839211,26.8519034608181));
#19187=CARTESIAN_POINT('',(1.,-0.4081106578931,26.8519034608181));
#19188=CARTESIAN_POINT('',(1.,-0.191604306946981,26.8519034608181));
#19189=CARTESIAN_POINT('',(1.,-0.0833511314739302,27.0394034608181));
#19190=CARTESIAN_POINT('',(1.,1.64869967609503,21.4144034608181));
#19191=CARTESIAN_POINT('',(1.,1.75695285156809,21.2269034608181));
#19192=CARTESIAN_POINT('',(1.,1.54044650062197,21.6019034608181));
#19193=CARTESIAN_POINT('',(1.,1.32394014967586,21.6019034608181));
#19194=CARTESIAN_POINT('',(1.,1.10743379872975,21.6019034608181));
#19195=CARTESIAN_POINT('',(1.,0.999180623256693,21.4144034608181));
#19196=CARTESIAN_POINT('',(1.,0.890927447783644,21.2269034608181));
#19197=CARTESIAN_POINT('',(1.,0.999180623256702,21.0394034608181));
#19198=CARTESIAN_POINT('',(1.,1.10743379872975,20.8519034608181));
#19199=CARTESIAN_POINT('',(1.,1.32394014967586,20.8519034608181));
#19200=CARTESIAN_POINT('',(1.,1.54044650062198,20.8519034608181));
#19201=CARTESIAN_POINT('',(1.,1.64869967609502,21.0394034608181));
#19202=CARTESIAN_POINT('',(1.,1.64869967609501,22.4144034608181));
#19203=CARTESIAN_POINT('',(1.,1.75695285156808,22.2269034608181));
#19204=CARTESIAN_POINT('',(1.,1.54044650062196,22.6019034608181));
#19205=CARTESIAN_POINT('',(1.,1.32394014967584,22.6019034608181));
#19206=CARTESIAN_POINT('',(1.,1.10743379872973,22.6019034608181));
#19207=CARTESIAN_POINT('',(1.,0.999180623256681,22.4144034608181));
#19208=CARTESIAN_POINT('',(1.,0.890927447783631,22.2269034608181));
#19209=CARTESIAN_POINT('',(1.,0.999180623256689,22.0394034608181));
#19210=CARTESIAN_POINT('',(1.,1.10743379872973,21.8519034608181));
#19211=CARTESIAN_POINT('',(1.,1.32394014967584,21.8519034608181));
#19212=CARTESIAN_POINT('',(1.,1.54044650062196,21.8519034608181));
#19213=CARTESIAN_POINT('',(1.,1.64869967609501,22.0394034608181));
#19214=CARTESIAN_POINT('',(1.,1.64869967609501,23.4144034608181));
#19215=CARTESIAN_POINT('',(1.,1.75695285156806,23.2269034608181));
#19216=CARTESIAN_POINT('',(1.,1.54044650062195,23.6019034608181));
#19217=CARTESIAN_POINT('',(1.,1.32394014967583,23.6019034608181));
#19218=CARTESIAN_POINT('',(1.,1.10743379872972,23.6019034608181));
#19219=CARTESIAN_POINT('',(1.,0.999180623256668,23.4144034608181));
#19220=CARTESIAN_POINT('',(1.,0.890927447783618,23.2269034608181));
#19221=CARTESIAN_POINT('',(1.,0.999180623256677,23.0394034608181));
#19222=CARTESIAN_POINT('',(1.,1.10743379872972,22.8519034608181));
#19223=CARTESIAN_POINT('',(1.,1.32394014967583,22.8519034608181));
#19224=CARTESIAN_POINT('',(1.,1.54044650062195,22.8519034608181));
#19225=CARTESIAN_POINT('',(1.,1.648699676095,23.0394034608181));
#19226=CARTESIAN_POINT('',(1.,1.64869967609499,24.4144034608181));
#19227=CARTESIAN_POINT('',(1.,1.75695285156805,24.2269034608181));
#19228=CARTESIAN_POINT('',(1.,1.54044650062193,24.6019034608181));
#19229=CARTESIAN_POINT('',(1.,1.32394014967582,24.6019034608181));
#19230=CARTESIAN_POINT('',(1.,1.10743379872971,24.6019034608181));
#19231=CARTESIAN_POINT('',(1.,0.999180623256655,24.4144034608181));
#19232=CARTESIAN_POINT('',(1.,0.890927447783605,24.2269034608181));
#19233=CARTESIAN_POINT('',(1.,0.999180623256664,24.0394034608181));
#19234=CARTESIAN_POINT('',(1.,1.10743379872971,23.8519034608181));
#19235=CARTESIAN_POINT('',(1.,1.32394014967582,23.8519034608181));
#19236=CARTESIAN_POINT('',(1.,1.54044650062193,23.8519034608181));
#19237=CARTESIAN_POINT('',(1.,1.64869967609499,24.0394034608181));
#19238=CARTESIAN_POINT('',(1.,1.64869967609498,25.4144034608181));
#19239=CARTESIAN_POINT('',(1.,1.75695285156804,25.2269034608181));
#19240=CARTESIAN_POINT('',(1.,1.54044650062192,25.601903460818));
#19241=CARTESIAN_POINT('',(1.,1.3239401496758,25.601903460818));
#19242=CARTESIAN_POINT('',(1.,1.10743379872969,25.601903460818));
#19243=CARTESIAN_POINT('',(1.,0.999180623256642,25.4144034608181));
#19244=CARTESIAN_POINT('',(1.,0.890927447783592,25.2269034608181));
#19245=CARTESIAN_POINT('',(1.,0.999180623256651,25.0394034608181));
#19246=CARTESIAN_POINT('',(1.,1.10743379872969,24.8519034608181));
#19247=CARTESIAN_POINT('',(1.,1.3239401496758,24.8519034608181));
#19248=CARTESIAN_POINT('',(1.,1.54044650062193,24.8519034608181));
#19249=CARTESIAN_POINT('',(1.,1.64869967609498,25.0394034608181));
#19250=CARTESIAN_POINT('',(1.,1.64869967609497,26.4144034608181));
#19251=CARTESIAN_POINT('',(1.,1.75695285156802,26.2269034608181));
#19252=CARTESIAN_POINT('',(1.,1.54044650062191,26.6019034608181));
#19253=CARTESIAN_POINT('',(1.,1.32394014967579,26.6019034608181));
#19254=CARTESIAN_POINT('',(1.,1.10743379872968,26.6019034608181));
#19255=CARTESIAN_POINT('',(1.,0.999180623256629,26.4144034608181));
#19256=CARTESIAN_POINT('',(1.,0.89092744778358,26.2269034608181));
#19257=CARTESIAN_POINT('',(1.,0.999180623256638,26.0394034608181));
#19258=CARTESIAN_POINT('',(1.,1.10743379872968,25.8519034608181));
#19259=CARTESIAN_POINT('',(1.,1.32394014967579,25.8519034608181));
#19260=CARTESIAN_POINT('',(1.,1.54044650062191,25.8519034608181));
#19261=CARTESIAN_POINT('',(1.,1.64869967609496,26.0394034608181));
#19262=CARTESIAN_POINT('',(1.,1.64869967609495,27.4144034608181));
#19263=CARTESIAN_POINT('',(1.,1.75695285156801,27.2269034608181));
#19264=CARTESIAN_POINT('',(1.,1.5404465006219,27.6019034608181));
#19265=CARTESIAN_POINT('',(1.,1.32394014967578,27.6019034608181));
#19266=CARTESIAN_POINT('',(1.,1.10743379872967,27.6019034608181));
#19267=CARTESIAN_POINT('',(1.,0.999180623256616,27.4144034608181));
#19268=CARTESIAN_POINT('',(1.,0.890927447783567,27.2269034608181));
#19269=CARTESIAN_POINT('',(1.,0.999180623256625,27.0394034608181));
#19270=CARTESIAN_POINT('',(1.,1.10743379872967,26.8519034608181));
#19271=CARTESIAN_POINT('',(1.,1.32394014967578,26.8519034608181));
#19272=CARTESIAN_POINT('',(1.,1.5404465006219,26.8519034608181));
#19273=CARTESIAN_POINT('',(1.,1.64869967609495,27.0394034608181));
#19274=CARTESIAN_POINT('',(1.,-0.0833511314738639,22.4144034608181));
#19275=CARTESIAN_POINT('',(1.,0.024902043999193,22.2269034608181));
#19276=CARTESIAN_POINT('',(1.,-0.191604306946921,22.6019034608181));
#19277=CARTESIAN_POINT('',(1.,-0.408110657893036,22.6019034608181));
#19278=CARTESIAN_POINT('',(1.,-0.624617008839146,22.6019034608181));
#19279=CARTESIAN_POINT('',(1.,-0.732870184312199,22.4144034608181));
#19280=CARTESIAN_POINT('',(1.,-0.841123359785249,22.2269034608181));
#19281=CARTESIAN_POINT('',(1.,-0.73287018431219,22.0394034608181));
#19282=CARTESIAN_POINT('',(1.,-0.624617008839147,21.8519034608181));
#19283=CARTESIAN_POINT('',(1.,-0.408110657893036,21.8519034608181));
#19284=CARTESIAN_POINT('',(1.,-0.191604306946918,21.8519034608181));
#19285=CARTESIAN_POINT('',(1.,-0.0833511314738661,22.0394034608181));
#19286=CARTESIAN_POINT('',(1.,-0.0833511314738511,21.4144034608181));
#19287=CARTESIAN_POINT('',(1.,0.0249020439992058,21.2269034608181));
#19288=CARTESIAN_POINT('',(1.,-0.191604306946908,21.6019034608181));
#19289=CARTESIAN_POINT('',(1.,-0.408110657893023,21.6019034608181));
#19290=CARTESIAN_POINT('',(1.,-0.624617008839133,21.6019034608181));
#19291=CARTESIAN_POINT('',(1.,-0.732870184312186,21.4144034608181));
#19292=CARTESIAN_POINT('',(1.,-0.841123359785236,21.2269034608181));
#19293=CARTESIAN_POINT('',(1.,-0.732870184312177,21.0394034608181));
#19294=CARTESIAN_POINT('',(1.,-0.624617008839134,20.8519034608181));
#19295=CARTESIAN_POINT('',(1.,-0.408110657893023,20.8519034608181));
#19296=CARTESIAN_POINT('',(1.,-0.191604306946905,20.8519034608181));
#19297=CARTESIAN_POINT('',(1.,-0.0833511314738532,21.0394034608181));
#19298=CARTESIAN_POINT('',(1.,-0.0833511314738767,23.4144034608181));
#19299=CARTESIAN_POINT('',(1.,0.0249020439991801,23.2269034608181));
#19300=CARTESIAN_POINT('',(1.,-0.191604306946934,23.6019034608181));
#19301=CARTESIAN_POINT('',(1.,-0.408110657893049,23.6019034608181));
#19302=CARTESIAN_POINT('',(1.,-0.624617008839159,23.6019034608181));
#19303=CARTESIAN_POINT('',(1.,-0.732870184312212,23.4144034608181));
#19304=CARTESIAN_POINT('',(1.,-0.841123359785261,23.2269034608181));
#19305=CARTESIAN_POINT('',(1.,-0.732870184312203,23.0394034608181));
#19306=CARTESIAN_POINT('',(1.,-0.624617008839159,22.8519034608181));
#19307=CARTESIAN_POINT('',(1.,-0.408110657893049,22.8519034608181));
#19308=CARTESIAN_POINT('',(1.,-0.191604306946931,22.8519034608181));
#19309=CARTESIAN_POINT('',(1.,-0.0833511314738789,23.0394034608181));
#19310=CARTESIAN_POINT('',(1.,-0.0833511314738895,24.4144034608181));
#19311=CARTESIAN_POINT('',(1.,0.0249020439991673,24.2269034608181));
#19312=CARTESIAN_POINT('',(1.,-0.191604306946946,24.6019034608181));
#19313=CARTESIAN_POINT('',(1.,-0.408110657893063,24.6019034608181));
#19314=CARTESIAN_POINT('',(1.,-0.624617008839172,24.6019034608181));
#19315=CARTESIAN_POINT('',(1.,-0.732870184312225,24.4144034608181));
#19316=CARTESIAN_POINT('',(1.,-0.841123359785274,24.2269034608181));
#19317=CARTESIAN_POINT('',(1.,-0.732870184312216,24.0394034608181));
#19318=CARTESIAN_POINT('',(1.,-0.624617008839172,23.8519034608181));
#19319=CARTESIAN_POINT('',(1.,-0.408110657893063,23.8519034608181));
#19320=CARTESIAN_POINT('',(1.,-0.191604306946943,23.8519034608181));
#19321=CARTESIAN_POINT('',(1.,-0.0833511314738917,24.0394034608181));
#19322=CARTESIAN_POINT('',(1.,-0.0833511314739024,25.4144034608181));
#19323=CARTESIAN_POINT('',(1.,0.0249020439991545,25.2269034608181));
#19324=CARTESIAN_POINT('',(1.,-0.191604306946959,25.601903460818));
#19325=CARTESIAN_POINT('',(1.,-0.408110657893075,25.601903460818));
#19326=CARTESIAN_POINT('',(1.,-0.624617008839185,25.601903460818));
#19327=CARTESIAN_POINT('',(1.,-0.732870184312238,25.4144034608181));
#19328=CARTESIAN_POINT('',(1.,-0.841123359785287,25.2269034608181));
#19329=CARTESIAN_POINT('',(1.,-0.732870184312229,25.0394034608181));
#19330=CARTESIAN_POINT('',(1.,-0.624617008839185,24.8519034608181));
#19331=CARTESIAN_POINT('',(1.,-0.408110657893075,24.8519034608181));
#19332=CARTESIAN_POINT('',(1.,-0.191604306946956,24.8519034608181));
#19333=CARTESIAN_POINT('',(1.,-0.0833511314739045,25.0394034608181));
#19334=CARTESIAN_POINT('',(1.,-0.0833511314739152,26.4144034608181));
#19335=CARTESIAN_POINT('',(1.,0.0249020439991416,26.2269034608181));
#19336=CARTESIAN_POINT('',(1.,-0.191604306946972,26.6019034608181));
#19337=CARTESIAN_POINT('',(1.,-0.408110657893088,26.6019034608181));
#19338=CARTESIAN_POINT('',(1.,-0.624617008839197,26.6019034608181));
#19339=CARTESIAN_POINT('',(1.,-0.73287018431225,26.4144034608181));
#19340=CARTESIAN_POINT('',(1.,-0.8411233597853,26.2269034608181));
#19341=CARTESIAN_POINT('',(1.,-0.732870184312241,26.0394034608181));
#19342=CARTESIAN_POINT('',(1.,-0.624617008839198,25.8519034608181));
#19343=CARTESIAN_POINT('',(1.,-0.408110657893088,25.8519034608181));
#19344=CARTESIAN_POINT('',(1.,-0.191604306946969,25.8519034608181));
#19345=CARTESIAN_POINT('',(1.,-0.0833511314739173,26.0394034608181));
#19346=CARTESIAN_POINT('',(1.,0.782674272310569,22.9144034608181));
#19347=CARTESIAN_POINT('',(1.,0.890927447783626,22.7269034608181));
#19348=CARTESIAN_POINT('',(1.,0.674421096837513,23.1019034608181));
#19349=CARTESIAN_POINT('',(1.,0.457914745891397,23.1019034608181));
#19350=CARTESIAN_POINT('',(1.,0.241408394945288,23.1019034608181));
#19351=CARTESIAN_POINT('',(1.,0.133155219472234,22.9144034608181));
#19352=CARTESIAN_POINT('',(1.,0.0249020439991848,22.7269034608181));
#19353=CARTESIAN_POINT('',(1.,0.133155219472243,22.5394034608181));
#19354=CARTESIAN_POINT('',(1.,0.241408394945287,22.3519034608181));
#19355=CARTESIAN_POINT('',(1.,0.457914745891397,22.3519034608181));
#19356=CARTESIAN_POINT('',(1.,0.674421096837516,22.3519034608181));
#19357=CARTESIAN_POINT('',(1.,0.782674272310567,22.5394034608181));
#19358=CARTESIAN_POINT('',(1.,0.782674272310582,21.9144034608181));
#19359=CARTESIAN_POINT('',(1.,0.890927447783639,21.7269034608181));
#19360=CARTESIAN_POINT('',(1.,0.674421096837525,22.1019034608181));
#19361=CARTESIAN_POINT('',(1.,0.45791474589141,22.1019034608181));
#19362=CARTESIAN_POINT('',(1.,0.2414083949453,22.1019034608181));
#19363=CARTESIAN_POINT('',(1.,0.133155219472247,21.9144034608181));
#19364=CARTESIAN_POINT('',(1.,0.0249020439991975,21.7269034608181));
#19365=CARTESIAN_POINT('',(1.,0.133155219472256,21.5394034608181));
#19366=CARTESIAN_POINT('',(1.,0.2414083949453,21.3519034608181));
#19367=CARTESIAN_POINT('',(1.,0.45791474589141,21.3519034608181));
#19368=CARTESIAN_POINT('',(1.,0.674421096837529,21.3519034608181));
#19369=CARTESIAN_POINT('',(1.,0.78267427231058,21.5394034608181));
#19370=CARTESIAN_POINT('',(1.,0.782674272310595,20.9144034608181));
#19371=CARTESIAN_POINT('',(1.,0.890927447783652,20.7269034608181));
#19372=CARTESIAN_POINT('',(1.,0.674421096837538,21.1019034608181));
#19373=CARTESIAN_POINT('',(1.,0.457914745891422,21.1019034608181));
#19374=CARTESIAN_POINT('',(1.,0.241408394945313,21.1019034608181));
#19375=CARTESIAN_POINT('',(1.,0.13315521947226,20.9144034608181));
#19376=CARTESIAN_POINT('',(1.,0.0249020439992103,20.7269034608181));
#19377=CARTESIAN_POINT('',(1.,0.133155219472269,20.5394034608181));
#19378=CARTESIAN_POINT('',(1.,0.241408394945313,20.3519034608181));
#19379=CARTESIAN_POINT('',(1.,0.457914745891422,20.3519034608181));
#19380=CARTESIAN_POINT('',(1.,0.674421096837541,20.3519034608181));
#19381=CARTESIAN_POINT('',(1.,0.782674272310593,20.5394034608181));
#19382=CARTESIAN_POINT('',(1.,0.782674272310557,23.9144034608181));
#19383=CARTESIAN_POINT('',(1.,0.890927447783614,23.7269034608181));
#19384=CARTESIAN_POINT('',(1.,0.6744210968375,24.1019034608181));
#19385=CARTESIAN_POINT('',(1.,0.457914745891384,24.1019034608181));
#19386=CARTESIAN_POINT('',(1.,0.241408394945275,24.1019034608181));
#19387=CARTESIAN_POINT('',(1.,0.133155219472221,23.9144034608181));
#19388=CARTESIAN_POINT('',(1.,0.024902043999172,23.7269034608181));
#19389=CARTESIAN_POINT('',(1.,0.13315521947223,23.5394034608181));
#19390=CARTESIAN_POINT('',(1.,0.241408394945274,23.3519034608181));
#19391=CARTESIAN_POINT('',(1.,0.457914745891384,23.3519034608181));
#19392=CARTESIAN_POINT('',(1.,0.674421096837503,23.3519034608181));
#19393=CARTESIAN_POINT('',(1.,0.782674272310555,23.5394034608181));
#19394=CARTESIAN_POINT('',(1.,0.782674272310544,24.9144034608181));
#19395=CARTESIAN_POINT('',(1.,0.890927447783601,24.7269034608181));
#19396=CARTESIAN_POINT('',(1.,0.674421096837487,25.101903460818));
#19397=CARTESIAN_POINT('',(1.,0.457914745891371,25.101903460818));
#19398=CARTESIAN_POINT('',(1.,0.241408394945262,25.101903460818));
#19399=CARTESIAN_POINT('',(1.,0.133155219472209,24.9144034608181));
#19400=CARTESIAN_POINT('',(1.,0.0249020439991591,24.7269034608181));
#19401=CARTESIAN_POINT('',(1.,0.133155219472218,24.5394034608181));
#19402=CARTESIAN_POINT('',(1.,0.241408394945261,24.3519034608181));
#19403=CARTESIAN_POINT('',(1.,0.457914745891371,24.3519034608181));
#19404=CARTESIAN_POINT('',(1.,0.67442109683749,24.3519034608181));
#19405=CARTESIAN_POINT('',(1.,0.782674272310542,24.5394034608181));
#19406=CARTESIAN_POINT('',(1.,0.782674272310531,25.9144034608181));
#19407=CARTESIAN_POINT('',(1.,0.890927447783588,25.7269034608181));
#19408=CARTESIAN_POINT('',(1.,0.674421096837474,26.1019034608181));
#19409=CARTESIAN_POINT('',(1.,0.457914745891358,26.1019034608181));
#19410=CARTESIAN_POINT('',(1.,0.241408394945249,26.1019034608181));
#19411=CARTESIAN_POINT('',(1.,0.133155219472196,25.9144034608181));
#19412=CARTESIAN_POINT('',(1.,0.0249020439991463,25.7269034608181));
#19413=CARTESIAN_POINT('',(1.,0.133155219472205,25.5394034608181));
#19414=CARTESIAN_POINT('',(1.,0.241408394945248,25.351903460818));
#19415=CARTESIAN_POINT('',(1.,0.457914745891358,25.351903460818));
#19416=CARTESIAN_POINT('',(1.,0.674421096837477,25.351903460818));
#19417=CARTESIAN_POINT('',(1.,0.782674272310529,25.5394034608181));
#19418=CARTESIAN_POINT('',(1.,0.782674272310518,26.914403460818));
#19419=CARTESIAN_POINT('',(1.,0.890927447783575,26.7269034608181));
#19420=CARTESIAN_POINT('',(1.,0.674421096837461,27.1019034608181));
#19421=CARTESIAN_POINT('',(1.,0.457914745891346,27.1019034608181));
#19422=CARTESIAN_POINT('',(1.,0.241408394945236,27.1019034608181));
#19423=CARTESIAN_POINT('',(1.,0.133155219472183,26.914403460818));
#19424=CARTESIAN_POINT('',(1.,0.0249020439991334,26.7269034608181));
#19425=CARTESIAN_POINT('',(1.,0.133155219472192,26.5394034608181));
#19426=CARTESIAN_POINT('',(1.,0.241408394945236,26.3519034608181));
#19427=CARTESIAN_POINT('',(1.,0.457914745891346,26.3519034608181));
#19428=CARTESIAN_POINT('',(1.,0.674421096837465,26.3519034608181));
#19429=CARTESIAN_POINT('',(1.,0.782674272310516,26.5394034608181));
#19430=CARTESIAN_POINT('',(-3.3,1.04362181039387,20.3732231855392));
#19431=CARTESIAN_POINT('',(-3.3,0.935368634920822,20.5607231855392));
#19432=CARTESIAN_POINT('',(-3.3,1.15187498586692,20.1857231855392));
#19433=CARTESIAN_POINT('',(-3.3,0.718862283974707,20.5607231855392));
#19434=CARTESIAN_POINT('',(-3.3,0.502355933028602,20.5607231855392));
#19435=CARTESIAN_POINT('',(-3.3,0.394102757555545,20.3732231855392));
#19436=CARTESIAN_POINT('',(-3.3,0.285849582082491,20.1857231855392));
#19437=CARTESIAN_POINT('',(-3.3,1.04362181039387,19.9982231855392));
#19438=CARTESIAN_POINT('',(-3.3,0.935368634920813,19.8107231855392));
#19439=CARTESIAN_POINT('',(-3.3,0.718862283974707,19.8107231855392));
#19440=CARTESIAN_POINT('',(-3.3,0.502355933028597,19.8107231855392));
#19441=CARTESIAN_POINT('',(-3.3,0.502355933028597,19.8107231855392));
#19442=CARTESIAN_POINT('',(-3.3,0.39410275755554,19.9982231855392));
#19443=CARTESIAN_POINT('',(-3.3,-0.471922646228713,27.4982231855392));
#19444=CARTESIAN_POINT('',(-3.3,-0.363669470755657,27.3107231855392));
#19445=CARTESIAN_POINT('',(-3.3,-0.580175821701762,27.6857231855392));
#19446=CARTESIAN_POINT('',(-3.3,-0.147163119809546,27.3107231855392));
#19447=CARTESIAN_POINT('',(-3.3,0.0693432311365604,27.3107231855392));
#19448=CARTESIAN_POINT('',(-3.3,0.17759640660962,27.4982231855392));
#19449=CARTESIAN_POINT('',(-3.3,0.285849582082671,27.6857231855392));
#19450=CARTESIAN_POINT('',(-3.3,-0.147163119809544,27.6857231855392));
#19451=CARTESIAN_POINT('',(-3.3,-0.471922646228709,27.8732231855392));
#19452=CARTESIAN_POINT('',(-3.3,-0.363669470755651,28.0607231855392));
#19453=CARTESIAN_POINT('',(-3.3,-0.147163119809546,28.0607231855392));
#19454=CARTESIAN_POINT('',(-3.3,0.0693432311365691,28.0607231855392));
#19455=CARTESIAN_POINT('',(-3.3,0.17759640660962,27.8732231855392));
#19456=CARTESIAN_POINT('',(-3.3,0.17759640660962,27.8732231855392));
#19457=CARTESIAN_POINT('',(-3.3,0.0693432311365691,28.0607231855392));
#19458=CARTESIAN_POINT('',(-3.3,-0.147163119809546,28.0607231855392));
#19459=CARTESIAN_POINT('',(-3.3,-0.363669470755651,28.0607231855392));
#19460=CARTESIAN_POINT('',(-3.3,-0.471922646228709,27.8732231855392));
#19461=CARTESIAN_POINT('',(-3.3,1.04362181039405,27.3732231855392));
#19462=CARTESIAN_POINT('',(-3.3,0.935368634921002,27.5607231855392));
#19463=CARTESIAN_POINT('',(-3.3,1.1518749858671,27.1857231855392));
#19464=CARTESIAN_POINT('',(-3.3,0.718862283974886,27.5607231855392));
#19465=CARTESIAN_POINT('',(-3.3,0.502355933028781,27.5607231855392));
#19466=CARTESIAN_POINT('',(-3.3,0.394102757555724,27.3732231855392));
#19467=CARTESIAN_POINT('',(-3.3,0.28584958208267,27.1857231855392));
#19468=CARTESIAN_POINT('',(-3.3,0.39410275755572,26.9982231855392));
#19469=CARTESIAN_POINT('',(-3.3,0.502355933028776,26.8107231855392));
#19470=CARTESIAN_POINT('',(-3.3,0.718862283974886,26.8107231855392));
#19471=CARTESIAN_POINT('',(-3.3,0.935368634920993,26.8107231855392));
#19472=CARTESIAN_POINT('',(-3.3,1.04362181039405,26.9982231855392));
#19473=CARTESIAN_POINT('',(-3.3,0.177596406609441,20.8732231855392));
#19474=CARTESIAN_POINT('',(-3.3,0.0693432311363896,21.0607231855392));
#19475=CARTESIAN_POINT('',(-3.3,0.285849582082492,20.6857231855393));
#19476=CARTESIAN_POINT('',(-3.3,-0.147163119809726,21.0607231855392));
#19477=CARTESIAN_POINT('',(-3.3,-0.363669470755831,21.0607231855392));
#19478=CARTESIAN_POINT('',(-3.3,-0.471922646228888,20.8732231855392));
#19479=CARTESIAN_POINT('',(-3.3,-0.580175821701942,20.6857231855393));
#19480=CARTESIAN_POINT('',(-3.3,-0.471922646228893,20.4982231855392));
#19481=CARTESIAN_POINT('',(-3.3,-0.363669470755836,20.3107231855392));
#19482=CARTESIAN_POINT('',(-3.3,-0.147163119809726,20.3107231855392));
#19483=CARTESIAN_POINT('',(-3.3,0.0693432311363809,20.3107231855392));
#19484=CARTESIAN_POINT('',(-3.3,0.17759640660944,20.4982231855392));
#19485=CARTESIAN_POINT('',(-3.3,0.177596406609466,21.8732231855392));
#19486=CARTESIAN_POINT('',(-3.3,0.0693432311364152,22.0607231855392));
#19487=CARTESIAN_POINT('',(-3.3,0.285849582082518,21.6857231855393));
#19488=CARTESIAN_POINT('',(-3.3,-0.1471631198097,22.0607231855392));
#19489=CARTESIAN_POINT('',(-3.3,-0.363669470755805,22.0607231855392));
#19490=CARTESIAN_POINT('',(-3.3,-0.471922646228863,21.8732231855392));
#19491=CARTESIAN_POINT('',(-3.3,-0.580175821701916,21.6857231855393));
#19492=CARTESIAN_POINT('',(-3.3,-0.471922646228867,21.4982231855392));
#19493=CARTESIAN_POINT('',(-3.3,-0.363669470755811,21.3107231855392));
#19494=CARTESIAN_POINT('',(-3.3,-0.1471631198097,21.3107231855392));
#19495=CARTESIAN_POINT('',(-3.3,0.0693432311364066,21.3107231855392));
#19496=CARTESIAN_POINT('',(-3.3,0.177596406609465,21.4982231855392));
#19497=CARTESIAN_POINT('',(-3.3,0.177596406609492,22.8732231855393));
#19498=CARTESIAN_POINT('',(-3.3,0.0693432311364409,23.0607231855392));
#19499=CARTESIAN_POINT('',(-3.3,0.285849582082543,22.6857231855392));
#19500=CARTESIAN_POINT('',(-3.3,-0.147163119809675,23.0607231855392));
#19501=CARTESIAN_POINT('',(-3.3,-0.363669470755779,23.0607231855392));
#19502=CARTESIAN_POINT('',(-3.3,-0.471922646228837,22.8732231855393));
#19503=CARTESIAN_POINT('',(-3.3,-0.580175821701891,22.6857231855392));
#19504=CARTESIAN_POINT('',(-3.3,-0.471922646228841,22.4982231855393));
#19505=CARTESIAN_POINT('',(-3.3,-0.363669470755784,22.3107231855392));
#19506=CARTESIAN_POINT('',(-3.3,-0.147163119809675,22.3107231855392));
#19507=CARTESIAN_POINT('',(-3.3,0.0693432311364322,22.3107231855392));
#19508=CARTESIAN_POINT('',(-3.3,0.177596406609491,22.4982231855393));
#19509=CARTESIAN_POINT('',(-3.3,0.177596406609518,23.8732231855392));
#19510=CARTESIAN_POINT('',(-3.3,0.0693432311364666,24.0607231855393));
#19511=CARTESIAN_POINT('',(-3.3,0.285849582082568,23.6857231855392));
#19512=CARTESIAN_POINT('',(-3.3,-0.147163119809649,24.0607231855393));
#19513=CARTESIAN_POINT('',(-3.3,-0.363669470755754,24.0607231855393));
#19514=CARTESIAN_POINT('',(-3.3,-0.471922646228811,23.8732231855392));
#19515=CARTESIAN_POINT('',(-3.3,-0.580175821701865,23.6857231855392));
#19516=CARTESIAN_POINT('',(-3.3,-0.471922646228816,23.4982231855393));
#19517=CARTESIAN_POINT('',(-3.3,-0.363669470755759,23.3107231855392));
#19518=CARTESIAN_POINT('',(-3.3,-0.147163119809649,23.3107231855392));
#19519=CARTESIAN_POINT('',(-3.3,0.0693432311364579,23.3107231855392));
#19520=CARTESIAN_POINT('',(-3.3,0.177596406609517,23.4982231855393));
#19521=CARTESIAN_POINT('',(-3.3,0.177596406609544,24.8732231855392));
#19522=CARTESIAN_POINT('',(-3.3,0.0693432311364923,25.0607231855392));
#19523=CARTESIAN_POINT('',(-3.3,0.285849582082595,24.6857231855393));
#19524=CARTESIAN_POINT('',(-3.3,-0.147163119809623,25.0607231855392));
#19525=CARTESIAN_POINT('',(-3.3,-0.363669470755729,25.0607231855392));
#19526=CARTESIAN_POINT('',(-3.3,-0.471922646228786,24.8732231855392));
#19527=CARTESIAN_POINT('',(-3.3,-0.580175821701839,24.6857231855393));
#19528=CARTESIAN_POINT('',(-3.3,-0.47192264622879,24.4982231855392));
#19529=CARTESIAN_POINT('',(-3.3,-0.363669470755734,24.3107231855393));
#19530=CARTESIAN_POINT('',(-3.3,-0.147163119809623,24.3107231855393));
#19531=CARTESIAN_POINT('',(-3.3,0.0693432311364836,24.3107231855393));
#19532=CARTESIAN_POINT('',(-3.3,0.177596406609543,24.4982231855392));
#19533=CARTESIAN_POINT('',(-3.3,0.177596406609569,25.8732231855392));
#19534=CARTESIAN_POINT('',(-3.3,0.0693432311365178,26.0607231855392));
#19535=CARTESIAN_POINT('',(-3.3,0.28584958208262,25.6857231855392));
#19536=CARTESIAN_POINT('',(-3.3,-0.147163119809598,26.0607231855392));
#19537=CARTESIAN_POINT('',(-3.3,-0.363669470755703,26.0607231855392));
#19538=CARTESIAN_POINT('',(-3.3,-0.47192264622876,25.8732231855392));
#19539=CARTESIAN_POINT('',(-3.3,-0.580175821701814,25.6857231855392));
#19540=CARTESIAN_POINT('',(-3.3,-0.471922646228764,25.4982231855392));
#19541=CARTESIAN_POINT('',(-3.3,-0.363669470755708,25.3107231855392));
#19542=CARTESIAN_POINT('',(-3.3,-0.147163119809598,25.3107231855392));
#19543=CARTESIAN_POINT('',(-3.3,0.0693432311365091,25.3107231855392));
#19544=CARTESIAN_POINT('',(-3.3,0.177596406609568,25.4982231855392));
#19545=CARTESIAN_POINT('',(-3.3,0.177596406609594,26.8732231855392));
#19546=CARTESIAN_POINT('',(-3.3,0.0693432311365434,27.0607231855392));
#19547=CARTESIAN_POINT('',(-3.3,0.285849582082645,26.6857231855392));
#19548=CARTESIAN_POINT('',(-3.3,-0.147163119809572,27.0607231855392));
#19549=CARTESIAN_POINT('',(-3.3,-0.363669470755677,27.0607231855392));
#19550=CARTESIAN_POINT('',(-3.3,-0.471922646228734,26.8732231855392));
#19551=CARTESIAN_POINT('',(-3.3,-0.580175821701788,26.6857231855392));
#19552=CARTESIAN_POINT('',(-3.3,-0.471922646228739,26.4982231855392));
#19553=CARTESIAN_POINT('',(-3.3,-0.363669470755682,26.3107231855392));
#19554=CARTESIAN_POINT('',(-3.3,-0.147163119809572,26.3107231855392));
#19555=CARTESIAN_POINT('',(-3.3,0.0693432311365348,26.3107231855392));
#19556=CARTESIAN_POINT('',(-3.3,0.177596406609594,26.4982231855392));
#19557=CARTESIAN_POINT('',(-3.3,1.04362181039403,26.3732231855392));
#19558=CARTESIAN_POINT('',(-3.3,0.935368634920976,26.5607231855392));
#19559=CARTESIAN_POINT('',(-3.3,1.15187498586708,26.1857231855392));
#19560=CARTESIAN_POINT('',(-3.3,0.71886228397486,26.5607231855392));
#19561=CARTESIAN_POINT('',(-3.3,0.502355933028755,26.5607231855392));
#19562=CARTESIAN_POINT('',(-3.3,0.394102757555698,26.3732231855392));
#19563=CARTESIAN_POINT('',(-3.3,0.285849582082644,26.1857231855392));
#19564=CARTESIAN_POINT('',(-3.3,0.394102757555694,25.9982231855392));
#19565=CARTESIAN_POINT('',(-3.3,0.50235593302875,25.8107231855392));
#19566=CARTESIAN_POINT('',(-3.3,0.71886228397486,25.8107231855392));
#19567=CARTESIAN_POINT('',(-3.3,0.935368634920967,25.8107231855392));
#19568=CARTESIAN_POINT('',(-3.3,1.04362181039403,25.9982231855392));
#19569=CARTESIAN_POINT('',(-3.3,1.043621810394,25.3732231855392));
#19570=CARTESIAN_POINT('',(-3.3,0.93536863492095,25.5607231855392));
#19571=CARTESIAN_POINT('',(-3.3,1.15187498586705,25.1857231855392));
#19572=CARTESIAN_POINT('',(-3.3,0.718862283974835,25.5607231855392));
#19573=CARTESIAN_POINT('',(-3.3,0.50235593302873,25.5607231855392));
#19574=CARTESIAN_POINT('',(-3.3,0.394102757555673,25.3732231855392));
#19575=CARTESIAN_POINT('',(-3.3,0.285849582082619,25.1857231855392));
#19576=CARTESIAN_POINT('',(-3.3,0.394102757555668,24.9982231855392));
#19577=CARTESIAN_POINT('',(-3.3,0.502355933028725,24.8107231855393));
#19578=CARTESIAN_POINT('',(-3.3,0.718862283974835,24.8107231855393));
#19579=CARTESIAN_POINT('',(-3.3,0.935368634920941,24.8107231855393));
#19580=CARTESIAN_POINT('',(-3.3,1.043621810394,24.9982231855392));
#19581=CARTESIAN_POINT('',(-3.3,1.04362181039398,24.3732231855392));
#19582=CARTESIAN_POINT('',(-3.3,0.935368634920925,24.5607231855393));
#19583=CARTESIAN_POINT('',(-3.3,1.15187498586703,24.1857231855393));
#19584=CARTESIAN_POINT('',(-3.3,0.718862283974809,24.5607231855393));
#19585=CARTESIAN_POINT('',(-3.3,0.502355933028704,24.5607231855393));
#19586=CARTESIAN_POINT('',(-3.3,0.394102757555647,24.3732231855392));
#19587=CARTESIAN_POINT('',(-3.3,0.285849582082593,24.1857231855393));
#19588=CARTESIAN_POINT('',(-3.3,0.394102757555643,23.9982231855392));
#19589=CARTESIAN_POINT('',(-3.3,0.502355933028699,23.8107231855393));
#19590=CARTESIAN_POINT('',(-3.3,0.718862283974809,23.8107231855393));
#19591=CARTESIAN_POINT('',(-3.3,0.935368634920916,23.8107231855393));
#19592=CARTESIAN_POINT('',(-3.3,1.04362181039397,23.9982231855392));
#19593=CARTESIAN_POINT('',(-3.3,1.04362181039395,23.3732231855393));
#19594=CARTESIAN_POINT('',(-3.3,0.935368634920899,23.5607231855392));
#19595=CARTESIAN_POINT('',(-3.3,1.151874985867,23.1857231855392));
#19596=CARTESIAN_POINT('',(-3.3,0.718862283974783,23.5607231855392));
#19597=CARTESIAN_POINT('',(-3.3,0.502355933028678,23.5607231855392));
#19598=CARTESIAN_POINT('',(-3.3,0.394102757555621,23.3732231855393));
#19599=CARTESIAN_POINT('',(-3.3,0.285849582082567,23.1857231855392));
#19600=CARTESIAN_POINT('',(-3.3,0.394102757555617,22.9982231855393));
#19601=CARTESIAN_POINT('',(-3.3,0.502355933028673,22.8107231855392));
#19602=CARTESIAN_POINT('',(-3.3,0.718862283974783,22.8107231855392));
#19603=CARTESIAN_POINT('',(-3.3,0.93536863492089,22.8107231855392));
#19604=CARTESIAN_POINT('',(-3.3,1.04362181039395,22.9982231855393));
#19605=CARTESIAN_POINT('',(-3.3,1.0436218103939,21.3732231855392));
#19606=CARTESIAN_POINT('',(-3.3,0.935368634920848,21.5607231855393));
#19607=CARTESIAN_POINT('',(-3.3,1.15187498586695,21.1857231855392));
#19608=CARTESIAN_POINT('',(-3.3,0.718862283974732,21.5607231855393));
#19609=CARTESIAN_POINT('',(-3.3,0.502355933028627,21.5607231855393));
#19610=CARTESIAN_POINT('',(-3.3,0.39410275755557,21.3732231855392));
#19611=CARTESIAN_POINT('',(-3.3,0.285849582082517,21.1857231855392));
#19612=CARTESIAN_POINT('',(-3.3,0.394102757555566,20.9982231855392));
#19613=CARTESIAN_POINT('',(-3.3,0.502355933028622,20.8107231855392));
#19614=CARTESIAN_POINT('',(-3.3,0.718862283974732,20.8107231855392));
#19615=CARTESIAN_POINT('',(-3.3,0.935368634920839,20.8107231855392));
#19616=CARTESIAN_POINT('',(-3.3,1.0436218103939,20.9982231855392));
#19617=CARTESIAN_POINT('',(-3.3,1.04362181039392,22.3732231855393));
#19618=CARTESIAN_POINT('',(-3.3,0.935368634920873,22.5607231855392));
#19619=CARTESIAN_POINT('',(-3.3,1.15187498586697,22.1857231855392));
#19620=CARTESIAN_POINT('',(-3.3,0.718862283974758,22.5607231855392));
#19621=CARTESIAN_POINT('',(-3.3,0.502355933028653,22.5607231855392));
#19622=CARTESIAN_POINT('',(-3.3,0.394102757555595,22.3732231855393));
#19623=CARTESIAN_POINT('',(-3.3,0.285849582082542,22.1857231855392));
#19624=CARTESIAN_POINT('',(-3.3,0.394102757555592,21.9982231855392));
#19625=CARTESIAN_POINT('',(-3.3,0.502355933028648,21.8107231855393));
#19626=CARTESIAN_POINT('',(-3.3,0.718862283974758,21.8107231855393));
#19627=CARTESIAN_POINT('',(-3.3,0.935368634920865,21.8107231855393));
#19628=CARTESIAN_POINT('',(-3.3,1.04362181039392,21.9982231855392));
#19629=CARTESIAN_POINT('',(3.93813401460647,0.0112377107143402,28.3277235720635));
#19630=CARTESIAN_POINT('',(3.93813401460647,-1.89609602093697,28.3277235720635));
#19631=CARTESIAN_POINT('',(3.93813401460647,1.91857144236565,28.3277235720635));
#19632=CARTESIAN_POINT('',(0.0277087092399597,1.91857144236565,28.3277235720635));
#19633=CARTESIAN_POINT('',(0.0277087092399597,-1.89609602093697,28.3277235720635));
#19634=CARTESIAN_POINT('',(0.0277087092399597,-1.89609602093697,28.3277235720635));
#19635=CARTESIAN_POINT('',(0.0277087092399597,-1.89609602093697,28.3277235720635));
#19636=CARTESIAN_POINT('',(0.0277087092399597,1.91857144236565,28.3277235720635));
#19637=CARTESIAN_POINT('',(0.0277087092399597,1.91857144236565,28.3277235720635));
#19638=CARTESIAN_POINT('',(2.47029635310173,0.933288503438228,28.3281235720635));
#19639=CARTESIAN_POINT('',(3.94059270620346,0.933288503438228,28.3281235720635));
#19640=CARTESIAN_POINT('',(2.47029635310173,0.933288503438234,27.8519034608181));
#19641=CARTESIAN_POINT('',(3.94059270620346,1.16225872188806,28.3281235720635));
#19642=CARTESIAN_POINT('',(3.19125913083554,1.65556115098297,28.3281235720635));
#19643=CARTESIAN_POINT('',(2.6549994420783,1.42659093253314,27.8519034608181));
#19644=MECHANICAL_DESIGN_GEOMETRIC_PRESENTATION_REPRESENTATION('',(#12095),
#19645);
#19645=(
GEOMETRIC_REPRESENTATION_CONTEXT(3)
GLOBAL_UNCERTAINTY_ASSIGNED_CONTEXT((#19646))
GLOBAL_UNIT_ASSIGNED_CONTEXT((#19649,#19648,#19647))
REPRESENTATION_CONTEXT('Power and electronics bay',
'TOP_LEVEL_ASSEMBLY_PART')
);
#19646=UNCERTAINTY_MEASURE_WITH_UNIT(LENGTH_MEASURE(0.0042),#19649,
'DISTANCE_ACCURACY_VALUE','Maximum Tolerance applied to model');
#19647=(
NAMED_UNIT(*)
SI_UNIT($,.STERADIAN.)
SOLID_ANGLE_UNIT()
);
#19648=(
NAMED_UNIT(*)
PLANE_ANGLE_UNIT()
SI_UNIT($,.RADIAN.)
);
#19649=(
LENGTH_UNIT()
NAMED_UNIT(*)
SI_UNIT(.CENTI.,.METRE.)
);
#19650=PRODUCT_DEFINITION_SHAPE('','',#19651);
#19651=PRODUCT_DEFINITION('','',#19653,#19652);
#19652=PRODUCT_DEFINITION_CONTEXT('',#19659,'design');
#19653=PRODUCT_DEFINITION_FORMATION_WITH_SPECIFIED_SOURCE('','',#19655,
 .NOT_KNOWN.);
#19654=PRODUCT_RELATED_PRODUCT_CATEGORY('','',(#19655));
#19655=PRODUCT('Power and electronics bay','Power and electronics bay',
'Power and electronics bay',(#19657));
#19656=PRODUCT_CATEGORY('','');
#19657=PRODUCT_CONTEXT('',#19659,'mechanical');
#19658=APPLICATION_PROTOCOL_DEFINITION('international standard',
'ap242_managed_model_based_3d_engineering',2020,#19659);
#19659=APPLICATION_CONTEXT('managed model based 3d engineering');
ENDSEC;
END-ISO-10303-21;
