ISO-10303-21;
HEADER;
/* Generated by software containing ST-Developer
 * from STEP Tools, Inc. (www.steptools.com) 
 */
/* OPTION: using custom renumber hook */

FILE_DESCRIPTION(
/* description */ ('STEP AP242 Edition 2',
'CAx-IF Rec.Pracs.---Representation and Presentation of Product Manufa
cturing Information (PMI)---4.0---2014-10-13',
'CAx-IF Rec.Pracs.---3D Tessellated Geometry---0.4---2014-09-14','2;1',
'CAx-IF Rec.Pracs.---User Defined Attributes---1.5---2016-08-15'),
/* implementation_level */ '2;1');

FILE_NAME(
/* name */ 'Part Studio 1 - luanchpad',
/* time_stamp */ '2026-09-01T00:22:19Z',
/* author */ (''),
/* organization */ (''),
/* preprocessor_version */ 'ST-DEVELOPER v20',
/* originating_system */ 'ONSHAPE BY PTC INC, 1.220',
/* authorisation */ '  ');

FILE_SCHEMA (('AP242_MANAGED_MODEL_BASED_3D_ENGINEERING_MIM_LF { 1 0 10303 442 3 1 4 }'));
ENDSEC;

DATA;
#10=SHAPE_REPRESENTATION_RELATIONSHIP('','',#2585,#11);
#11=ADVANCED_BREP_SHAPE_REPRESENTATION('',(#2583),#4289);
#12=PLANE('',#2674);
#13=PLANE('',#2675);
#14=PLANE('',#2676);
#15=PLANE('',#2677);
#16=PLANE('',#2678);
#17=PLANE('',#2679);
#18=PLANE('',#2680);
#19=PLANE('',#2681);
#20=PLANE('',#2682);
#21=PLANE('',#2683);
#22=PLANE('',#2684);
#23=PLANE('',#2685);
#24=PLANE('',#2686);
#25=PLANE('',#2688);
#26=PLANE('',#2689);
#27=PLANE('',#2691);
#28=PLANE('',#2692);
#29=PLANE('',#2694);
#30=PLANE('',#2695);
#31=PLANE('',#2697);
#32=PLANE('',#2698);
#33=PLANE('',#2700);
#34=PLANE('',#2701);
#35=PLANE('',#2702);
#36=PLANE('',#2703);
#37=PLANE('',#2704);
#38=PLANE('',#2705);
#39=PLANE('',#2706);
#40=PLANE('',#2708);
#41=PLANE('',#2709);
#42=PLANE('',#2711);
#43=PLANE('',#2712);
#44=PLANE('',#2713);
#45=PLANE('',#2714);
#46=PLANE('',#2715);
#47=PLANE('',#2717);
#48=PLANE('',#2718);
#49=PLANE('',#2719);
#50=PLANE('',#2720);
#51=PLANE('',#2721);
#52=PLANE('',#2722);
#53=PLANE('',#2723);
#54=PLANE('',#2725);
#55=PLANE('',#2727);
#56=PLANE('',#2728);
#57=PLANE('',#2729);
#58=PLANE('',#2730);
#59=PLANE('',#2731);
#60=PLANE('',#2732);
#61=PLANE('',#2733);
#62=PLANE('',#2734);
#63=PLANE('',#2735);
#64=PLANE('',#2736);
#65=PLANE('',#2737);
#66=PLANE('',#2738);
#67=PLANE('',#2739);
#68=PLANE('',#2740);
#69=PLANE('',#2741);
#70=PLANE('',#2742);
#71=PLANE('',#2743);
#72=PLANE('',#2744);
#73=PLANE('',#2745);
#74=PLANE('',#2746);
#75=PLANE('',#2747);
#76=PLANE('',#2748);
#77=PLANE('',#2749);
#78=PLANE('',#2750);
#79=PLANE('',#2751);
#80=PLANE('',#2752);
#81=PLANE('',#2753);
#82=PLANE('',#2754);
#83=PLANE('',#2755);
#84=PLANE('',#2756);
#85=PLANE('',#2757);
#86=PLANE('',#2758);
#87=PLANE('',#2759);
#88=PLANE('',#2760);
#89=PLANE('',#2761);
#90=PLANE('',#2762);
#91=PLANE('',#2763);
#92=PLANE('',#2764);
#93=PLANE('',#2765);
#94=PLANE('',#2766);
#95=PLANE('',#2767);
#96=PLANE('',#2768);
#97=PLANE('',#2769);
#98=PLANE('',#2770);
#99=PLANE('',#2771);
#100=PLANE('',#2772);
#101=PLANE('',#2773);
#102=PLANE('',#2776);
#103=PLANE('',#2778);
#104=PLANE('',#2779);
#105=PLANE('',#2780);
#106=PLANE('',#2781);
#107=PLANE('',#2782);
#108=PLANE('',#2783);
#109=PLANE('',#2784);
#110=PLANE('',#2785);
#111=PLANE('',#2786);
#112=PLANE('',#2787);
#113=PLANE('',#2788);
#114=PLANE('',#2789);
#115=PLANE('',#2793);
#116=PLANE('',#2794);
#117=PLANE('',#2797);
#118=PLANE('',#2799);
#119=PLANE('',#2803);
#120=PLANE('',#2804);
#121=PLANE('',#2805);
#122=PLANE('',#2806);
#123=PLANE('',#2807);
#124=PLANE('',#2808);
#125=PLANE('',#2809);
#126=PLANE('',#2810);
#127=PLANE('',#2811);
#128=PLANE('',#2812);
#129=ELLIPSE('',#2647,11.1630352926238,5.075);
#130=ELLIPSE('',#2651,11.1630352926238,5.075);
#131=ELLIPSE('',#2656,11.1630352926238,5.075);
#132=ELLIPSE('',#2660,11.1630352926238,5.075);
#133=LINE('',#3551,#395);
#134=LINE('',#3555,#396);
#135=LINE('',#3559,#397);
#136=LINE('',#3563,#398);
#137=LINE('',#3567,#399);
#138=LINE('',#3571,#400);
#139=LINE('',#3575,#401);
#140=LINE('',#3579,#402);
#141=LINE('',#3583,#403);
#142=LINE('',#3587,#404);
#143=LINE('',#3591,#405);
#144=LINE('',#3595,#406);
#145=LINE('',#3599,#407);
#146=LINE('',#3603,#408);
#147=LINE('',#3607,#409);
#148=LINE('',#3611,#410);
#149=LINE('',#3615,#411);
#150=LINE('',#3619,#412);
#151=LINE('',#3623,#413);
#152=LINE('',#3627,#414);
#153=LINE('',#3631,#415);
#154=LINE('',#3635,#416);
#155=LINE('',#3639,#417);
#156=LINE('',#3643,#418);
#157=LINE('',#3650,#419);
#158=LINE('',#3654,#420);
#159=LINE('',#3658,#421);
#160=LINE('',#3662,#422);
#161=LINE('',#3666,#423);
#162=LINE('',#3670,#424);
#163=LINE('',#3674,#425);
#164=LINE('',#3678,#426);
#165=LINE('',#3682,#427);
#166=LINE('',#3686,#428);
#167=LINE('',#3690,#429);
#168=LINE('',#3694,#430);
#169=LINE('',#3698,#431);
#170=LINE('',#3702,#432);
#171=LINE('',#3706,#433);
#172=LINE('',#3710,#434);
#173=LINE('',#3715,#435);
#174=LINE('',#3719,#436);
#175=LINE('',#3723,#437);
#176=LINE('',#3727,#438);
#177=LINE('',#3731,#439);
#178=LINE('',#3735,#440);
#179=LINE('',#3739,#441);
#180=LINE('',#3743,#442);
#181=LINE('',#3747,#443);
#182=LINE('',#3751,#444);
#183=LINE('',#3755,#445);
#184=LINE('',#3759,#446);
#185=LINE('',#3763,#447);
#186=LINE('',#3767,#448);
#187=LINE('',#3776,#449);
#188=LINE('',#3785,#450);
#189=LINE('',#3788,#451);
#190=LINE('',#3793,#452);
#191=LINE('',#3800,#453);
#192=LINE('',#3805,#454);
#193=LINE('',#3812,#455);
#194=LINE('',#3817,#456);
#195=LINE('',#3820,#457);
#196=LINE('',#3825,#458);
#197=LINE('',#3828,#459);
#198=LINE('',#3833,#460);
#199=LINE('',#3837,#461);
#200=LINE('',#3841,#462);
#201=LINE('',#3844,#463);
#202=LINE('',#3849,#464);
#203=LINE('',#3852,#465);
#204=LINE('',#3857,#466);
#205=LINE('',#3861,#467);
#206=LINE('',#3862,#468);
#207=LINE('',#3864,#469);
#208=LINE('',#3865,#470);
#209=LINE('',#3867,#471);
#210=LINE('',#3868,#472);
#211=LINE('',#3870,#473);
#212=LINE('',#3871,#474);
#213=LINE('',#3873,#475);
#214=LINE('',#3874,#476);
#215=LINE('',#3876,#477);
#216=LINE('',#3877,#478);
#217=LINE('',#3879,#479);
#218=LINE('',#3880,#480);
#219=LINE('',#3882,#481);
#220=LINE('',#3883,#482);
#221=LINE('',#3885,#483);
#222=LINE('',#3886,#484);
#223=LINE('',#3888,#485);
#224=LINE('',#3889,#486);
#225=LINE('',#3891,#487);
#226=LINE('',#3892,#488);
#227=LINE('',#3894,#489);
#228=LINE('',#3895,#490);
#229=LINE('',#3899,#491);
#230=LINE('',#3902,#492);
#231=LINE('',#3904,#493);
#232=LINE('',#3906,#494);
#233=LINE('',#3908,#495);
#234=LINE('',#3911,#496);
#235=LINE('',#3913,#497);
#236=LINE('',#3915,#498);
#237=LINE('',#3924,#499);
#238=LINE('',#3926,#500);
#239=LINE('',#3928,#501);
#240=LINE('',#3932,#502);
#241=LINE('',#3934,#503);
#242=LINE('',#3936,#504);
#243=LINE('',#3938,#505);
#244=LINE('',#3940,#506);
#245=LINE('',#3942,#507);
#246=LINE('',#3946,#508);
#247=LINE('',#3948,#509);
#248=LINE('',#3950,#510);
#249=LINE('',#3952,#511);
#250=LINE('',#3954,#512);
#251=LINE('',#3956,#513);
#252=LINE('',#3957,#514);
#253=LINE('',#3959,#515);
#254=LINE('',#3961,#516);
#255=LINE('',#3963,#517);
#256=LINE('',#3965,#518);
#257=LINE('',#3966,#519);
#258=LINE('',#3968,#520);
#259=LINE('',#3970,#521);
#260=LINE('',#3973,#522);
#261=LINE('',#3976,#523);
#262=LINE('',#3978,#524);
#263=LINE('',#3980,#525);
#264=LINE('',#3982,#526);
#265=LINE('',#3984,#527);
#266=LINE('',#3986,#528);
#267=LINE('',#3990,#529);
#268=LINE('',#3992,#530);
#269=LINE('',#3994,#531);
#270=LINE('',#3996,#532);
#271=LINE('',#3998,#533);
#272=LINE('',#4000,#534);
#273=LINE('',#4004,#535);
#274=LINE('',#4006,#536);
#275=LINE('',#4008,#537);
#276=LINE('',#4010,#538);
#277=LINE('',#4012,#539);
#278=LINE('',#4014,#540);
#279=LINE('',#4015,#541);
#280=LINE('',#4017,#542);
#281=LINE('',#4019,#543);
#282=LINE('',#4021,#544);
#283=LINE('',#4023,#545);
#284=LINE('',#4024,#546);
#285=LINE('',#4026,#547);
#286=LINE('',#4028,#548);
#287=LINE('',#4033,#549);
#288=LINE('',#4036,#550);
#289=LINE('',#4038,#551);
#290=LINE('',#4040,#552);
#291=LINE('',#4042,#553);
#292=LINE('',#4044,#554);
#293=LINE('',#4046,#555);
#294=LINE('',#4048,#556);
#295=LINE('',#4050,#557);
#296=LINE('',#4051,#558);
#297=LINE('',#4053,#559);
#298=LINE('',#4055,#560);
#299=LINE('',#4057,#561);
#300=LINE('',#4059,#562);
#301=LINE('',#4061,#563);
#302=LINE('',#4062,#564);
#303=LINE('',#4064,#565);
#304=LINE('',#4065,#566);
#305=LINE('',#4067,#567);
#306=LINE('',#4069,#568);
#307=LINE('',#4070,#569);
#308=LINE('',#4072,#570);
#309=LINE('',#4074,#571);
#310=LINE('',#4076,#572);
#311=LINE('',#4077,#573);
#312=LINE('',#4083,#574);
#313=LINE('',#4086,#575);
#314=LINE('',#4088,#576);
#315=LINE('',#4090,#577);
#316=LINE('',#4094,#578);
#317=LINE('',#4097,#579);
#318=LINE('',#4099,#580);
#319=LINE('',#4101,#581);
#320=LINE('',#4103,#582);
#321=LINE('',#4105,#583);
#322=LINE('',#4107,#584);
#323=LINE('',#4109,#585);
#324=LINE('',#4111,#586);
#325=LINE('',#4113,#587);
#326=LINE('',#4114,#588);
#327=LINE('',#4116,#589);
#328=LINE('',#4118,#590);
#329=LINE('',#4119,#591);
#330=LINE('',#4121,#592);
#331=LINE('',#4122,#593);
#332=LINE('',#4124,#594);
#333=LINE('',#4126,#595);
#334=LINE('',#4128,#596);
#335=LINE('',#4129,#597);
#336=LINE('',#4131,#598);
#337=LINE('',#4133,#599);
#338=LINE('',#4135,#600);
#339=LINE('',#4136,#601);
#340=LINE('',#4138,#602);
#341=LINE('',#4143,#603);
#342=LINE('',#4144,#604);
#343=LINE('',#4146,#605);
#344=LINE('',#4148,#606);
#345=LINE('',#4150,#607);
#346=LINE('',#4151,#608);
#347=LINE('',#4153,#609);
#348=LINE('',#4157,#610);
#349=LINE('',#4158,#611);
#350=LINE('',#4160,#612);
#351=LINE('',#4164,#613);
#352=LINE('',#4166,#614);
#353=LINE('',#4168,#615);
#354=LINE('',#4171,#616);
#355=LINE('',#4173,#617);
#356=LINE('',#4175,#618);
#357=LINE('',#4178,#619);
#358=LINE('',#4181,#620);
#359=LINE('',#4184,#621);
#360=LINE('',#4185,#622);
#361=LINE('',#4188,#623);
#362=LINE('',#4189,#624);
#363=LINE('',#4191,#625);
#364=LINE('',#4192,#626);
#365=LINE('',#4195,#627);
#366=LINE('',#4196,#628);
#367=LINE('',#4198,#629);
#368=LINE('',#4199,#630);
#369=LINE('',#4202,#631);
#370=LINE('',#4203,#632);
#371=LINE('',#4205,#633);
#372=LINE('',#4206,#634);
#373=LINE('',#4209,#635);
#374=LINE('',#4210,#636);
#375=LINE('',#4212,#637);
#376=LINE('',#4213,#638);
#377=LINE('',#4216,#639);
#378=LINE('',#4217,#640);
#379=LINE('',#4219,#641);
#380=LINE('',#4220,#642);
#381=LINE('',#4229,#643);
#382=LINE('',#4230,#644);
#383=LINE('',#4232,#645);
#384=LINE('',#4235,#646);
#385=LINE('',#4238,#647);
#386=LINE('',#4240,#648);
#387=LINE('',#4242,#649);
#388=LINE('',#4244,#650);
#389=LINE('',#4246,#651);
#390=LINE('',#4248,#652);
#391=LINE('',#4270,#653);
#392=LINE('',#4274,#654);
#393=LINE('',#4277,#655);
#394=LINE('',#4281,#656);
#395=VECTOR('',#2826,100.);
#396=VECTOR('',#2829,100.);
#397=VECTOR('',#2832,100.);
#398=VECTOR('',#2835,100.);
#399=VECTOR('',#2838,100.);
#400=VECTOR('',#2841,100.);
#401=VECTOR('',#2844,100.);
#402=VECTOR('',#2847,100.);
#403=VECTOR('',#2850,100.);
#404=VECTOR('',#2853,100.);
#405=VECTOR('',#2856,100.);
#406=VECTOR('',#2859,100.);
#407=VECTOR('',#2862,100.);
#408=VECTOR('',#2865,100.);
#409=VECTOR('',#2868,100.);
#410=VECTOR('',#2871,100.);
#411=VECTOR('',#2874,100.);
#412=VECTOR('',#2877,100.);
#413=VECTOR('',#2880,100.);
#414=VECTOR('',#2883,100.);
#415=VECTOR('',#2886,100.);
#416=VECTOR('',#2889,100.);
#417=VECTOR('',#2892,100.);
#418=VECTOR('',#2895,100.);
#419=VECTOR('',#2902,100.);
#420=VECTOR('',#2905,100.);
#421=VECTOR('',#2908,100.);
#422=VECTOR('',#2911,100.);
#423=VECTOR('',#2914,100.);
#424=VECTOR('',#2917,100.);
#425=VECTOR('',#2920,100.);
#426=VECTOR('',#2923,100.);
#427=VECTOR('',#2926,100.);
#428=VECTOR('',#2929,100.);
#429=VECTOR('',#2932,100.);
#430=VECTOR('',#2935,100.);
#431=VECTOR('',#2938,100.);
#432=VECTOR('',#2941,100.);
#433=VECTOR('',#2944,100.);
#434=VECTOR('',#2947,100.);
#435=VECTOR('',#2952,100.);
#436=VECTOR('',#2955,100.);
#437=VECTOR('',#2958,100.);
#438=VECTOR('',#2961,100.);
#439=VECTOR('',#2964,100.);
#440=VECTOR('',#2967,100.);
#441=VECTOR('',#2970,100.);
#442=VECTOR('',#2973,100.);
#443=VECTOR('',#2976,100.);
#444=VECTOR('',#2979,100.);
#445=VECTOR('',#2982,100.);
#446=VECTOR('',#2985,100.);
#447=VECTOR('',#2988,100.);
#448=VECTOR('',#2991,100.);
#449=VECTOR('',#3000,100.);
#450=VECTOR('',#3007,100.);
#451=VECTOR('',#3010,100.);
#452=VECTOR('',#3013,100.);
#453=VECTOR('',#3020,100.);
#454=VECTOR('',#3023,100.);
#455=VECTOR('',#3030,100.);
#456=VECTOR('',#3033,100.);
#457=VECTOR('',#3036,100.);
#458=VECTOR('',#3039,100.);
#459=VECTOR('',#3042,100.);
#460=VECTOR('',#3045,100.);
#461=VECTOR('',#3048,100.);
#462=VECTOR('',#3051,100.);
#463=VECTOR('',#3054,100.);
#464=VECTOR('',#3057,100.);
#465=VECTOR('',#3060,100.);
#466=VECTOR('',#3063,100.);
#467=VECTOR('',#3068,100.);
#468=VECTOR('',#3069,100.);
#469=VECTOR('',#3072,100.);
#470=VECTOR('',#3073,100.);
#471=VECTOR('',#3076,100.);
#472=VECTOR('',#3077,100.);
#473=VECTOR('',#3080,100.);
#474=VECTOR('',#3081,100.);
#475=VECTOR('',#3084,100.);
#476=VECTOR('',#3085,100.);
#477=VECTOR('',#3088,100.);
#478=VECTOR('',#3089,100.);
#479=VECTOR('',#3092,100.);
#480=VECTOR('',#3093,100.);
#481=VECTOR('',#3096,100.);
#482=VECTOR('',#3097,100.);
#483=VECTOR('',#3100,100.);
#484=VECTOR('',#3101,100.);
#485=VECTOR('',#3104,100.);
#486=VECTOR('',#3105,100.);
#487=VECTOR('',#3108,100.);
#488=VECTOR('',#3109,100.);
#489=VECTOR('',#3112,100.);
#490=VECTOR('',#3113,100.);
#491=VECTOR('',#3118,100.);
#492=VECTOR('',#3119,100.);
#493=VECTOR('',#3120,100.);
#494=VECTOR('',#3121,100.);
#495=VECTOR('',#3124,100.);
#496=VECTOR('',#3125,100.);
#497=VECTOR('',#3126,100.);
#498=VECTOR('',#3127,100.);
#499=VECTOR('',#3140,100.);
#500=VECTOR('',#3141,100.);
#501=VECTOR('',#3142,100.);
#502=VECTOR('',#3147,100.);
#503=VECTOR('',#3148,100.);
#504=VECTOR('',#3149,100.);
#505=VECTOR('',#3152,100.);
#506=VECTOR('',#3153,100.);
#507=VECTOR('',#3154,100.);
#508=VECTOR('',#3159,100.);
#509=VECTOR('',#3160,100.);
#510=VECTOR('',#3161,100.);
#511=VECTOR('',#3164,100.);
#512=VECTOR('',#3165,100.);
#513=VECTOR('',#3166,100.);
#514=VECTOR('',#3167,100.);
#515=VECTOR('',#3168,100.);
#516=VECTOR('',#3171,100.);
#517=VECTOR('',#3172,100.);
#518=VECTOR('',#3173,100.);
#519=VECTOR('',#3174,100.);
#520=VECTOR('',#3175,100.);
#521=VECTOR('',#3178,100.);
#522=VECTOR('',#3183,100.);
#523=VECTOR('',#3184,100.);
#524=VECTOR('',#3185,100.);
#525=VECTOR('',#3186,100.);
#526=VECTOR('',#3189,100.);
#527=VECTOR('',#3190,100.);
#528=VECTOR('',#3191,100.);
#529=VECTOR('',#3196,100.);
#530=VECTOR('',#3197,100.);
#531=VECTOR('',#3198,100.);
#532=VECTOR('',#3201,100.);
#533=VECTOR('',#3202,100.);
#534=VECTOR('',#3203,100.);
#535=VECTOR('',#3208,100.);
#536=VECTOR('',#3209,100.);
#537=VECTOR('',#3210,100.);
#538=VECTOR('',#3213,100.);
#539=VECTOR('',#3214,100.);
#540=VECTOR('',#3215,100.);
#541=VECTOR('',#3216,100.);
#542=VECTOR('',#3217,100.);
#543=VECTOR('',#3220,100.);
#544=VECTOR('',#3221,100.);
#545=VECTOR('',#3222,100.);
#546=VECTOR('',#3223,100.);
#547=VECTOR('',#3224,100.);
#548=VECTOR('',#3227,100.);
#549=VECTOR('',#3234,100.);
#550=VECTOR('',#3235,100.);
#551=VECTOR('',#3236,100.);
#552=VECTOR('',#3237,100.);
#553=VECTOR('',#3240,100.);
#554=VECTOR('',#3241,100.);
#555=VECTOR('',#3242,100.);
#556=VECTOR('',#3245,100.);
#557=VECTOR('',#3246,100.);
#558=VECTOR('',#3247,100.);
#559=VECTOR('',#3248,100.);
#560=VECTOR('',#3251,100.);
#561=VECTOR('',#3252,100.);
#562=VECTOR('',#3253,100.);
#563=VECTOR('',#3254,100.);
#564=VECTOR('',#3255,100.);
#565=VECTOR('',#3256,100.);
#566=VECTOR('',#3257,100.);
#567=VECTOR('',#3260,100.);
#568=VECTOR('',#3261,100.);
#569=VECTOR('',#3262,100.);
#570=VECTOR('',#3263,100.);
#571=VECTOR('',#3264,100.);
#572=VECTOR('',#3265,100.);
#573=VECTOR('',#3266,100.);
#574=VECTOR('',#3275,100.);
#575=VECTOR('',#3276,100.);
#576=VECTOR('',#3277,100.);
#577=VECTOR('',#3278,100.);
#578=VECTOR('',#3283,100.);
#579=VECTOR('',#3284,100.);
#580=VECTOR('',#3285,100.);
#581=VECTOR('',#3286,100.);
#582=VECTOR('',#3289,100.);
#583=VECTOR('',#3290,100.);
#584=VECTOR('',#3291,100.);
#585=VECTOR('',#3294,100.);
#586=VECTOR('',#3295,100.);
#587=VECTOR('',#3296,100.);
#588=VECTOR('',#3297,100.);
#589=VECTOR('',#3300,100.);
#590=VECTOR('',#3301,100.);
#591=VECTOR('',#3302,100.);
#592=VECTOR('',#3303,100.);
#593=VECTOR('',#3304,100.);
#594=VECTOR('',#3305,100.);
#595=VECTOR('',#3306,100.);
#596=VECTOR('',#3309,100.);
#597=VECTOR('',#3310,100.);
#598=VECTOR('',#3311,100.);
#599=VECTOR('',#3312,100.);
#600=VECTOR('',#3313,100.);
#601=VECTOR('',#3314,100.);
#602=VECTOR('',#3315,100.);
#603=VECTOR('',#3324,100.);
#604=VECTOR('',#3325,100.);
#605=VECTOR('',#3328,100.);
#606=VECTOR('',#3331,100.);
#607=VECTOR('',#3334,100.);
#608=VECTOR('',#3335,100.);
#609=VECTOR('',#3338,100.);
#610=VECTOR('',#3345,100.);
#611=VECTOR('',#3346,100.);
#612=VECTOR('',#3349,100.);
#613=VECTOR('',#3356,100.);
#614=VECTOR('',#3359,100.);
#615=VECTOR('',#3362,100.);
#616=VECTOR('',#3367,100.);
#617=VECTOR('',#3370,100.);
#618=VECTOR('',#3373,100.);
#619=VECTOR('',#3378,100.);
#620=VECTOR('',#3383,100.);
#621=VECTOR('',#3388,100.);
#622=VECTOR('',#3389,100.);
#623=VECTOR('',#3394,100.);
#624=VECTOR('',#3395,100.);
#625=VECTOR('',#3398,100.);
#626=VECTOR('',#3399,100.);
#627=VECTOR('',#3404,100.);
#628=VECTOR('',#3405,100.);
#629=VECTOR('',#3408,100.);
#630=VECTOR('',#3409,100.);
#631=VECTOR('',#3414,100.);
#632=VECTOR('',#3415,100.);
#633=VECTOR('',#3418,100.);
#634=VECTOR('',#3419,100.);
#635=VECTOR('',#3424,100.);
#636=VECTOR('',#3425,100.);
#637=VECTOR('',#3428,100.);
#638=VECTOR('',#3429,100.);
#639=VECTOR('',#3434,100.);
#640=VECTOR('',#3435,100.);
#641=VECTOR('',#3438,100.);
#642=VECTOR('',#3439,100.);
#643=VECTOR('',#3452,100.);
#644=VECTOR('',#3453,100.);
#645=VECTOR('',#3456,100.);
#646=VECTOR('',#3461,100.);
#647=VECTOR('',#3466,100.);
#648=VECTOR('',#3469,100.);
#649=VECTOR('',#3472,100.);
#650=VECTOR('',#3475,100.);
#651=VECTOR('',#3478,100.);
#652=VECTOR('',#3481,100.);
#653=VECTOR('',#3512,100.);
#654=VECTOR('',#3519,100.);
#655=VECTOR('',#3524,100.);
#656=VECTOR('',#3531,100.);
#657=ORIENTED_EDGE('',*,*,#1385,.F.);
#658=ORIENTED_EDGE('',*,*,#1386,.F.);
#659=ORIENTED_EDGE('',*,*,#1387,.F.);
#660=ORIENTED_EDGE('',*,*,#1388,.T.);
#661=ORIENTED_EDGE('',*,*,#1389,.T.);
#662=ORIENTED_EDGE('',*,*,#1390,.T.);
#663=ORIENTED_EDGE('',*,*,#1391,.F.);
#664=ORIENTED_EDGE('',*,*,#1392,.T.);
#665=ORIENTED_EDGE('',*,*,#1393,.T.);
#666=ORIENTED_EDGE('',*,*,#1394,.T.);
#667=ORIENTED_EDGE('',*,*,#1395,.T.);
#668=ORIENTED_EDGE('',*,*,#1396,.F.);
#669=ORIENTED_EDGE('',*,*,#1397,.F.);
#670=ORIENTED_EDGE('',*,*,#1398,.F.);
#671=ORIENTED_EDGE('',*,*,#1399,.F.);
#672=ORIENTED_EDGE('',*,*,#1400,.T.);
#673=ORIENTED_EDGE('',*,*,#1401,.T.);
#674=ORIENTED_EDGE('',*,*,#1402,.F.);
#675=ORIENTED_EDGE('',*,*,#1403,.F.);
#676=ORIENTED_EDGE('',*,*,#1404,.T.);
#677=ORIENTED_EDGE('',*,*,#1405,.T.);
#678=ORIENTED_EDGE('',*,*,#1406,.T.);
#679=ORIENTED_EDGE('',*,*,#1407,.T.);
#680=ORIENTED_EDGE('',*,*,#1408,.T.);
#681=ORIENTED_EDGE('',*,*,#1409,.F.);
#682=ORIENTED_EDGE('',*,*,#1410,.F.);
#683=ORIENTED_EDGE('',*,*,#1411,.F.);
#684=ORIENTED_EDGE('',*,*,#1412,.T.);
#685=ORIENTED_EDGE('',*,*,#1413,.T.);
#686=ORIENTED_EDGE('',*,*,#1414,.F.);
#687=ORIENTED_EDGE('',*,*,#1415,.F.);
#688=ORIENTED_EDGE('',*,*,#1416,.T.);
#689=ORIENTED_EDGE('',*,*,#1417,.T.);
#690=ORIENTED_EDGE('',*,*,#1418,.T.);
#691=ORIENTED_EDGE('',*,*,#1419,.T.);
#692=ORIENTED_EDGE('',*,*,#1420,.T.);
#693=ORIENTED_EDGE('',*,*,#1421,.F.);
#694=ORIENTED_EDGE('',*,*,#1422,.F.);
#695=ORIENTED_EDGE('',*,*,#1423,.F.);
#696=ORIENTED_EDGE('',*,*,#1424,.T.);
#697=ORIENTED_EDGE('',*,*,#1425,.T.);
#698=ORIENTED_EDGE('',*,*,#1426,.T.);
#699=ORIENTED_EDGE('',*,*,#1427,.F.);
#700=ORIENTED_EDGE('',*,*,#1428,.T.);
#701=ORIENTED_EDGE('',*,*,#1429,.T.);
#702=ORIENTED_EDGE('',*,*,#1430,.T.);
#703=ORIENTED_EDGE('',*,*,#1431,.T.);
#704=ORIENTED_EDGE('',*,*,#1432,.F.);
#705=ORIENTED_EDGE('',*,*,#1433,.F.);
#706=ORIENTED_EDGE('',*,*,#1434,.T.);
#707=ORIENTED_EDGE('',*,*,#1435,.F.);
#708=ORIENTED_EDGE('',*,*,#1436,.T.);
#709=ORIENTED_EDGE('',*,*,#1437,.T.);
#710=ORIENTED_EDGE('',*,*,#1438,.F.);
#711=ORIENTED_EDGE('',*,*,#1439,.F.);
#712=ORIENTED_EDGE('',*,*,#1440,.T.);
#713=ORIENTED_EDGE('',*,*,#1441,.T.);
#714=ORIENTED_EDGE('',*,*,#1442,.F.);
#715=ORIENTED_EDGE('',*,*,#1443,.F.);
#716=ORIENTED_EDGE('',*,*,#1444,.T.);
#717=ORIENTED_EDGE('',*,*,#1445,.T.);
#718=ORIENTED_EDGE('',*,*,#1446,.F.);
#719=ORIENTED_EDGE('',*,*,#1447,.F.);
#720=ORIENTED_EDGE('',*,*,#1448,.T.);
#721=ORIENTED_EDGE('',*,*,#1449,.F.);
#722=ORIENTED_EDGE('',*,*,#1450,.F.);
#723=ORIENTED_EDGE('',*,*,#1451,.F.);
#724=ORIENTED_EDGE('',*,*,#1452,.T.);
#725=ORIENTED_EDGE('',*,*,#1453,.F.);
#726=ORIENTED_EDGE('',*,*,#1454,.F.);
#727=ORIENTED_EDGE('',*,*,#1455,.F.);
#728=ORIENTED_EDGE('',*,*,#1456,.T.);
#729=ORIENTED_EDGE('',*,*,#1457,.F.);
#730=ORIENTED_EDGE('',*,*,#1458,.F.);
#731=ORIENTED_EDGE('',*,*,#1459,.F.);
#732=ORIENTED_EDGE('',*,*,#1460,.T.);
#733=ORIENTED_EDGE('',*,*,#1461,.F.);
#734=ORIENTED_EDGE('',*,*,#1462,.F.);
#735=ORIENTED_EDGE('',*,*,#1463,.F.);
#736=ORIENTED_EDGE('',*,*,#1464,.T.);
#737=ORIENTED_EDGE('',*,*,#1465,.T.);
#738=ORIENTED_EDGE('',*,*,#1466,.F.);
#739=ORIENTED_EDGE('',*,*,#1467,.T.);
#740=ORIENTED_EDGE('',*,*,#1468,.T.);
#741=ORIENTED_EDGE('',*,*,#1469,.T.);
#742=ORIENTED_EDGE('',*,*,#1470,.T.);
#743=ORIENTED_EDGE('',*,*,#1471,.T.);
#744=ORIENTED_EDGE('',*,*,#1472,.F.);
#745=ORIENTED_EDGE('',*,*,#1473,.F.);
#746=ORIENTED_EDGE('',*,*,#1474,.F.);
#747=ORIENTED_EDGE('',*,*,#1475,.F.);
#748=ORIENTED_EDGE('',*,*,#1476,.F.);
#749=ORIENTED_EDGE('',*,*,#1477,.F.);
#750=ORIENTED_EDGE('',*,*,#1478,.T.);
#751=ORIENTED_EDGE('',*,*,#1479,.T.);
#752=ORIENTED_EDGE('',*,*,#1480,.T.);
#753=ORIENTED_EDGE('',*,*,#1481,.F.);
#754=ORIENTED_EDGE('',*,*,#1482,.F.);
#755=ORIENTED_EDGE('',*,*,#1483,.F.);
#756=ORIENTED_EDGE('',*,*,#1484,.F.);
#757=ORIENTED_EDGE('',*,*,#1485,.F.);
#758=ORIENTED_EDGE('',*,*,#1486,.T.);
#759=ORIENTED_EDGE('',*,*,#1487,.T.);
#760=ORIENTED_EDGE('',*,*,#1488,.T.);
#761=ORIENTED_EDGE('',*,*,#1489,.F.);
#762=ORIENTED_EDGE('',*,*,#1490,.F.);
#763=ORIENTED_EDGE('',*,*,#1491,.F.);
#764=ORIENTED_EDGE('',*,*,#1492,.F.);
#765=ORIENTED_EDGE('',*,*,#1493,.F.);
#766=ORIENTED_EDGE('',*,*,#1494,.F.);
#767=ORIENTED_EDGE('',*,*,#1495,.F.);
#768=ORIENTED_EDGE('',*,*,#1496,.F.);
#769=ORIENTED_EDGE('',*,*,#1497,.F.);
#770=ORIENTED_EDGE('',*,*,#1498,.T.);
#771=ORIENTED_EDGE('',*,*,#1499,.T.);
#772=ORIENTED_EDGE('',*,*,#1500,.T.);
#773=ORIENTED_EDGE('',*,*,#1501,.T.);
#774=ORIENTED_EDGE('',*,*,#1502,.T.);
#775=ORIENTED_EDGE('',*,*,#1503,.T.);
#776=ORIENTED_EDGE('',*,*,#1504,.T.);
#777=ORIENTED_EDGE('',*,*,#1505,.F.);
#778=ORIENTED_EDGE('',*,*,#1506,.T.);
#779=ORIENTED_EDGE('',*,*,#1507,.T.);
#780=ORIENTED_EDGE('',*,*,#1508,.T.);
#781=ORIENTED_EDGE('',*,*,#1509,.T.);
#782=ORIENTED_EDGE('',*,*,#1510,.T.);
#783=ORIENTED_EDGE('',*,*,#1511,.F.);
#784=ORIENTED_EDGE('',*,*,#1512,.F.);
#785=ORIENTED_EDGE('',*,*,#1513,.T.);
#786=ORIENTED_EDGE('',*,*,#1514,.F.);
#787=ORIENTED_EDGE('',*,*,#1515,.F.);
#788=ORIENTED_EDGE('',*,*,#1516,.F.);
#789=ORIENTED_EDGE('',*,*,#1517,.F.);
#790=ORIENTED_EDGE('',*,*,#1518,.F.);
#791=ORIENTED_EDGE('',*,*,#1519,.T.);
#792=ORIENTED_EDGE('',*,*,#1520,.T.);
#793=ORIENTED_EDGE('',*,*,#1521,.T.);
#794=ORIENTED_EDGE('',*,*,#1522,.F.);
#795=ORIENTED_EDGE('',*,*,#1523,.F.);
#796=ORIENTED_EDGE('',*,*,#1524,.T.);
#797=ORIENTED_EDGE('',*,*,#1525,.T.);
#798=ORIENTED_EDGE('',*,*,#1526,.T.);
#799=ORIENTED_EDGE('',*,*,#1527,.T.);
#800=ORIENTED_EDGE('',*,*,#1528,.T.);
#801=ORIENTED_EDGE('',*,*,#1529,.F.);
#802=ORIENTED_EDGE('',*,*,#1530,.F.);
#803=ORIENTED_EDGE('',*,*,#1531,.F.);
#804=ORIENTED_EDGE('',*,*,#1532,.T.);
#805=ORIENTED_EDGE('',*,*,#1533,.F.);
#806=ORIENTED_EDGE('',*,*,#1534,.F.);
#807=ORIENTED_EDGE('',*,*,#1535,.T.);
#808=ORIENTED_EDGE('',*,*,#1536,.T.);
#809=ORIENTED_EDGE('',*,*,#1537,.T.);
#810=ORIENTED_EDGE('',*,*,#1538,.F.);
#811=ORIENTED_EDGE('',*,*,#1539,.F.);
#812=ORIENTED_EDGE('',*,*,#1540,.T.);
#813=ORIENTED_EDGE('',*,*,#1400,.F.);
#814=ORIENTED_EDGE('',*,*,#1541,.T.);
#815=ORIENTED_EDGE('',*,*,#1463,.T.);
#816=ORIENTED_EDGE('',*,*,#1542,.F.);
#817=ORIENTED_EDGE('',*,*,#1455,.T.);
#818=ORIENTED_EDGE('',*,*,#1543,.F.);
#819=ORIENTED_EDGE('',*,*,#1412,.F.);
#820=ORIENTED_EDGE('',*,*,#1544,.T.);
#821=ORIENTED_EDGE('',*,*,#1459,.T.);
#822=ORIENTED_EDGE('',*,*,#1545,.F.);
#823=ORIENTED_EDGE('',*,*,#1404,.F.);
#824=ORIENTED_EDGE('',*,*,#1546,.T.);
#825=ORIENTED_EDGE('',*,*,#1547,.F.);
#826=ORIENTED_EDGE('',*,*,#1433,.T.);
#827=ORIENTED_EDGE('',*,*,#1548,.F.);
#828=ORIENTED_EDGE('',*,*,#1470,.F.);
#829=ORIENTED_EDGE('',*,*,#1527,.F.);
#830=ORIENTED_EDGE('',*,*,#1549,.T.);
#831=ORIENTED_EDGE('',*,*,#1397,.T.);
#832=ORIENTED_EDGE('',*,*,#1550,.F.);
#833=ORIENTED_EDGE('',*,*,#1443,.T.);
#834=ORIENTED_EDGE('',*,*,#1551,.F.);
#835=ORIENTED_EDGE('',*,*,#1428,.F.);
#836=ORIENTED_EDGE('',*,*,#1552,.T.);
#837=ORIENTED_EDGE('',*,*,#1553,.F.);
#838=ORIENTED_EDGE('',*,*,#1472,.T.);
#839=ORIENTED_EDGE('',*,*,#1554,.T.);
#840=ORIENTED_EDGE('',*,*,#1431,.F.);
#841=ORIENTED_EDGE('',*,*,#1555,.F.);
#842=ORIENTED_EDGE('',*,*,#1394,.F.);
#843=ORIENTED_EDGE('',*,*,#1556,.F.);
#844=ORIENTED_EDGE('',*,*,#1530,.T.);
#845=ORIENTED_EDGE('',*,*,#1557,.T.);
#846=ORIENTED_EDGE('',*,*,#1439,.T.);
#847=ORIENTED_EDGE('',*,*,#1558,.F.);
#848=ORIENTED_EDGE('',*,*,#1388,.F.);
#849=ORIENTED_EDGE('',*,*,#1559,.F.);
#850=ORIENTED_EDGE('',*,*,#1424,.F.);
#851=ORIENTED_EDGE('',*,*,#1560,.T.);
#852=ORIENTED_EDGE('',*,*,#1447,.T.);
#853=ORIENTED_EDGE('',*,*,#1561,.F.);
#854=ORIENTED_EDGE('',*,*,#1416,.F.);
#855=ORIENTED_EDGE('',*,*,#1562,.T.);
#856=ORIENTED_EDGE('',*,*,#1451,.T.);
#857=ORIENTED_EDGE('',*,*,#1563,.T.);
#858=ORIENTED_EDGE('',*,*,#1435,.T.);
#859=ORIENTED_EDGE('',*,*,#1564,.F.);
#860=ORIENTED_EDGE('',*,*,#1392,.F.);
#861=ORIENTED_EDGE('',*,*,#1565,.F.);
#862=ORIENTED_EDGE('',*,*,#1566,.T.);
#863=ORIENTED_EDGE('',*,*,#1567,.T.);
#864=ORIENTED_EDGE('',*,*,#1568,.F.);
#865=ORIENTED_EDGE('',*,*,#1569,.F.);
#866=ORIENTED_EDGE('',*,*,#1570,.F.);
#867=ORIENTED_EDGE('',*,*,#1571,.T.);
#868=ORIENTED_EDGE('',*,*,#1572,.F.);
#869=ORIENTED_EDGE('',*,*,#1573,.F.);
#870=ORIENTED_EDGE('',*,*,#1574,.F.);
#871=ORIENTED_EDGE('',*,*,#1497,.T.);
#872=ORIENTED_EDGE('',*,*,#1385,.T.);
#873=ORIENTED_EDGE('',*,*,#1498,.F.);
#874=ORIENTED_EDGE('',*,*,#1434,.F.);
#875=ORIENTED_EDGE('',*,*,#1575,.F.);
#876=ORIENTED_EDGE('',*,*,#1572,.T.);
#877=ORIENTED_EDGE('',*,*,#1576,.T.);
#878=ORIENTED_EDGE('',*,*,#1577,.F.);
#879=ORIENTED_EDGE('',*,*,#1578,.F.);
#880=ORIENTED_EDGE('',*,*,#1579,.F.);
#881=ORIENTED_EDGE('',*,*,#1577,.T.);
#882=ORIENTED_EDGE('',*,*,#1580,.F.);
#883=ORIENTED_EDGE('',*,*,#1581,.F.);
#884=ORIENTED_EDGE('',*,*,#1582,.T.);
#885=ORIENTED_EDGE('',*,*,#1581,.T.);
#886=ORIENTED_EDGE('',*,*,#1583,.F.);
#887=ORIENTED_EDGE('',*,*,#1584,.F.);
#888=ORIENTED_EDGE('',*,*,#1585,.T.);
#889=ORIENTED_EDGE('',*,*,#1586,.F.);
#890=ORIENTED_EDGE('',*,*,#1584,.T.);
#891=ORIENTED_EDGE('',*,*,#1587,.F.);
#892=ORIENTED_EDGE('',*,*,#1588,.F.);
#893=ORIENTED_EDGE('',*,*,#1589,.T.);
#894=ORIENTED_EDGE('',*,*,#1589,.F.);
#895=ORIENTED_EDGE('',*,*,#1590,.F.);
#896=ORIENTED_EDGE('',*,*,#1591,.F.);
#897=ORIENTED_EDGE('',*,*,#1592,.T.);
#898=ORIENTED_EDGE('',*,*,#1499,.F.);
#899=ORIENTED_EDGE('',*,*,#1593,.F.);
#900=ORIENTED_EDGE('',*,*,#1594,.T.);
#901=ORIENTED_EDGE('',*,*,#1573,.T.);
#902=ORIENTED_EDGE('',*,*,#1578,.T.);
#903=ORIENTED_EDGE('',*,*,#1582,.F.);
#904=ORIENTED_EDGE('',*,*,#1585,.F.);
#905=ORIENTED_EDGE('',*,*,#1503,.F.);
#906=ORIENTED_EDGE('',*,*,#1595,.T.);
#907=ORIENTED_EDGE('',*,*,#1596,.T.);
#908=ORIENTED_EDGE('',*,*,#1597,.T.);
#909=ORIENTED_EDGE('',*,*,#1587,.T.);
#910=ORIENTED_EDGE('',*,*,#1583,.T.);
#911=ORIENTED_EDGE('',*,*,#1580,.T.);
#912=ORIENTED_EDGE('',*,*,#1576,.F.);
#913=ORIENTED_EDGE('',*,*,#1571,.F.);
#914=ORIENTED_EDGE('',*,*,#1598,.F.);
#915=ORIENTED_EDGE('',*,*,#1599,.T.);
#916=ORIENTED_EDGE('',*,*,#1600,.T.);
#917=ORIENTED_EDGE('',*,*,#1598,.T.);
#918=ORIENTED_EDGE('',*,*,#1570,.T.);
#919=ORIENTED_EDGE('',*,*,#1594,.F.);
#920=ORIENTED_EDGE('',*,*,#1504,.F.);
#921=ORIENTED_EDGE('',*,*,#1599,.F.);
#922=ORIENTED_EDGE('',*,*,#1600,.F.);
#923=ORIENTED_EDGE('',*,*,#1593,.T.);
#924=ORIENTED_EDGE('',*,*,#1601,.T.);
#925=ORIENTED_EDGE('',*,*,#1602,.T.);
#926=ORIENTED_EDGE('',*,*,#1603,.T.);
#927=ORIENTED_EDGE('',*,*,#1604,.F.);
#928=ORIENTED_EDGE('',*,*,#1603,.F.);
#929=ORIENTED_EDGE('',*,*,#1605,.T.);
#930=ORIENTED_EDGE('',*,*,#1606,.T.);
#931=ORIENTED_EDGE('',*,*,#1607,.F.);
#932=ORIENTED_EDGE('',*,*,#1608,.F.);
#933=ORIENTED_EDGE('',*,*,#1609,.T.);
#934=ORIENTED_EDGE('',*,*,#1606,.F.);
#935=ORIENTED_EDGE('',*,*,#1610,.F.);
#936=ORIENTED_EDGE('',*,*,#1611,.T.);
#937=ORIENTED_EDGE('',*,*,#1611,.F.);
#938=ORIENTED_EDGE('',*,*,#1612,.F.);
#939=ORIENTED_EDGE('',*,*,#1613,.T.);
#940=ORIENTED_EDGE('',*,*,#1614,.T.);
#941=ORIENTED_EDGE('',*,*,#1615,.F.);
#942=ORIENTED_EDGE('',*,*,#1616,.T.);
#943=ORIENTED_EDGE('',*,*,#1613,.F.);
#944=ORIENTED_EDGE('',*,*,#1617,.F.);
#945=ORIENTED_EDGE('',*,*,#1618,.T.);
#946=ORIENTED_EDGE('',*,*,#1492,.T.);
#947=ORIENTED_EDGE('',*,*,#1619,.F.);
#948=ORIENTED_EDGE('',*,*,#1620,.T.);
#949=ORIENTED_EDGE('',*,*,#1621,.T.);
#950=ORIENTED_EDGE('',*,*,#1617,.T.);
#951=ORIENTED_EDGE('',*,*,#1612,.T.);
#952=ORIENTED_EDGE('',*,*,#1610,.T.);
#953=ORIENTED_EDGE('',*,*,#1605,.F.);
#954=ORIENTED_EDGE('',*,*,#1602,.F.);
#955=ORIENTED_EDGE('',*,*,#1622,.F.);
#956=ORIENTED_EDGE('',*,*,#1623,.T.);
#957=ORIENTED_EDGE('',*,*,#1624,.F.);
#958=ORIENTED_EDGE('',*,*,#1494,.T.);
#959=ORIENTED_EDGE('',*,*,#1625,.F.);
#960=ORIENTED_EDGE('',*,*,#1626,.T.);
#961=ORIENTED_EDGE('',*,*,#1604,.T.);
#962=ORIENTED_EDGE('',*,*,#1607,.T.);
#963=ORIENTED_EDGE('',*,*,#1609,.F.);
#964=ORIENTED_EDGE('',*,*,#1614,.F.);
#965=ORIENTED_EDGE('',*,*,#1616,.F.);
#966=ORIENTED_EDGE('',*,*,#1627,.F.);
#967=ORIENTED_EDGE('',*,*,#1628,.F.);
#968=ORIENTED_EDGE('',*,*,#1629,.F.);
#969=ORIENTED_EDGE('',*,*,#1622,.T.);
#970=ORIENTED_EDGE('',*,*,#1601,.F.);
#971=ORIENTED_EDGE('',*,*,#1626,.F.);
#972=ORIENTED_EDGE('',*,*,#1493,.T.);
#973=ORIENTED_EDGE('',*,*,#1623,.F.);
#974=ORIENTED_EDGE('',*,*,#1629,.T.);
#975=ORIENTED_EDGE('',*,*,#1625,.T.);
#976=ORIENTED_EDGE('',*,*,#1630,.F.);
#977=ORIENTED_EDGE('',*,*,#1631,.T.);
#978=ORIENTED_EDGE('',*,*,#1632,.F.);
#979=ORIENTED_EDGE('',*,*,#1633,.F.);
#980=ORIENTED_EDGE('',*,*,#1634,.T.);
#981=ORIENTED_EDGE('',*,*,#1633,.T.);
#982=ORIENTED_EDGE('',*,*,#1635,.F.);
#983=ORIENTED_EDGE('',*,*,#1636,.F.);
#984=ORIENTED_EDGE('',*,*,#1637,.T.);
#985=ORIENTED_EDGE('',*,*,#1638,.F.);
#986=ORIENTED_EDGE('',*,*,#1639,.T.);
#987=ORIENTED_EDGE('',*,*,#1636,.T.);
#988=ORIENTED_EDGE('',*,*,#1640,.F.);
#989=ORIENTED_EDGE('',*,*,#1641,.F.);
#990=ORIENTED_EDGE('',*,*,#1509,.F.);
#991=ORIENTED_EDGE('',*,*,#1507,.F.);
#992=ORIENTED_EDGE('',*,*,#1642,.F.);
#993=ORIENTED_EDGE('',*,*,#1643,.T.);
#994=ORIENTED_EDGE('',*,*,#1644,.T.);
#995=ORIENTED_EDGE('',*,*,#1645,.T.);
#996=ORIENTED_EDGE('',*,*,#1566,.F.);
#997=ORIENTED_EDGE('',*,*,#1646,.F.);
#998=ORIENTED_EDGE('',*,*,#1647,.F.);
#999=ORIENTED_EDGE('',*,*,#1634,.F.);
#1000=ORIENTED_EDGE('',*,*,#1637,.F.);
#1001=ORIENTED_EDGE('',*,*,#1639,.F.);
#1002=ORIENTED_EDGE('',*,*,#1648,.T.);
#1003=ORIENTED_EDGE('',*,*,#1632,.T.);
#1004=ORIENTED_EDGE('',*,*,#1649,.T.);
#1005=ORIENTED_EDGE('',*,*,#1650,.T.);
#1006=ORIENTED_EDGE('',*,*,#1568,.T.);
#1007=ORIENTED_EDGE('',*,*,#1651,.F.);
#1008=ORIENTED_EDGE('',*,*,#1652,.F.);
#1009=ORIENTED_EDGE('',*,*,#1653,.F.);
#1010=ORIENTED_EDGE('',*,*,#1654,.T.);
#1011=ORIENTED_EDGE('',*,*,#1505,.T.);
#1012=ORIENTED_EDGE('',*,*,#1655,.T.);
#1013=ORIENTED_EDGE('',*,*,#1640,.T.);
#1014=ORIENTED_EDGE('',*,*,#1635,.T.);
#1015=ORIENTED_EDGE('',*,*,#1508,.F.);
#1016=ORIENTED_EDGE('',*,*,#1648,.F.);
#1017=ORIENTED_EDGE('',*,*,#1638,.T.);
#1018=ORIENTED_EDGE('',*,*,#1510,.F.);
#1019=ORIENTED_EDGE('',*,*,#1641,.T.);
#1020=ORIENTED_EDGE('',*,*,#1655,.F.);
#1021=ORIENTED_EDGE('',*,*,#1656,.F.);
#1022=ORIENTED_EDGE('',*,*,#1657,.F.);
#1023=ORIENTED_EDGE('',*,*,#1658,.F.);
#1024=ORIENTED_EDGE('',*,*,#1659,.T.);
#1025=ORIENTED_EDGE('',*,*,#1660,.T.);
#1026=ORIENTED_EDGE('',*,*,#1661,.F.);
#1027=ORIENTED_EDGE('',*,*,#1662,.T.);
#1028=ORIENTED_EDGE('',*,*,#1663,.F.);
#1029=ORIENTED_EDGE('',*,*,#1664,.F.);
#1030=ORIENTED_EDGE('',*,*,#1665,.T.);
#1031=ORIENTED_EDGE('',*,*,#1665,.F.);
#1032=ORIENTED_EDGE('',*,*,#1666,.F.);
#1033=ORIENTED_EDGE('',*,*,#1667,.T.);
#1034=ORIENTED_EDGE('',*,*,#1668,.T.);
#1035=ORIENTED_EDGE('',*,*,#1669,.T.);
#1036=ORIENTED_EDGE('',*,*,#1515,.T.);
#1037=ORIENTED_EDGE('',*,*,#1670,.T.);
#1038=ORIENTED_EDGE('',*,*,#1671,.T.);
#1039=ORIENTED_EDGE('',*,*,#1667,.F.);
#1040=ORIENTED_EDGE('',*,*,#1672,.F.);
#1041=ORIENTED_EDGE('',*,*,#1673,.T.);
#1042=ORIENTED_EDGE('',*,*,#1511,.T.);
#1043=ORIENTED_EDGE('',*,*,#1674,.F.);
#1044=ORIENTED_EDGE('',*,*,#1672,.T.);
#1045=ORIENTED_EDGE('',*,*,#1666,.T.);
#1046=ORIENTED_EDGE('',*,*,#1664,.T.);
#1047=ORIENTED_EDGE('',*,*,#1675,.T.);
#1048=ORIENTED_EDGE('',*,*,#1676,.T.);
#1049=ORIENTED_EDGE('',*,*,#1658,.T.);
#1050=ORIENTED_EDGE('',*,*,#1677,.F.);
#1051=ORIENTED_EDGE('',*,*,#1678,.F.);
#1052=ORIENTED_EDGE('',*,*,#1679,.F.);
#1053=ORIENTED_EDGE('',*,*,#1680,.F.);
#1054=ORIENTED_EDGE('',*,*,#1513,.F.);
#1055=ORIENTED_EDGE('',*,*,#1681,.F.);
#1056=ORIENTED_EDGE('',*,*,#1682,.T.);
#1057=ORIENTED_EDGE('',*,*,#1683,.T.);
#1058=ORIENTED_EDGE('',*,*,#1684,.T.);
#1059=ORIENTED_EDGE('',*,*,#1660,.F.);
#1060=ORIENTED_EDGE('',*,*,#1685,.F.);
#1061=ORIENTED_EDGE('',*,*,#1686,.F.);
#1062=ORIENTED_EDGE('',*,*,#1662,.F.);
#1063=ORIENTED_EDGE('',*,*,#1668,.F.);
#1064=ORIENTED_EDGE('',*,*,#1671,.F.);
#1065=ORIENTED_EDGE('',*,*,#1516,.T.);
#1066=ORIENTED_EDGE('',*,*,#1669,.F.);
#1067=ORIENTED_EDGE('',*,*,#1674,.T.);
#1068=ORIENTED_EDGE('',*,*,#1514,.T.);
#1069=ORIENTED_EDGE('',*,*,#1680,.T.);
#1070=ORIENTED_EDGE('',*,*,#1670,.F.);
#1071=ORIENTED_EDGE('',*,*,#1471,.F.);
#1072=ORIENTED_EDGE('',*,*,#1548,.T.);
#1073=ORIENTED_EDGE('',*,*,#1432,.T.);
#1074=ORIENTED_EDGE('',*,*,#1554,.F.);
#1075=ORIENTED_EDGE('',*,*,#1687,.F.);
#1076=ORIENTED_EDGE('',*,*,#1489,.T.);
#1077=ORIENTED_EDGE('',*,*,#1688,.T.);
#1078=ORIENTED_EDGE('',*,*,#1408,.F.);
#1079=ORIENTED_EDGE('',*,*,#1689,.F.);
#1080=ORIENTED_EDGE('',*,*,#1409,.T.);
#1081=ORIENTED_EDGE('',*,*,#1688,.F.);
#1082=ORIENTED_EDGE('',*,*,#1488,.F.);
#1083=ORIENTED_EDGE('',*,*,#1690,.F.);
#1084=ORIENTED_EDGE('',*,*,#1490,.T.);
#1085=ORIENTED_EDGE('',*,*,#1687,.T.);
#1086=ORIENTED_EDGE('',*,*,#1407,.F.);
#1087=ORIENTED_EDGE('',*,*,#1691,.T.);
#1088=ORIENTED_EDGE('',*,*,#1678,.T.);
#1089=ORIENTED_EDGE('',*,*,#1692,.T.);
#1090=ORIENTED_EDGE('',*,*,#1683,.F.);
#1091=ORIENTED_EDGE('',*,*,#1693,.F.);
#1092=ORIENTED_EDGE('',*,*,#1679,.T.);
#1093=ORIENTED_EDGE('',*,*,#1691,.F.);
#1094=ORIENTED_EDGE('',*,*,#1682,.F.);
#1095=ORIENTED_EDGE('',*,*,#1512,.T.);
#1096=ORIENTED_EDGE('',*,*,#1673,.F.);
#1097=ORIENTED_EDGE('',*,*,#1693,.T.);
#1098=ORIENTED_EDGE('',*,*,#1681,.T.);
#1099=ORIENTED_EDGE('',*,*,#1692,.F.);
#1100=ORIENTED_EDGE('',*,*,#1677,.T.);
#1101=ORIENTED_EDGE('',*,*,#1657,.T.);
#1102=ORIENTED_EDGE('',*,*,#1684,.F.);
#1103=ORIENTED_EDGE('',*,*,#1694,.T.);
#1104=ORIENTED_EDGE('',*,*,#1653,.T.);
#1105=ORIENTED_EDGE('',*,*,#1695,.T.);
#1106=ORIENTED_EDGE('',*,*,#1643,.F.);
#1107=ORIENTED_EDGE('',*,*,#1695,.F.);
#1108=ORIENTED_EDGE('',*,*,#1652,.T.);
#1109=ORIENTED_EDGE('',*,*,#1696,.F.);
#1110=ORIENTED_EDGE('',*,*,#1644,.F.);
#1111=ORIENTED_EDGE('',*,*,#1506,.F.);
#1112=ORIENTED_EDGE('',*,*,#1654,.F.);
#1113=ORIENTED_EDGE('',*,*,#1694,.F.);
#1114=ORIENTED_EDGE('',*,*,#1642,.T.);
#1115=ORIENTED_EDGE('',*,*,#1696,.T.);
#1116=ORIENTED_EDGE('',*,*,#1651,.T.);
#1117=ORIENTED_EDGE('',*,*,#1567,.F.);
#1118=ORIENTED_EDGE('',*,*,#1645,.F.);
#1119=ORIENTED_EDGE('',*,*,#1618,.F.);
#1120=ORIENTED_EDGE('',*,*,#1621,.F.);
#1121=ORIENTED_EDGE('',*,*,#1697,.T.);
#1122=ORIENTED_EDGE('',*,*,#1627,.T.);
#1123=ORIENTED_EDGE('',*,*,#1495,.T.);
#1124=ORIENTED_EDGE('',*,*,#1624,.T.);
#1125=ORIENTED_EDGE('',*,*,#1698,.F.);
#1126=ORIENTED_EDGE('',*,*,#1491,.T.);
#1127=ORIENTED_EDGE('',*,*,#1699,.F.);
#1128=ORIENTED_EDGE('',*,*,#1619,.T.);
#1129=ORIENTED_EDGE('',*,*,#1699,.T.);
#1130=ORIENTED_EDGE('',*,*,#1496,.T.);
#1131=ORIENTED_EDGE('',*,*,#1698,.T.);
#1132=ORIENTED_EDGE('',*,*,#1628,.T.);
#1133=ORIENTED_EDGE('',*,*,#1697,.F.);
#1134=ORIENTED_EDGE('',*,*,#1620,.F.);
#1135=ORIENTED_EDGE('',*,*,#1588,.T.);
#1136=ORIENTED_EDGE('',*,*,#1597,.F.);
#1137=ORIENTED_EDGE('',*,*,#1700,.F.);
#1138=ORIENTED_EDGE('',*,*,#1590,.T.);
#1139=ORIENTED_EDGE('',*,*,#1502,.F.);
#1140=ORIENTED_EDGE('',*,*,#1701,.T.);
#1141=ORIENTED_EDGE('',*,*,#1595,.F.);
#1142=ORIENTED_EDGE('',*,*,#1500,.F.);
#1143=ORIENTED_EDGE('',*,*,#1592,.F.);
#1144=ORIENTED_EDGE('',*,*,#1702,.T.);
#1145=ORIENTED_EDGE('',*,*,#1702,.F.);
#1146=ORIENTED_EDGE('',*,*,#1591,.T.);
#1147=ORIENTED_EDGE('',*,*,#1700,.T.);
#1148=ORIENTED_EDGE('',*,*,#1596,.F.);
#1149=ORIENTED_EDGE('',*,*,#1701,.F.);
#1150=ORIENTED_EDGE('',*,*,#1501,.F.);
#1151=ORIENTED_EDGE('',*,*,#1703,.F.);
#1152=ORIENTED_EDGE('',*,*,#1675,.F.);
#1153=ORIENTED_EDGE('',*,*,#1663,.T.);
#1154=ORIENTED_EDGE('',*,*,#1686,.T.);
#1155=ORIENTED_EDGE('',*,*,#1659,.F.);
#1156=ORIENTED_EDGE('',*,*,#1676,.F.);
#1157=ORIENTED_EDGE('',*,*,#1703,.T.);
#1158=ORIENTED_EDGE('',*,*,#1685,.T.);
#1159=ORIENTED_EDGE('',*,*,#1646,.T.);
#1160=ORIENTED_EDGE('',*,*,#1569,.T.);
#1161=ORIENTED_EDGE('',*,*,#1650,.F.);
#1162=ORIENTED_EDGE('',*,*,#1704,.F.);
#1163=ORIENTED_EDGE('',*,*,#1704,.T.);
#1164=ORIENTED_EDGE('',*,*,#1649,.F.);
#1165=ORIENTED_EDGE('',*,*,#1631,.F.);
#1166=ORIENTED_EDGE('',*,*,#1647,.T.);
#1167=ORIENTED_EDGE('',*,*,#1705,.T.);
#1168=ORIENTED_EDGE('',*,*,#1465,.F.);
#1169=ORIENTED_EDGE('',*,*,#1706,.F.);
#1170=ORIENTED_EDGE('',*,*,#1532,.F.);
#1171=ORIENTED_EDGE('',*,*,#1531,.T.);
#1172=ORIENTED_EDGE('',*,*,#1556,.T.);
#1173=ORIENTED_EDGE('',*,*,#1393,.F.);
#1174=ORIENTED_EDGE('',*,*,#1564,.T.);
#1175=ORIENTED_EDGE('',*,*,#1466,.T.);
#1176=ORIENTED_EDGE('',*,*,#1705,.F.);
#1177=ORIENTED_EDGE('',*,*,#1477,.T.);
#1178=ORIENTED_EDGE('',*,*,#1707,.T.);
#1179=ORIENTED_EDGE('',*,*,#1449,.T.);
#1180=ORIENTED_EDGE('',*,*,#1708,.F.);
#1181=ORIENTED_EDGE('',*,*,#1709,.F.);
#1182=ORIENTED_EDGE('',*,*,#1479,.F.);
#1183=ORIENTED_EDGE('',*,*,#1710,.T.);
#1184=ORIENTED_EDGE('',*,*,#1422,.T.);
#1185=ORIENTED_EDGE('',*,*,#1708,.T.);
#1186=ORIENTED_EDGE('',*,*,#1448,.F.);
#1187=ORIENTED_EDGE('',*,*,#1560,.F.);
#1188=ORIENTED_EDGE('',*,*,#1423,.T.);
#1189=ORIENTED_EDGE('',*,*,#1710,.F.);
#1190=ORIENTED_EDGE('',*,*,#1478,.F.);
#1191=ORIENTED_EDGE('',*,*,#1711,.T.);
#1192=ORIENTED_EDGE('',*,*,#1445,.F.);
#1193=ORIENTED_EDGE('',*,*,#1712,.F.);
#1194=ORIENTED_EDGE('',*,*,#1524,.F.);
#1195=ORIENTED_EDGE('',*,*,#1522,.T.);
#1196=ORIENTED_EDGE('',*,*,#1713,.T.);
#1197=ORIENTED_EDGE('',*,*,#1426,.F.);
#1198=ORIENTED_EDGE('',*,*,#1714,.F.);
#1199=ORIENTED_EDGE('',*,*,#1523,.T.);
#1200=ORIENTED_EDGE('',*,*,#1714,.T.);
#1201=ORIENTED_EDGE('',*,*,#1425,.F.);
#1202=ORIENTED_EDGE('',*,*,#1559,.T.);
#1203=ORIENTED_EDGE('',*,*,#1446,.T.);
#1204=ORIENTED_EDGE('',*,*,#1711,.F.);
#1205=ORIENTED_EDGE('',*,*,#1518,.T.);
#1206=ORIENTED_EDGE('',*,*,#1715,.T.);
#1207=ORIENTED_EDGE('',*,*,#1461,.T.);
#1208=ORIENTED_EDGE('',*,*,#1716,.F.);
#1209=ORIENTED_EDGE('',*,*,#1402,.T.);
#1210=ORIENTED_EDGE('',*,*,#1717,.F.);
#1211=ORIENTED_EDGE('',*,*,#1520,.F.);
#1212=ORIENTED_EDGE('',*,*,#1718,.T.);
#1213=ORIENTED_EDGE('',*,*,#1716,.T.);
#1214=ORIENTED_EDGE('',*,*,#1460,.F.);
#1215=ORIENTED_EDGE('',*,*,#1546,.F.);
#1216=ORIENTED_EDGE('',*,*,#1403,.T.);
#1217=ORIENTED_EDGE('',*,*,#1718,.F.);
#1218=ORIENTED_EDGE('',*,*,#1519,.F.);
#1219=ORIENTED_EDGE('',*,*,#1719,.T.);
#1220=ORIENTED_EDGE('',*,*,#1437,.F.);
#1221=ORIENTED_EDGE('',*,*,#1720,.F.);
#1222=ORIENTED_EDGE('',*,*,#1540,.F.);
#1223=ORIENTED_EDGE('',*,*,#1538,.T.);
#1224=ORIENTED_EDGE('',*,*,#1721,.T.);
#1225=ORIENTED_EDGE('',*,*,#1390,.F.);
#1226=ORIENTED_EDGE('',*,*,#1722,.F.);
#1227=ORIENTED_EDGE('',*,*,#1539,.T.);
#1228=ORIENTED_EDGE('',*,*,#1722,.T.);
#1229=ORIENTED_EDGE('',*,*,#1389,.F.);
#1230=ORIENTED_EDGE('',*,*,#1558,.T.);
#1231=ORIENTED_EDGE('',*,*,#1438,.T.);
#1232=ORIENTED_EDGE('',*,*,#1719,.F.);
#1233=ORIENTED_EDGE('',*,*,#1534,.T.);
#1234=ORIENTED_EDGE('',*,*,#1723,.T.);
#1235=ORIENTED_EDGE('',*,*,#1453,.T.);
#1236=ORIENTED_EDGE('',*,*,#1724,.F.);
#1237=ORIENTED_EDGE('',*,*,#1414,.T.);
#1238=ORIENTED_EDGE('',*,*,#1725,.F.);
#1239=ORIENTED_EDGE('',*,*,#1536,.F.);
#1240=ORIENTED_EDGE('',*,*,#1726,.T.);
#1241=ORIENTED_EDGE('',*,*,#1724,.T.);
#1242=ORIENTED_EDGE('',*,*,#1452,.F.);
#1243=ORIENTED_EDGE('',*,*,#1562,.F.);
#1244=ORIENTED_EDGE('',*,*,#1415,.T.);
#1245=ORIENTED_EDGE('',*,*,#1726,.F.);
#1246=ORIENTED_EDGE('',*,*,#1535,.F.);
#1247=ORIENTED_EDGE('',*,*,#1727,.F.);
#1248=ORIENTED_EDGE('',*,*,#1565,.T.);
#1249=ORIENTED_EDGE('',*,*,#1728,.F.);
#1250=ORIENTED_EDGE('',*,*,#1727,.T.);
#1251=ORIENTED_EDGE('',*,*,#1419,.F.);
#1252=ORIENTED_EDGE('',*,*,#1729,.T.);
#1253=ORIENTED_EDGE('',*,*,#1482,.T.);
#1254=ORIENTED_EDGE('',*,*,#1730,.T.);
#1255=ORIENTED_EDGE('',*,*,#1480,.F.);
#1256=ORIENTED_EDGE('',*,*,#1709,.T.);
#1257=ORIENTED_EDGE('',*,*,#1421,.T.);
#1258=ORIENTED_EDGE('',*,*,#1731,.F.);
#1259=ORIENTED_EDGE('',*,*,#1481,.T.);
#1260=ORIENTED_EDGE('',*,*,#1731,.T.);
#1261=ORIENTED_EDGE('',*,*,#1420,.F.);
#1262=ORIENTED_EDGE('',*,*,#1730,.F.);
#1263=ORIENTED_EDGE('',*,*,#1395,.F.);
#1264=ORIENTED_EDGE('',*,*,#1555,.T.);
#1265=ORIENTED_EDGE('',*,*,#1529,.T.);
#1266=ORIENTED_EDGE('',*,*,#1732,.T.);
#1267=ORIENTED_EDGE('',*,*,#1550,.T.);
#1268=ORIENTED_EDGE('',*,*,#1396,.T.);
#1269=ORIENTED_EDGE('',*,*,#1732,.F.);
#1270=ORIENTED_EDGE('',*,*,#1528,.F.);
#1271=ORIENTED_EDGE('',*,*,#1410,.T.);
#1272=ORIENTED_EDGE('',*,*,#1689,.T.);
#1273=ORIENTED_EDGE('',*,*,#1487,.F.);
#1274=ORIENTED_EDGE('',*,*,#1733,.T.);
#1275=ORIENTED_EDGE('',*,*,#1486,.F.);
#1276=ORIENTED_EDGE('',*,*,#1734,.T.);
#1277=ORIENTED_EDGE('',*,*,#1456,.F.);
#1278=ORIENTED_EDGE('',*,*,#1544,.F.);
#1279=ORIENTED_EDGE('',*,*,#1411,.T.);
#1280=ORIENTED_EDGE('',*,*,#1733,.F.);
#1281=ORIENTED_EDGE('',*,*,#1457,.T.);
#1282=ORIENTED_EDGE('',*,*,#1734,.F.);
#1283=ORIENTED_EDGE('',*,*,#1485,.T.);
#1284=ORIENTED_EDGE('',*,*,#1735,.T.);
#1285=ORIENTED_EDGE('',*,*,#1473,.T.);
#1286=ORIENTED_EDGE('',*,*,#1553,.T.);
#1287=ORIENTED_EDGE('',*,*,#1430,.F.);
#1288=ORIENTED_EDGE('',*,*,#1736,.F.);
#1289=ORIENTED_EDGE('',*,*,#1737,.F.);
#1290=ORIENTED_EDGE('',*,*,#1474,.T.);
#1291=ORIENTED_EDGE('',*,*,#1736,.T.);
#1292=ORIENTED_EDGE('',*,*,#1429,.F.);
#1293=ORIENTED_EDGE('',*,*,#1551,.T.);
#1294=ORIENTED_EDGE('',*,*,#1442,.T.);
#1295=ORIENTED_EDGE('',*,*,#1738,.F.);
#1296=ORIENTED_EDGE('',*,*,#1467,.F.);
#1297=ORIENTED_EDGE('',*,*,#1737,.T.);
#1298=ORIENTED_EDGE('',*,*,#1441,.F.);
#1299=ORIENTED_EDGE('',*,*,#1739,.F.);
#1300=ORIENTED_EDGE('',*,*,#1740,.F.);
#1301=ORIENTED_EDGE('',*,*,#1740,.T.);
#1302=ORIENTED_EDGE('',*,*,#1656,.T.);
#1303=ORIENTED_EDGE('',*,*,#1521,.F.);
#1304=ORIENTED_EDGE('',*,*,#1712,.T.);
#1305=ORIENTED_EDGE('',*,*,#1444,.F.);
#1306=ORIENTED_EDGE('',*,*,#1552,.F.);
#1307=ORIENTED_EDGE('',*,*,#1427,.T.);
#1308=ORIENTED_EDGE('',*,*,#1713,.F.);
#1309=ORIENTED_EDGE('',*,*,#1715,.F.);
#1310=ORIENTED_EDGE('',*,*,#1517,.T.);
#1311=ORIENTED_EDGE('',*,*,#1717,.T.);
#1312=ORIENTED_EDGE('',*,*,#1401,.F.);
#1313=ORIENTED_EDGE('',*,*,#1542,.T.);
#1314=ORIENTED_EDGE('',*,*,#1462,.T.);
#1315=ORIENTED_EDGE('',*,*,#1741,.F.);
#1316=ORIENTED_EDGE('',*,*,#1579,.T.);
#1317=ORIENTED_EDGE('',*,*,#1742,.F.);
#1318=ORIENTED_EDGE('',*,*,#1741,.T.);
#1319=ORIENTED_EDGE('',*,*,#1743,.F.);
#1320=ORIENTED_EDGE('',*,*,#1744,.F.);
#1321=ORIENTED_EDGE('',*,*,#1744,.T.);
#1322=ORIENTED_EDGE('',*,*,#1608,.T.);
#1323=ORIENTED_EDGE('',*,*,#1735,.F.);
#1324=ORIENTED_EDGE('',*,*,#1484,.T.);
#1325=ORIENTED_EDGE('',*,*,#1745,.T.);
#1326=ORIENTED_EDGE('',*,*,#1405,.F.);
#1327=ORIENTED_EDGE('',*,*,#1545,.T.);
#1328=ORIENTED_EDGE('',*,*,#1458,.T.);
#1329=ORIENTED_EDGE('',*,*,#1690,.T.);
#1330=ORIENTED_EDGE('',*,*,#1406,.F.);
#1331=ORIENTED_EDGE('',*,*,#1745,.F.);
#1332=ORIENTED_EDGE('',*,*,#1483,.T.);
#1333=ORIENTED_EDGE('',*,*,#1537,.F.);
#1334=ORIENTED_EDGE('',*,*,#1720,.T.);
#1335=ORIENTED_EDGE('',*,*,#1436,.F.);
#1336=ORIENTED_EDGE('',*,*,#1563,.F.);
#1337=ORIENTED_EDGE('',*,*,#1391,.T.);
#1338=ORIENTED_EDGE('',*,*,#1721,.F.);
#1339=ORIENTED_EDGE('',*,*,#1476,.T.);
#1340=ORIENTED_EDGE('',*,*,#1746,.T.);
#1341=ORIENTED_EDGE('',*,*,#1417,.F.);
#1342=ORIENTED_EDGE('',*,*,#1561,.T.);
#1343=ORIENTED_EDGE('',*,*,#1450,.T.);
#1344=ORIENTED_EDGE('',*,*,#1707,.F.);
#1345=ORIENTED_EDGE('',*,*,#1418,.F.);
#1346=ORIENTED_EDGE('',*,*,#1746,.F.);
#1347=ORIENTED_EDGE('',*,*,#1475,.T.);
#1348=ORIENTED_EDGE('',*,*,#1729,.F.);
#1349=ORIENTED_EDGE('',*,*,#1468,.F.);
#1350=ORIENTED_EDGE('',*,*,#1738,.T.);
#1351=ORIENTED_EDGE('',*,*,#1440,.F.);
#1352=ORIENTED_EDGE('',*,*,#1557,.F.);
#1353=ORIENTED_EDGE('',*,*,#1387,.T.);
#1354=ORIENTED_EDGE('',*,*,#1747,.F.);
#1355=ORIENTED_EDGE('',*,*,#1547,.T.);
#1356=ORIENTED_EDGE('',*,*,#1469,.F.);
#1357=ORIENTED_EDGE('',*,*,#1747,.T.);
#1358=ORIENTED_EDGE('',*,*,#1386,.T.);
#1359=ORIENTED_EDGE('',*,*,#1723,.F.);
#1360=ORIENTED_EDGE('',*,*,#1533,.T.);
#1361=ORIENTED_EDGE('',*,*,#1725,.T.);
#1362=ORIENTED_EDGE('',*,*,#1413,.F.);
#1363=ORIENTED_EDGE('',*,*,#1543,.T.);
#1364=ORIENTED_EDGE('',*,*,#1454,.T.);
#1365=ORIENTED_EDGE('',*,*,#1526,.F.);
#1366=ORIENTED_EDGE('',*,*,#1748,.T.);
#1367=ORIENTED_EDGE('',*,*,#1398,.T.);
#1368=ORIENTED_EDGE('',*,*,#1549,.F.);
#1369=ORIENTED_EDGE('',*,*,#1706,.T.);
#1370=ORIENTED_EDGE('',*,*,#1464,.F.);
#1371=ORIENTED_EDGE('',*,*,#1541,.F.);
#1372=ORIENTED_EDGE('',*,*,#1399,.T.);
#1373=ORIENTED_EDGE('',*,*,#1748,.F.);
#1374=ORIENTED_EDGE('',*,*,#1525,.F.);
#1375=ORIENTED_EDGE('',*,*,#1586,.T.);
#1376=ORIENTED_EDGE('',*,*,#1742,.T.);
#1377=ORIENTED_EDGE('',*,*,#1615,.T.);
#1378=ORIENTED_EDGE('',*,*,#1743,.T.);
#1379=ORIENTED_EDGE('',*,*,#1661,.T.);
#1380=ORIENTED_EDGE('',*,*,#1739,.T.);
#1381=ORIENTED_EDGE('',*,*,#1630,.T.);
#1382=ORIENTED_EDGE('',*,*,#1728,.T.);
#1383=ORIENTED_EDGE('',*,*,#1575,.T.);
#1384=ORIENTED_EDGE('',*,*,#1574,.T.);
#1385=EDGE_CURVE('',#1749,#1749,#1999,.T.);
#1386=EDGE_CURVE('',#1750,#1751,#2000,.T.);
#1387=EDGE_CURVE('',#1752,#1750,#133,.T.);
#1388=EDGE_CURVE('',#1752,#1753,#2001,.T.);
#1389=EDGE_CURVE('',#1753,#1754,#134,.T.);
#1390=EDGE_CURVE('',#1754,#1755,#2002,.T.);
#1391=EDGE_CURVE('',#1756,#1755,#135,.T.);
#1392=EDGE_CURVE('',#1756,#1757,#2003,.T.);
#1393=EDGE_CURVE('',#1757,#1758,#136,.T.);
#1394=EDGE_CURVE('',#1758,#1759,#2004,.T.);
#1395=EDGE_CURVE('',#1759,#1760,#137,.T.);
#1396=EDGE_CURVE('',#1761,#1760,#2005,.T.);
#1397=EDGE_CURVE('',#1762,#1761,#138,.T.);
#1398=EDGE_CURVE('',#1763,#1762,#2006,.T.);
#1399=EDGE_CURVE('',#1764,#1763,#139,.T.);
#1400=EDGE_CURVE('',#1764,#1765,#2007,.T.);
#1401=EDGE_CURVE('',#1765,#1766,#140,.T.);
#1402=EDGE_CURVE('',#1767,#1766,#2008,.T.);
#1403=EDGE_CURVE('',#1768,#1767,#141,.T.);
#1404=EDGE_CURVE('',#1768,#1769,#2009,.T.);
#1405=EDGE_CURVE('',#1769,#1770,#142,.T.);
#1406=EDGE_CURVE('',#1770,#1771,#2010,.T.);
#1407=EDGE_CURVE('',#1771,#1772,#143,.T.);
#1408=EDGE_CURVE('',#1772,#1773,#2011,.T.);
#1409=EDGE_CURVE('',#1774,#1773,#144,.T.);
#1410=EDGE_CURVE('',#1775,#1774,#2012,.T.);
#1411=EDGE_CURVE('',#1776,#1775,#145,.T.);
#1412=EDGE_CURVE('',#1776,#1777,#2013,.T.);
#1413=EDGE_CURVE('',#1777,#1778,#146,.T.);
#1414=EDGE_CURVE('',#1779,#1778,#2014,.T.);
#1415=EDGE_CURVE('',#1780,#1779,#147,.T.);
#1416=EDGE_CURVE('',#1780,#1781,#2015,.T.);
#1417=EDGE_CURVE('',#1781,#1782,#148,.T.);
#1418=EDGE_CURVE('',#1782,#1783,#2016,.T.);
#1419=EDGE_CURVE('',#1783,#1784,#149,.T.);
#1420=EDGE_CURVE('',#1784,#1785,#2017,.T.);
#1421=EDGE_CURVE('',#1786,#1785,#150,.T.);
#1422=EDGE_CURVE('',#1787,#1786,#2018,.T.);
#1423=EDGE_CURVE('',#1788,#1787,#151,.T.);
#1424=EDGE_CURVE('',#1788,#1789,#2019,.T.);
#1425=EDGE_CURVE('',#1789,#1790,#152,.T.);
#1426=EDGE_CURVE('',#1790,#1791,#2020,.T.);
#1427=EDGE_CURVE('',#1792,#1791,#153,.T.);
#1428=EDGE_CURVE('',#1792,#1793,#2021,.T.);
#1429=EDGE_CURVE('',#1793,#1794,#154,.T.);
#1430=EDGE_CURVE('',#1794,#1795,#2022,.T.);
#1431=EDGE_CURVE('',#1795,#1796,#155,.T.);
#1432=EDGE_CURVE('',#1797,#1796,#2023,.T.);
#1433=EDGE_CURVE('',#1751,#1797,#156,.T.);
#1434=EDGE_CURVE('',#1798,#1798,#2024,.T.);
#1435=EDGE_CURVE('',#1799,#1800,#2025,.T.);
#1436=EDGE_CURVE('',#1799,#1801,#157,.T.);
#1437=EDGE_CURVE('',#1801,#1802,#2026,.F.);
#1438=EDGE_CURVE('',#1803,#1802,#158,.T.);
#1439=EDGE_CURVE('',#1804,#1803,#2027,.T.);
#1440=EDGE_CURVE('',#1804,#1805,#159,.T.);
#1441=EDGE_CURVE('',#1805,#1806,#2028,.F.);
#1442=EDGE_CURVE('',#1807,#1806,#160,.T.);
#1443=EDGE_CURVE('',#1808,#1807,#2029,.T.);
#1444=EDGE_CURVE('',#1808,#1809,#161,.T.);
#1445=EDGE_CURVE('',#1809,#1810,#2030,.F.);
#1446=EDGE_CURVE('',#1811,#1810,#162,.T.);
#1447=EDGE_CURVE('',#1812,#1811,#2031,.T.);
#1448=EDGE_CURVE('',#1812,#1813,#163,.T.);
#1449=EDGE_CURVE('',#1814,#1813,#2032,.F.);
#1450=EDGE_CURVE('',#1815,#1814,#164,.T.);
#1451=EDGE_CURVE('',#1816,#1815,#2033,.T.);
#1452=EDGE_CURVE('',#1816,#1817,#165,.T.);
#1453=EDGE_CURVE('',#1818,#1817,#2034,.F.);
#1454=EDGE_CURVE('',#1819,#1818,#166,.T.);
#1455=EDGE_CURVE('',#1820,#1819,#2035,.T.);
#1456=EDGE_CURVE('',#1820,#1821,#167,.T.);
#1457=EDGE_CURVE('',#1822,#1821,#2036,.F.);
#1458=EDGE_CURVE('',#1823,#1822,#168,.T.);
#1459=EDGE_CURVE('',#1824,#1823,#2037,.T.);
#1460=EDGE_CURVE('',#1824,#1825,#169,.T.);
#1461=EDGE_CURVE('',#1826,#1825,#2038,.F.);
#1462=EDGE_CURVE('',#1827,#1826,#170,.T.);
#1463=EDGE_CURVE('',#1828,#1827,#2039,.T.);
#1464=EDGE_CURVE('',#1828,#1829,#171,.T.);
#1465=EDGE_CURVE('',#1829,#1830,#2040,.F.);
#1466=EDGE_CURVE('',#1800,#1830,#172,.T.);
#1467=EDGE_CURVE('',#1831,#1832,#2041,.T.);
#1468=EDGE_CURVE('',#1832,#1833,#173,.T.);
#1469=EDGE_CURVE('',#1833,#1834,#2042,.T.);
#1470=EDGE_CURVE('',#1834,#1835,#174,.T.);
#1471=EDGE_CURVE('',#1835,#1836,#2043,.T.);
#1472=EDGE_CURVE('',#1837,#1836,#175,.T.);
#1473=EDGE_CURVE('',#1838,#1837,#2044,.T.);
#1474=EDGE_CURVE('',#1831,#1838,#176,.T.);
#1475=EDGE_CURVE('',#1839,#1840,#2045,.T.);
#1476=EDGE_CURVE('',#1841,#1839,#177,.T.);
#1477=EDGE_CURVE('',#1842,#1841,#2046,.T.);
#1478=EDGE_CURVE('',#1842,#1843,#178,.T.);
#1479=EDGE_CURVE('',#1843,#1844,#2047,.T.);
#1480=EDGE_CURVE('',#1844,#1845,#179,.T.);
#1481=EDGE_CURVE('',#1846,#1845,#2048,.T.);
#1482=EDGE_CURVE('',#1840,#1846,#180,.T.);
#1483=EDGE_CURVE('',#1847,#1848,#2049,.T.);
#1484=EDGE_CURVE('',#1849,#1847,#181,.T.);
#1485=EDGE_CURVE('',#1850,#1849,#2050,.T.);
#1486=EDGE_CURVE('',#1850,#1851,#182,.T.);
#1487=EDGE_CURVE('',#1851,#1852,#2051,.T.);
#1488=EDGE_CURVE('',#1852,#1853,#183,.T.);
#1489=EDGE_CURVE('',#1854,#1853,#2052,.T.);
#1490=EDGE_CURVE('',#1848,#1854,#184,.T.);
#1491=EDGE_CURVE('',#1855,#1856,#2053,.T.);
#1492=EDGE_CURVE('',#1857,#1855,#185,.T.);
#1493=EDGE_CURVE('',#1858,#1857,#2054,.T.);
#1494=EDGE_CURVE('',#1859,#1858,#186,.F.);
#1495=EDGE_CURVE('',#1860,#1859,#2055,.T.);
#1496=EDGE_CURVE('',#1856,#1860,#129,.T.);
#1497=EDGE_CURVE('',#1861,#1861,#2056,.T.);
#1498=EDGE_CURVE('',#1862,#1862,#2057,.T.);
#1499=EDGE_CURVE('',#1863,#1864,#187,.T.);
#1500=EDGE_CURVE('',#1864,#1865,#2058,.T.);
#1501=EDGE_CURVE('',#1865,#1866,#130,.T.);
#1502=EDGE_CURVE('',#1866,#1867,#2059,.T.);
#1503=EDGE_CURVE('',#1867,#1868,#188,.F.);
#1504=EDGE_CURVE('',#1868,#1863,#2060,.T.);
#1505=EDGE_CURVE('',#1869,#1870,#189,.T.);
#1506=EDGE_CURVE('',#1869,#1871,#2061,.T.);
#1507=EDGE_CURVE('',#1871,#1872,#190,.T.);
#1508=EDGE_CURVE('',#1872,#1873,#2062,.T.);
#1509=EDGE_CURVE('',#1873,#1874,#131,.T.);
#1510=EDGE_CURVE('',#1874,#1870,#2063,.T.);
#1511=EDGE_CURVE('',#1875,#1876,#191,.T.);
#1512=EDGE_CURVE('',#1877,#1875,#2064,.T.);
#1513=EDGE_CURVE('',#1877,#1878,#192,.T.);
#1514=EDGE_CURVE('',#1879,#1878,#2065,.T.);
#1515=EDGE_CURVE('',#1880,#1879,#132,.T.);
#1516=EDGE_CURVE('',#1876,#1880,#2066,.T.);
#1517=EDGE_CURVE('',#1881,#1882,#193,.T.);
#1518=EDGE_CURVE('',#1883,#1881,#2067,.T.);
#1519=EDGE_CURVE('',#1883,#1884,#194,.T.);
#1520=EDGE_CURVE('',#1884,#1882,#2068,.T.);
#1521=EDGE_CURVE('',#1885,#1886,#195,.T.);
#1522=EDGE_CURVE('',#1887,#1886,#2069,.T.);
#1523=EDGE_CURVE('',#1888,#1887,#196,.T.);
#1524=EDGE_CURVE('',#1888,#1885,#2070,.T.);
#1525=EDGE_CURVE('',#1889,#1890,#197,.T.);
#1526=EDGE_CURVE('',#1890,#1891,#2071,.T.);
#1527=EDGE_CURVE('',#1891,#1892,#198,.T.);
#1528=EDGE_CURVE('',#1892,#1893,#2072,.T.);
#1529=EDGE_CURVE('',#1894,#1893,#199,.T.);
#1530=EDGE_CURVE('',#1895,#1894,#2073,.T.);
#1531=EDGE_CURVE('',#1896,#1895,#200,.T.);
#1532=EDGE_CURVE('',#1896,#1889,#2074,.T.);
#1533=EDGE_CURVE('',#1897,#1898,#201,.T.);
#1534=EDGE_CURVE('',#1899,#1897,#2075,.T.);
#1535=EDGE_CURVE('',#1899,#1900,#202,.T.);
#1536=EDGE_CURVE('',#1900,#1898,#2076,.T.);
#1537=EDGE_CURVE('',#1901,#1902,#203,.T.);
#1538=EDGE_CURVE('',#1903,#1902,#2077,.T.);
#1539=EDGE_CURVE('',#1904,#1903,#204,.T.);
#1540=EDGE_CURVE('',#1904,#1901,#2078,.T.);
#1541=EDGE_CURVE('',#1764,#1828,#205,.T.);
#1542=EDGE_CURVE('',#1765,#1827,#206,.T.);
#1543=EDGE_CURVE('',#1777,#1819,#207,.T.);
#1544=EDGE_CURVE('',#1776,#1820,#208,.T.);
#1545=EDGE_CURVE('',#1769,#1823,#209,.T.);
#1546=EDGE_CURVE('',#1768,#1824,#210,.T.);
#1547=EDGE_CURVE('',#1751,#1834,#211,.T.);
#1548=EDGE_CURVE('',#1835,#1797,#212,.T.);
#1549=EDGE_CURVE('',#1891,#1762,#213,.T.);
#1550=EDGE_CURVE('',#1892,#1761,#214,.T.);
#1551=EDGE_CURVE('',#1793,#1807,#215,.T.);
#1552=EDGE_CURVE('',#1792,#1808,#216,.T.);
#1553=EDGE_CURVE('',#1837,#1795,#217,.T.);
#1554=EDGE_CURVE('',#1836,#1796,#218,.T.);
#1555=EDGE_CURVE('',#1759,#1894,#219,.T.);
#1556=EDGE_CURVE('',#1895,#1758,#220,.T.);
#1557=EDGE_CURVE('',#1752,#1804,#221,.T.);
#1558=EDGE_CURVE('',#1753,#1803,#222,.T.);
#1559=EDGE_CURVE('',#1789,#1811,#223,.T.);
#1560=EDGE_CURVE('',#1788,#1812,#224,.T.);
#1561=EDGE_CURVE('',#1781,#1815,#225,.T.);
#1562=EDGE_CURVE('',#1780,#1816,#226,.T.);
#1563=EDGE_CURVE('',#1756,#1799,#227,.T.);
#1564=EDGE_CURVE('',#1757,#1800,#228,.T.);
#1565=EDGE_CURVE('',#1905,#1905,#2079,.T.);
#1566=EDGE_CURVE('',#1906,#1907,#229,.T.);
#1567=EDGE_CURVE('',#1907,#1908,#230,.T.);
#1568=EDGE_CURVE('',#1909,#1908,#231,.T.);
#1569=EDGE_CURVE('',#1906,#1909,#232,.T.);
#1570=EDGE_CURVE('',#1910,#1911,#233,.T.);
#1571=EDGE_CURVE('',#1910,#1912,#234,.T.);
#1572=EDGE_CURVE('',#1913,#1912,#235,.T.);
#1573=EDGE_CURVE('',#1911,#1913,#236,.T.);
#1574=EDGE_CURVE('',#1914,#1914,#2080,.T.);
#1575=EDGE_CURVE('',#1915,#1915,#2081,.F.);
#1576=EDGE_CURVE('',#1912,#1916,#237,.T.);
#1577=EDGE_CURVE('',#1917,#1916,#238,.T.);
#1578=EDGE_CURVE('',#1913,#1917,#239,.T.);
#1579=EDGE_CURVE('',#1918,#1918,#2082,.T.);
#1580=EDGE_CURVE('',#1919,#1916,#240,.T.);
#1581=EDGE_CURVE('',#1920,#1919,#241,.T.);
#1582=EDGE_CURVE('',#1920,#1917,#242,.T.);
#1583=EDGE_CURVE('',#1921,#1919,#243,.T.);
#1584=EDGE_CURVE('',#1922,#1921,#244,.T.);
#1585=EDGE_CURVE('',#1922,#1920,#245,.T.);
#1586=EDGE_CURVE('',#1923,#1923,#2083,.T.);
#1587=EDGE_CURVE('',#1924,#1921,#246,.T.);
#1588=EDGE_CURVE('',#1925,#1924,#247,.T.);
#1589=EDGE_CURVE('',#1925,#1922,#248,.T.);
#1590=EDGE_CURVE('',#1926,#1925,#249,.T.);
#1591=EDGE_CURVE('',#1927,#1926,#250,.T.);
#1592=EDGE_CURVE('',#1927,#1864,#251,.T.);
#1593=EDGE_CURVE('',#1928,#1863,#252,.T.);
#1594=EDGE_CURVE('',#1928,#1911,#253,.T.);
#1595=EDGE_CURVE('',#1867,#1929,#254,.T.);
#1596=EDGE_CURVE('',#1929,#1930,#255,.T.);
#1597=EDGE_CURVE('',#1930,#1924,#256,.T.);
#1598=EDGE_CURVE('',#1931,#1910,#257,.T.);
#1599=EDGE_CURVE('',#1931,#1868,#258,.T.);
#1600=EDGE_CURVE('',#1928,#1931,#259,.T.);
#1601=EDGE_CURVE('',#1932,#1933,#260,.T.);
#1602=EDGE_CURVE('',#1933,#1934,#261,.T.);
#1603=EDGE_CURVE('',#1934,#1935,#262,.T.);
#1604=EDGE_CURVE('',#1932,#1935,#263,.T.);
#1605=EDGE_CURVE('',#1934,#1936,#264,.T.);
#1606=EDGE_CURVE('',#1936,#1937,#265,.T.);
#1607=EDGE_CURVE('',#1935,#1937,#266,.T.);
#1608=EDGE_CURVE('',#1938,#1938,#2084,.T.);
#1609=EDGE_CURVE('',#1939,#1937,#267,.T.);
#1610=EDGE_CURVE('',#1940,#1936,#268,.T.);
#1611=EDGE_CURVE('',#1940,#1939,#269,.T.);
#1612=EDGE_CURVE('',#1941,#1940,#270,.T.);
#1613=EDGE_CURVE('',#1941,#1942,#271,.T.);
#1614=EDGE_CURVE('',#1942,#1939,#272,.T.);
#1615=EDGE_CURVE('',#1943,#1943,#2085,.T.);
#1616=EDGE_CURVE('',#1944,#1942,#273,.T.);
#1617=EDGE_CURVE('',#1945,#1941,#274,.T.);
#1618=EDGE_CURVE('',#1945,#1944,#275,.T.);
#1619=EDGE_CURVE('',#1946,#1855,#276,.T.);
#1620=EDGE_CURVE('',#1946,#1947,#277,.T.);
#1621=EDGE_CURVE('',#1947,#1945,#278,.T.);
#1622=EDGE_CURVE('',#1948,#1933,#279,.T.);
#1623=EDGE_CURVE('',#1948,#1857,#280,.T.);
#1624=EDGE_CURVE('',#1859,#1949,#281,.T.);
#1625=EDGE_CURVE('',#1950,#1858,#282,.T.);
#1626=EDGE_CURVE('',#1950,#1932,#283,.T.);
#1627=EDGE_CURVE('',#1951,#1944,#284,.T.);
#1628=EDGE_CURVE('',#1949,#1951,#285,.T.);
#1629=EDGE_CURVE('',#1948,#1950,#286,.T.);
#1630=EDGE_CURVE('',#1952,#1952,#2086,.T.);
#1631=EDGE_CURVE('',#1953,#1954,#287,.T.);
#1632=EDGE_CURVE('',#1955,#1954,#288,.T.);
#1633=EDGE_CURVE('',#1956,#1955,#289,.T.);
#1634=EDGE_CURVE('',#1956,#1953,#290,.T.);
#1635=EDGE_CURVE('',#1957,#1955,#291,.T.);
#1636=EDGE_CURVE('',#1958,#1957,#292,.T.);
#1637=EDGE_CURVE('',#1958,#1956,#293,.T.);
#1638=EDGE_CURVE('',#1959,#1873,#294,.T.);
#1639=EDGE_CURVE('',#1959,#1958,#295,.T.);
#1640=EDGE_CURVE('',#1960,#1957,#296,.T.);
#1641=EDGE_CURVE('',#1874,#1960,#297,.T.);
#1642=EDGE_CURVE('',#1961,#1871,#298,.T.);
#1643=EDGE_CURVE('',#1961,#1962,#299,.T.);
#1644=EDGE_CURVE('',#1962,#1963,#300,.T.);
#1645=EDGE_CURVE('',#1963,#1907,#301,.T.);
#1646=EDGE_CURVE('',#1964,#1906,#302,.T.);
#1647=EDGE_CURVE('',#1953,#1964,#303,.T.);
#1648=EDGE_CURVE('',#1959,#1872,#304,.T.);
#1649=EDGE_CURVE('',#1954,#1965,#305,.T.);
#1650=EDGE_CURVE('',#1965,#1909,#306,.T.);
#1651=EDGE_CURVE('',#1966,#1908,#307,.T.);
#1652=EDGE_CURVE('',#1967,#1966,#308,.T.);
#1653=EDGE_CURVE('',#1968,#1967,#309,.T.);
#1654=EDGE_CURVE('',#1968,#1869,#310,.T.);
#1655=EDGE_CURVE('',#1870,#1960,#311,.T.);
#1656=EDGE_CURVE('',#1969,#1969,#2087,.T.);
#1657=EDGE_CURVE('',#1970,#1971,#312,.T.);
#1658=EDGE_CURVE('',#1972,#1970,#313,.T.);
#1659=EDGE_CURVE('',#1972,#1973,#314,.T.);
#1660=EDGE_CURVE('',#1973,#1971,#315,.T.);
#1661=EDGE_CURVE('',#1974,#1974,#2088,.T.);
#1662=EDGE_CURVE('',#1975,#1976,#316,.T.);
#1663=EDGE_CURVE('',#1977,#1976,#317,.T.);
#1664=EDGE_CURVE('',#1978,#1977,#318,.T.);
#1665=EDGE_CURVE('',#1978,#1975,#319,.T.);
#1666=EDGE_CURVE('',#1979,#1978,#320,.T.);
#1667=EDGE_CURVE('',#1979,#1980,#321,.T.);
#1668=EDGE_CURVE('',#1980,#1975,#322,.T.);
#1669=EDGE_CURVE('',#1981,#1880,#323,.T.);
#1670=EDGE_CURVE('',#1879,#1982,#324,.T.);
#1671=EDGE_CURVE('',#1982,#1980,#325,.T.);
#1672=EDGE_CURVE('',#1981,#1979,#326,.T.);
#1673=EDGE_CURVE('',#1983,#1875,#327,.T.);
#1674=EDGE_CURVE('',#1981,#1876,#328,.T.);
#1675=EDGE_CURVE('',#1977,#1984,#329,.T.);
#1676=EDGE_CURVE('',#1984,#1972,#330,.T.);
#1677=EDGE_CURVE('',#1985,#1970,#331,.T.);
#1678=EDGE_CURVE('',#1986,#1985,#332,.T.);
#1679=EDGE_CURVE('',#1983,#1986,#333,.T.);
#1680=EDGE_CURVE('',#1878,#1982,#334,.T.);
#1681=EDGE_CURVE('',#1987,#1877,#335,.T.);
#1682=EDGE_CURVE('',#1987,#1988,#336,.T.);
#1683=EDGE_CURVE('',#1988,#1989,#337,.T.);
#1684=EDGE_CURVE('',#1989,#1971,#338,.T.);
#1685=EDGE_CURVE('',#1990,#1973,#339,.T.);
#1686=EDGE_CURVE('',#1976,#1990,#340,.T.);
#1687=EDGE_CURVE('',#1854,#1772,#341,.T.);
#1688=EDGE_CURVE('',#1853,#1773,#342,.T.);
#1689=EDGE_CURVE('',#1774,#1852,#343,.T.);
#1690=EDGE_CURVE('',#1848,#1771,#344,.T.);
#1691=EDGE_CURVE('',#1988,#1986,#345,.T.);
#1692=EDGE_CURVE('',#1985,#1989,#346,.T.);
#1693=EDGE_CURVE('',#1983,#1987,#347,.T.);
#1694=EDGE_CURVE('',#1961,#1968,#348,.T.);
#1695=EDGE_CURVE('',#1967,#1962,#349,.T.);
#1696=EDGE_CURVE('',#1963,#1966,#350,.T.);
#1697=EDGE_CURVE('',#1947,#1951,#351,.T.);
#1698=EDGE_CURVE('',#1860,#1949,#352,.T.);
#1699=EDGE_CURVE('',#1946,#1856,#353,.T.);
#1700=EDGE_CURVE('',#1926,#1930,#354,.T.);
#1701=EDGE_CURVE('',#1866,#1929,#355,.T.);
#1702=EDGE_CURVE('',#1927,#1865,#356,.T.);
#1703=EDGE_CURVE('',#1984,#1990,#357,.T.);
#1704=EDGE_CURVE('',#1964,#1965,#358,.T.);
#1705=EDGE_CURVE('',#1896,#1830,#359,.T.);
#1706=EDGE_CURVE('',#1889,#1829,#360,.T.);
#1707=EDGE_CURVE('',#1841,#1814,#361,.T.);
#1708=EDGE_CURVE('',#1842,#1813,#362,.T.);
#1709=EDGE_CURVE('',#1844,#1786,#363,.T.);
#1710=EDGE_CURVE('',#1843,#1787,#364,.T.);
#1711=EDGE_CURVE('',#1888,#1810,#365,.T.);
#1712=EDGE_CURVE('',#1885,#1809,#366,.T.);
#1713=EDGE_CURVE('',#1886,#1791,#367,.T.);
#1714=EDGE_CURVE('',#1887,#1790,#368,.T.);
#1715=EDGE_CURVE('',#1881,#1826,#369,.T.);
#1716=EDGE_CURVE('',#1883,#1825,#370,.T.);
#1717=EDGE_CURVE('',#1882,#1766,#371,.T.);
#1718=EDGE_CURVE('',#1884,#1767,#372,.T.);
#1719=EDGE_CURVE('',#1904,#1802,#373,.T.);
#1720=EDGE_CURVE('',#1901,#1801,#374,.T.);
#1721=EDGE_CURVE('',#1902,#1755,#375,.T.);
#1722=EDGE_CURVE('',#1903,#1754,#376,.T.);
#1723=EDGE_CURVE('',#1897,#1818,#377,.T.);
#1724=EDGE_CURVE('',#1899,#1817,#378,.T.);
#1725=EDGE_CURVE('',#1898,#1778,#379,.T.);
#1726=EDGE_CURVE('',#1900,#1779,#380,.T.);
#1727=EDGE_CURVE('',#1991,#1991,#2089,.T.);
#1728=EDGE_CURVE('',#1992,#1992,#2090,.T.);
#1729=EDGE_CURVE('',#1783,#1840,#381,.T.);
#1730=EDGE_CURVE('',#1846,#1784,#382,.T.);
#1731=EDGE_CURVE('',#1845,#1785,#383,.T.);
#1732=EDGE_CURVE('',#1893,#1760,#384,.T.);
#1733=EDGE_CURVE('',#1851,#1775,#385,.T.);
#1734=EDGE_CURVE('',#1850,#1821,#386,.T.);
#1735=EDGE_CURVE('',#1849,#1822,#387,.T.);
#1736=EDGE_CURVE('',#1838,#1794,#388,.T.);
#1737=EDGE_CURVE('',#1831,#1806,#389,.T.);
#1738=EDGE_CURVE('',#1832,#1805,#390,.T.);
#1739=EDGE_CURVE('',#1993,#1993,#2091,.T.);
#1740=EDGE_CURVE('',#1994,#1994,#2092,.T.);
#1741=EDGE_CURVE('',#1995,#1995,#2093,.T.);
#1742=EDGE_CURVE('',#1996,#1996,#2094,.T.);
#1743=EDGE_CURVE('',#1997,#1997,#2095,.T.);
#1744=EDGE_CURVE('',#1998,#1998,#2096,.T.);
#1745=EDGE_CURVE('',#1847,#1770,#391,.T.);
#1746=EDGE_CURVE('',#1839,#1782,#392,.T.);
#1747=EDGE_CURVE('',#1833,#1750,#393,.T.);
#1748=EDGE_CURVE('',#1890,#1763,#394,.T.);
#1749=VERTEX_POINT('',#3547);
#1750=VERTEX_POINT('',#3549);
#1751=VERTEX_POINT('',#3550);
#1752=VERTEX_POINT('',#3552);
#1753=VERTEX_POINT('',#3554);
#1754=VERTEX_POINT('',#3556);
#1755=VERTEX_POINT('',#3558);
#1756=VERTEX_POINT('',#3560);
#1757=VERTEX_POINT('',#3562);
#1758=VERTEX_POINT('',#3564);
#1759=VERTEX_POINT('',#3566);
#1760=VERTEX_POINT('',#3568);
#1761=VERTEX_POINT('',#3570);
#1762=VERTEX_POINT('',#3572);
#1763=VERTEX_POINT('',#3574);
#1764=VERTEX_POINT('',#3576);
#1765=VERTEX_POINT('',#3578);
#1766=VERTEX_POINT('',#3580);
#1767=VERTEX_POINT('',#3582);
#1768=VERTEX_POINT('',#3584);
#1769=VERTEX_POINT('',#3586);
#1770=VERTEX_POINT('',#3588);
#1771=VERTEX_POINT('',#3590);
#1772=VERTEX_POINT('',#3592);
#1773=VERTEX_POINT('',#3594);
#1774=VERTEX_POINT('',#3596);
#1775=VERTEX_POINT('',#3598);
#1776=VERTEX_POINT('',#3600);
#1777=VERTEX_POINT('',#3602);
#1778=VERTEX_POINT('',#3604);
#1779=VERTEX_POINT('',#3606);
#1780=VERTEX_POINT('',#3608);
#1781=VERTEX_POINT('',#3610);
#1782=VERTEX_POINT('',#3612);
#1783=VERTEX_POINT('',#3614);
#1784=VERTEX_POINT('',#3616);
#1785=VERTEX_POINT('',#3618);
#1786=VERTEX_POINT('',#3620);
#1787=VERTEX_POINT('',#3622);
#1788=VERTEX_POINT('',#3624);
#1789=VERTEX_POINT('',#3626);
#1790=VERTEX_POINT('',#3628);
#1791=VERTEX_POINT('',#3630);
#1792=VERTEX_POINT('',#3632);
#1793=VERTEX_POINT('',#3634);
#1794=VERTEX_POINT('',#3636);
#1795=VERTEX_POINT('',#3638);
#1796=VERTEX_POINT('',#3640);
#1797=VERTEX_POINT('',#3642);
#1798=VERTEX_POINT('',#3646);
#1799=VERTEX_POINT('',#3648);
#1800=VERTEX_POINT('',#3649);
#1801=VERTEX_POINT('',#3651);
#1802=VERTEX_POINT('',#3653);
#1803=VERTEX_POINT('',#3655);
#1804=VERTEX_POINT('',#3657);
#1805=VERTEX_POINT('',#3659);
#1806=VERTEX_POINT('',#3661);
#1807=VERTEX_POINT('',#3663);
#1808=VERTEX_POINT('',#3665);
#1809=VERTEX_POINT('',#3667);
#1810=VERTEX_POINT('',#3669);
#1811=VERTEX_POINT('',#3671);
#1812=VERTEX_POINT('',#3673);
#1813=VERTEX_POINT('',#3675);
#1814=VERTEX_POINT('',#3677);
#1815=VERTEX_POINT('',#3679);
#1816=VERTEX_POINT('',#3681);
#1817=VERTEX_POINT('',#3683);
#1818=VERTEX_POINT('',#3685);
#1819=VERTEX_POINT('',#3687);
#1820=VERTEX_POINT('',#3689);
#1821=VERTEX_POINT('',#3691);
#1822=VERTEX_POINT('',#3693);
#1823=VERTEX_POINT('',#3695);
#1824=VERTEX_POINT('',#3697);
#1825=VERTEX_POINT('',#3699);
#1826=VERTEX_POINT('',#3701);
#1827=VERTEX_POINT('',#3703);
#1828=VERTEX_POINT('',#3705);
#1829=VERTEX_POINT('',#3707);
#1830=VERTEX_POINT('',#3709);
#1831=VERTEX_POINT('',#3713);
#1832=VERTEX_POINT('',#3714);
#1833=VERTEX_POINT('',#3716);
#1834=VERTEX_POINT('',#3718);
#1835=VERTEX_POINT('',#3720);
#1836=VERTEX_POINT('',#3722);
#1837=VERTEX_POINT('',#3724);
#1838=VERTEX_POINT('',#3726);
#1839=VERTEX_POINT('',#3729);
#1840=VERTEX_POINT('',#3730);
#1841=VERTEX_POINT('',#3732);
#1842=VERTEX_POINT('',#3734);
#1843=VERTEX_POINT('',#3736);
#1844=VERTEX_POINT('',#3738);
#1845=VERTEX_POINT('',#3740);
#1846=VERTEX_POINT('',#3742);
#1847=VERTEX_POINT('',#3745);
#1848=VERTEX_POINT('',#3746);
#1849=VERTEX_POINT('',#3748);
#1850=VERTEX_POINT('',#3750);
#1851=VERTEX_POINT('',#3752);
#1852=VERTEX_POINT('',#3754);
#1853=VERTEX_POINT('',#3756);
#1854=VERTEX_POINT('',#3758);
#1855=VERTEX_POINT('',#3761);
#1856=VERTEX_POINT('',#3762);
#1857=VERTEX_POINT('',#3764);
#1858=VERTEX_POINT('',#3766);
#1859=VERTEX_POINT('',#3768);
#1860=VERTEX_POINT('',#3770);
#1861=VERTEX_POINT('',#3773);
#1862=VERTEX_POINT('',#3775);
#1863=VERTEX_POINT('',#3777);
#1864=VERTEX_POINT('',#3778);
#1865=VERTEX_POINT('',#3780);
#1866=VERTEX_POINT('',#3782);
#1867=VERTEX_POINT('',#3784);
#1868=VERTEX_POINT('',#3786);
#1869=VERTEX_POINT('',#3789);
#1870=VERTEX_POINT('',#3790);
#1871=VERTEX_POINT('',#3792);
#1872=VERTEX_POINT('',#3794);
#1873=VERTEX_POINT('',#3796);
#1874=VERTEX_POINT('',#3798);
#1875=VERTEX_POINT('',#3801);
#1876=VERTEX_POINT('',#3802);
#1877=VERTEX_POINT('',#3804);
#1878=VERTEX_POINT('',#3806);
#1879=VERTEX_POINT('',#3808);
#1880=VERTEX_POINT('',#3810);
#1881=VERTEX_POINT('',#3813);
#1882=VERTEX_POINT('',#3814);
#1883=VERTEX_POINT('',#3816);
#1884=VERTEX_POINT('',#3818);
#1885=VERTEX_POINT('',#3821);
#1886=VERTEX_POINT('',#3822);
#1887=VERTEX_POINT('',#3824);
#1888=VERTEX_POINT('',#3826);
#1889=VERTEX_POINT('',#3829);
#1890=VERTEX_POINT('',#3830);
#1891=VERTEX_POINT('',#3832);
#1892=VERTEX_POINT('',#3834);
#1893=VERTEX_POINT('',#3836);
#1894=VERTEX_POINT('',#3838);
#1895=VERTEX_POINT('',#3840);
#1896=VERTEX_POINT('',#3842);
#1897=VERTEX_POINT('',#3845);
#1898=VERTEX_POINT('',#3846);
#1899=VERTEX_POINT('',#3848);
#1900=VERTEX_POINT('',#3850);
#1901=VERTEX_POINT('',#3853);
#1902=VERTEX_POINT('',#3854);
#1903=VERTEX_POINT('',#3856);
#1904=VERTEX_POINT('',#3858);
#1905=VERTEX_POINT('',#3898);
#1906=VERTEX_POINT('',#3900);
#1907=VERTEX_POINT('',#3901);
#1908=VERTEX_POINT('',#3903);
#1909=VERTEX_POINT('',#3905);
#1910=VERTEX_POINT('',#3909);
#1911=VERTEX_POINT('',#3910);
#1912=VERTEX_POINT('',#3912);
#1913=VERTEX_POINT('',#3914);
#1914=VERTEX_POINT('',#3918);
#1915=VERTEX_POINT('',#3922);
#1916=VERTEX_POINT('',#3925);
#1917=VERTEX_POINT('',#3927);
#1918=VERTEX_POINT('',#3931);
#1919=VERTEX_POINT('',#3933);
#1920=VERTEX_POINT('',#3935);
#1921=VERTEX_POINT('',#3939);
#1922=VERTEX_POINT('',#3941);
#1923=VERTEX_POINT('',#3945);
#1924=VERTEX_POINT('',#3947);
#1925=VERTEX_POINT('',#3949);
#1926=VERTEX_POINT('',#3953);
#1927=VERTEX_POINT('',#3955);
#1928=VERTEX_POINT('',#3958);
#1929=VERTEX_POINT('',#3962);
#1930=VERTEX_POINT('',#3964);
#1931=VERTEX_POINT('',#3967);
#1932=VERTEX_POINT('',#3974);
#1933=VERTEX_POINT('',#3975);
#1934=VERTEX_POINT('',#3977);
#1935=VERTEX_POINT('',#3979);
#1936=VERTEX_POINT('',#3983);
#1937=VERTEX_POINT('',#3985);
#1938=VERTEX_POINT('',#3989);
#1939=VERTEX_POINT('',#3991);
#1940=VERTEX_POINT('',#3993);
#1941=VERTEX_POINT('',#3997);
#1942=VERTEX_POINT('',#3999);
#1943=VERTEX_POINT('',#4003);
#1944=VERTEX_POINT('',#4005);
#1945=VERTEX_POINT('',#4007);
#1946=VERTEX_POINT('',#4011);
#1947=VERTEX_POINT('',#4013);
#1948=VERTEX_POINT('',#4016);
#1949=VERTEX_POINT('',#4020);
#1950=VERTEX_POINT('',#4022);
#1951=VERTEX_POINT('',#4025);
#1952=VERTEX_POINT('',#4032);
#1953=VERTEX_POINT('',#4034);
#1954=VERTEX_POINT('',#4035);
#1955=VERTEX_POINT('',#4037);
#1956=VERTEX_POINT('',#4039);
#1957=VERTEX_POINT('',#4043);
#1958=VERTEX_POINT('',#4045);
#1959=VERTEX_POINT('',#4049);
#1960=VERTEX_POINT('',#4052);
#1961=VERTEX_POINT('',#4056);
#1962=VERTEX_POINT('',#4058);
#1963=VERTEX_POINT('',#4060);
#1964=VERTEX_POINT('',#4063);
#1965=VERTEX_POINT('',#4068);
#1966=VERTEX_POINT('',#4071);
#1967=VERTEX_POINT('',#4073);
#1968=VERTEX_POINT('',#4075);
#1969=VERTEX_POINT('',#4082);
#1970=VERTEX_POINT('',#4084);
#1971=VERTEX_POINT('',#4085);
#1972=VERTEX_POINT('',#4087);
#1973=VERTEX_POINT('',#4089);
#1974=VERTEX_POINT('',#4093);
#1975=VERTEX_POINT('',#4095);
#1976=VERTEX_POINT('',#4096);
#1977=VERTEX_POINT('',#4098);
#1978=VERTEX_POINT('',#4100);
#1979=VERTEX_POINT('',#4104);
#1980=VERTEX_POINT('',#4106);
#1981=VERTEX_POINT('',#4110);
#1982=VERTEX_POINT('',#4112);
#1983=VERTEX_POINT('',#4117);
#1984=VERTEX_POINT('',#4120);
#1985=VERTEX_POINT('',#4123);
#1986=VERTEX_POINT('',#4125);
#1987=VERTEX_POINT('',#4130);
#1988=VERTEX_POINT('',#4132);
#1989=VERTEX_POINT('',#4134);
#1990=VERTEX_POINT('',#4137);
#1991=VERTEX_POINT('',#4224);
#1992=VERTEX_POINT('',#4227);
#1993=VERTEX_POINT('',#4251);
#1994=VERTEX_POINT('',#4253);
#1995=VERTEX_POINT('',#4259);
#1996=VERTEX_POINT('',#4262);
#1997=VERTEX_POINT('',#4265);
#1998=VERTEX_POINT('',#4267);
#1999=CIRCLE('',#2588,4.575);
#2000=CIRCLE('',#2589,4.575);
#2001=CIRCLE('',#2590,4.575);
#2002=CIRCLE('',#2591,4.575);
#2003=CIRCLE('',#2592,4.575);
#2004=CIRCLE('',#2593,4.575);
#2005=CIRCLE('',#2594,4.575);
#2006=CIRCLE('',#2595,4.575);
#2007=CIRCLE('',#2596,4.575);
#2008=CIRCLE('',#2597,4.575);
#2009=CIRCLE('',#2598,4.575);
#2010=CIRCLE('',#2599,4.575);
#2011=CIRCLE('',#2600,4.575);
#2012=CIRCLE('',#2601,4.575);
#2013=CIRCLE('',#2602,4.575);
#2014=CIRCLE('',#2603,4.575);
#2015=CIRCLE('',#2604,4.575);
#2016=CIRCLE('',#2605,4.575);
#2017=CIRCLE('',#2606,4.575);
#2018=CIRCLE('',#2607,4.575);
#2019=CIRCLE('',#2608,4.575);
#2020=CIRCLE('',#2609,4.575);
#2021=CIRCLE('',#2610,4.575);
#2022=CIRCLE('',#2611,4.575);
#2023=CIRCLE('',#2612,4.575);
#2024=CIRCLE('',#2614,3.25);
#2025=CIRCLE('',#2615,3.25);
#2026=CIRCLE('',#2616,3.25);
#2027=CIRCLE('',#2617,3.25);
#2028=CIRCLE('',#2618,3.25);
#2029=CIRCLE('',#2619,3.25);
#2030=CIRCLE('',#2620,3.25);
#2031=CIRCLE('',#2621,3.25);
#2032=CIRCLE('',#2622,3.25);
#2033=CIRCLE('',#2623,3.25);
#2034=CIRCLE('',#2624,3.25);
#2035=CIRCLE('',#2625,3.25);
#2036=CIRCLE('',#2626,3.25);
#2037=CIRCLE('',#2627,3.25);
#2038=CIRCLE('',#2628,3.25);
#2039=CIRCLE('',#2629,3.25);
#2040=CIRCLE('',#2630,3.25);
#2041=CIRCLE('',#2632,5.075);
#2042=CIRCLE('',#2633,5.075);
#2043=CIRCLE('',#2634,5.075);
#2044=CIRCLE('',#2635,5.075);
#2045=CIRCLE('',#2636,5.075);
#2046=CIRCLE('',#2637,5.075);
#2047=CIRCLE('',#2638,5.075);
#2048=CIRCLE('',#2639,5.075);
#2049=CIRCLE('',#2640,5.075);
#2050=CIRCLE('',#2641,5.075);
#2051=CIRCLE('',#2642,5.075);
#2052=CIRCLE('',#2643,5.075);
#2053=CIRCLE('',#2644,5.075);
#2054=CIRCLE('',#2645,5.075);
#2055=CIRCLE('',#2646,5.075);
#2056=CIRCLE('',#2648,5.075);
#2057=CIRCLE('',#2649,5.075);
#2058=CIRCLE('',#2650,5.075);
#2059=CIRCLE('',#2652,5.075);
#2060=CIRCLE('',#2653,5.075);
#2061=CIRCLE('',#2654,5.075);
#2062=CIRCLE('',#2655,5.075);
#2063=CIRCLE('',#2657,5.075);
#2064=CIRCLE('',#2658,5.075);
#2065=CIRCLE('',#2659,5.075);
#2066=CIRCLE('',#2661,5.075);
#2067=CIRCLE('',#2662,5.075);
#2068=CIRCLE('',#2663,5.075);
#2069=CIRCLE('',#2664,5.075);
#2070=CIRCLE('',#2665,5.075);
#2071=CIRCLE('',#2666,5.075);
#2072=CIRCLE('',#2667,5.075);
#2073=CIRCLE('',#2668,5.075);
#2074=CIRCLE('',#2669,5.075);
#2075=CIRCLE('',#2670,5.075);
#2076=CIRCLE('',#2671,5.075);
#2077=CIRCLE('',#2672,5.075);
#2078=CIRCLE('',#2673,5.075);
#2079=CIRCLE('',#2687,0.45);
#2080=CIRCLE('',#2690,4.75);
#2081=CIRCLE('',#2693,4.75);
#2082=CIRCLE('',#2696,0.45);
#2083=CIRCLE('',#2699,0.025);
#2084=CIRCLE('',#2707,0.45);
#2085=CIRCLE('',#2710,0.025);
#2086=CIRCLE('',#2716,0.025);
#2087=CIRCLE('',#2724,0.45);
#2088=CIRCLE('',#2726,0.025);
#2089=CIRCLE('',#2775,0.45);
#2090=CIRCLE('',#2777,0.025);
#2091=CIRCLE('',#2790,0.025);
#2092=CIRCLE('',#2791,0.45);
#2093=CIRCLE('',#2796,0.45);
#2094=CIRCLE('',#2798,0.025);
#2095=CIRCLE('',#2800,0.025);
#2096=CIRCLE('',#2801,0.45);
#2097=EDGE_LOOP('',(#657));
#2098=EDGE_LOOP('',(#658,#659,#660,#661,#662,#663,#664,#665,#666,#667,#668,
#669,#670,#671,#672,#673,#674,#675,#676,#677,#678,#679,#680,#681,#682,#683,
#684,#685,#686,#687,#688,#689,#690,#691,#692,#693,#694,#695,#696,#697,#698,
#699,#700,#701,#702,#703,#704,#705));
#2099=EDGE_LOOP('',(#706));
#2100=EDGE_LOOP('',(#707,#708,#709,#710,#711,#712,#713,#714,#715,#716,#717,
#718,#719,#720,#721,#722,#723,#724,#725,#726,#727,#728,#729,#730,#731,#732,
#733,#734,#735,#736,#737,#738));
#2101=EDGE_LOOP('',(#739,#740,#741,#742,#743,#744,#745,#746));
#2102=EDGE_LOOP('',(#747,#748,#749,#750,#751,#752,#753,#754));
#2103=EDGE_LOOP('',(#755,#756,#757,#758,#759,#760,#761,#762));
#2104=EDGE_LOOP('',(#763,#764,#765,#766,#767,#768));
#2105=EDGE_LOOP('',(#769));
#2106=EDGE_LOOP('',(#770));
#2107=EDGE_LOOP('',(#771,#772,#773,#774,#775,#776));
#2108=EDGE_LOOP('',(#777,#778,#779,#780,#781,#782));
#2109=EDGE_LOOP('',(#783,#784,#785,#786,#787,#788));
#2110=EDGE_LOOP('',(#789,#790,#791,#792));
#2111=EDGE_LOOP('',(#793,#794,#795,#796));
#2112=EDGE_LOOP('',(#797,#798,#799,#800,#801,#802,#803,#804));
#2113=EDGE_LOOP('',(#805,#806,#807,#808));
#2114=EDGE_LOOP('',(#809,#810,#811,#812));
#2115=EDGE_LOOP('',(#813,#814,#815,#816));
#2116=EDGE_LOOP('',(#817,#818,#819,#820));
#2117=EDGE_LOOP('',(#821,#822,#823,#824));
#2118=EDGE_LOOP('',(#825,#826,#827,#828));
#2119=EDGE_LOOP('',(#829,#830,#831,#832));
#2120=EDGE_LOOP('',(#833,#834,#835,#836));
#2121=EDGE_LOOP('',(#837,#838,#839,#840));
#2122=EDGE_LOOP('',(#841,#842,#843,#844));
#2123=EDGE_LOOP('',(#845,#846,#847,#848));
#2124=EDGE_LOOP('',(#849,#850,#851,#852));
#2125=EDGE_LOOP('',(#853,#854,#855,#856));
#2126=EDGE_LOOP('',(#857,#858,#859,#860));
#2127=EDGE_LOOP('',(#861));
#2128=EDGE_LOOP('',(#862,#863,#864,#865));
#2129=EDGE_LOOP('',(#866,#867,#868,#869));
#2130=EDGE_LOOP('',(#870));
#2131=EDGE_LOOP('',(#871));
#2132=EDGE_LOOP('',(#872));
#2133=EDGE_LOOP('',(#873));
#2134=EDGE_LOOP('',(#874));
#2135=EDGE_LOOP('',(#875));
#2136=EDGE_LOOP('',(#876,#877,#878,#879));
#2137=EDGE_LOOP('',(#880));
#2138=EDGE_LOOP('',(#881,#882,#883,#884));
#2139=EDGE_LOOP('',(#885,#886,#887,#888));
#2140=EDGE_LOOP('',(#889));
#2141=EDGE_LOOP('',(#890,#891,#892,#893));
#2142=EDGE_LOOP('',(#894,#895,#896,#897,#898,#899,#900,#901,#902,#903,#904));
#2143=EDGE_LOOP('',(#905,#906,#907,#908,#909,#910,#911,#912,#913,#914,#915));
#2144=EDGE_LOOP('',(#916,#917,#918,#919));
#2145=EDGE_LOOP('',(#920,#921,#922,#923));
#2146=EDGE_LOOP('',(#924,#925,#926,#927));
#2147=EDGE_LOOP('',(#928,#929,#930,#931));
#2148=EDGE_LOOP('',(#932));
#2149=EDGE_LOOP('',(#933,#934,#935,#936));
#2150=EDGE_LOOP('',(#937,#938,#939,#940));
#2151=EDGE_LOOP('',(#941));
#2152=EDGE_LOOP('',(#942,#943,#944,#945));
#2153=EDGE_LOOP('',(#946,#947,#948,#949,#950,#951,#952,#953,#954,#955,#956));
#2154=EDGE_LOOP('',(#957,#958,#959,#960,#961,#962,#963,#964,#965,#966,#967));
#2155=EDGE_LOOP('',(#968,#969,#970,#971));
#2156=EDGE_LOOP('',(#972,#973,#974,#975));
#2157=EDGE_LOOP('',(#976));
#2158=EDGE_LOOP('',(#977,#978,#979,#980));
#2159=EDGE_LOOP('',(#981,#982,#983,#984));
#2160=EDGE_LOOP('',(#985,#986,#987,#988,#989,#990));
#2161=EDGE_LOOP('',(#991,#992,#993,#994,#995,#996,#997,#998,#999,#1000,
#1001,#1002));
#2162=EDGE_LOOP('',(#1003,#1004,#1005,#1006,#1007,#1008,#1009,#1010,#1011,
#1012,#1013,#1014));
#2163=EDGE_LOOP('',(#1015,#1016,#1017));
#2164=EDGE_LOOP('',(#1018,#1019,#1020));
#2165=EDGE_LOOP('',(#1021));
#2166=EDGE_LOOP('',(#1022,#1023,#1024,#1025));
#2167=EDGE_LOOP('',(#1026));
#2168=EDGE_LOOP('',(#1027,#1028,#1029,#1030));
#2169=EDGE_LOOP('',(#1031,#1032,#1033,#1034));
#2170=EDGE_LOOP('',(#1035,#1036,#1037,#1038,#1039,#1040));
#2171=EDGE_LOOP('',(#1041,#1042,#1043,#1044,#1045,#1046,#1047,#1048,#1049,
#1050,#1051,#1052));
#2172=EDGE_LOOP('',(#1053,#1054,#1055,#1056,#1057,#1058,#1059,#1060,#1061,
#1062,#1063,#1064));
#2173=EDGE_LOOP('',(#1065,#1066,#1067));
#2174=EDGE_LOOP('',(#1068,#1069,#1070));
#2175=EDGE_LOOP('',(#1071,#1072,#1073,#1074));
#2176=EDGE_LOOP('',(#1075,#1076,#1077,#1078));
#2177=EDGE_LOOP('',(#1079,#1080,#1081,#1082));
#2178=EDGE_LOOP('',(#1083,#1084,#1085,#1086));
#2179=EDGE_LOOP('',(#1087,#1088,#1089,#1090));
#2180=EDGE_LOOP('',(#1091,#1092,#1093,#1094));
#2181=EDGE_LOOP('',(#1095,#1096,#1097,#1098));
#2182=EDGE_LOOP('',(#1099,#1100,#1101,#1102));
#2183=EDGE_LOOP('',(#1103,#1104,#1105,#1106));
#2184=EDGE_LOOP('',(#1107,#1108,#1109,#1110));
#2185=EDGE_LOOP('',(#1111,#1112,#1113,#1114));
#2186=EDGE_LOOP('',(#1115,#1116,#1117,#1118));
#2187=EDGE_LOOP('',(#1119,#1120,#1121,#1122));
#2188=EDGE_LOOP('',(#1123,#1124,#1125));
#2189=EDGE_LOOP('',(#1126,#1127,#1128));
#2190=EDGE_LOOP('',(#1129,#1130,#1131,#1132,#1133,#1134));
#2191=EDGE_LOOP('',(#1135,#1136,#1137,#1138));
#2192=EDGE_LOOP('',(#1139,#1140,#1141));
#2193=EDGE_LOOP('',(#1142,#1143,#1144));
#2194=EDGE_LOOP('',(#1145,#1146,#1147,#1148,#1149,#1150));
#2195=EDGE_LOOP('',(#1151,#1152,#1153,#1154));
#2196=EDGE_LOOP('',(#1155,#1156,#1157,#1158));
#2197=EDGE_LOOP('',(#1159,#1160,#1161,#1162));
#2198=EDGE_LOOP('',(#1163,#1164,#1165,#1166));
#2199=EDGE_LOOP('',(#1167,#1168,#1169,#1170));
#2200=EDGE_LOOP('',(#1171,#1172,#1173,#1174,#1175,#1176));
#2201=EDGE_LOOP('',(#1177,#1178,#1179,#1180));
#2202=EDGE_LOOP('',(#1181,#1182,#1183,#1184));
#2203=EDGE_LOOP('',(#1185,#1186,#1187,#1188,#1189,#1190));
#2204=EDGE_LOOP('',(#1191,#1192,#1193,#1194));
#2205=EDGE_LOOP('',(#1195,#1196,#1197,#1198));
#2206=EDGE_LOOP('',(#1199,#1200,#1201,#1202,#1203,#1204));
#2207=EDGE_LOOP('',(#1205,#1206,#1207,#1208));
#2208=EDGE_LOOP('',(#1209,#1210,#1211,#1212));
#2209=EDGE_LOOP('',(#1213,#1214,#1215,#1216,#1217,#1218));
#2210=EDGE_LOOP('',(#1219,#1220,#1221,#1222));
#2211=EDGE_LOOP('',(#1223,#1224,#1225,#1226));
#2212=EDGE_LOOP('',(#1227,#1228,#1229,#1230,#1231,#1232));
#2213=EDGE_LOOP('',(#1233,#1234,#1235,#1236));
#2214=EDGE_LOOP('',(#1237,#1238,#1239,#1240));
#2215=EDGE_LOOP('',(#1241,#1242,#1243,#1244,#1245,#1246));
#2216=EDGE_LOOP('',(#1247));
#2217=EDGE_LOOP('',(#1248));
#2218=EDGE_LOOP('',(#1249));
#2219=EDGE_LOOP('',(#1250));
#2220=EDGE_LOOP('',(#1251,#1252,#1253,#1254));
#2221=EDGE_LOOP('',(#1255,#1256,#1257,#1258));
#2222=EDGE_LOOP('',(#1259,#1260,#1261,#1262));
#2223=EDGE_LOOP('',(#1263,#1264,#1265,#1266));
#2224=EDGE_LOOP('',(#1267,#1268,#1269,#1270));
#2225=EDGE_LOOP('',(#1271,#1272,#1273,#1274));
#2226=EDGE_LOOP('',(#1275,#1276,#1277,#1278,#1279,#1280));
#2227=EDGE_LOOP('',(#1281,#1282,#1283,#1284));
#2228=EDGE_LOOP('',(#1285,#1286,#1287,#1288));
#2229=EDGE_LOOP('',(#1289,#1290,#1291,#1292,#1293,#1294));
#2230=EDGE_LOOP('',(#1295,#1296,#1297,#1298));
#2231=EDGE_LOOP('',(#1299));
#2232=EDGE_LOOP('',(#1300));
#2233=EDGE_LOOP('',(#1301));
#2234=EDGE_LOOP('',(#1302));
#2235=EDGE_LOOP('',(#1303,#1304,#1305,#1306,#1307,#1308));
#2236=EDGE_LOOP('',(#1309,#1310,#1311,#1312,#1313,#1314));
#2237=EDGE_LOOP('',(#1315));
#2238=EDGE_LOOP('',(#1316));
#2239=EDGE_LOOP('',(#1317));
#2240=EDGE_LOOP('',(#1318));
#2241=EDGE_LOOP('',(#1319));
#2242=EDGE_LOOP('',(#1320));
#2243=EDGE_LOOP('',(#1321));
#2244=EDGE_LOOP('',(#1322));
#2245=EDGE_LOOP('',(#1323,#1324,#1325,#1326,#1327,#1328));
#2246=EDGE_LOOP('',(#1329,#1330,#1331,#1332));
#2247=EDGE_LOOP('',(#1333,#1334,#1335,#1336,#1337,#1338));
#2248=EDGE_LOOP('',(#1339,#1340,#1341,#1342,#1343,#1344));
#2249=EDGE_LOOP('',(#1345,#1346,#1347,#1348));
#2250=EDGE_LOOP('',(#1349,#1350,#1351,#1352,#1353,#1354));
#2251=EDGE_LOOP('',(#1355,#1356,#1357,#1358));
#2252=EDGE_LOOP('',(#1359,#1360,#1361,#1362,#1363,#1364));
#2253=EDGE_LOOP('',(#1365,#1366,#1367,#1368));
#2254=EDGE_LOOP('',(#1369,#1370,#1371,#1372,#1373,#1374));
#2255=EDGE_LOOP('',(#1375));
#2256=EDGE_LOOP('',(#1376));
#2257=EDGE_LOOP('',(#1377));
#2258=EDGE_LOOP('',(#1378));
#2259=EDGE_LOOP('',(#1379));
#2260=EDGE_LOOP('',(#1380));
#2261=EDGE_LOOP('',(#1381));
#2262=EDGE_LOOP('',(#1382));
#2263=EDGE_LOOP('',(#1383));
#2264=EDGE_LOOP('',(#1384));
#2265=FACE_BOUND('',#2097,.T.);
#2266=FACE_BOUND('',#2098,.T.);
#2267=FACE_BOUND('',#2099,.T.);
#2268=FACE_BOUND('',#2100,.T.);
#2269=FACE_BOUND('',#2101,.T.);
#2270=FACE_BOUND('',#2102,.T.);
#2271=FACE_BOUND('',#2103,.T.);
#2272=FACE_BOUND('',#2104,.T.);
#2273=FACE_BOUND('',#2105,.T.);
#2274=FACE_BOUND('',#2106,.T.);
#2275=FACE_BOUND('',#2107,.T.);
#2276=FACE_BOUND('',#2108,.T.);
#2277=FACE_BOUND('',#2109,.T.);
#2278=FACE_BOUND('',#2110,.T.);
#2279=FACE_BOUND('',#2111,.T.);
#2280=FACE_BOUND('',#2112,.T.);
#2281=FACE_BOUND('',#2113,.T.);
#2282=FACE_BOUND('',#2114,.T.);
#2283=FACE_BOUND('',#2115,.T.);
#2284=FACE_BOUND('',#2116,.T.);
#2285=FACE_BOUND('',#2117,.T.);
#2286=FACE_BOUND('',#2118,.T.);
#2287=FACE_BOUND('',#2119,.T.);
#2288=FACE_BOUND('',#2120,.T.);
#2289=FACE_BOUND('',#2121,.T.);
#2290=FACE_BOUND('',#2122,.T.);
#2291=FACE_BOUND('',#2123,.T.);
#2292=FACE_BOUND('',#2124,.T.);
#2293=FACE_BOUND('',#2125,.T.);
#2294=FACE_BOUND('',#2126,.T.);
#2295=FACE_BOUND('',#2127,.T.);
#2296=FACE_BOUND('',#2128,.T.);
#2297=FACE_BOUND('',#2129,.T.);
#2298=FACE_BOUND('',#2130,.T.);
#2299=FACE_BOUND('',#2131,.T.);
#2300=FACE_BOUND('',#2132,.T.);
#2301=FACE_BOUND('',#2133,.T.);
#2302=FACE_BOUND('',#2134,.T.);
#2303=FACE_BOUND('',#2135,.T.);
#2304=FACE_BOUND('',#2136,.T.);
#2305=FACE_BOUND('',#2137,.T.);
#2306=FACE_BOUND('',#2138,.T.);
#2307=FACE_BOUND('',#2139,.T.);
#2308=FACE_BOUND('',#2140,.T.);
#2309=FACE_BOUND('',#2141,.T.);
#2310=FACE_BOUND('',#2142,.T.);
#2311=FACE_BOUND('',#2143,.T.);
#2312=FACE_BOUND('',#2144,.T.);
#2313=FACE_BOUND('',#2145,.T.);
#2314=FACE_BOUND('',#2146,.T.);
#2315=FACE_BOUND('',#2147,.T.);
#2316=FACE_BOUND('',#2148,.T.);
#2317=FACE_BOUND('',#2149,.T.);
#2318=FACE_BOUND('',#2150,.T.);
#2319=FACE_BOUND('',#2151,.T.);
#2320=FACE_BOUND('',#2152,.T.);
#2321=FACE_BOUND('',#2153,.T.);
#2322=FACE_BOUND('',#2154,.T.);
#2323=FACE_BOUND('',#2155,.T.);
#2324=FACE_BOUND('',#2156,.T.);
#2325=FACE_BOUND('',#2157,.T.);
#2326=FACE_BOUND('',#2158,.T.);
#2327=FACE_BOUND('',#2159,.T.);
#2328=FACE_BOUND('',#2160,.T.);
#2329=FACE_BOUND('',#2161,.T.);
#2330=FACE_BOUND('',#2162,.T.);
#2331=FACE_BOUND('',#2163,.T.);
#2332=FACE_BOUND('',#2164,.T.);
#2333=FACE_BOUND('',#2165,.T.);
#2334=FACE_BOUND('',#2166,.T.);
#2335=FACE_BOUND('',#2167,.T.);
#2336=FACE_BOUND('',#2168,.T.);
#2337=FACE_BOUND('',#2169,.T.);
#2338=FACE_BOUND('',#2170,.T.);
#2339=FACE_BOUND('',#2171,.T.);
#2340=FACE_BOUND('',#2172,.T.);
#2341=FACE_BOUND('',#2173,.T.);
#2342=FACE_BOUND('',#2174,.T.);
#2343=FACE_BOUND('',#2175,.T.);
#2344=FACE_BOUND('',#2176,.T.);
#2345=FACE_BOUND('',#2177,.T.);
#2346=FACE_BOUND('',#2178,.T.);
#2347=FACE_BOUND('',#2179,.T.);
#2348=FACE_BOUND('',#2180,.T.);
#2349=FACE_BOUND('',#2181,.T.);
#2350=FACE_BOUND('',#2182,.T.);
#2351=FACE_BOUND('',#2183,.T.);
#2352=FACE_BOUND('',#2184,.T.);
#2353=FACE_BOUND('',#2185,.T.);
#2354=FACE_BOUND('',#2186,.T.);
#2355=FACE_BOUND('',#2187,.T.);
#2356=FACE_BOUND('',#2188,.T.);
#2357=FACE_BOUND('',#2189,.T.);
#2358=FACE_BOUND('',#2190,.T.);
#2359=FACE_BOUND('',#2191,.T.);
#2360=FACE_BOUND('',#2192,.T.);
#2361=FACE_BOUND('',#2193,.T.);
#2362=FACE_BOUND('',#2194,.T.);
#2363=FACE_BOUND('',#2195,.T.);
#2364=FACE_BOUND('',#2196,.T.);
#2365=FACE_BOUND('',#2197,.T.);
#2366=FACE_BOUND('',#2198,.T.);
#2367=FACE_BOUND('',#2199,.T.);
#2368=FACE_BOUND('',#2200,.T.);
#2369=FACE_BOUND('',#2201,.T.);
#2370=FACE_BOUND('',#2202,.T.);
#2371=FACE_BOUND('',#2203,.T.);
#2372=FACE_BOUND('',#2204,.T.);
#2373=FACE_BOUND('',#2205,.T.);
#2374=FACE_BOUND('',#2206,.T.);
#2375=FACE_BOUND('',#2207,.T.);
#2376=FACE_BOUND('',#2208,.T.);
#2377=FACE_BOUND('',#2209,.T.);
#2378=FACE_BOUND('',#2210,.T.);
#2379=FACE_BOUND('',#2211,.T.);
#2380=FACE_BOUND('',#2212,.T.);
#2381=FACE_BOUND('',#2213,.T.);
#2382=FACE_BOUND('',#2214,.T.);
#2383=FACE_BOUND('',#2215,.T.);
#2384=FACE_BOUND('',#2216,.T.);
#2385=FACE_BOUND('',#2217,.T.);
#2386=FACE_BOUND('',#2218,.T.);
#2387=FACE_BOUND('',#2219,.T.);
#2388=FACE_BOUND('',#2220,.T.);
#2389=FACE_BOUND('',#2221,.T.);
#2390=FACE_BOUND('',#2222,.T.);
#2391=FACE_BOUND('',#2223,.T.);
#2392=FACE_BOUND('',#2224,.T.);
#2393=FACE_BOUND('',#2225,.T.);
#2394=FACE_BOUND('',#2226,.T.);
#2395=FACE_BOUND('',#2227,.T.);
#2396=FACE_BOUND('',#2228,.T.);
#2397=FACE_BOUND('',#2229,.T.);
#2398=FACE_BOUND('',#2230,.T.);
#2399=FACE_BOUND('',#2231,.T.);
#2400=FACE_BOUND('',#2232,.T.);
#2401=FACE_BOUND('',#2233,.T.);
#2402=FACE_BOUND('',#2234,.T.);
#2403=FACE_BOUND('',#2235,.T.);
#2404=FACE_BOUND('',#2236,.T.);
#2405=FACE_BOUND('',#2237,.T.);
#2406=FACE_BOUND('',#2238,.T.);
#2407=FACE_BOUND('',#2239,.T.);
#2408=FACE_BOUND('',#2240,.T.);
#2409=FACE_BOUND('',#2241,.T.);
#2410=FACE_BOUND('',#2242,.T.);
#2411=FACE_BOUND('',#2243,.T.);
#2412=FACE_BOUND('',#2244,.T.);
#2413=FACE_BOUND('',#2245,.T.);
#2414=FACE_BOUND('',#2246,.T.);
#2415=FACE_BOUND('',#2247,.T.);
#2416=FACE_BOUND('',#2248,.T.);
#2417=FACE_BOUND('',#2249,.T.);
#2418=FACE_BOUND('',#2250,.T.);
#2419=FACE_BOUND('',#2251,.T.);
#2420=FACE_BOUND('',#2252,.T.);
#2421=FACE_BOUND('',#2253,.T.);
#2422=FACE_BOUND('',#2254,.T.);
#2423=FACE_BOUND('',#2255,.T.);
#2424=FACE_BOUND('',#2256,.T.);
#2425=FACE_BOUND('',#2257,.T.);
#2426=FACE_BOUND('',#2258,.T.);
#2427=FACE_BOUND('',#2259,.T.);
#2428=FACE_BOUND('',#2260,.T.);
#2429=FACE_BOUND('',#2261,.T.);
#2430=FACE_BOUND('',#2262,.T.);
#2431=FACE_BOUND('',#2263,.T.);
#2432=FACE_BOUND('',#2264,.T.);
#2433=CYLINDRICAL_SURFACE('',#2587,4.575);
#2434=CYLINDRICAL_SURFACE('',#2613,3.25);
#2435=CYLINDRICAL_SURFACE('',#2631,5.075);
#2436=CYLINDRICAL_SURFACE('',#2774,0.45);
#2437=CYLINDRICAL_SURFACE('',#2792,0.45);
#2438=CYLINDRICAL_SURFACE('',#2795,0.45);
#2439=CYLINDRICAL_SURFACE('',#2802,0.45);
#2440=CYLINDRICAL_SURFACE('',#2813,0.025);
#2441=CYLINDRICAL_SURFACE('',#2814,0.025);
#2442=CYLINDRICAL_SURFACE('',#2815,0.025);
#2443=CYLINDRICAL_SURFACE('',#2816,0.025);
#2444=CYLINDRICAL_SURFACE('',#2817,4.75);
#2445=ADVANCED_FACE('',(#2265,#2266),#2433,.F.);
#2446=ADVANCED_FACE('',(#2267,#2268),#2434,.F.);
#2447=ADVANCED_FACE('',(#2269,#2270,#2271,#2272,#2273,#2274,#2275,#2276,
#2277,#2278,#2279,#2280,#2281,#2282),#2435,.T.);
#2448=ADVANCED_FACE('',(#2283),#12,.F.);
#2449=ADVANCED_FACE('',(#2284),#13,.F.);
#2450=ADVANCED_FACE('',(#2285),#14,.F.);
#2451=ADVANCED_FACE('',(#2286),#15,.T.);
#2452=ADVANCED_FACE('',(#2287),#16,.F.);
#2453=ADVANCED_FACE('',(#2288),#17,.F.);
#2454=ADVANCED_FACE('',(#2289),#18,.T.);
#2455=ADVANCED_FACE('',(#2290),#19,.T.);
#2456=ADVANCED_FACE('',(#2291),#20,.F.);
#2457=ADVANCED_FACE('',(#2292),#21,.F.);
#2458=ADVANCED_FACE('',(#2293),#22,.F.);
#2459=ADVANCED_FACE('',(#2294),#23,.F.);
#2460=ADVANCED_FACE('',(#2295,#2296),#24,.T.);
#2461=ADVANCED_FACE('',(#2297),#25,.F.);
#2462=ADVANCED_FACE('',(#2298,#2299),#26,.T.);
#2463=ADVANCED_FACE('',(#2300,#2301),#27,.F.);
#2464=ADVANCED_FACE('',(#2302,#2303),#28,.T.);
#2465=ADVANCED_FACE('',(#2304),#29,.F.);
#2466=ADVANCED_FACE('',(#2305,#2306),#30,.T.);
#2467=ADVANCED_FACE('',(#2307),#31,.T.);
#2468=ADVANCED_FACE('',(#2308,#2309),#32,.T.);
#2469=ADVANCED_FACE('',(#2310),#33,.T.);
#2470=ADVANCED_FACE('',(#2311),#34,.T.);
#2471=ADVANCED_FACE('',(#2312),#35,.F.);
#2472=ADVANCED_FACE('',(#2313),#36,.T.);
#2473=ADVANCED_FACE('',(#2314),#37,.F.);
#2474=ADVANCED_FACE('',(#2315),#38,.F.);
#2475=ADVANCED_FACE('',(#2316,#2317),#39,.T.);
#2476=ADVANCED_FACE('',(#2318),#40,.T.);
#2477=ADVANCED_FACE('',(#2319,#2320),#41,.T.);
#2478=ADVANCED_FACE('',(#2321),#42,.T.);
#2479=ADVANCED_FACE('',(#2322),#43,.T.);
#2480=ADVANCED_FACE('',(#2323),#44,.F.);
#2481=ADVANCED_FACE('',(#2324),#45,.T.);
#2482=ADVANCED_FACE('',(#2325,#2326),#46,.T.);
#2483=ADVANCED_FACE('',(#2327),#47,.T.);
#2484=ADVANCED_FACE('',(#2328),#48,.T.);
#2485=ADVANCED_FACE('',(#2329),#49,.T.);
#2486=ADVANCED_FACE('',(#2330),#50,.F.);
#2487=ADVANCED_FACE('',(#2331),#51,.T.);
#2488=ADVANCED_FACE('',(#2332),#52,.T.);
#2489=ADVANCED_FACE('',(#2333,#2334),#53,.T.);
#2490=ADVANCED_FACE('',(#2335,#2336),#54,.T.);
#2491=ADVANCED_FACE('',(#2337),#55,.T.);
#2492=ADVANCED_FACE('',(#2338),#56,.T.);
#2493=ADVANCED_FACE('',(#2339),#57,.T.);
#2494=ADVANCED_FACE('',(#2340),#58,.F.);
#2495=ADVANCED_FACE('',(#2341),#59,.T.);
#2496=ADVANCED_FACE('',(#2342),#60,.T.);
#2497=ADVANCED_FACE('',(#2343),#61,.F.);
#2498=ADVANCED_FACE('',(#2344),#62,.T.);
#2499=ADVANCED_FACE('',(#2345),#63,.F.);
#2500=ADVANCED_FACE('',(#2346),#64,.F.);
#2501=ADVANCED_FACE('',(#2347),#65,.F.);
#2502=ADVANCED_FACE('',(#2348),#66,.F.);
#2503=ADVANCED_FACE('',(#2349),#67,.T.);
#2504=ADVANCED_FACE('',(#2350),#68,.F.);
#2505=ADVANCED_FACE('',(#2351),#69,.F.);
#2506=ADVANCED_FACE('',(#2352),#70,.F.);
#2507=ADVANCED_FACE('',(#2353),#71,.T.);
#2508=ADVANCED_FACE('',(#2354),#72,.F.);
#2509=ADVANCED_FACE('',(#2355),#73,.T.);
#2510=ADVANCED_FACE('',(#2356),#74,.T.);
#2511=ADVANCED_FACE('',(#2357),#75,.T.);
#2512=ADVANCED_FACE('',(#2358),#76,.T.);
#2513=ADVANCED_FACE('',(#2359),#77,.T.);
#2514=ADVANCED_FACE('',(#2360),#78,.T.);
#2515=ADVANCED_FACE('',(#2361),#79,.T.);
#2516=ADVANCED_FACE('',(#2362),#80,.T.);
#2517=ADVANCED_FACE('',(#2363),#81,.T.);
#2518=ADVANCED_FACE('',(#2364),#82,.T.);
#2519=ADVANCED_FACE('',(#2365),#83,.T.);
#2520=ADVANCED_FACE('',(#2366),#84,.T.);
#2521=ADVANCED_FACE('',(#2367),#85,.F.);
#2522=ADVANCED_FACE('',(#2368),#86,.T.);
#2523=ADVANCED_FACE('',(#2369),#87,.T.);
#2524=ADVANCED_FACE('',(#2370),#88,.F.);
#2525=ADVANCED_FACE('',(#2371),#89,.F.);
#2526=ADVANCED_FACE('',(#2372),#90,.F.);
#2527=ADVANCED_FACE('',(#2373),#91,.T.);
#2528=ADVANCED_FACE('',(#2374),#92,.T.);
#2529=ADVANCED_FACE('',(#2375),#93,.T.);
#2530=ADVANCED_FACE('',(#2376),#94,.F.);
#2531=ADVANCED_FACE('',(#2377),#95,.F.);
#2532=ADVANCED_FACE('',(#2378),#96,.F.);
#2533=ADVANCED_FACE('',(#2379),#97,.T.);
#2534=ADVANCED_FACE('',(#2380),#98,.T.);
#2535=ADVANCED_FACE('',(#2381),#99,.T.);
#2536=ADVANCED_FACE('',(#2382),#100,.F.);
#2537=ADVANCED_FACE('',(#2383),#101,.F.);
#2538=ADVANCED_FACE('',(#2384,#2385),#2436,.F.);
#2539=ADVANCED_FACE('',(#2386,#2387),#102,.T.);
#2540=ADVANCED_FACE('',(#2388),#103,.T.);
#2541=ADVANCED_FACE('',(#2389),#104,.T.);
#2542=ADVANCED_FACE('',(#2390),#105,.F.);
#2543=ADVANCED_FACE('',(#2391),#106,.F.);
#2544=ADVANCED_FACE('',(#2392),#107,.T.);
#2545=ADVANCED_FACE('',(#2393),#108,.T.);
#2546=ADVANCED_FACE('',(#2394),#109,.T.);
#2547=ADVANCED_FACE('',(#2395),#110,.F.);
#2548=ADVANCED_FACE('',(#2396),#111,.F.);
#2549=ADVANCED_FACE('',(#2397),#112,.F.);
#2550=ADVANCED_FACE('',(#2398),#113,.T.);
#2551=ADVANCED_FACE('',(#2399,#2400),#114,.T.);
#2552=ADVANCED_FACE('',(#2401,#2402),#2437,.F.);
#2553=ADVANCED_FACE('',(#2403),#115,.T.);
#2554=ADVANCED_FACE('',(#2404),#116,.F.);
#2555=ADVANCED_FACE('',(#2405,#2406),#2438,.F.);
#2556=ADVANCED_FACE('',(#2407,#2408),#117,.T.);
#2557=ADVANCED_FACE('',(#2409,#2410),#118,.T.);
#2558=ADVANCED_FACE('',(#2411,#2412),#2439,.F.);
#2559=ADVANCED_FACE('',(#2413),#119,.F.);
#2560=ADVANCED_FACE('',(#2414),#120,.F.);
#2561=ADVANCED_FACE('',(#2415),#121,.T.);
#2562=ADVANCED_FACE('',(#2416),#122,.T.);
#2563=ADVANCED_FACE('',(#2417),#123,.T.);
#2564=ADVANCED_FACE('',(#2418),#124,.T.);
#2565=ADVANCED_FACE('',(#2419),#125,.T.);
#2566=ADVANCED_FACE('',(#2420),#126,.F.);
#2567=ADVANCED_FACE('',(#2421),#127,.F.);
#2568=ADVANCED_FACE('',(#2422),#128,.F.);
#2569=ADVANCED_FACE('',(#2423,#2424),#2440,.F.);
#2570=ADVANCED_FACE('',(#2425,#2426),#2441,.F.);
#2571=ADVANCED_FACE('',(#2427,#2428),#2442,.F.);
#2572=ADVANCED_FACE('',(#2429,#2430),#2443,.F.);
#2573=ADVANCED_FACE('',(#2431,#2432),#2444,.F.);
#2574=CLOSED_SHELL('',(#2445,#2446,#2447,#2448,#2449,#2450,#2451,#2452,
#2453,#2454,#2455,#2456,#2457,#2458,#2459,#2460,#2461,#2462,#2463,#2464,
#2465,#2466,#2467,#2468,#2469,#2470,#2471,#2472,#2473,#2474,#2475,#2476,
#2477,#2478,#2479,#2480,#2481,#2482,#2483,#2484,#2485,#2486,#2487,#2488,
#2489,#2490,#2491,#2492,#2493,#2494,#2495,#2496,#2497,#2498,#2499,#2500,
#2501,#2502,#2503,#2504,#2505,#2506,#2507,#2508,#2509,#2510,#2511,#2512,
#2513,#2514,#2515,#2516,#2517,#2518,#2519,#2520,#2521,#2522,#2523,#2524,
#2525,#2526,#2527,#2528,#2529,#2530,#2531,#2532,#2533,#2534,#2535,#2536,
#2537,#2538,#2539,#2540,#2541,#2542,#2543,#2544,#2545,#2546,#2547,#2548,
#2549,#2550,#2551,#2552,#2553,#2554,#2555,#2556,#2557,#2558,#2559,#2560,
#2561,#2562,#2563,#2564,#2565,#2566,#2567,#2568,#2569,#2570,#2571,#2572,
#2573));
#2575=STYLED_ITEM('',(#2576),#2583);
#2576=PRESENTATION_STYLE_ASSIGNMENT((#2577));
#2577=SURFACE_STYLE_USAGE(.BOTH.,#2578);
#2578=SURFACE_SIDE_STYLE('',(#2579));
#2579=SURFACE_STYLE_FILL_AREA(#2580);
#2580=FILL_AREA_STYLE('',(#2581));
#2581=FILL_AREA_STYLE_COLOUR('',#2582);
#2582=COLOUR_RGB('',0.615686274509804,0.811764705882353,0.929411764705882);
#2583=MANIFOLD_SOLID_BREP('luanchpad',#2574);
#2584=SHAPE_DEFINITION_REPRESENTATION(#4294,#2585);
#2585=SHAPE_REPRESENTATION('luanchpad',(#2586),#4289);
#2586=AXIS2_PLACEMENT_3D('',#3544,#2818,#2819);
#2587=AXIS2_PLACEMENT_3D('',#3545,#2820,#2821);
#2588=AXIS2_PLACEMENT_3D('',#3546,#2822,#2823);
#2589=AXIS2_PLACEMENT_3D('',#3548,#2824,#2825);
#2590=AXIS2_PLACEMENT_3D('',#3553,#2827,#2828);
#2591=AXIS2_PLACEMENT_3D('',#3557,#2830,#2831);
#2592=AXIS2_PLACEMENT_3D('',#3561,#2833,#2834);
#2593=AXIS2_PLACEMENT_3D('',#3565,#2836,#2837);
#2594=AXIS2_PLACEMENT_3D('',#3569,#2839,#2840);
#2595=AXIS2_PLACEMENT_3D('',#3573,#2842,#2843);
#2596=AXIS2_PLACEMENT_3D('',#3577,#2845,#2846);
#2597=AXIS2_PLACEMENT_3D('',#3581,#2848,#2849);
#2598=AXIS2_PLACEMENT_3D('',#3585,#2851,#2852);
#2599=AXIS2_PLACEMENT_3D('',#3589,#2854,#2855);
#2600=AXIS2_PLACEMENT_3D('',#3593,#2857,#2858);
#2601=AXIS2_PLACEMENT_3D('',#3597,#2860,#2861);
#2602=AXIS2_PLACEMENT_3D('',#3601,#2863,#2864);
#2603=AXIS2_PLACEMENT_3D('',#3605,#2866,#2867);
#2604=AXIS2_PLACEMENT_3D('',#3609,#2869,#2870);
#2605=AXIS2_PLACEMENT_3D('',#3613,#2872,#2873);
#2606=AXIS2_PLACEMENT_3D('',#3617,#2875,#2876);
#2607=AXIS2_PLACEMENT_3D('',#3621,#2878,#2879);
#2608=AXIS2_PLACEMENT_3D('',#3625,#2881,#2882);
#2609=AXIS2_PLACEMENT_3D('',#3629,#2884,#2885);
#2610=AXIS2_PLACEMENT_3D('',#3633,#2887,#2888);
#2611=AXIS2_PLACEMENT_3D('',#3637,#2890,#2891);
#2612=AXIS2_PLACEMENT_3D('',#3641,#2893,#2894);
#2613=AXIS2_PLACEMENT_3D('',#3644,#2896,#2897);
#2614=AXIS2_PLACEMENT_3D('',#3645,#2898,#2899);
#2615=AXIS2_PLACEMENT_3D('',#3647,#2900,#2901);
#2616=AXIS2_PLACEMENT_3D('',#3652,#2903,#2904);
#2617=AXIS2_PLACEMENT_3D('',#3656,#2906,#2907);
#2618=AXIS2_PLACEMENT_3D('',#3660,#2909,#2910);
#2619=AXIS2_PLACEMENT_3D('',#3664,#2912,#2913);
#2620=AXIS2_PLACEMENT_3D('',#3668,#2915,#2916);
#2621=AXIS2_PLACEMENT_3D('',#3672,#2918,#2919);
#2622=AXIS2_PLACEMENT_3D('',#3676,#2921,#2922);
#2623=AXIS2_PLACEMENT_3D('',#3680,#2924,#2925);
#2624=AXIS2_PLACEMENT_3D('',#3684,#2927,#2928);
#2625=AXIS2_PLACEMENT_3D('',#3688,#2930,#2931);
#2626=AXIS2_PLACEMENT_3D('',#3692,#2933,#2934);
#2627=AXIS2_PLACEMENT_3D('',#3696,#2936,#2937);
#2628=AXIS2_PLACEMENT_3D('',#3700,#2939,#2940);
#2629=AXIS2_PLACEMENT_3D('',#3704,#2942,#2943);
#2630=AXIS2_PLACEMENT_3D('',#3708,#2945,#2946);
#2631=AXIS2_PLACEMENT_3D('',#3711,#2948,#2949);
#2632=AXIS2_PLACEMENT_3D('',#3712,#2950,#2951);
#2633=AXIS2_PLACEMENT_3D('',#3717,#2953,#2954);
#2634=AXIS2_PLACEMENT_3D('',#3721,#2956,#2957);
#2635=AXIS2_PLACEMENT_3D('',#3725,#2959,#2960);
#2636=AXIS2_PLACEMENT_3D('',#3728,#2962,#2963);
#2637=AXIS2_PLACEMENT_3D('',#3733,#2965,#2966);
#2638=AXIS2_PLACEMENT_3D('',#3737,#2968,#2969);
#2639=AXIS2_PLACEMENT_3D('',#3741,#2971,#2972);
#2640=AXIS2_PLACEMENT_3D('',#3744,#2974,#2975);
#2641=AXIS2_PLACEMENT_3D('',#3749,#2977,#2978);
#2642=AXIS2_PLACEMENT_3D('',#3753,#2980,#2981);
#2643=AXIS2_PLACEMENT_3D('',#3757,#2983,#2984);
#2644=AXIS2_PLACEMENT_3D('',#3760,#2986,#2987);
#2645=AXIS2_PLACEMENT_3D('',#3765,#2989,#2990);
#2646=AXIS2_PLACEMENT_3D('',#3769,#2992,#2993);
#2647=AXIS2_PLACEMENT_3D('',#3771,#2994,#2995);
#2648=AXIS2_PLACEMENT_3D('',#3772,#2996,#2997);
#2649=AXIS2_PLACEMENT_3D('',#3774,#2998,#2999);
#2650=AXIS2_PLACEMENT_3D('',#3779,#3001,#3002);
#2651=AXIS2_PLACEMENT_3D('',#3781,#3003,#3004);
#2652=AXIS2_PLACEMENT_3D('',#3783,#3005,#3006);
#2653=AXIS2_PLACEMENT_3D('',#3787,#3008,#3009);
#2654=AXIS2_PLACEMENT_3D('',#3791,#3011,#3012);
#2655=AXIS2_PLACEMENT_3D('',#3795,#3014,#3015);
#2656=AXIS2_PLACEMENT_3D('',#3797,#3016,#3017);
#2657=AXIS2_PLACEMENT_3D('',#3799,#3018,#3019);
#2658=AXIS2_PLACEMENT_3D('',#3803,#3021,#3022);
#2659=AXIS2_PLACEMENT_3D('',#3807,#3024,#3025);
#2660=AXIS2_PLACEMENT_3D('',#3809,#3026,#3027);
#2661=AXIS2_PLACEMENT_3D('',#3811,#3028,#3029);
#2662=AXIS2_PLACEMENT_3D('',#3815,#3031,#3032);
#2663=AXIS2_PLACEMENT_3D('',#3819,#3034,#3035);
#2664=AXIS2_PLACEMENT_3D('',#3823,#3037,#3038);
#2665=AXIS2_PLACEMENT_3D('',#3827,#3040,#3041);
#2666=AXIS2_PLACEMENT_3D('',#3831,#3043,#3044);
#2667=AXIS2_PLACEMENT_3D('',#3835,#3046,#3047);
#2668=AXIS2_PLACEMENT_3D('',#3839,#3049,#3050);
#2669=AXIS2_PLACEMENT_3D('',#3843,#3052,#3053);
#2670=AXIS2_PLACEMENT_3D('',#3847,#3055,#3056);
#2671=AXIS2_PLACEMENT_3D('',#3851,#3058,#3059);
#2672=AXIS2_PLACEMENT_3D('',#3855,#3061,#3062);
#2673=AXIS2_PLACEMENT_3D('',#3859,#3064,#3065);
#2674=AXIS2_PLACEMENT_3D('',#3860,#3066,#3067);
#2675=AXIS2_PLACEMENT_3D('',#3863,#3070,#3071);
#2676=AXIS2_PLACEMENT_3D('',#3866,#3074,#3075);
#2677=AXIS2_PLACEMENT_3D('',#3869,#3078,#3079);
#2678=AXIS2_PLACEMENT_3D('',#3872,#3082,#3083);
#2679=AXIS2_PLACEMENT_3D('',#3875,#3086,#3087);
#2680=AXIS2_PLACEMENT_3D('',#3878,#3090,#3091);
#2681=AXIS2_PLACEMENT_3D('',#3881,#3094,#3095);
#2682=AXIS2_PLACEMENT_3D('',#3884,#3098,#3099);
#2683=AXIS2_PLACEMENT_3D('',#3887,#3102,#3103);
#2684=AXIS2_PLACEMENT_3D('',#3890,#3106,#3107);
#2685=AXIS2_PLACEMENT_3D('',#3893,#3110,#3111);
#2686=AXIS2_PLACEMENT_3D('',#3896,#3114,#3115);
#2687=AXIS2_PLACEMENT_3D('',#3897,#3116,#3117);
#2688=AXIS2_PLACEMENT_3D('',#3907,#3122,#3123);
#2689=AXIS2_PLACEMENT_3D('',#3916,#3128,#3129);
#2690=AXIS2_PLACEMENT_3D('',#3917,#3130,#3131);
#2691=AXIS2_PLACEMENT_3D('',#3919,#3132,#3133);
#2692=AXIS2_PLACEMENT_3D('',#3920,#3134,#3135);
#2693=AXIS2_PLACEMENT_3D('',#3921,#3136,#3137);
#2694=AXIS2_PLACEMENT_3D('',#3923,#3138,#3139);
#2695=AXIS2_PLACEMENT_3D('',#3929,#3143,#3144);
#2696=AXIS2_PLACEMENT_3D('',#3930,#3145,#3146);
#2697=AXIS2_PLACEMENT_3D('',#3937,#3150,#3151);
#2698=AXIS2_PLACEMENT_3D('',#3943,#3155,#3156);
#2699=AXIS2_PLACEMENT_3D('',#3944,#3157,#3158);
#2700=AXIS2_PLACEMENT_3D('',#3951,#3162,#3163);
#2701=AXIS2_PLACEMENT_3D('',#3960,#3169,#3170);
#2702=AXIS2_PLACEMENT_3D('',#3969,#3176,#3177);
#2703=AXIS2_PLACEMENT_3D('',#3971,#3179,#3180);
#2704=AXIS2_PLACEMENT_3D('',#3972,#3181,#3182);
#2705=AXIS2_PLACEMENT_3D('',#3981,#3187,#3188);
#2706=AXIS2_PLACEMENT_3D('',#3987,#3192,#3193);
#2707=AXIS2_PLACEMENT_3D('',#3988,#3194,#3195);
#2708=AXIS2_PLACEMENT_3D('',#3995,#3199,#3200);
#2709=AXIS2_PLACEMENT_3D('',#4001,#3204,#3205);
#2710=AXIS2_PLACEMENT_3D('',#4002,#3206,#3207);
#2711=AXIS2_PLACEMENT_3D('',#4009,#3211,#3212);
#2712=AXIS2_PLACEMENT_3D('',#4018,#3218,#3219);
#2713=AXIS2_PLACEMENT_3D('',#4027,#3225,#3226);
#2714=AXIS2_PLACEMENT_3D('',#4029,#3228,#3229);
#2715=AXIS2_PLACEMENT_3D('',#4030,#3230,#3231);
#2716=AXIS2_PLACEMENT_3D('',#4031,#3232,#3233);
#2717=AXIS2_PLACEMENT_3D('',#4041,#3238,#3239);
#2718=AXIS2_PLACEMENT_3D('',#4047,#3243,#3244);
#2719=AXIS2_PLACEMENT_3D('',#4054,#3249,#3250);
#2720=AXIS2_PLACEMENT_3D('',#4066,#3258,#3259);
#2721=AXIS2_PLACEMENT_3D('',#4078,#3267,#3268);
#2722=AXIS2_PLACEMENT_3D('',#4079,#3269,#3270);
#2723=AXIS2_PLACEMENT_3D('',#4080,#3271,#3272);
#2724=AXIS2_PLACEMENT_3D('',#4081,#3273,#3274);
#2725=AXIS2_PLACEMENT_3D('',#4091,#3279,#3280);
#2726=AXIS2_PLACEMENT_3D('',#4092,#3281,#3282);
#2727=AXIS2_PLACEMENT_3D('',#4102,#3287,#3288);
#2728=AXIS2_PLACEMENT_3D('',#4108,#3292,#3293);
#2729=AXIS2_PLACEMENT_3D('',#4115,#3298,#3299);
#2730=AXIS2_PLACEMENT_3D('',#4127,#3307,#3308);
#2731=AXIS2_PLACEMENT_3D('',#4139,#3316,#3317);
#2732=AXIS2_PLACEMENT_3D('',#4140,#3318,#3319);
#2733=AXIS2_PLACEMENT_3D('',#4141,#3320,#3321);
#2734=AXIS2_PLACEMENT_3D('',#4142,#3322,#3323);
#2735=AXIS2_PLACEMENT_3D('',#4145,#3326,#3327);
#2736=AXIS2_PLACEMENT_3D('',#4147,#3329,#3330);
#2737=AXIS2_PLACEMENT_3D('',#4149,#3332,#3333);
#2738=AXIS2_PLACEMENT_3D('',#4152,#3336,#3337);
#2739=AXIS2_PLACEMENT_3D('',#4154,#3339,#3340);
#2740=AXIS2_PLACEMENT_3D('',#4155,#3341,#3342);
#2741=AXIS2_PLACEMENT_3D('',#4156,#3343,#3344);
#2742=AXIS2_PLACEMENT_3D('',#4159,#3347,#3348);
#2743=AXIS2_PLACEMENT_3D('',#4161,#3350,#3351);
#2744=AXIS2_PLACEMENT_3D('',#4162,#3352,#3353);
#2745=AXIS2_PLACEMENT_3D('',#4163,#3354,#3355);
#2746=AXIS2_PLACEMENT_3D('',#4165,#3357,#3358);
#2747=AXIS2_PLACEMENT_3D('',#4167,#3360,#3361);
#2748=AXIS2_PLACEMENT_3D('',#4169,#3363,#3364);
#2749=AXIS2_PLACEMENT_3D('',#4170,#3365,#3366);
#2750=AXIS2_PLACEMENT_3D('',#4172,#3368,#3369);
#2751=AXIS2_PLACEMENT_3D('',#4174,#3371,#3372);
#2752=AXIS2_PLACEMENT_3D('',#4176,#3374,#3375);
#2753=AXIS2_PLACEMENT_3D('',#4177,#3376,#3377);
#2754=AXIS2_PLACEMENT_3D('',#4179,#3379,#3380);
#2755=AXIS2_PLACEMENT_3D('',#4180,#3381,#3382);
#2756=AXIS2_PLACEMENT_3D('',#4182,#3384,#3385);
#2757=AXIS2_PLACEMENT_3D('',#4183,#3386,#3387);
#2758=AXIS2_PLACEMENT_3D('',#4186,#3390,#3391);
#2759=AXIS2_PLACEMENT_3D('',#4187,#3392,#3393);
#2760=AXIS2_PLACEMENT_3D('',#4190,#3396,#3397);
#2761=AXIS2_PLACEMENT_3D('',#4193,#3400,#3401);
#2762=AXIS2_PLACEMENT_3D('',#4194,#3402,#3403);
#2763=AXIS2_PLACEMENT_3D('',#4197,#3406,#3407);
#2764=AXIS2_PLACEMENT_3D('',#4200,#3410,#3411);
#2765=AXIS2_PLACEMENT_3D('',#4201,#3412,#3413);
#2766=AXIS2_PLACEMENT_3D('',#4204,#3416,#3417);
#2767=AXIS2_PLACEMENT_3D('',#4207,#3420,#3421);
#2768=AXIS2_PLACEMENT_3D('',#4208,#3422,#3423);
#2769=AXIS2_PLACEMENT_3D('',#4211,#3426,#3427);
#2770=AXIS2_PLACEMENT_3D('',#4214,#3430,#3431);
#2771=AXIS2_PLACEMENT_3D('',#4215,#3432,#3433);
#2772=AXIS2_PLACEMENT_3D('',#4218,#3436,#3437);
#2773=AXIS2_PLACEMENT_3D('',#4221,#3440,#3441);
#2774=AXIS2_PLACEMENT_3D('',#4222,#3442,#3443);
#2775=AXIS2_PLACEMENT_3D('',#4223,#3444,#3445);
#2776=AXIS2_PLACEMENT_3D('',#4225,#3446,#3447);
#2777=AXIS2_PLACEMENT_3D('',#4226,#3448,#3449);
#2778=AXIS2_PLACEMENT_3D('',#4228,#3450,#3451);
#2779=AXIS2_PLACEMENT_3D('',#4231,#3454,#3455);
#2780=AXIS2_PLACEMENT_3D('',#4233,#3457,#3458);
#2781=AXIS2_PLACEMENT_3D('',#4234,#3459,#3460);
#2782=AXIS2_PLACEMENT_3D('',#4236,#3462,#3463);
#2783=AXIS2_PLACEMENT_3D('',#4237,#3464,#3465);
#2784=AXIS2_PLACEMENT_3D('',#4239,#3467,#3468);
#2785=AXIS2_PLACEMENT_3D('',#4241,#3470,#3471);
#2786=AXIS2_PLACEMENT_3D('',#4243,#3473,#3474);
#2787=AXIS2_PLACEMENT_3D('',#4245,#3476,#3477);
#2788=AXIS2_PLACEMENT_3D('',#4247,#3479,#3480);
#2789=AXIS2_PLACEMENT_3D('',#4249,#3482,#3483);
#2790=AXIS2_PLACEMENT_3D('',#4250,#3484,#3485);
#2791=AXIS2_PLACEMENT_3D('',#4252,#3486,#3487);
#2792=AXIS2_PLACEMENT_3D('',#4254,#3488,#3489);
#2793=AXIS2_PLACEMENT_3D('',#4255,#3490,#3491);
#2794=AXIS2_PLACEMENT_3D('',#4256,#3492,#3493);
#2795=AXIS2_PLACEMENT_3D('',#4257,#3494,#3495);
#2796=AXIS2_PLACEMENT_3D('',#4258,#3496,#3497);
#2797=AXIS2_PLACEMENT_3D('',#4260,#3498,#3499);
#2798=AXIS2_PLACEMENT_3D('',#4261,#3500,#3501);
#2799=AXIS2_PLACEMENT_3D('',#4263,#3502,#3503);
#2800=AXIS2_PLACEMENT_3D('',#4264,#3504,#3505);
#2801=AXIS2_PLACEMENT_3D('',#4266,#3506,#3507);
#2802=AXIS2_PLACEMENT_3D('',#4268,#3508,#3509);
#2803=AXIS2_PLACEMENT_3D('',#4269,#3510,#3511);
#2804=AXIS2_PLACEMENT_3D('',#4271,#3513,#3514);
#2805=AXIS2_PLACEMENT_3D('',#4272,#3515,#3516);
#2806=AXIS2_PLACEMENT_3D('',#4273,#3517,#3518);
#2807=AXIS2_PLACEMENT_3D('',#4275,#3520,#3521);
#2808=AXIS2_PLACEMENT_3D('',#4276,#3522,#3523);
#2809=AXIS2_PLACEMENT_3D('',#4278,#3525,#3526);
#2810=AXIS2_PLACEMENT_3D('',#4279,#3527,#3528);
#2811=AXIS2_PLACEMENT_3D('',#4280,#3529,#3530);
#2812=AXIS2_PLACEMENT_3D('',#4282,#3532,#3533);
#2813=AXIS2_PLACEMENT_3D('',#4283,#3534,#3535);
#2814=AXIS2_PLACEMENT_3D('',#4284,#3536,#3537);
#2815=AXIS2_PLACEMENT_3D('',#4285,#3538,#3539);
#2816=AXIS2_PLACEMENT_3D('',#4286,#3540,#3541);
#2817=AXIS2_PLACEMENT_3D('',#4287,#3542,#3543);
#2818=DIRECTION('',(0.,0.,1.));
#2819=DIRECTION('',(1.,0.,0.));
#2820=DIRECTION('',(0.,0.,-1.));
#2821=DIRECTION('',(-1.,0.,0.));
#2822=DIRECTION('',(0.,0.,1.));
#2823=DIRECTION('',(1.,0.,0.));
#2824=DIRECTION('',(0.,0.,-1.));
#2825=DIRECTION('',(0.707106781186547,-0.707106781186548,0.));
#2826=DIRECTION('',(0.,0.,-1.));
#2827=DIRECTION('',(0.,0.,1.));
#2828=DIRECTION('',(1.,0.,0.));
#2829=DIRECTION('',(0.,0.,-1.));
#2830=DIRECTION('',(0.,0.,1.));
#2831=DIRECTION('',(1.,0.,0.));
#2832=DIRECTION('',(0.,0.,-1.));
#2833=DIRECTION('',(0.,0.,1.));
#2834=DIRECTION('',(1.,0.,0.));
#2835=DIRECTION('',(0.,0.,-1.));
#2836=DIRECTION('',(0.,0.,1.));
#2837=DIRECTION('',(0.707106781186547,0.707106781186548,0.));
#2838=DIRECTION('',(0.,0.,-1.));
#2839=DIRECTION('',(0.,0.,-1.));
#2840=DIRECTION('',(-0.707106781186547,0.707106781186548,0.));
#2841=DIRECTION('',(0.,0.,-1.));
#2842=DIRECTION('',(0.,0.,-1.));
#2843=DIRECTION('',(0.707106781186547,0.707106781186548,0.));
#2844=DIRECTION('',(0.,0.,-1.));
#2845=DIRECTION('',(0.,0.,1.));
#2846=DIRECTION('',(1.,0.,0.));
#2847=DIRECTION('',(0.,0.,-1.));
#2848=DIRECTION('',(0.,0.,-1.));
#2849=DIRECTION('',(-1.,0.,0.));
#2850=DIRECTION('',(0.,0.,-1.));
#2851=DIRECTION('',(0.,0.,1.));
#2852=DIRECTION('',(1.,0.,0.));
#2853=DIRECTION('',(0.,0.,-1.));
#2854=DIRECTION('',(0.,0.,1.));
#2855=DIRECTION('',(-0.707106781186547,0.707106781186548,0.));
#2856=DIRECTION('',(0.,0.,-1.));
#2857=DIRECTION('',(0.,0.,1.));
#2858=DIRECTION('',(0.707106781186547,0.707106781186548,0.));
#2859=DIRECTION('',(0.,0.,-1.));
#2860=DIRECTION('',(0.,0.,-1.));
#2861=DIRECTION('',(-0.707106781186547,0.707106781186548,0.));
#2862=DIRECTION('',(0.,0.,-1.));
#2863=DIRECTION('',(0.,0.,1.));
#2864=DIRECTION('',(1.,0.,0.));
#2865=DIRECTION('',(0.,0.,-1.));
#2866=DIRECTION('',(0.,0.,-1.));
#2867=DIRECTION('',(-1.,0.,0.));
#2868=DIRECTION('',(0.,0.,-1.));
#2869=DIRECTION('',(0.,0.,1.));
#2870=DIRECTION('',(1.,0.,0.));
#2871=DIRECTION('',(0.,0.,-1.));
#2872=DIRECTION('',(0.,0.,1.));
#2873=DIRECTION('',(-0.707106781186547,-0.707106781186548,0.));
#2874=DIRECTION('',(0.,0.,-1.));
#2875=DIRECTION('',(0.,0.,1.));
#2876=DIRECTION('',(0.707106781186547,-0.707106781186548,0.));
#2877=DIRECTION('',(0.,0.,-1.));
#2878=DIRECTION('',(0.,0.,-1.));
#2879=DIRECTION('',(-0.707106781186547,-0.707106781186548,0.));
#2880=DIRECTION('',(0.,0.,-1.));
#2881=DIRECTION('',(0.,0.,1.));
#2882=DIRECTION('',(1.,0.,0.));
#2883=DIRECTION('',(0.,0.,-1.));
#2884=DIRECTION('',(0.,0.,1.));
#2885=DIRECTION('',(1.,0.,0.));
#2886=DIRECTION('',(0.,0.,-1.));
#2887=DIRECTION('',(0.,0.,1.));
#2888=DIRECTION('',(1.,0.,0.));
#2889=DIRECTION('',(0.,0.,-1.));
#2890=DIRECTION('',(0.,0.,1.));
#2891=DIRECTION('',(0.707106781186547,-0.707106781186548,0.));
#2892=DIRECTION('',(0.,0.,-1.));
#2893=DIRECTION('',(0.,0.,-1.));
#2894=DIRECTION('',(-0.707106781186547,-0.707106781186548,0.));
#2895=DIRECTION('',(0.,0.,-1.));
#2896=DIRECTION('',(0.,0.,1.));
#2897=DIRECTION('',(1.,0.,0.));
#2898=DIRECTION('',(0.,0.,1.));
#2899=DIRECTION('',(1.,0.,0.));
#2900=DIRECTION('',(0.,0.,1.));
#2901=DIRECTION('',(1.,0.,0.));
#2902=DIRECTION('',(0.,0.,1.));
#2903=DIRECTION('',(0.,0.,1.));
#2904=DIRECTION('',(1.,0.,0.));
#2905=DIRECTION('',(0.,0.,1.));
#2906=DIRECTION('',(0.,0.,1.));
#2907=DIRECTION('',(1.,0.,0.));
#2908=DIRECTION('',(0.,0.,1.));
#2909=DIRECTION('',(0.,0.,1.));
#2910=DIRECTION('',(0.707106781186547,-0.707106781186548,0.));
#2911=DIRECTION('',(0.,0.,1.));
#2912=DIRECTION('',(0.,0.,1.));
#2913=DIRECTION('',(1.,0.,0.));
#2914=DIRECTION('',(0.,0.,1.));
#2915=DIRECTION('',(0.,0.,1.));
#2916=DIRECTION('',(1.,0.,0.));
#2917=DIRECTION('',(0.,0.,1.));
#2918=DIRECTION('',(0.,0.,1.));
#2919=DIRECTION('',(1.,0.,0.));
#2920=DIRECTION('',(0.,0.,1.));
#2921=DIRECTION('',(0.,0.,-1.));
#2922=DIRECTION('',(-0.707106781186547,-0.707106781186548,0.));
#2923=DIRECTION('',(0.,0.,1.));
#2924=DIRECTION('',(0.,0.,1.));
#2925=DIRECTION('',(1.,0.,0.));
#2926=DIRECTION('',(0.,0.,1.));
#2927=DIRECTION('',(0.,0.,-1.));
#2928=DIRECTION('',(-1.,0.,0.));
#2929=DIRECTION('',(0.,0.,1.));
#2930=DIRECTION('',(0.,0.,1.));
#2931=DIRECTION('',(1.,0.,0.));
#2932=DIRECTION('',(0.,0.,1.));
#2933=DIRECTION('',(0.,0.,-1.));
#2934=DIRECTION('',(-0.707106781186547,0.707106781186548,0.));
#2935=DIRECTION('',(0.,0.,1.));
#2936=DIRECTION('',(0.,0.,1.));
#2937=DIRECTION('',(1.,0.,0.));
#2938=DIRECTION('',(0.,0.,1.));
#2939=DIRECTION('',(0.,0.,-1.));
#2940=DIRECTION('',(-1.,0.,0.));
#2941=DIRECTION('',(0.,0.,1.));
#2942=DIRECTION('',(0.,0.,1.));
#2943=DIRECTION('',(1.,0.,0.));
#2944=DIRECTION('',(0.,0.,1.));
#2945=DIRECTION('',(0.,0.,1.));
#2946=DIRECTION('',(0.707106781186547,0.707106781186548,0.));
#2947=DIRECTION('',(0.,0.,1.));
#2948=DIRECTION('',(0.,0.,-1.));
#2949=DIRECTION('',(-1.,0.,0.));
#2950=DIRECTION('',(0.,0.,1.));
#2951=DIRECTION('',(0.707106781186547,-0.707106781186548,0.));
#2952=DIRECTION('',(0.,0.,-1.));
#2953=DIRECTION('',(0.,0.,-1.));
#2954=DIRECTION('',(0.707106781186547,-0.707106781186548,0.));
#2955=DIRECTION('',(0.,0.,-1.));
#2956=DIRECTION('',(0.,0.,-1.));
#2957=DIRECTION('',(-0.707106781186547,-0.707106781186548,0.));
#2958=DIRECTION('',(0.,0.,-1.));
#2959=DIRECTION('',(0.,0.,1.));
#2960=DIRECTION('',(0.707106781186547,-0.707106781186548,0.));
#2961=DIRECTION('',(0.,0.,-1.));
#2962=DIRECTION('',(0.,0.,1.));
#2963=DIRECTION('',(-0.707106781186547,-0.707106781186548,0.));
#2964=DIRECTION('',(0.,0.,-1.));
#2965=DIRECTION('',(0.,0.,-1.));
#2966=DIRECTION('',(-0.707106781186547,-0.707106781186548,0.));
#2967=DIRECTION('',(0.,0.,-1.));
#2968=DIRECTION('',(0.,0.,-1.));
#2969=DIRECTION('',(-0.707106781186547,-0.707106781186548,0.));
#2970=DIRECTION('',(0.,0.,-1.));
#2971=DIRECTION('',(0.,0.,1.));
#2972=DIRECTION('',(0.707106781186547,-0.707106781186548,0.));
#2973=DIRECTION('',(0.,0.,-1.));
#2974=DIRECTION('',(0.,0.,1.));
#2975=DIRECTION('',(-0.707106781186547,0.707106781186548,0.));
#2976=DIRECTION('',(0.,0.,-1.));
#2977=DIRECTION('',(0.,0.,-1.));
#2978=DIRECTION('',(-0.707106781186547,0.707106781186548,0.));
#2979=DIRECTION('',(0.,0.,-1.));
#2980=DIRECTION('',(0.,0.,-1.));
#2981=DIRECTION('',(-0.707106781186547,0.707106781186548,0.));
#2982=DIRECTION('',(0.,0.,-1.));
#2983=DIRECTION('',(0.,0.,1.));
#2984=DIRECTION('',(0.707106781186547,0.707106781186548,0.));
#2985=DIRECTION('',(0.,0.,-1.));
#2986=DIRECTION('',(0.,0.,1.));
#2987=DIRECTION('',(-1.77635683940025E-15,1.,0.));
#2988=DIRECTION('',(0.,0.,-1.));
#2989=DIRECTION('',(0.,0.,-1.));
#2990=DIRECTION('',(1.,0.,0.));
#2991=DIRECTION('',(0.,0.,-1.));
#2992=DIRECTION('',(0.,0.,1.));
#2993=DIRECTION('',(-1.77635683940025E-15,1.,0.));
#2994=DIRECTION('',(-1.55431223447522E-15,0.890682713199227,0.454625455081504));
#2995=DIRECTION('',(-7.7715611723761E-16,0.454625455081504,-0.890682713199227));
#2996=DIRECTION('',(0.,0.,1.));
#2997=DIRECTION('',(1.,0.,0.));
#2998=DIRECTION('',(0.,0.,1.));
#2999=DIRECTION('',(1.,0.,0.));
#3000=DIRECTION('',(0.,0.,-1.));
#3001=DIRECTION('',(0.,0.,-1.));
#3002=DIRECTION('',(1.77635683940025E-15,-1.,0.));
#3003=DIRECTION('',(-1.55431223447522E-15,0.890682713199227,-0.454625455081504));
#3004=DIRECTION('',(7.7715611723761E-16,-0.454625455081504,-0.890682713199227));
#3005=DIRECTION('',(0.,0.,-1.));
#3006=DIRECTION('',(1.77635683940025E-15,-1.,0.));
#3007=DIRECTION('',(0.,0.,-1.));
#3008=DIRECTION('',(0.,0.,1.));
#3009=DIRECTION('',(1.,0.,0.));
#3010=DIRECTION('',(0.,0.,-1.));
#3011=DIRECTION('',(0.,0.,1.));
#3012=DIRECTION('',(1.77635683940025E-15,-1.,0.));
#3013=DIRECTION('',(0.,0.,-1.));
#3014=DIRECTION('',(0.,0.,-1.));
#3015=DIRECTION('',(-1.,0.,0.));
#3016=DIRECTION('',(0.890682713199227,-5.55111512312578E-17,-0.454625455081504));
#3017=DIRECTION('',(-0.454625455081504,0.,-0.890682713199227));
#3018=DIRECTION('',(0.,0.,-1.));
#3019=DIRECTION('',(-1.,0.,0.));
#3020=DIRECTION('',(0.,0.,-1.));
#3021=DIRECTION('',(0.,0.,-1.));
#3022=DIRECTION('',(1.77635683940025E-15,-1.,0.));
#3023=DIRECTION('',(0.,0.,-1.));
#3024=DIRECTION('',(0.,0.,1.));
#3025=DIRECTION('',(1.,0.,0.));
#3026=DIRECTION('',(0.890682713199227,-5.55111512312578E-17,0.454625455081504));
#3027=DIRECTION('',(0.454625455081504,0.,-0.890682713199227));
#3028=DIRECTION('',(0.,0.,1.));
#3029=DIRECTION('',(1.,0.,0.));
#3030=DIRECTION('',(0.,0.,-1.));
#3031=DIRECTION('',(0.,0.,-1.));
#3032=DIRECTION('',(-1.,0.,0.));
#3033=DIRECTION('',(0.,0.,-1.));
#3034=DIRECTION('',(0.,0.,-1.));
#3035=DIRECTION('',(-1.,0.,0.));
#3036=DIRECTION('',(0.,0.,-1.));
#3037=DIRECTION('',(0.,0.,1.));
#3038=DIRECTION('',(1.,0.,0.));
#3039=DIRECTION('',(0.,0.,-1.));
#3040=DIRECTION('',(0.,0.,1.));
#3041=DIRECTION('',(1.,0.,0.));
#3042=DIRECTION('',(0.,0.,-1.));
#3043=DIRECTION('',(0.,0.,-1.));
#3044=DIRECTION('',(0.707106781186547,0.707106781186548,0.));
#3045=DIRECTION('',(0.,0.,-1.));
#3046=DIRECTION('',(0.,0.,-1.));
#3047=DIRECTION('',(-0.707106781186547,0.707106781186548,0.));
#3048=DIRECTION('',(0.,0.,-1.));
#3049=DIRECTION('',(0.,0.,1.));
#3050=DIRECTION('',(0.707106781186547,0.707106781186548,0.));
#3051=DIRECTION('',(0.,0.,-1.));
#3052=DIRECTION('',(0.,0.,1.));
#3053=DIRECTION('',(0.707106781186547,0.707106781186548,0.));
#3054=DIRECTION('',(0.,0.,-1.));
#3055=DIRECTION('',(0.,0.,-1.));
#3056=DIRECTION('',(-1.,0.,0.));
#3057=DIRECTION('',(0.,0.,-1.));
#3058=DIRECTION('',(0.,0.,-1.));
#3059=DIRECTION('',(-1.,0.,0.));
#3060=DIRECTION('',(0.,0.,-1.));
#3061=DIRECTION('',(0.,0.,1.));
#3062=DIRECTION('',(1.,0.,0.));
#3063=DIRECTION('',(0.,0.,-1.));
#3064=DIRECTION('',(0.,0.,1.));
#3065=DIRECTION('',(1.,0.,0.));
#3066=DIRECTION('',(0.,0.,1.));
#3067=DIRECTION('',(1.,0.,0.));
#3068=DIRECTION('',(0.707106781186547,0.707106781186548,0.));
#3069=DIRECTION('',(0.,1.,0.));
#3070=DIRECTION('',(0.,0.,1.));
#3071=DIRECTION('',(1.,0.,0.));
#3072=DIRECTION('',(-1.,0.,0.));
#3073=DIRECTION('',(-0.707106781186547,0.707106781186548,0.));
#3074=DIRECTION('',(0.,0.,1.));
#3075=DIRECTION('',(1.,0.,0.));
#3076=DIRECTION('',(-0.707106781186547,0.707106781186548,0.));
#3077=DIRECTION('',(0.,1.,0.));
#3078=DIRECTION('',(0.707106781186547,0.707106781186548,0.));
#3079=DIRECTION('',(0.,0.,1.));
#3080=DIRECTION('',(-0.707106781186548,0.707106781186547,0.));
#3081=DIRECTION('',(0.707106781186548,-0.707106781186547,0.));
#3082=DIRECTION('',(0.707106781186547,-0.707106781186548,0.));
#3083=DIRECTION('',(0.,0.,-1.));
#3084=DIRECTION('',(0.707106781186548,0.707106781186547,0.));
#3085=DIRECTION('',(0.707106781186548,0.707106781186547,0.));
#3086=DIRECTION('',(0.,0.,1.));
#3087=DIRECTION('',(1.,0.,0.));
#3088=DIRECTION('',(0.707106781186547,-0.707106781186548,0.));
#3089=DIRECTION('',(0.,-1.,0.));
#3090=DIRECTION('',(-0.707106781186547,-0.707106781186548,0.));
#3091=DIRECTION('',(0.,0.,1.));
#3092=DIRECTION('',(0.707106781186548,-0.707106781186547,0.));
#3093=DIRECTION('',(0.707106781186548,-0.707106781186547,0.));
#3094=DIRECTION('',(0.,0.,1.));
#3095=DIRECTION('',(0.707106781186547,0.707106781186548,0.));
#3096=DIRECTION('',(-0.707106781186548,-0.707106781186547,0.));
#3097=DIRECTION('',(0.707106781186547,0.707106781186548,0.));
#3098=DIRECTION('',(0.,0.,1.));
#3099=DIRECTION('',(1.,0.,0.));
#3100=DIRECTION('',(0.707106781186547,-0.707106781186548,0.));
#3101=DIRECTION('',(1.,0.,0.));
#3102=DIRECTION('',(0.,0.,1.));
#3103=DIRECTION('',(1.,0.,0.));
#3104=DIRECTION('',(0.,-1.,0.));
#3105=DIRECTION('',(-0.707106781186547,-0.707106781186548,0.));
#3106=DIRECTION('',(0.,0.,1.));
#3107=DIRECTION('',(1.,0.,0.));
#3108=DIRECTION('',(-0.707106781186547,-0.707106781186548,0.));
#3109=DIRECTION('',(-1.,0.,0.));
#3110=DIRECTION('',(0.,0.,1.));
#3111=DIRECTION('',(1.,0.,0.));
#3112=DIRECTION('',(1.,0.,0.));
#3113=DIRECTION('',(0.707106781186547,0.707106781186548,0.));
#3114=DIRECTION('',(0.,0.,1.));
#3115=DIRECTION('',(1.,0.,0.));
#3116=DIRECTION('',(0.,0.,1.));
#3117=DIRECTION('',(1.,0.,0.));
#3118=DIRECTION('',(1.,0.,0.));
#3119=DIRECTION('',(-1.77635683940025E-15,1.,0.));
#3120=DIRECTION('',(1.,0.,0.));
#3121=DIRECTION('',(0.,1.,0.));
#3122=DIRECTION('',(0.,0.873258348830668,-0.48725748449617));
#3123=DIRECTION('',(2.77555756156289E-17,0.48725748449617,0.873258348830668));
#3124=DIRECTION('',(1.,0.,0.));
#3125=DIRECTION('',(-2.77555756156289E-17,-0.48725748449617,-0.873258348830668));
#3126=DIRECTION('',(-1.,0.,0.));
#3127=DIRECTION('',(-2.77555756156289E-17,-0.48725748449617,-0.873258348830668));
#3128=DIRECTION('',(0.,0.,1.));
#3129=DIRECTION('',(1.,0.,0.));
#3130=DIRECTION('',(0.,0.,1.));
#3131=DIRECTION('',(1.,0.,0.));
#3132=DIRECTION('',(0.,0.,1.));
#3133=DIRECTION('',(1.,0.,0.));
#3134=DIRECTION('',(0.,0.,1.));
#3135=DIRECTION('',(1.,0.,0.));
#3136=DIRECTION('',(0.,0.,1.));
#3137=DIRECTION('',(1.,0.,0.));
#3138=DIRECTION('',(5.55111512312578E-17,0.804277671264471,-0.594253672689871));
#3139=DIRECTION('',(0.,0.594253672689871,0.804277671264471));
#3140=DIRECTION('',(0.,-0.594253672689871,-0.804277671264471));
#3141=DIRECTION('',(-1.,0.,0.));
#3142=DIRECTION('',(0.,-0.594253672689871,-0.804277671264471));
#3143=DIRECTION('',(0.,0.,1.));
#3144=DIRECTION('',(1.,0.,0.));
#3145=DIRECTION('',(0.,0.,1.));
#3146=DIRECTION('',(1.,0.,0.));
#3147=DIRECTION('',(0.,1.,0.));
#3148=DIRECTION('',(-1.,0.,0.));
#3149=DIRECTION('',(0.,1.,0.));
#3150=DIRECTION('',(0.,-1.,0.));
#3151=DIRECTION('',(0.,0.,-1.));
#3152=DIRECTION('',(0.,0.,1.));
#3153=DIRECTION('',(-1.,0.,0.));
#3154=DIRECTION('',(0.,0.,1.));
#3155=DIRECTION('',(0.,0.,-1.));
#3156=DIRECTION('',(-1.,0.,0.));
#3157=DIRECTION('',(0.,0.,-1.));
#3158=DIRECTION('',(-1.,0.,0.));
#3159=DIRECTION('',(0.,-1.,0.));
#3160=DIRECTION('',(-1.,-1.77635683940025E-15,0.));
#3161=DIRECTION('',(0.,-1.,0.));
#3162=DIRECTION('',(1.,0.,0.));
#3163=DIRECTION('',(0.,1.,0.));
#3164=DIRECTION('',(0.,0.,-1.));
#3165=DIRECTION('',(7.7715611723761E-16,-0.454625455081503,-0.890682713199227));
#3166=DIRECTION('',(-1.77635683940025E-15,1.,0.));
#3167=DIRECTION('',(0.,1.,0.));
#3168=DIRECTION('',(0.,0.,-1.));
#3169=DIRECTION('',(-1.,0.,0.));
#3170=DIRECTION('',(0.,-1.,0.));
#3171=DIRECTION('',(1.77635683940025E-15,-1.,0.));
#3172=DIRECTION('',(7.7715611723761E-16,-0.454625455081503,-0.890682713199227));
#3173=DIRECTION('',(0.,0.,-1.));
#3174=DIRECTION('',(0.,0.,-1.));
#3175=DIRECTION('',(0.,1.,0.));
#3176=DIRECTION('',(0.,1.,0.));
#3177=DIRECTION('',(0.,0.,1.));
#3178=DIRECTION('',(-1.,0.,0.));
#3179=DIRECTION('',(0.,0.,1.));
#3180=DIRECTION('',(1.,0.,0.));
#3181=DIRECTION('',(0.,-0.873258348830668,-0.48725748449617));
#3182=DIRECTION('',(-2.77555756156289E-17,-0.48725748449617,0.873258348830668));
#3183=DIRECTION('',(1.,0.,0.));
#3184=DIRECTION('',(2.77555756156289E-17,0.48725748449617,-0.873258348830668));
#3185=DIRECTION('',(-1.,0.,0.));
#3186=DIRECTION('',(2.77555756156289E-17,0.48725748449617,-0.873258348830668));
#3187=DIRECTION('',(-5.55111512312578E-17,-0.804277671264471,-0.594253672689871));
#3188=DIRECTION('',(0.,-0.594253672689871,0.804277671264471));
#3189=DIRECTION('',(0.,0.594253672689871,-0.804277671264471));
#3190=DIRECTION('',(-1.,0.,0.));
#3191=DIRECTION('',(0.,0.594253672689871,-0.804277671264471));
#3192=DIRECTION('',(0.,0.,1.));
#3193=DIRECTION('',(1.,0.,0.));
#3194=DIRECTION('',(0.,0.,1.));
#3195=DIRECTION('',(1.,0.,0.));
#3196=DIRECTION('',(0.,-1.,0.));
#3197=DIRECTION('',(0.,-1.,0.));
#3198=DIRECTION('',(-1.,0.,0.));
#3199=DIRECTION('',(0.,1.,0.));
#3200=DIRECTION('',(0.,0.,-1.));
#3201=DIRECTION('',(0.,0.,1.));
#3202=DIRECTION('',(-1.,0.,0.));
#3203=DIRECTION('',(0.,0.,1.));
#3204=DIRECTION('',(0.,0.,-1.));
#3205=DIRECTION('',(-1.,0.,0.));
#3206=DIRECTION('',(0.,0.,-1.));
#3207=DIRECTION('',(-1.,0.,0.));
#3208=DIRECTION('',(0.,1.,0.));
#3209=DIRECTION('',(0.,1.,0.));
#3210=DIRECTION('',(-1.,-1.77635683940025E-15,0.));
#3211=DIRECTION('',(1.,0.,0.));
#3212=DIRECTION('',(0.,-1.,0.));
#3213=DIRECTION('',(1.77635683940025E-15,-1.,0.));
#3214=DIRECTION('',(-7.7715611723761E-16,0.454625455081503,-0.890682713199227));
#3215=DIRECTION('',(0.,0.,-1.));
#3216=DIRECTION('',(0.,0.,-1.));
#3217=DIRECTION('',(0.,-1.,0.));
#3218=DIRECTION('',(-1.,0.,0.));
#3219=DIRECTION('',(0.,1.,0.));
#3220=DIRECTION('',(-1.77635683940025E-15,1.,0.));
#3221=DIRECTION('',(0.,-1.,0.));
#3222=DIRECTION('',(0.,0.,-1.));
#3223=DIRECTION('',(0.,0.,-1.));
#3224=DIRECTION('',(-7.7715611723761E-16,0.454625455081503,-0.890682713199227));
#3225=DIRECTION('',(0.,-1.,0.));
#3226=DIRECTION('',(0.,0.,1.));
#3227=DIRECTION('',(-1.,0.,0.));
#3228=DIRECTION('',(0.,0.,1.));
#3229=DIRECTION('',(1.,0.,0.));
#3230=DIRECTION('',(0.,0.,-1.));
#3231=DIRECTION('',(-1.,0.,0.));
#3232=DIRECTION('',(0.,0.,-1.));
#3233=DIRECTION('',(-1.,0.,0.));
#3234=DIRECTION('',(-1.77635683940025E-15,1.,0.));
#3235=DIRECTION('',(-1.,0.,0.));
#3236=DIRECTION('',(0.,1.,0.));
#3237=DIRECTION('',(-1.,0.,0.));
#3238=DIRECTION('',(1.,0.,0.));
#3239=DIRECTION('',(0.,0.,-1.));
#3240=DIRECTION('',(0.,0.,-1.));
#3241=DIRECTION('',(0.,1.,0.));
#3242=DIRECTION('',(0.,0.,-1.));
#3243=DIRECTION('',(0.890682713199227,-5.55111512312578E-17,-0.454625455081504));
#3244=DIRECTION('',(-0.454625455081504,0.,-0.890682713199227));
#3245=DIRECTION('',(0.,1.,0.));
#3246=DIRECTION('',(-0.454625455081503,0.,-0.890682713199227));
#3247=DIRECTION('',(-0.454625455081503,0.,-0.890682713199227));
#3248=DIRECTION('',(0.,1.,0.));
#3249=DIRECTION('',(0.,-1.,0.));
#3250=DIRECTION('',(1.,0.,0.));
#3251=DIRECTION('',(1.,1.77635683940025E-15,0.));
#3252=DIRECTION('',(0.,0.,-1.));
#3253=DIRECTION('',(-0.48725748449617,-8.60422844084496E-16,-0.873258348830668));
#3254=DIRECTION('',(-0.594253672689871,-9.99200722162641E-16,-0.804277671264471));
#3255=DIRECTION('',(1.,1.77635683940025E-15,0.));
#3256=DIRECTION('',(0.,0.,1.));
#3257=DIRECTION('',(1.,0.,0.));
#3258=DIRECTION('',(0.,-1.,0.));
#3259=DIRECTION('',(1.,0.,0.));
#3260=DIRECTION('',(0.,0.,1.));
#3261=DIRECTION('',(1.,1.77635683940025E-15,0.));
#3262=DIRECTION('',(-0.594253672689871,-9.99200722162641E-16,-0.804277671264471));
#3263=DIRECTION('',(-0.48725748449617,-8.60422844084496E-16,-0.873258348830668));
#3264=DIRECTION('',(0.,0.,-1.));
#3265=DIRECTION('',(1.,1.77635683940025E-15,0.));
#3266=DIRECTION('',(-1.,0.,0.));
#3267=DIRECTION('',(0.,0.,-1.));
#3268=DIRECTION('',(-1.,0.,0.));
#3269=DIRECTION('',(0.,0.,-1.));
#3270=DIRECTION('',(-1.,0.,0.));
#3271=DIRECTION('',(0.,0.,1.));
#3272=DIRECTION('',(-1.,0.,0.));
#3273=DIRECTION('',(0.,0.,1.));
#3274=DIRECTION('',(1.,0.,0.));
#3275=DIRECTION('',(-1.77635683940025E-15,1.,0.));
#3276=DIRECTION('',(-1.,0.,0.));
#3277=DIRECTION('',(0.,1.,0.));
#3278=DIRECTION('',(-1.,0.,0.));
#3279=DIRECTION('',(0.,0.,-1.));
#3280=DIRECTION('',(1.,0.,0.));
#3281=DIRECTION('',(0.,0.,-1.));
#3282=DIRECTION('',(-1.,0.,0.));
#3283=DIRECTION('',(1.,0.,0.));
#3284=DIRECTION('',(-1.77635683940025E-15,1.,0.));
#3285=DIRECTION('',(1.,0.,0.));
#3286=DIRECTION('',(0.,1.,0.));
#3287=DIRECTION('',(-1.,0.,0.));
#3288=DIRECTION('',(0.,0.,-1.));
#3289=DIRECTION('',(0.,0.,-1.));
#3290=DIRECTION('',(0.,1.,0.));
#3291=DIRECTION('',(0.,0.,-1.));
#3292=DIRECTION('',(-0.890682713199227,5.55111512312578E-17,-0.454625455081504));
#3293=DIRECTION('',(0.454625455081504,0.,-0.890682713199227));
#3294=DIRECTION('',(0.,1.,0.));
#3295=DIRECTION('',(0.,1.,0.));
#3296=DIRECTION('',(0.454625455081503,0.,-0.890682713199227));
#3297=DIRECTION('',(0.454625455081503,0.,-0.890682713199227));
#3298=DIRECTION('',(0.,-1.,0.));
#3299=DIRECTION('',(-1.,0.,0.));
#3300=DIRECTION('',(-1.,-1.77635683940025E-15,0.));
#3301=DIRECTION('',(-1.,0.,0.));
#3302=DIRECTION('',(0.,0.,1.));
#3303=DIRECTION('',(-1.,-1.77635683940025E-15,0.));
#3304=DIRECTION('',(0.594253672689871,9.99200722162641E-16,-0.804277671264471));
#3305=DIRECTION('',(0.48725748449617,8.60422844084496E-16,-0.873258348830668));
#3306=DIRECTION('',(0.,0.,-1.));
#3307=DIRECTION('',(0.,-1.,0.));
#3308=DIRECTION('',(-1.,0.,0.));
#3309=DIRECTION('',(1.,0.,0.));
#3310=DIRECTION('',(-1.,-1.77635683940025E-15,0.));
#3311=DIRECTION('',(0.,0.,-1.));
#3312=DIRECTION('',(0.48725748449617,8.60422844084496E-16,-0.873258348830668));
#3313=DIRECTION('',(0.594253672689871,9.99200722162641E-16,-0.804277671264471));
#3314=DIRECTION('',(-1.,-1.77635683940025E-15,0.));
#3315=DIRECTION('',(0.,0.,1.));
#3316=DIRECTION('',(0.,0.,-1.));
#3317=DIRECTION('',(1.,0.,0.));
#3318=DIRECTION('',(0.,0.,-1.));
#3319=DIRECTION('',(1.,0.,0.));
#3320=DIRECTION('',(0.,0.,-1.));
#3321=DIRECTION('',(-0.707106781186547,-0.707106781186548,0.));
#3322=DIRECTION('',(0.,0.,1.));
#3323=DIRECTION('',(0.707106781186547,0.707106781186548,0.));
#3324=DIRECTION('',(-0.707106781186548,0.707106781186547,0.));
#3325=DIRECTION('',(-0.707106781186548,0.707106781186547,0.));
#3326=DIRECTION('',(0.707106781186547,0.707106781186548,0.));
#3327=DIRECTION('',(0.,0.,-1.));
#3328=DIRECTION('',(0.707106781186548,-0.707106781186547,0.));
#3329=DIRECTION('',(-0.707106781186547,-0.707106781186548,0.));
#3330=DIRECTION('',(0.,0.,-1.));
#3331=DIRECTION('',(-0.707106781186548,0.707106781186547,0.));
#3332=DIRECTION('',(-0.873258348830668,-1.55431223447522E-15,-0.48725748449617));
#3333=DIRECTION('',(-0.48725748449617,-8.60422844084496E-16,0.873258348830668));
#3334=DIRECTION('',(1.77635683940025E-15,-1.,0.));
#3335=DIRECTION('',(-1.77635683940025E-15,1.,0.));
#3336=DIRECTION('',(-1.,-1.720845688169E-15,0.));
#3337=DIRECTION('',(0.,0.,1.));
#3338=DIRECTION('',(-1.720845688169E-15,1.,0.));
#3339=DIRECTION('',(0.,0.,1.));
#3340=DIRECTION('',(1.77635683940025E-15,-1.,0.));
#3341=DIRECTION('',(-0.804277671264471,-1.38777878078145E-15,-0.594253672689871));
#3342=DIRECTION('',(-0.594253672689871,-9.99200722162641E-16,0.804277671264471));
#3343=DIRECTION('',(1.,1.720845688169E-15,0.));
#3344=DIRECTION('',(0.,0.,1.));
#3345=DIRECTION('',(-1.720845688169E-15,1.,0.));
#3346=DIRECTION('',(1.77635683940025E-15,-1.,0.));
#3347=DIRECTION('',(0.873258348830668,1.55431223447522E-15,-0.48725748449617));
#3348=DIRECTION('',(0.48725748449617,8.60422844084496E-16,0.873258348830668));
#3349=DIRECTION('',(-1.77635683940025E-15,1.,0.));
#3350=DIRECTION('',(0.,0.,1.));
#3351=DIRECTION('',(1.77635683940025E-15,-1.,0.));
#3352=DIRECTION('',(0.804277671264471,1.38777878078145E-15,-0.594253672689871));
#3353=DIRECTION('',(0.594253672689871,9.99200722162641E-16,0.804277671264471));
#3354=DIRECTION('',(1.77635683940025E-15,-1.,0.));
#3355=DIRECTION('',(0.,0.,-1.));
#3356=DIRECTION('',(-1.,-1.77635683940025E-15,0.));
#3357=DIRECTION('',(0.,0.,-1.));
#3358=DIRECTION('',(-1.77635683940025E-15,1.,0.));
#3359=DIRECTION('',(-1.,-1.77635683940025E-15,0.));
#3360=DIRECTION('',(0.,0.,-1.));
#3361=DIRECTION('',(-1.77635683940025E-15,1.,0.));
#3362=DIRECTION('',(-1.,-1.77635683940025E-15,0.));
#3363=DIRECTION('',(1.55431223447522E-15,-0.890682713199227,-0.454625455081504));
#3364=DIRECTION('',(-7.7715611723761E-16,0.454625455081504,-0.890682713199227));
#3365=DIRECTION('',(-1.77635683940025E-15,1.,0.));
#3366=DIRECTION('',(0.,0.,-1.));
#3367=DIRECTION('',(-1.,-1.77635683940025E-15,0.));
#3368=DIRECTION('',(0.,0.,-1.));
#3369=DIRECTION('',(1.77635683940025E-15,-1.,0.));
#3370=DIRECTION('',(-1.,-1.77635683940025E-15,0.));
#3371=DIRECTION('',(0.,0.,-1.));
#3372=DIRECTION('',(1.77635683940025E-15,-1.,0.));
#3373=DIRECTION('',(-1.,-1.77635683940025E-15,0.));
#3374=DIRECTION('',(-1.55431223447522E-15,0.890682713199227,-0.454625455081504));
#3375=DIRECTION('',(7.7715611723761E-16,-0.454625455081504,-0.890682713199227));
#3376=DIRECTION('',(1.,1.77635683940025E-15,0.));
#3377=DIRECTION('',(0.,0.,-1.));
#3378=DIRECTION('',(-1.77635683940025E-15,1.,0.));
#3379=DIRECTION('',(0.,0.,1.));
#3380=DIRECTION('',(1.77635683940025E-15,-1.,0.));
#3381=DIRECTION('',(0.,0.,1.));
#3382=DIRECTION('',(1.77635683940025E-15,-1.,0.));
#3383=DIRECTION('',(-1.77635683940025E-15,1.,0.));
#3384=DIRECTION('',(-1.,-1.77635683940025E-15,0.));
#3385=DIRECTION('',(0.,0.,-1.));
#3386=DIRECTION('',(0.,0.,1.));
#3387=DIRECTION('',(0.707106781186547,0.707106781186548,0.));
#3388=DIRECTION('',(0.707106781186547,0.707106781186548,0.));
#3389=DIRECTION('',(0.707106781186547,0.707106781186548,0.));
#3390=DIRECTION('',(0.707106781186548,-0.707106781186547,0.));
#3391=DIRECTION('',(0.,0.,-1.));
#3392=DIRECTION('',(0.,0.,-1.));
#3393=DIRECTION('',(-0.707106781186547,-0.707106781186548,0.));
#3394=DIRECTION('',(-0.707106781186547,-0.707106781186548,0.));
#3395=DIRECTION('',(-0.707106781186547,-0.707106781186548,0.));
#3396=DIRECTION('',(0.,0.,-1.));
#3397=DIRECTION('',(-0.707106781186547,-0.707106781186548,0.));
#3398=DIRECTION('',(-0.707106781186548,-0.707106781186547,0.));
#3399=DIRECTION('',(-0.707106781186547,-0.707106781186548,0.));
#3400=DIRECTION('',(-0.707106781186548,0.707106781186547,0.));
#3401=DIRECTION('',(0.,0.,1.));
#3402=DIRECTION('',(0.,0.,1.));
#3403=DIRECTION('',(1.,0.,0.));
#3404=DIRECTION('',(0.,-1.,0.));
#3405=DIRECTION('',(0.,-1.,0.));
#3406=DIRECTION('',(0.,0.,1.));
#3407=DIRECTION('',(1.,0.,0.));
#3408=DIRECTION('',(0.,-1.,0.));
#3409=DIRECTION('',(0.,-1.,0.));
#3410=DIRECTION('',(-1.,0.,0.));
#3411=DIRECTION('',(0.,0.,1.));
#3412=DIRECTION('',(0.,0.,-1.));
#3413=DIRECTION('',(-1.,0.,0.));
#3414=DIRECTION('',(0.,1.,0.));
#3415=DIRECTION('',(0.,1.,0.));
#3416=DIRECTION('',(0.,0.,-1.));
#3417=DIRECTION('',(-1.,0.,0.));
#3418=DIRECTION('',(0.,1.,0.));
#3419=DIRECTION('',(0.,1.,0.));
#3420=DIRECTION('',(1.,0.,0.));
#3421=DIRECTION('',(0.,0.,-1.));
#3422=DIRECTION('',(0.,0.,1.));
#3423=DIRECTION('',(1.,0.,0.));
#3424=DIRECTION('',(1.,0.,0.));
#3425=DIRECTION('',(1.,0.,0.));
#3426=DIRECTION('',(0.,0.,1.));
#3427=DIRECTION('',(1.,0.,0.));
#3428=DIRECTION('',(1.,0.,0.));
#3429=DIRECTION('',(1.,0.,0.));
#3430=DIRECTION('',(0.,-1.,0.));
#3431=DIRECTION('',(0.,0.,-1.));
#3432=DIRECTION('',(0.,0.,-1.));
#3433=DIRECTION('',(-1.,0.,0.));
#3434=DIRECTION('',(-1.,0.,0.));
#3435=DIRECTION('',(-1.,0.,0.));
#3436=DIRECTION('',(0.,0.,-1.));
#3437=DIRECTION('',(-1.,0.,0.));
#3438=DIRECTION('',(-1.,0.,0.));
#3439=DIRECTION('',(-1.,0.,0.));
#3440=DIRECTION('',(0.,1.,0.));
#3441=DIRECTION('',(0.,0.,1.));
#3442=DIRECTION('',(0.,0.,1.));
#3443=DIRECTION('',(1.,0.,0.));
#3444=DIRECTION('',(0.,0.,1.));
#3445=DIRECTION('',(1.,0.,0.));
#3446=DIRECTION('',(0.,0.,1.));
#3447=DIRECTION('',(1.,0.,0.));
#3448=DIRECTION('',(0.,0.,1.));
#3449=DIRECTION('',(1.,0.,0.));
#3450=DIRECTION('',(-0.707106781186547,0.707106781186548,0.));
#3451=DIRECTION('',(0.,0.,1.));
#3452=DIRECTION('',(0.707106781186548,0.707106781186547,0.));
#3453=DIRECTION('',(-0.707106781186548,-0.707106781186547,0.));
#3454=DIRECTION('',(0.707106781186547,-0.707106781186548,0.));
#3455=DIRECTION('',(0.,0.,1.));
#3456=DIRECTION('',(-0.707106781186548,-0.707106781186547,0.));
#3457=DIRECTION('',(0.,0.,-1.));
#3458=DIRECTION('',(0.707106781186547,-0.707106781186548,0.));
#3459=DIRECTION('',(-0.707106781186547,0.707106781186548,0.));
#3460=DIRECTION('',(0.,0.,-1.));
#3461=DIRECTION('',(0.707106781186548,0.707106781186547,0.));
#3462=DIRECTION('',(0.,0.,1.));
#3463=DIRECTION('',(-0.707106781186547,0.707106781186548,0.));
#3464=DIRECTION('',(0.,0.,1.));
#3465=DIRECTION('',(-0.707106781186547,0.707106781186548,0.));
#3466=DIRECTION('',(-0.707106781186547,0.707106781186548,0.));
#3467=DIRECTION('',(-0.707106781186548,-0.707106781186547,0.));
#3468=DIRECTION('',(0.,0.,-1.));
#3469=DIRECTION('',(-0.707106781186547,0.707106781186548,0.));
#3470=DIRECTION('',(0.,0.,1.));
#3471=DIRECTION('',(-0.707106781186547,0.707106781186548,0.));
#3472=DIRECTION('',(-0.707106781186547,0.707106781186548,0.));
#3473=DIRECTION('',(0.,0.,-1.));
#3474=DIRECTION('',(0.707106781186547,-0.707106781186548,0.));
#3475=DIRECTION('',(0.707106781186547,-0.707106781186548,0.));
#3476=DIRECTION('',(0.707106781186548,0.707106781186547,0.));
#3477=DIRECTION('',(0.,0.,1.));
#3478=DIRECTION('',(0.707106781186547,-0.707106781186548,0.));
#3479=DIRECTION('',(0.,0.,-1.));
#3480=DIRECTION('',(0.707106781186547,-0.707106781186548,0.));
#3481=DIRECTION('',(0.707106781186547,-0.707106781186548,0.));
#3482=DIRECTION('',(0.,0.,1.));
#3483=DIRECTION('',(-1.,0.,0.));
#3484=DIRECTION('',(0.,0.,1.));
#3485=DIRECTION('',(1.,0.,0.));
#3486=DIRECTION('',(0.,0.,-1.));
#3487=DIRECTION('',(-1.,0.,0.));
#3488=DIRECTION('',(0.,0.,1.));
#3489=DIRECTION('',(-1.,0.,0.));
#3490=DIRECTION('',(1.,0.,0.));
#3491=DIRECTION('',(0.,0.,1.));
#3492=DIRECTION('',(-1.,0.,0.));
#3493=DIRECTION('',(0.,0.,-1.));
#3494=DIRECTION('',(0.,0.,1.));
#3495=DIRECTION('',(1.,0.,0.));
#3496=DIRECTION('',(0.,0.,1.));
#3497=DIRECTION('',(1.,0.,0.));
#3498=DIRECTION('',(0.,0.,1.));
#3499=DIRECTION('',(1.,0.,0.));
#3500=DIRECTION('',(0.,0.,1.));
#3501=DIRECTION('',(1.,0.,0.));
#3502=DIRECTION('',(0.,0.,1.));
#3503=DIRECTION('',(1.,0.,0.));
#3504=DIRECTION('',(0.,0.,1.));
#3505=DIRECTION('',(1.,0.,0.));
#3506=DIRECTION('',(0.,0.,-1.));
#3507=DIRECTION('',(1.,0.,0.));
#3508=DIRECTION('',(0.,0.,1.));
#3509=DIRECTION('',(1.,0.,0.));
#3510=DIRECTION('',(-0.707106781186548,-0.707106781186547,0.));
#3511=DIRECTION('',(0.,0.,1.));
#3512=DIRECTION('',(-0.707106781186547,0.707106781186548,0.));
#3513=DIRECTION('',(0.,0.,-1.));
#3514=DIRECTION('',(-0.707106781186547,0.707106781186548,0.));
#3515=DIRECTION('',(0.,1.,0.));
#3516=DIRECTION('',(0.,0.,-1.));
#3517=DIRECTION('',(-0.707106781186548,0.707106781186547,0.));
#3518=DIRECTION('',(0.,0.,-1.));
#3519=DIRECTION('',(-0.707106781186547,-0.707106781186548,0.));
#3520=DIRECTION('',(0.,0.,1.));
#3521=DIRECTION('',(-0.707106781186547,-0.707106781186548,0.));
#3522=DIRECTION('',(0.707106781186548,0.707106781186547,0.));
#3523=DIRECTION('',(0.,0.,-1.));
#3524=DIRECTION('',(0.707106781186547,-0.707106781186548,0.));
#3525=DIRECTION('',(0.,0.,1.));
#3526=DIRECTION('',(0.707106781186547,-0.707106781186548,0.));
#3527=DIRECTION('',(0.,-1.,0.));
#3528=DIRECTION('',(0.,0.,1.));
#3529=DIRECTION('',(0.,0.,-1.));
#3530=DIRECTION('',(0.707106781186547,0.707106781186548,0.));
#3531=DIRECTION('',(0.707106781186547,0.707106781186548,0.));
#3532=DIRECTION('',(0.707106781186548,-0.707106781186547,0.));
#3533=DIRECTION('',(0.,0.,1.));
#3534=DIRECTION('',(0.,0.,1.));
#3535=DIRECTION('',(1.,0.,0.));
#3536=DIRECTION('',(0.,0.,1.));
#3537=DIRECTION('',(1.,0.,0.));
#3538=DIRECTION('',(0.,0.,1.));
#3539=DIRECTION('',(1.,0.,0.));
#3540=DIRECTION('',(0.,0.,1.));
#3541=DIRECTION('',(-1.,0.,0.));
#3542=DIRECTION('',(0.,0.,1.));
#3543=DIRECTION('',(1.,0.,0.));
#3544=CARTESIAN_POINT('',(0.,0.,0.));
#3545=CARTESIAN_POINT('',(0.,2.80137955304957E-16,10.));
#3546=CARTESIAN_POINT('',(0.,2.80137955304957E-16,0.));
#3547=CARTESIAN_POINT('',(4.575,2.80137955304957E-16,0.));
#3548=CARTESIAN_POINT('',(0.,-2.80137955304957E-16,0.60058580711484));
#3549=CARTESIAN_POINT('',(-3.91480739735766,2.3674686991793,0.60058580711484));
#3550=CARTESIAN_POINT('',(-3.8287301120619,2.50428647103131,0.60058580711484));
#3551=CARTESIAN_POINT('',(-3.91480739735766,2.3674686991793,10.));
#3552=CARTESIAN_POINT('',(-3.91480739735766,2.3674686991793,3.5));
#3553=CARTESIAN_POINT('',(0.,2.80137955304957E-16,3.5));
#3554=CARTESIAN_POINT('',(-4.46934473246215,0.977539084851742,3.5));
#3555=CARTESIAN_POINT('',(-4.46934473246215,0.977539084851742,10.));
#3556=CARTESIAN_POINT('',(-4.46934473246215,0.977539084851742,0.655273301526904));
#3557=CARTESIAN_POINT('',(0.,2.80137955304957E-16,0.655273301526904));
#3558=CARTESIAN_POINT('',(-4.46934473246215,-0.977539084851742,0.655273301526904));
#3559=CARTESIAN_POINT('',(-4.46934473246215,-0.977539084851742,10.));
#3560=CARTESIAN_POINT('',(-4.46934473246215,-0.977539084851742,3.5));
#3561=CARTESIAN_POINT('',(0.,2.80137955304957E-16,3.5));
#3562=CARTESIAN_POINT('',(-3.91480739735766,-2.3674686991793,3.5));
#3563=CARTESIAN_POINT('',(-3.91480739735766,-2.3674686991793,10.));
#3564=CARTESIAN_POINT('',(-3.91480739735766,-2.3674686991793,0.60058580711484));
#3565=CARTESIAN_POINT('',(0.,2.80137955304957E-16,0.60058580711484));
#3566=CARTESIAN_POINT('',(-3.8287301120619,-2.50428647103131,0.60058580711484));
#3567=CARTESIAN_POINT('',(-3.8287301120619,-2.50428647103131,10.));
#3568=CARTESIAN_POINT('',(-3.8287301120619,-2.50428647103131,0.354491686448455));
#3569=CARTESIAN_POINT('',(0.,2.80137955304957E-16,0.354491686448455));
#3570=CARTESIAN_POINT('',(-2.50428647103131,-3.8287301120619,0.354491686448455));
#3571=CARTESIAN_POINT('',(-2.50428647103131,-3.8287301120619,10.));
#3572=CARTESIAN_POINT('',(-2.50428647103131,-3.8287301120619,0.60058580711484));
#3573=CARTESIAN_POINT('',(0.,-2.80137955304957E-16,0.60058580711484));
#3574=CARTESIAN_POINT('',(-2.3674686991793,-3.91480739735767,0.60058580711484));
#3575=CARTESIAN_POINT('',(-2.3674686991793,-3.91480739735767,10.));
#3576=CARTESIAN_POINT('',(-2.3674686991793,-3.91480739735767,3.5));
#3577=CARTESIAN_POINT('',(0.,2.80137955304957E-16,3.5));
#3578=CARTESIAN_POINT('',(-1.25097651034594,-4.40064572200066,3.5));
#3579=CARTESIAN_POINT('',(-1.25097651034594,-4.40064572200066,10.));
#3580=CARTESIAN_POINT('',(-1.25097651034594,-4.40064572200066,0.436523277312517));
#3581=CARTESIAN_POINT('',(0.,2.80137955304957E-16,0.436523277312517));
#3582=CARTESIAN_POINT('',(1.25097651034594,-4.40064572200066,0.436523277312517));
#3583=CARTESIAN_POINT('',(1.25097651034594,-4.40064572200066,10.));
#3584=CARTESIAN_POINT('',(1.25097651034594,-4.40064572200066,3.5));
#3585=CARTESIAN_POINT('',(0.,2.80137955304957E-16,3.5));
#3586=CARTESIAN_POINT('',(2.3674686991793,-3.91480739735767,3.5));
#3587=CARTESIAN_POINT('',(2.3674686991793,-3.91480739735767,10.));
#3588=CARTESIAN_POINT('',(2.3674686991793,-3.91480739735767,0.60058580711484));
#3589=CARTESIAN_POINT('',(0.,-2.80137955304957E-16,0.60058580711484));
#3590=CARTESIAN_POINT('',(2.50428647103131,-3.8287301120619,0.60058580711484));
#3591=CARTESIAN_POINT('',(2.50428647103131,-3.8287301120619,10.));
#3592=CARTESIAN_POINT('',(2.50428647103131,-3.8287301120619,0.354491686448455));
#3593=CARTESIAN_POINT('',(0.,2.80137955304957E-16,0.354491686448455));
#3594=CARTESIAN_POINT('',(3.8287301120619,-2.50428647103131,0.354491686448455));
#3595=CARTESIAN_POINT('',(3.8287301120619,-2.50428647103131,10.));
#3596=CARTESIAN_POINT('',(3.8287301120619,-2.50428647103131,0.60058580711484));
#3597=CARTESIAN_POINT('',(0.,2.80137955304957E-16,0.60058580711484));
#3598=CARTESIAN_POINT('',(3.91480739735766,-2.3674686991793,0.60058580711484));
#3599=CARTESIAN_POINT('',(3.91480739735766,-2.3674686991793,10.));
#3600=CARTESIAN_POINT('',(3.91480739735766,-2.3674686991793,3.5));
#3601=CARTESIAN_POINT('',(0.,2.80137955304957E-16,3.5));
#3602=CARTESIAN_POINT('',(4.46934473246215,-0.977539084851742,3.5));
#3603=CARTESIAN_POINT('',(4.46934473246215,-0.977539084851742,10.));
#3604=CARTESIAN_POINT('',(4.46934473246215,-0.977539084851742,0.655273301526904));
#3605=CARTESIAN_POINT('',(0.,2.80137955304957E-16,0.655273301526904));
#3606=CARTESIAN_POINT('',(4.46934473246215,0.977539084851742,0.655273301526904));
#3607=CARTESIAN_POINT('',(4.46934473246215,0.977539084851742,10.));
#3608=CARTESIAN_POINT('',(4.46934473246215,0.977539084851742,3.5));
#3609=CARTESIAN_POINT('',(0.,2.80137955304957E-16,3.5));
#3610=CARTESIAN_POINT('',(3.91480739735766,2.3674686991793,3.5));
#3611=CARTESIAN_POINT('',(3.91480739735766,2.3674686991793,10.));
#3612=CARTESIAN_POINT('',(3.91480739735766,2.3674686991793,0.60058580711484));
#3613=CARTESIAN_POINT('',(0.,-2.80137955304957E-16,0.60058580711484));
#3614=CARTESIAN_POINT('',(3.8287301120619,2.50428647103131,0.60058580711484));
#3615=CARTESIAN_POINT('',(3.8287301120619,2.50428647103131,10.));
#3616=CARTESIAN_POINT('',(3.8287301120619,2.50428647103131,0.354491686448455));
#3617=CARTESIAN_POINT('',(0.,2.80137955304957E-16,0.354491686448455));
#3618=CARTESIAN_POINT('',(2.50428647103131,3.8287301120619,0.354491686448455));
#3619=CARTESIAN_POINT('',(2.50428647103131,3.8287301120619,10.));
#3620=CARTESIAN_POINT('',(2.50428647103131,3.8287301120619,0.60058580711484));
#3621=CARTESIAN_POINT('',(0.,2.80137955304957E-16,0.60058580711484));
#3622=CARTESIAN_POINT('',(2.3674686991793,3.91480739735767,0.60058580711484));
#3623=CARTESIAN_POINT('',(2.3674686991793,3.91480739735767,10.));
#3624=CARTESIAN_POINT('',(2.3674686991793,3.91480739735767,3.5));
#3625=CARTESIAN_POINT('',(0.,2.80137955304957E-16,3.5));
#3626=CARTESIAN_POINT('',(1.25097651034594,4.40064572200066,3.5));
#3627=CARTESIAN_POINT('',(1.25097651034594,4.40064572200066,10.));
#3628=CARTESIAN_POINT('',(1.25097651034593,4.40064572200066,0.436523277312517));
#3629=CARTESIAN_POINT('',(0.,2.80137955304957E-16,0.436523277312517));
#3630=CARTESIAN_POINT('',(-1.25097651034594,4.40064572200066,0.436523277312517));
#3631=CARTESIAN_POINT('',(-1.25097651034594,4.40064572200066,10.));
#3632=CARTESIAN_POINT('',(-1.25097651034594,4.40064572200066,3.5));
#3633=CARTESIAN_POINT('',(0.,2.80137955304957E-16,3.5));
#3634=CARTESIAN_POINT('',(-2.3674686991793,3.91480739735767,3.5));
#3635=CARTESIAN_POINT('',(-2.3674686991793,3.91480739735767,10.));
#3636=CARTESIAN_POINT('',(-2.3674686991793,3.91480739735767,0.60058580711484));
#3637=CARTESIAN_POINT('',(0.,2.80137955304957E-16,0.60058580711484));
#3638=CARTESIAN_POINT('',(-2.50428647103131,3.8287301120619,0.60058580711484));
#3639=CARTESIAN_POINT('',(-2.50428647103131,3.8287301120619,10.));
#3640=CARTESIAN_POINT('',(-2.50428647103131,3.8287301120619,0.354491686448455));
#3641=CARTESIAN_POINT('',(0.,2.80137955304957E-16,0.354491686448455));
#3642=CARTESIAN_POINT('',(-3.8287301120619,2.50428647103131,0.354491686448455));
#3643=CARTESIAN_POINT('',(-3.8287301120619,2.50428647103131,10.));
#3644=CARTESIAN_POINT('',(0.,1.99005104861445E-16,3.5));
#3645=CARTESIAN_POINT('',(0.,1.99005104861445E-16,5.));
#3646=CARTESIAN_POINT('',(3.25,1.99005104861445E-16,5.));
#3647=CARTESIAN_POINT('',(0.,1.99005104861445E-16,3.5));
#3648=CARTESIAN_POINT('',(-3.09950275650583,-0.977539084851742,3.5));
#3649=CARTESIAN_POINT('',(-2.93762076681554,-1.39028206863718,3.5));
#3650=CARTESIAN_POINT('',(-3.09950275650583,-0.977539084851742,3.5));
#3651=CARTESIAN_POINT('',(-3.09950275650583,-0.977539084851742,3.82714830338955));
#3652=CARTESIAN_POINT('',(0.,1.99005104861445E-16,3.82714830338955));
#3653=CARTESIAN_POINT('',(-3.09950275650583,0.977539084851742,3.82714830338955));
#3654=CARTESIAN_POINT('',(-3.09950275650583,0.977539084851742,3.5));
#3655=CARTESIAN_POINT('',(-3.09950275650583,0.977539084851742,3.5));
#3656=CARTESIAN_POINT('',(0.,1.99005104861445E-16,3.5));
#3657=CARTESIAN_POINT('',(-2.93762076681554,1.39028206863718,3.5));
#3658=CARTESIAN_POINT('',(-2.93762076681554,1.39028206863718,3.5));
#3659=CARTESIAN_POINT('',(-2.93762076681554,1.39028206863718,3.96386720240116));
#3660=CARTESIAN_POINT('',(0.,1.99005104861445E-16,3.96386720240116));
#3661=CARTESIAN_POINT('',(-1.39028206863717,2.93762076681554,3.96386720240116));
#3662=CARTESIAN_POINT('',(-1.39028206863717,2.93762076681554,3.5));
#3663=CARTESIAN_POINT('',(-1.39028206863717,2.93762076681554,3.5));
#3664=CARTESIAN_POINT('',(0.,1.99005104861445E-16,3.5));
#3665=CARTESIAN_POINT('',(-1.25097651034594,2.99959293414335,3.5));
#3666=CARTESIAN_POINT('',(-1.25097651034594,2.99959293414335,3.5));
#3667=CARTESIAN_POINT('',(-1.25097651034593,2.99959293414335,3.93652319908142));
#3668=CARTESIAN_POINT('',(0.,1.99005104861445E-16,3.93652319908142));
#3669=CARTESIAN_POINT('',(1.25097651034593,2.99959293414335,3.93652319908142));
#3670=CARTESIAN_POINT('',(1.25097651034594,2.99959293414335,3.5));
#3671=CARTESIAN_POINT('',(1.25097651034594,2.99959293414335,3.5));
#3672=CARTESIAN_POINT('',(0.,1.99005104861445E-16,3.5));
#3673=CARTESIAN_POINT('',(1.39028206863717,2.93762076681554,3.5));
#3674=CARTESIAN_POINT('',(1.39028206863717,2.93762076681554,3.5));
#3675=CARTESIAN_POINT('',(1.39028206863717,2.93762076681554,3.96386720240116));
#3676=CARTESIAN_POINT('',(0.,1.99005104861445E-16,3.96386720240116));
#3677=CARTESIAN_POINT('',(2.93762076681554,1.39028206863718,3.96386720240116));
#3678=CARTESIAN_POINT('',(2.93762076681554,1.39028206863718,3.5));
#3679=CARTESIAN_POINT('',(2.93762076681554,1.39028206863718,3.5));
#3680=CARTESIAN_POINT('',(0.,1.99005104861445E-16,3.5));
#3681=CARTESIAN_POINT('',(3.09950275650583,0.977539084851742,3.5));
#3682=CARTESIAN_POINT('',(3.09950275650583,0.977539084851742,3.5));
#3683=CARTESIAN_POINT('',(3.09950275650583,0.977539084851742,3.82714830338955));
#3684=CARTESIAN_POINT('',(0.,1.99005104861445E-16,3.82714830338955));
#3685=CARTESIAN_POINT('',(3.09950275650583,-0.977539084851742,3.82714830338955));
#3686=CARTESIAN_POINT('',(3.09950275650583,-0.977539084851742,3.5));
#3687=CARTESIAN_POINT('',(3.09950275650583,-0.977539084851742,3.5));
#3688=CARTESIAN_POINT('',(0.,1.99005104861445E-16,3.5));
#3689=CARTESIAN_POINT('',(2.93762076681554,-1.39028206863718,3.5));
#3690=CARTESIAN_POINT('',(2.93762076681554,-1.39028206863718,3.5));
#3691=CARTESIAN_POINT('',(2.93762076681554,-1.39028206863718,3.96386720240116));
#3692=CARTESIAN_POINT('',(0.,1.99005104861445E-16,3.96386720240116));
#3693=CARTESIAN_POINT('',(1.39028206863717,-2.93762076681554,3.96386720240116));
#3694=CARTESIAN_POINT('',(1.39028206863717,-2.93762076681554,3.5));
#3695=CARTESIAN_POINT('',(1.39028206863717,-2.93762076681554,3.5));
#3696=CARTESIAN_POINT('',(0.,1.99005104861445E-16,3.5));
#3697=CARTESIAN_POINT('',(1.25097651034594,-2.99959293414335,3.5));
#3698=CARTESIAN_POINT('',(1.25097651034594,-2.99959293414335,3.5));
#3699=CARTESIAN_POINT('',(1.25097651034594,-2.99959293414335,3.93652319908142));
#3700=CARTESIAN_POINT('',(0.,1.99005104861445E-16,3.93652319908142));
#3701=CARTESIAN_POINT('',(-1.25097651034594,-2.99959293414335,3.93652319908142));
#3702=CARTESIAN_POINT('',(-1.25097651034594,-2.99959293414335,3.5));
#3703=CARTESIAN_POINT('',(-1.25097651034594,-2.99959293414335,3.5));
#3704=CARTESIAN_POINT('',(0.,1.99005104861445E-16,3.5));
#3705=CARTESIAN_POINT('',(-1.39028206863717,-2.93762076681554,3.5));
#3706=CARTESIAN_POINT('',(-1.39028206863717,-2.93762076681554,3.5));
#3707=CARTESIAN_POINT('',(-1.39028206863717,-2.93762076681554,3.96386720240116));
#3708=CARTESIAN_POINT('',(0.,1.99005104861445E-16,3.96386720240116));
#3709=CARTESIAN_POINT('',(-2.93762076681554,-1.39028206863718,3.96386720240116));
#3710=CARTESIAN_POINT('',(-2.93762076681554,-1.39028206863718,3.5));
#3711=CARTESIAN_POINT('',(0.,3.10754125283641E-16,10.));
#3712=CARTESIAN_POINT('',(0.,3.10754125283641E-16,3.96386720240116));
#3713=CARTESIAN_POINT('',(-2.73050647958721,4.27784517776558,3.96386720240116));
#3714=CARTESIAN_POINT('',(-4.27784517776558,2.73050647958721,3.96386720240116));
#3715=CARTESIAN_POINT('',(-4.27784517776558,2.73050647958721,10.));
#3716=CARTESIAN_POINT('',(-4.27784517776558,2.73050647958721,0.60058580711484));
#3717=CARTESIAN_POINT('',(0.,-3.10754125283641E-16,0.60058580711484));
#3718=CARTESIAN_POINT('',(-4.18915742531919,2.8647137842886,0.60058580711484));
#3719=CARTESIAN_POINT('',(-4.18915742531919,2.8647137842886,10.));
#3720=CARTESIAN_POINT('',(-4.18915742531919,2.8647137842886,0.354491686448455));
#3721=CARTESIAN_POINT('',(0.,3.10754125283641E-16,0.354491686448455));
#3722=CARTESIAN_POINT('',(-2.8647137842886,4.18915742531918,0.354491686448455));
#3723=CARTESIAN_POINT('',(-2.8647137842886,4.18915742531918,10.));
#3724=CARTESIAN_POINT('',(-2.8647137842886,4.18915742531918,0.60058580711484));
#3725=CARTESIAN_POINT('',(0.,3.10754125283641E-16,0.60058580711484));
#3726=CARTESIAN_POINT('',(-2.73050647958721,4.27784517776558,0.60058580711484));
#3727=CARTESIAN_POINT('',(-2.73050647958721,4.27784517776558,10.));
#3728=CARTESIAN_POINT('',(0.,-3.10754125283641E-16,0.60058580711484));
#3729=CARTESIAN_POINT('',(4.27784517776558,2.73050647958721,0.60058580711484));
#3730=CARTESIAN_POINT('',(4.18915742531919,2.8647137842886,0.60058580711484));
#3731=CARTESIAN_POINT('',(4.27784517776558,2.73050647958721,10.));
#3732=CARTESIAN_POINT('',(4.27784517776558,2.73050647958721,3.96386720240116));
#3733=CARTESIAN_POINT('',(0.,3.10754125283641E-16,3.96386720240116));
#3734=CARTESIAN_POINT('',(2.73050647958721,4.27784517776558,3.96386720240116));
#3735=CARTESIAN_POINT('',(2.73050647958721,4.27784517776558,10.));
#3736=CARTESIAN_POINT('',(2.73050647958721,4.27784517776558,0.60058580711484));
#3737=CARTESIAN_POINT('',(0.,3.10754125283641E-16,0.60058580711484));
#3738=CARTESIAN_POINT('',(2.8647137842886,4.18915742531918,0.60058580711484));
#3739=CARTESIAN_POINT('',(2.8647137842886,4.18915742531918,10.));
#3740=CARTESIAN_POINT('',(2.8647137842886,4.18915742531918,0.354491686448455));
#3741=CARTESIAN_POINT('',(0.,3.10754125283641E-16,0.354491686448455));
#3742=CARTESIAN_POINT('',(4.18915742531919,2.8647137842886,0.354491686448455));
#3743=CARTESIAN_POINT('',(4.18915742531919,2.8647137842886,10.));
#3744=CARTESIAN_POINT('',(0.,-3.10754125283641E-16,0.60058580711484));
#3745=CARTESIAN_POINT('',(2.73050647958721,-4.27784517776558,0.60058580711484));
#3746=CARTESIAN_POINT('',(2.8647137842886,-4.18915742531918,0.60058580711484));
#3747=CARTESIAN_POINT('',(2.73050647958721,-4.27784517776558,10.));
#3748=CARTESIAN_POINT('',(2.73050647958721,-4.27784517776558,3.96386720240116));
#3749=CARTESIAN_POINT('',(0.,3.10754125283641E-16,3.96386720240116));
#3750=CARTESIAN_POINT('',(4.27784517776558,-2.73050647958721,3.96386720240116));
#3751=CARTESIAN_POINT('',(4.27784517776558,-2.73050647958721,10.));
#3752=CARTESIAN_POINT('',(4.27784517776558,-2.73050647958721,0.60058580711484));
#3753=CARTESIAN_POINT('',(0.,3.10754125283641E-16,0.60058580711484));
#3754=CARTESIAN_POINT('',(4.18915742531919,-2.8647137842886,0.60058580711484));
#3755=CARTESIAN_POINT('',(4.18915742531919,-2.8647137842886,10.));
#3756=CARTESIAN_POINT('',(4.18915742531919,-2.8647137842886,0.354491686448455));
#3757=CARTESIAN_POINT('',(0.,3.10754125283641E-16,0.354491686448455));
#3758=CARTESIAN_POINT('',(2.8647137842886,-4.18915742531918,0.354491686448455));
#3759=CARTESIAN_POINT('',(2.8647137842886,-4.18915742531918,10.));
#3760=CARTESIAN_POINT('',(-3.10754125283641E-16,-5.39260384428426E-31,4.4440321624279));
#3761=CARTESIAN_POINT('',(1.5,4.84825999715362,4.4440321624279));
#3762=CARTESIAN_POINT('',(0.483459534676791,5.05191962310666,4.4440321624279));
#3763=CARTESIAN_POINT('',(1.5,4.84825999715362,10.));
#3764=CARTESIAN_POINT('',(1.5,4.84825999715362,6.53878352565323));
#3765=CARTESIAN_POINT('',(0.,-3.10754125283641E-16,6.53878352565323));
#3766=CARTESIAN_POINT('',(-1.5,4.84825999715362,6.53878352565323));
#3767=CARTESIAN_POINT('',(-1.5,4.84825999715362,10.));
#3768=CARTESIAN_POINT('',(-1.5,4.84825999715362,4.4440321624279));
#3769=CARTESIAN_POINT('',(-3.10754125283641E-16,-5.39260384428426E-31,4.4440321624279));
#3770=CARTESIAN_POINT('',(-0.483459534676809,5.05191962310665,4.4440321624279));
#3771=CARTESIAN_POINT('',(-3.10754125283641E-16,-5.39260384428426E-31,14.3415366388686));
#3772=CARTESIAN_POINT('',(0.,3.10754125283641E-16,10.));
#3773=CARTESIAN_POINT('',(5.075,3.10754125283641E-16,10.));
#3774=CARTESIAN_POINT('',(0.,3.10754125283641E-16,0.));
#3775=CARTESIAN_POINT('',(5.075,3.10754125283641E-16,0.));
#3776=CARTESIAN_POINT('',(1.5,-4.84825999715362,10.));
#3777=CARTESIAN_POINT('',(1.5,-4.84825999715362,6.53878352565323));
#3778=CARTESIAN_POINT('',(1.5,-4.84825999715362,4.4440321624279));
#3779=CARTESIAN_POINT('',(-3.10754125283641E-16,-5.39260384428426E-31,4.4440321624279));
#3780=CARTESIAN_POINT('',(0.483459534676809,-5.05191962310665,4.4440321624279));
#3781=CARTESIAN_POINT('',(-3.10754125283641E-16,-5.39260384428426E-31,14.3415366388686));
#3782=CARTESIAN_POINT('',(-0.483459534676791,-5.05191962310666,4.4440321624279));
#3783=CARTESIAN_POINT('',(-3.10754125283641E-16,-5.39260384428426E-31,4.4440321624279));
#3784=CARTESIAN_POINT('',(-1.5,-4.84825999715362,4.4440321624279));
#3785=CARTESIAN_POINT('',(-1.5,-4.84825999715362,10.));
#3786=CARTESIAN_POINT('',(-1.5,-4.84825999715362,6.53878352565323));
#3787=CARTESIAN_POINT('',(0.,3.10754125283641E-16,6.53878352565323));
#3788=CARTESIAN_POINT('',(-4.84825999715362,1.5,10.));
#3789=CARTESIAN_POINT('',(-4.84825999715362,1.5,6.53878352565323));
#3790=CARTESIAN_POINT('',(-4.84825999715362,1.5,4.4440321624279));
#3791=CARTESIAN_POINT('',(3.10754125283641E-16,5.39260384428426E-31,6.53878352565323));
#3792=CARTESIAN_POINT('',(-4.84825999715362,-1.5,6.53878352565323));
#3793=CARTESIAN_POINT('',(-4.84825999715362,-1.5,10.));
#3794=CARTESIAN_POINT('',(-4.84825999715362,-1.5,4.4440321624279));
#3795=CARTESIAN_POINT('',(0.,3.10754125283641E-16,4.4440321624279));
#3796=CARTESIAN_POINT('',(-5.05191962310666,-0.4834595346768,4.4440321624279));
#3797=CARTESIAN_POINT('',(0.,3.10754125283641E-16,14.3415366388686));
#3798=CARTESIAN_POINT('',(-5.05191962310666,0.4834595346768,4.4440321624279));
#3799=CARTESIAN_POINT('',(0.,3.10754125283641E-16,4.4440321624279));
#3800=CARTESIAN_POINT('',(4.84825999715362,-1.5,10.));
#3801=CARTESIAN_POINT('',(4.84825999715362,-1.5,6.53878352565323));
#3802=CARTESIAN_POINT('',(4.84825999715362,-1.5,4.4440321624279));
#3803=CARTESIAN_POINT('',(-3.10754125283641E-16,-5.39260384428426E-31,6.53878352565323));
#3804=CARTESIAN_POINT('',(4.84825999715362,1.5,6.53878352565323));
#3805=CARTESIAN_POINT('',(4.84825999715362,1.5,10.));
#3806=CARTESIAN_POINT('',(4.84825999715362,1.5,4.4440321624279));
#3807=CARTESIAN_POINT('',(0.,3.10754125283641E-16,4.4440321624279));
#3808=CARTESIAN_POINT('',(5.05191962310666,0.4834595346768,4.4440321624279));
#3809=CARTESIAN_POINT('',(0.,3.10754125283641E-16,14.3415366388686));
#3810=CARTESIAN_POINT('',(5.05191962310666,-0.4834595346768,4.4440321624279));
#3811=CARTESIAN_POINT('',(0.,3.10754125283641E-16,4.4440321624279));
#3812=CARTESIAN_POINT('',(-1.25097651034594,-4.91840246122282,10.));
#3813=CARTESIAN_POINT('',(-1.25097651034594,-4.91840246122282,3.93652319908142));
#3814=CARTESIAN_POINT('',(-1.25097651034594,-4.91840246122282,0.436523277312517));
#3815=CARTESIAN_POINT('',(0.,3.10754125283641E-16,3.93652319908142));
#3816=CARTESIAN_POINT('',(1.25097651034594,-4.91840246122282,3.93652319908142));
#3817=CARTESIAN_POINT('',(1.25097651034594,-4.91840246122282,10.));
#3818=CARTESIAN_POINT('',(1.25097651034594,-4.91840246122282,0.436523277312517));
#3819=CARTESIAN_POINT('',(0.,3.10754125283641E-16,0.436523277312517));
#3820=CARTESIAN_POINT('',(-1.25097651034594,4.91840246122282,10.));
#3821=CARTESIAN_POINT('',(-1.25097651034594,4.91840246122282,3.93652319908142));
#3822=CARTESIAN_POINT('',(-1.25097651034594,4.91840246122282,0.436523277312517));
#3823=CARTESIAN_POINT('',(0.,3.10754125283641E-16,0.436523277312517));
#3824=CARTESIAN_POINT('',(1.25097651034593,4.91840246122282,0.436523277312517));
#3825=CARTESIAN_POINT('',(1.25097651034594,4.91840246122282,10.));
#3826=CARTESIAN_POINT('',(1.25097651034593,4.91840246122282,3.93652319908142));
#3827=CARTESIAN_POINT('',(0.,3.10754125283641E-16,3.93652319908142));
#3828=CARTESIAN_POINT('',(-2.73050647958721,-4.27784517776558,10.));
#3829=CARTESIAN_POINT('',(-2.73050647958721,-4.27784517776558,3.96386720240116));
#3830=CARTESIAN_POINT('',(-2.73050647958721,-4.27784517776558,0.60058580711484));
#3831=CARTESIAN_POINT('',(0.,-3.10754125283641E-16,0.60058580711484));
#3832=CARTESIAN_POINT('',(-2.8647137842886,-4.18915742531918,0.60058580711484));
#3833=CARTESIAN_POINT('',(-2.8647137842886,-4.18915742531918,10.));
#3834=CARTESIAN_POINT('',(-2.8647137842886,-4.18915742531918,0.354491686448455));
#3835=CARTESIAN_POINT('',(0.,3.10754125283641E-16,0.354491686448455));
#3836=CARTESIAN_POINT('',(-4.18915742531919,-2.8647137842886,0.354491686448455));
#3837=CARTESIAN_POINT('',(-4.18915742531919,-2.8647137842886,10.));
#3838=CARTESIAN_POINT('',(-4.18915742531919,-2.8647137842886,0.60058580711484));
#3839=CARTESIAN_POINT('',(0.,3.10754125283641E-16,0.60058580711484));
#3840=CARTESIAN_POINT('',(-4.27784517776558,-2.73050647958721,0.60058580711484));
#3841=CARTESIAN_POINT('',(-4.27784517776558,-2.73050647958721,10.));
#3842=CARTESIAN_POINT('',(-4.27784517776558,-2.73050647958721,3.96386720240116));
#3843=CARTESIAN_POINT('',(0.,3.10754125283641E-16,3.96386720240116));
#3844=CARTESIAN_POINT('',(4.97996408998973,-0.977539084851742,10.));
#3845=CARTESIAN_POINT('',(4.97996408998973,-0.977539084851742,3.82714830338955));
#3846=CARTESIAN_POINT('',(4.97996408998973,-0.977539084851742,0.655273301526904));
#3847=CARTESIAN_POINT('',(0.,3.10754125283641E-16,3.82714830338955));
#3848=CARTESIAN_POINT('',(4.97996408998973,0.977539084851742,3.82714830338955));
#3849=CARTESIAN_POINT('',(4.97996408998973,0.977539084851742,10.));
#3850=CARTESIAN_POINT('',(4.97996408998973,0.977539084851742,0.655273301526904));
#3851=CARTESIAN_POINT('',(0.,3.10754125283641E-16,0.655273301526904));
#3852=CARTESIAN_POINT('',(-4.97996408998973,-0.977539084851742,10.));
#3853=CARTESIAN_POINT('',(-4.97996408998973,-0.977539084851742,3.82714830338955));
#3854=CARTESIAN_POINT('',(-4.97996408998973,-0.977539084851742,0.655273301526904));
#3855=CARTESIAN_POINT('',(0.,3.10754125283641E-16,0.655273301526904));
#3856=CARTESIAN_POINT('',(-4.97996408998973,0.977539084851742,0.655273301526904));
#3857=CARTESIAN_POINT('',(-4.97996408998973,0.977539084851742,10.));
#3858=CARTESIAN_POINT('',(-4.97996408998973,0.977539084851742,3.82714830338955));
#3859=CARTESIAN_POINT('',(0.,3.10754125283641E-16,3.82714830338955));
#3860=CARTESIAN_POINT('',(0.,0.,3.5));
#3861=CARTESIAN_POINT('',(0.773669349089186,-0.773669349089184,3.5));
#3862=CARTESIAN_POINT('',(-1.25097651034594,0.,3.5));
#3863=CARTESIAN_POINT('',(0.,0.,3.5));
#3864=CARTESIAN_POINT('',(0.,-0.977539084851742,3.5));
#3865=CARTESIAN_POINT('',(0.773669349089186,0.773669349089184,3.5));
#3866=CARTESIAN_POINT('',(0.,0.,3.5));
#3867=CARTESIAN_POINT('',(-0.773669349089186,-0.773669349089184,3.5));
#3868=CARTESIAN_POINT('',(1.25097651034594,0.,3.5));
#3869=CARTESIAN_POINT('',(-6.58777664685857,5.26333300582797,2.06347599159926));
#3870=CARTESIAN_POINT('',(-4.98971532137697,3.66527168034637,0.60058580711484));
#3871=CARTESIAN_POINT('',(-6.58777664685857,5.26333300582797,0.354491686448455));
#3872=CARTESIAN_POINT('',(-4.7259318521262,-6.05037549315678,2.06347599159926));
#3873=CARTESIAN_POINT('',(-5.26333300582798,-6.58777664685856,0.60058580711484));
#3874=CARTESIAN_POINT('',(-4.7259318521262,-6.05037549315678,0.354491686448455));
#3875=CARTESIAN_POINT('',(0.,0.,3.5));
#3876=CARTESIAN_POINT('',(0.773669349089186,0.773669349089184,3.5));
#3877=CARTESIAN_POINT('',(-1.25097651034594,0.,3.5));
#3878=CARTESIAN_POINT('',(-5.26333300582798,6.58777664685856,2.06347599159926));
#3879=CARTESIAN_POINT('',(-5.26333300582798,6.58777664685856,0.60058580711484));
#3880=CARTESIAN_POINT('',(-5.26333300582798,6.58777664685856,0.354491686448455));
#3881=CARTESIAN_POINT('',(-4.40510455163425,-4.24988245008909,0.60058580711484));
#3882=CARTESIAN_POINT('',(-4.98971532137697,-3.66527168034637,0.60058580711484));
#3883=CARTESIAN_POINT('',(-5.10116284995085,-3.55382415177249,0.60058580711484));
#3884=CARTESIAN_POINT('',(0.,0.,3.5));
#3885=CARTESIAN_POINT('',(-0.773669349089186,-0.773669349089184,3.5));
#3886=CARTESIAN_POINT('',(0.,0.977539084851742,3.5));
#3887=CARTESIAN_POINT('',(0.,0.,3.5));
#3888=CARTESIAN_POINT('',(1.25097651034594,0.,3.5));
#3889=CARTESIAN_POINT('',(-0.773669349089186,0.773669349089184,3.5));
#3890=CARTESIAN_POINT('',(0.,0.,3.5));
#3891=CARTESIAN_POINT('',(0.773669349089186,-0.773669349089184,3.5));
#3892=CARTESIAN_POINT('',(0.,0.977539084851742,3.5));
#3893=CARTESIAN_POINT('',(0.,0.,3.5));
#3894=CARTESIAN_POINT('',(0.,-0.977539084851742,3.5));
#3895=CARTESIAN_POINT('',(-0.773669349089186,0.773669349089184,3.5));
#3896=CARTESIAN_POINT('',(-9.21180652976036,-1.5,0.55171237327157));
#3897=CARTESIAN_POINT('',(-9.61058139801025,2.75545529808154E-17,0.55171237327157));
#3898=CARTESIAN_POINT('',(-9.16058139801025,2.75545529808154E-17,0.55171237327157));
#3899=CARTESIAN_POINT('',(-9.21180652976036,-1.5,0.55171237327157));
#3900=CARTESIAN_POINT('',(-10.213651406765,-1.5,0.552072371661069));
#3901=CARTESIAN_POINT('',(-8.54524374998824,-1.5,0.55171237327157));
#3902=CARTESIAN_POINT('',(-8.54524374998824,-1.5,0.55171237327157));
#3903=CARTESIAN_POINT('',(-8.54524374998825,1.5,0.55171237327157));
#3904=CARTESIAN_POINT('',(-9.21180652976036,1.5,0.55171237327157));
#3905=CARTESIAN_POINT('',(-10.213651406765,1.5,0.552072371661069));
#3906=CARTESIAN_POINT('',(-10.213651406765,-1.5,0.55171237327157));
#3907=CARTESIAN_POINT('',(1.5,-6.47930956280049,3.97407123755378));
#3908=CARTESIAN_POINT('',(1.5,-5.22845682203771,6.21583792926155));
#3909=CARTESIAN_POINT('',(-1.5,-5.22845682203771,6.21583792926155));
#3910=CARTESIAN_POINT('',(1.5,-5.22845682203771,6.21583792926155));
#3911=CARTESIAN_POINT('',(-1.5,-6.47930956280049,3.97407123755378));
#3912=CARTESIAN_POINT('',(-1.5,-7.9066589474678,1.41598889604211));
#3913=CARTESIAN_POINT('',(1.5,-7.90665894746781,1.41598889604211));
#3914=CARTESIAN_POINT('',(1.5,-7.90665894746781,1.41598889604211));
#3915=CARTESIAN_POINT('',(1.5,-6.47930956280049,3.97407123755378));
#3916=CARTESIAN_POINT('',(0.,0.,10.));
#3917=CARTESIAN_POINT('',(0.,2.90853614797496E-16,10.));
#3918=CARTESIAN_POINT('',(4.75,2.90853614797496E-16,10.));
#3919=CARTESIAN_POINT('',(0.,0.,0.));
#3920=CARTESIAN_POINT('',(0.,0.,5.));
#3921=CARTESIAN_POINT('',(0.,2.90853614797496E-16,5.));
#3922=CARTESIAN_POINT('',(4.75,2.90853614797496E-16,5.));
#3923=CARTESIAN_POINT('',(1.5,-8.22568535804749,0.984210633046339));
#3924=CARTESIAN_POINT('',(-1.5,-8.22568535804749,0.984210633046339));
#3925=CARTESIAN_POINT('',(-1.5,-8.54471176862717,0.552432370050569));
#3926=CARTESIAN_POINT('',(1.5,-8.54471176862717,0.552432370050569));
#3927=CARTESIAN_POINT('',(1.5,-8.54471176862717,0.552432370050569));
#3928=CARTESIAN_POINT('',(1.5,-8.22568535804749,0.984210633046339));
#3929=CARTESIAN_POINT('',(1.5,-9.52112674713135,0.552432370050569));
#3930=CARTESIAN_POINT('',(0.,-9.5489926636219,0.552432370050569));
#3931=CARTESIAN_POINT('',(0.45,-9.5489926636219,0.552432370050569));
#3932=CARTESIAN_POINT('',(-1.5,-9.52112674713135,0.552432370050569));
#3933=CARTESIAN_POINT('',(-1.5,-10.4975417256355,0.552432370050569));
#3934=CARTESIAN_POINT('',(1.5,-10.4975417256355,0.552432370050569));
#3935=CARTESIAN_POINT('',(1.5,-10.4975417256355,0.552432370050569));
#3936=CARTESIAN_POINT('',(1.5,-9.52112674713135,0.552432370050569));
#3937=CARTESIAN_POINT('',(1.5,-10.4975417256355,0.276216185025284));
#3938=CARTESIAN_POINT('',(-1.5,-10.4975417256355,0.276216185025284));
#3939=CARTESIAN_POINT('',(-1.5,-10.4975417256355,0.));
#3940=CARTESIAN_POINT('',(1.5,-10.4975417256355,0.));
#3941=CARTESIAN_POINT('',(1.5,-10.4975417256355,0.));
#3942=CARTESIAN_POINT('',(1.5,-10.4975417256355,0.276216185025284));
#3943=CARTESIAN_POINT('',(1.5,-8.9101622080534,0.));
#3944=CARTESIAN_POINT('',(0.,-9.5489926636219,0.));
#3945=CARTESIAN_POINT('',(-0.025,-9.5489926636219,0.));
#3946=CARTESIAN_POINT('',(-1.5,-8.9101622080534,0.));
#3947=CARTESIAN_POINT('',(-1.49999999999999,-7.03865140676499,0.));
#3948=CARTESIAN_POINT('',(1.5,-7.03865140676498,0.));
#3949=CARTESIAN_POINT('',(1.5,-7.03865140676498,0.));
#3950=CARTESIAN_POINT('',(1.5,-8.9101622080534,0.));
#3951=CARTESIAN_POINT('',(1.5,-7.77475095188435,3.26607678953273));
#3952=CARTESIAN_POINT('',(1.5,-7.03865140676498,0.275856186635786));
#3953=CARTESIAN_POINT('',(1.5,-7.03865140676498,0.551712373271571));
#3954=CARTESIAN_POINT('',(1.5,-6.02698669857908,2.53372252484433));
#3955=CARTESIAN_POINT('',(1.5,-5.05191962310665,4.4440321624279));
#3956=CARTESIAN_POINT('',(1.5,-5.02312686294317,4.4440321624279));
#3957=CARTESIAN_POINT('',(1.5,-5.02845682203771,6.53878352565323));
#3958=CARTESIAN_POINT('',(1.5,-5.22845682203771,6.53878352565323));
#3959=CARTESIAN_POINT('',(1.5,-5.22845682203771,5.56675903499126));
#3960=CARTESIAN_POINT('',(-1.5,-7.78627086281776,3.24543091190031));
#3961=CARTESIAN_POINT('',(-1.5,-5.02312686294318,4.4440321624279));
#3962=CARTESIAN_POINT('',(-1.5,-5.05191962310666,4.4440321624279));
#3963=CARTESIAN_POINT('',(-1.5,-6.02698669857908,2.53372252484433));
#3964=CARTESIAN_POINT('',(-1.49999999999999,-7.03865140676499,0.551712373271571));
#3965=CARTESIAN_POINT('',(-1.49999999999999,-7.03865140676499,0.275856186635786));
#3966=CARTESIAN_POINT('',(-1.5,-5.22845682203771,5.56675903499126));
#3967=CARTESIAN_POINT('',(-1.5,-5.22845682203771,6.53878352565323));
#3968=CARTESIAN_POINT('',(-1.5,-5.02845682203771,6.53878352565323));
#3969=CARTESIAN_POINT('',(1.5002,-5.22845682203771,5.56675903499126));
#3970=CARTESIAN_POINT('',(1.5002,-5.22845682203771,6.53878352565323));
#3971=CARTESIAN_POINT('',(1.5002,-5.02845682203771,6.53878352565323));
#3972=CARTESIAN_POINT('',(1.5,6.47930956280049,3.97407123755378));
#3973=CARTESIAN_POINT('',(1.5,5.22845682203771,6.21583792926155));
#3974=CARTESIAN_POINT('',(-1.5,5.22845682203771,6.21583792926155));
#3975=CARTESIAN_POINT('',(1.5,5.22845682203771,6.21583792926155));
#3976=CARTESIAN_POINT('',(1.5,6.47930956280049,3.97407123755378));
#3977=CARTESIAN_POINT('',(1.5,7.9066589474678,1.41598889604211));
#3978=CARTESIAN_POINT('',(1.5,7.9066589474678,1.41598889604211));
#3979=CARTESIAN_POINT('',(-1.5,7.90665894746781,1.41598889604211));
#3980=CARTESIAN_POINT('',(-1.5,6.47930956280049,3.97407123755378));
#3981=CARTESIAN_POINT('',(1.5,8.22568535804749,0.984210633046339));
#3982=CARTESIAN_POINT('',(1.5,8.22568535804749,0.984210633046339));
#3983=CARTESIAN_POINT('',(1.5,8.54471176862717,0.552432370050569));
#3984=CARTESIAN_POINT('',(1.5,8.54471176862717,0.552432370050569));
#3985=CARTESIAN_POINT('',(-1.5,8.54471176862717,0.552432370050569));
#3986=CARTESIAN_POINT('',(-1.5,8.22568535804749,0.984210633046339));
#3987=CARTESIAN_POINT('',(1.5,9.52112674713135,0.552432370050569));
#3988=CARTESIAN_POINT('',(0.,9.5489926636219,0.552432370050569));
#3989=CARTESIAN_POINT('',(0.45,9.5489926636219,0.552432370050569));
#3990=CARTESIAN_POINT('',(-1.5,9.52112674713135,0.552432370050569));
#3991=CARTESIAN_POINT('',(-1.5,10.4975417256355,0.552432370050569));
#3992=CARTESIAN_POINT('',(1.5,9.52112674713135,0.552432370050569));
#3993=CARTESIAN_POINT('',(1.5,10.4975417256355,0.552432370050569));
#3994=CARTESIAN_POINT('',(1.5,10.4975417256355,0.552432370050569));
#3995=CARTESIAN_POINT('',(1.5,10.4975417256355,0.276216185025284));
#3996=CARTESIAN_POINT('',(1.5,10.4975417256355,0.276216185025284));
#3997=CARTESIAN_POINT('',(1.5,10.4975417256355,0.));
#3998=CARTESIAN_POINT('',(1.5,10.4975417256355,0.));
#3999=CARTESIAN_POINT('',(-1.5,10.4975417256355,0.));
#4000=CARTESIAN_POINT('',(-1.5,10.4975417256355,0.276216185025284));
#4001=CARTESIAN_POINT('',(1.5,8.9101622080534,0.));
#4002=CARTESIAN_POINT('',(0.,9.5489926636219,0.));
#4003=CARTESIAN_POINT('',(-0.025,9.5489926636219,0.));
#4004=CARTESIAN_POINT('',(-1.5,8.9101622080534,0.));
#4005=CARTESIAN_POINT('',(-1.5,7.03865140676498,0.));
#4006=CARTESIAN_POINT('',(1.5,8.9101622080534,0.));
#4007=CARTESIAN_POINT('',(1.49999999999999,7.03865140676499,0.));
#4008=CARTESIAN_POINT('',(1.49999999999999,7.03865140676499,0.));
#4009=CARTESIAN_POINT('',(1.5,7.77475095188435,3.26607678953273));
#4010=CARTESIAN_POINT('',(1.5,5.02312686294318,4.4440321624279));
#4011=CARTESIAN_POINT('',(1.5,5.05191962310666,4.4440321624279));
#4012=CARTESIAN_POINT('',(1.5,6.02698669857908,2.53372252484433));
#4013=CARTESIAN_POINT('',(1.49999999999999,7.03865140676499,0.551712373271571));
#4014=CARTESIAN_POINT('',(1.49999999999999,7.03865140676499,0.275856186635786));
#4015=CARTESIAN_POINT('',(1.5,5.22845682203771,5.56675903499126));
#4016=CARTESIAN_POINT('',(1.5,5.22845682203771,6.53878352565323));
#4017=CARTESIAN_POINT('',(1.5,5.02845682203771,6.53878352565323));
#4018=CARTESIAN_POINT('',(-1.5,7.78627086281776,3.24543091190031));
#4019=CARTESIAN_POINT('',(-1.5,5.02312686294317,4.4440321624279));
#4020=CARTESIAN_POINT('',(-1.5,5.05191962310665,4.4440321624279));
#4021=CARTESIAN_POINT('',(-1.5,5.02845682203771,6.53878352565323));
#4022=CARTESIAN_POINT('',(-1.5,5.22845682203771,6.53878352565323));
#4023=CARTESIAN_POINT('',(-1.5,5.22845682203771,5.56675903499126));
#4024=CARTESIAN_POINT('',(-1.5,7.03865140676498,0.275856186635786));
#4025=CARTESIAN_POINT('',(-1.5,7.03865140676498,0.551712373271571));
#4026=CARTESIAN_POINT('',(-1.5,6.02698669857908,2.53372252484433));
#4027=CARTESIAN_POINT('',(1.5002,5.22845682203771,5.56675903499126));
#4028=CARTESIAN_POINT('',(1.5002,5.22845682203771,6.53878352565323));
#4029=CARTESIAN_POINT('',(1.5002,5.02845682203771,6.53878352565323));
#4030=CARTESIAN_POINT('',(-8.62615140676498,-1.5,0.));
#4031=CARTESIAN_POINT('',(-9.61058139801025,2.90853614797496E-17,0.));
#4032=CARTESIAN_POINT('',(-9.63558139801025,2.90853614797496E-17,0.));
#4033=CARTESIAN_POINT('',(-10.4975417256355,-1.5,0.));
#4034=CARTESIAN_POINT('',(-10.4975417256355,-1.5,0.));
#4035=CARTESIAN_POINT('',(-10.4975417256355,1.49999999999998,0.));
#4036=CARTESIAN_POINT('',(-8.62615140676498,1.5,0.));
#4037=CARTESIAN_POINT('',(-7.03865140676498,1.5,0.));
#4038=CARTESIAN_POINT('',(-7.03865140676498,-1.5,0.));
#4039=CARTESIAN_POINT('',(-7.03865140676498,-1.5,0.));
#4040=CARTESIAN_POINT('',(-8.62615140676498,-1.5,0.));
#4041=CARTESIAN_POINT('',(-7.03865140676498,-1.5,0.275856186635786));
#4042=CARTESIAN_POINT('',(-7.03865140676498,1.5,0.275856186635786));
#4043=CARTESIAN_POINT('',(-7.03865140676498,1.5,0.551712373271571));
#4044=CARTESIAN_POINT('',(-7.03865140676498,-1.5,0.551712373271571));
#4045=CARTESIAN_POINT('',(-7.03865140676498,-1.5,0.551712373271571));
#4046=CARTESIAN_POINT('',(-7.03865140676498,-1.5,0.275856186635786));
#4047=CARTESIAN_POINT('',(-6.02698669857908,-1.5,2.53372252484433));
#4048=CARTESIAN_POINT('',(-5.05191962310666,-1.5,4.4440321624279));
#4049=CARTESIAN_POINT('',(-5.05191962310666,-1.5,4.4440321624279));
#4050=CARTESIAN_POINT('',(-6.02698669857908,-1.5,2.53372252484433));
#4051=CARTESIAN_POINT('',(-6.02698669857908,1.5,2.53372252484433));
#4052=CARTESIAN_POINT('',(-5.05191962310666,1.5,4.4440321624279));
#4053=CARTESIAN_POINT('',(-5.05191962310666,-1.5,4.4440321624279));
#4054=CARTESIAN_POINT('',(-7.61448669857908,-1.5,3.21486633820854));
#4055=CARTESIAN_POINT('',(-5.0284568220377,-1.5,6.53878352565323));
#4056=CARTESIAN_POINT('',(-5.2284568220377,-1.5,6.53878352565323));
#4057=CARTESIAN_POINT('',(-5.2284568220377,-1.5,5.56675903499126));
#4058=CARTESIAN_POINT('',(-5.2284568220377,-1.5,6.21583792926155));
#4059=CARTESIAN_POINT('',(-6.47930956280049,-1.5,3.97407123755378));
#4060=CARTESIAN_POINT('',(-7.9066589474678,-1.5,1.41598889604211));
#4061=CARTESIAN_POINT('',(-8.22568535804748,-1.5,0.984210633046339));
#4062=CARTESIAN_POINT('',(-9.52112674713134,-1.5,0.552432370050569));
#4063=CARTESIAN_POINT('',(-10.4975417256355,-1.5,0.552432370050569));
#4064=CARTESIAN_POINT('',(-10.4975417256355,-1.5,0.276216185025284));
#4065=CARTESIAN_POINT('',(-5.02312686294317,-1.5,4.4440321624279));
#4066=CARTESIAN_POINT('',(-7.61448669857908,1.5,3.21486633820854));
#4067=CARTESIAN_POINT('',(-10.4975417256355,1.49999999999998,0.276216185025284));
#4068=CARTESIAN_POINT('',(-10.4975417256355,1.49999999999998,0.552432370050569));
#4069=CARTESIAN_POINT('',(-9.52112674713135,1.49999999999998,0.552432370050569));
#4070=CARTESIAN_POINT('',(-8.22568535804749,1.49999999999998,0.984210633046339));
#4071=CARTESIAN_POINT('',(-7.90665894746781,1.49999999999999,1.41598889604211));
#4072=CARTESIAN_POINT('',(-6.47930956280049,1.5,3.97407123755378));
#4073=CARTESIAN_POINT('',(-5.22845682203771,1.5,6.21583792926155));
#4074=CARTESIAN_POINT('',(-5.22845682203771,1.5,5.56675903499126));
#4075=CARTESIAN_POINT('',(-5.22845682203771,1.5,6.53878352565323));
#4076=CARTESIAN_POINT('',(-5.02845682203771,1.5,6.53878352565323));
#4077=CARTESIAN_POINT('',(-5.02312686294317,1.5,4.4440321624279));
#4078=CARTESIAN_POINT('',(-5.02312686294317,1.5002,4.4440321624279));
#4079=CARTESIAN_POINT('',(-5.02312686294317,1.5002,4.4440321624279));
#4080=CARTESIAN_POINT('',(9.21180652976036,-1.5,0.55171237327157));
#4081=CARTESIAN_POINT('',(9.61058139801025,2.75545529808154E-17,0.55171237327157));
#4082=CARTESIAN_POINT('',(10.0605813980102,2.75545529808154E-17,0.55171237327157));
#4083=CARTESIAN_POINT('',(8.54524374998825,-1.49999999999998,0.55171237327157));
#4084=CARTESIAN_POINT('',(8.54524374998825,-1.5,0.55171237327157));
#4085=CARTESIAN_POINT('',(8.54524374998824,1.5,0.55171237327157));
#4086=CARTESIAN_POINT('',(9.21180652976036,-1.5,0.55171237327157));
#4087=CARTESIAN_POINT('',(10.213651406765,-1.5,0.552072371661069));
#4088=CARTESIAN_POINT('',(10.213651406765,-1.5,0.55171237327157));
#4089=CARTESIAN_POINT('',(10.213651406765,1.5,0.552072371661069));
#4090=CARTESIAN_POINT('',(9.21180652976036,1.5,0.55171237327157));
#4091=CARTESIAN_POINT('',(8.62615140676498,-1.5,0.));
#4092=CARTESIAN_POINT('',(9.61058139801025,2.90853614797496E-17,0.));
#4093=CARTESIAN_POINT('',(9.58558139801025,2.90853614797496E-17,0.));
#4094=CARTESIAN_POINT('',(8.62615140676498,1.5,0.));
#4095=CARTESIAN_POINT('',(7.03865140676498,1.5,0.));
#4096=CARTESIAN_POINT('',(10.4975417256355,1.5,0.));
#4097=CARTESIAN_POINT('',(10.4975417256355,-1.49999999999998,0.));
#4098=CARTESIAN_POINT('',(10.4975417256355,-1.49999999999998,0.));
#4099=CARTESIAN_POINT('',(8.62615140676498,-1.5,0.));
#4100=CARTESIAN_POINT('',(7.03865140676498,-1.5,0.));
#4101=CARTESIAN_POINT('',(7.03865140676498,-1.5,0.));
#4102=CARTESIAN_POINT('',(7.03865140676498,-1.5,0.275856186635786));
#4103=CARTESIAN_POINT('',(7.03865140676498,-1.5,0.275856186635786));
#4104=CARTESIAN_POINT('',(7.03865140676498,-1.5,0.551712373271571));
#4105=CARTESIAN_POINT('',(7.03865140676498,-1.5,0.551712373271571));
#4106=CARTESIAN_POINT('',(7.03865140676498,1.5,0.551712373271571));
#4107=CARTESIAN_POINT('',(7.03865140676498,1.5,0.275856186635786));
#4108=CARTESIAN_POINT('',(6.02698669857908,-1.5,2.53372252484433));
#4109=CARTESIAN_POINT('',(5.05191962310666,-1.5,4.4440321624279));
#4110=CARTESIAN_POINT('',(5.05191962310666,-1.5,4.4440321624279));
#4111=CARTESIAN_POINT('',(5.05191962310666,-1.5,4.4440321624279));
#4112=CARTESIAN_POINT('',(5.05191962310666,1.5,4.4440321624279));
#4113=CARTESIAN_POINT('',(6.02698669857908,1.5,2.53372252484433));
#4114=CARTESIAN_POINT('',(6.02698669857908,-1.5,2.53372252484433));
#4115=CARTESIAN_POINT('',(7.61448669857908,-1.5,3.21486633820854));
#4116=CARTESIAN_POINT('',(5.02845682203771,-1.5,6.53878352565323));
#4117=CARTESIAN_POINT('',(5.22845682203771,-1.5,6.53878352565323));
#4118=CARTESIAN_POINT('',(5.02312686294317,-1.5,4.4440321624279));
#4119=CARTESIAN_POINT('',(10.4975417256355,-1.49999999999998,0.276216185025284));
#4120=CARTESIAN_POINT('',(10.4975417256355,-1.49999999999998,0.552432370050569));
#4121=CARTESIAN_POINT('',(9.52112674713135,-1.49999999999998,0.552432370050569));
#4122=CARTESIAN_POINT('',(8.22568535804749,-1.49999999999998,0.984210633046339));
#4123=CARTESIAN_POINT('',(7.90665894746781,-1.49999999999999,1.41598889604211));
#4124=CARTESIAN_POINT('',(6.47930956280049,-1.5,3.97407123755378));
#4125=CARTESIAN_POINT('',(5.22845682203771,-1.5,6.21583792926155));
#4126=CARTESIAN_POINT('',(5.22845682203771,-1.5,5.56675903499126));
#4127=CARTESIAN_POINT('',(7.61448669857908,1.5,3.21486633820854));
#4128=CARTESIAN_POINT('',(5.02312686294317,1.5,4.4440321624279));
#4129=CARTESIAN_POINT('',(5.0284568220377,1.5,6.53878352565323));
#4130=CARTESIAN_POINT('',(5.2284568220377,1.5,6.53878352565323));
#4131=CARTESIAN_POINT('',(5.2284568220377,1.5,5.56675903499126));
#4132=CARTESIAN_POINT('',(5.2284568220377,1.5,6.21583792926155));
#4133=CARTESIAN_POINT('',(6.47930956280049,1.5,3.97407123755378));
#4134=CARTESIAN_POINT('',(7.9066589474678,1.5,1.41598889604211));
#4135=CARTESIAN_POINT('',(8.22568535804748,1.5,0.984210633046339));
#4136=CARTESIAN_POINT('',(9.52112674713134,1.5,0.552432370050569));
#4137=CARTESIAN_POINT('',(10.4975417256355,1.5,0.552432370050569));
#4138=CARTESIAN_POINT('',(10.4975417256355,1.5,0.276216185025284));
#4139=CARTESIAN_POINT('',(5.02312686294317,1.5002,4.4440321624279));
#4140=CARTESIAN_POINT('',(5.02312686294317,1.5002,4.4440321624279));
#4141=CARTESIAN_POINT('',(-5.99806116936223,5.85304848332431,0.354491686448455));
#4142=CARTESIAN_POINT('',(5.31564732962254,-5.46066001566044,0.354491686448455));
#4143=CARTESIAN_POINT('',(4.7259318521262,-6.05037549315678,0.354491686448455));
#4144=CARTESIAN_POINT('',(6.05037549315679,-4.72593185212619,0.354491686448455));
#4145=CARTESIAN_POINT('',(6.05037549315679,-4.72593185212619,2.06347599159926));
#4146=CARTESIAN_POINT('',(6.05037549315679,-4.72593185212619,0.60058580711484));
#4147=CARTESIAN_POINT('',(4.7259318521262,-6.05037549315678,2.06347599159926));
#4148=CARTESIAN_POINT('',(6.40884599135019,-7.73328963238077,0.60058580711484));
#4149=CARTESIAN_POINT('',(6.47930956280049,-1.5,3.97407123755378));
#4150=CARTESIAN_POINT('',(5.22845682203771,-1.5,6.21583792926155));
#4151=CARTESIAN_POINT('',(7.90665894746781,-1.49999999999999,1.41598889604211));
#4152=CARTESIAN_POINT('',(5.22845682203771,-1.5002,5.56675903499126));
#4153=CARTESIAN_POINT('',(5.22845682203771,-1.5002,6.53878352565323));
#4154=CARTESIAN_POINT('',(5.02845682203771,-1.5002,6.53878352565323));
#4155=CARTESIAN_POINT('',(8.22568535804749,-1.49999999999998,0.984210633046339));
#4156=CARTESIAN_POINT('',(-5.2284568220377,-1.5002,5.56675903499126));
#4157=CARTESIAN_POINT('',(-5.2284568220377,-1.5002,6.53878352565323));
#4158=CARTESIAN_POINT('',(-5.2284568220377,-1.5,6.21583792926155));
#4159=CARTESIAN_POINT('',(-6.47930956280049,-1.5,3.97407123755378));
#4160=CARTESIAN_POINT('',(-7.9066589474678,-1.5,1.41598889604211));
#4161=CARTESIAN_POINT('',(-5.0284568220377,-1.5002,6.53878352565323));
#4162=CARTESIAN_POINT('',(-8.22568535804748,-1.5,0.984210633046339));
#4163=CARTESIAN_POINT('',(1.49999999999999,7.03865140676499,0.275856186635786));
#4164=CARTESIAN_POINT('',(1.49999999999999,7.03865140676499,0.551712373271571));
#4165=CARTESIAN_POINT('',(-1.5002,5.02312686294317,4.4440321624279));
#4166=CARTESIAN_POINT('',(1.5,5.05191962310666,4.4440321624279));
#4167=CARTESIAN_POINT('',(-1.5002,5.02312686294317,4.4440321624279));
#4168=CARTESIAN_POINT('',(1.5,5.05191962310666,4.4440321624279));
#4169=CARTESIAN_POINT('',(1.5,6.02698669857908,2.53372252484433));
#4170=CARTESIAN_POINT('',(1.5,-7.03865140676498,0.275856186635786));
#4171=CARTESIAN_POINT('',(1.5,-7.03865140676498,0.551712373271571));
#4172=CARTESIAN_POINT('',(-1.5002,-5.02312686294317,4.4440321624279));
#4173=CARTESIAN_POINT('',(1.5,-5.05191962310665,4.4440321624279));
#4174=CARTESIAN_POINT('',(-1.5002,-5.02312686294317,4.4440321624279));
#4175=CARTESIAN_POINT('',(1.5,-5.05191962310665,4.4440321624279));
#4176=CARTESIAN_POINT('',(1.5,-6.02698669857908,2.53372252484433));
#4177=CARTESIAN_POINT('',(10.4975417256355,-1.49999999999998,0.276216185025284));
#4178=CARTESIAN_POINT('',(10.4975417256355,-1.49999999999998,0.552432370050569));
#4179=CARTESIAN_POINT('',(9.52112674713135,-1.49999999999998,0.552432370050569));
#4180=CARTESIAN_POINT('',(-9.52112674713134,-1.5,0.552432370050569));
#4181=CARTESIAN_POINT('',(-10.4975417256355,-1.5,0.552432370050569));
#4182=CARTESIAN_POINT('',(-10.4975417256355,-1.5,0.276216185025284));
#4183=CARTESIAN_POINT('',(-4.40510455163425,-4.24988245008909,3.96386720240116));
#4184=CARTESIAN_POINT('',(-5.10116284995085,-3.55382415177249,3.96386720240116));
#4185=CARTESIAN_POINT('',(-6.29739846277628,-7.84473716095467,3.96386720240116));
#4186=CARTESIAN_POINT('',(-5.10116284995085,-3.55382415177249,2.282226504758));
#4187=CARTESIAN_POINT('',(6.99345676109289,7.14867886263807,3.96386720240116));
#4188=CARTESIAN_POINT('',(5.10116284995085,3.55382415177249,3.96386720240116));
#4189=CARTESIAN_POINT('',(6.29739846277628,7.84473716095467,3.96386720240116));
#4190=CARTESIAN_POINT('',(6.99345676109289,7.14867886263807,0.60058580711484));
#4191=CARTESIAN_POINT('',(6.40884599135019,7.73328963238077,0.60058580711484));
#4192=CARTESIAN_POINT('',(6.29739846277628,7.84473716095467,0.60058580711484));
#4193=CARTESIAN_POINT('',(6.29739846277628,7.84473716095467,2.282226504758));
#4194=CARTESIAN_POINT('',(0.00683590769767761,5.16,3.93652319908142));
#4195=CARTESIAN_POINT('',(1.25097651034594,5.16,3.93652319908142));
#4196=CARTESIAN_POINT('',(-1.25097651034594,5.16,3.93652319908142));
#4197=CARTESIAN_POINT('',(0.00683590769767761,5.16,0.436523277312517));
#4198=CARTESIAN_POINT('',(-1.25097651034594,5.16,0.436523277312517));
#4199=CARTESIAN_POINT('',(1.25097651034594,5.16,0.436523277312517));
#4200=CARTESIAN_POINT('',(1.25097651034594,5.16,2.18652323819697));
#4201=CARTESIAN_POINT('',(0.00683590769767761,-5.2,3.93652319908142));
#4202=CARTESIAN_POINT('',(-1.25097651034594,-5.2,3.93652319908142));
#4203=CARTESIAN_POINT('',(1.25097651034594,-5.2,3.93652319908142));
#4204=CARTESIAN_POINT('',(0.00683590769767761,-5.2,0.436523277312517));
#4205=CARTESIAN_POINT('',(-1.25097651034594,-5.2,0.436523277312517));
#4206=CARTESIAN_POINT('',(1.25097651034594,-5.2,0.436523277312517));
#4207=CARTESIAN_POINT('',(1.25097651034594,-5.2,2.18652323819697));
#4208=CARTESIAN_POINT('',(-5.15,0.0751953106373549,3.82714830338955));
#4209=CARTESIAN_POINT('',(-5.15,0.977539084851742,3.82714830338955));
#4210=CARTESIAN_POINT('',(-5.15,-0.977539084851742,3.82714830338955));
#4211=CARTESIAN_POINT('',(-5.15,0.0751953106373549,0.655273301526904));
#4212=CARTESIAN_POINT('',(-5.15,-0.977539084851742,0.655273301526904));
#4213=CARTESIAN_POINT('',(-5.15,0.977539084851742,0.655273301526904));
#4214=CARTESIAN_POINT('',(-5.15,0.977539084851742,2.24121080245822));
#4215=CARTESIAN_POINT('',(5.15,0.0751953106373549,3.82714830338955));
#4216=CARTESIAN_POINT('',(5.15,-0.977539084851742,3.82714830338955));
#4217=CARTESIAN_POINT('',(5.15,0.977539084851742,3.82714830338955));
#4218=CARTESIAN_POINT('',(5.15,0.0751953106373549,0.655273301526904));
#4219=CARTESIAN_POINT('',(5.15,-0.977539084851742,0.655273301526904));
#4220=CARTESIAN_POINT('',(5.15,0.977539084851742,0.655273301526904));
#4221=CARTESIAN_POINT('',(5.15,0.977539084851742,2.24121080245822));
#4222=CARTESIAN_POINT('',(-9.61058139801025,2.75545529808154E-17,0.25171237327157));
#4223=CARTESIAN_POINT('',(-9.61058139801025,2.75545529808154E-17,0.25171237327157));
#4224=CARTESIAN_POINT('',(-9.16058139801025,2.75545529808154E-17,0.25171237327157));
#4225=CARTESIAN_POINT('',(-9.38284632435036,-9.0205620750794E-15,0.25171237327157));
#4226=CARTESIAN_POINT('',(-9.61058139801025,2.90853614797496E-17,0.25171237327157));
#4227=CARTESIAN_POINT('',(-9.58558139801025,2.90853614797496E-17,0.25171237327157));
#4228=CARTESIAN_POINT('',(6.58777664685857,5.26333300582797,2.06347599159926));
#4229=CARTESIAN_POINT('',(6.05037549315679,4.72593185212619,0.60058580711484));
#4230=CARTESIAN_POINT('',(6.58777664685857,5.26333300582797,0.354491686448455));
#4231=CARTESIAN_POINT('',(5.26333300582798,6.58777664685856,2.06347599159926));
#4232=CARTESIAN_POINT('',(5.26333300582798,6.58777664685856,0.354491686448455));
#4233=CARTESIAN_POINT('',(5.99806116936223,5.85304848332431,0.354491686448455));
#4234=CARTESIAN_POINT('',(-6.05037549315679,-4.72593185212619,2.06347599159926));
#4235=CARTESIAN_POINT('',(-6.05037549315679,-4.72593185212619,0.354491686448455));
#4236=CARTESIAN_POINT('',(-5.31564732962254,-5.46066001566044,0.354491686448455));
#4237=CARTESIAN_POINT('',(4.40510455163425,-4.24988245008909,0.60058580711484));
#4238=CARTESIAN_POINT('',(5.10116284995085,-3.55382415177249,0.60058580711484));
#4239=CARTESIAN_POINT('',(5.10116284995085,-3.55382415177249,2.282226504758));
#4240=CARTESIAN_POINT('',(5.10116284995085,-3.55382415177249,3.96386720240116));
#4241=CARTESIAN_POINT('',(4.40510455163425,-4.24988245008909,3.96386720240116));
#4242=CARTESIAN_POINT('',(6.29739846277628,-7.84473716095467,3.96386720240116));
#4243=CARTESIAN_POINT('',(-6.99345676109289,7.14867886263807,0.60058580711484));
#4244=CARTESIAN_POINT('',(-6.29739846277628,7.84473716095467,0.60058580711484));
#4245=CARTESIAN_POINT('',(-6.29739846277628,7.84473716095467,2.282226504758));
#4246=CARTESIAN_POINT('',(-6.29739846277628,7.84473716095467,3.96386720240116));
#4247=CARTESIAN_POINT('',(-6.99345676109289,7.14867886263807,3.96386720240116));
#4248=CARTESIAN_POINT('',(-5.10116284995085,3.55382415177249,3.96386720240116));
#4249=CARTESIAN_POINT('',(9.38284632435036,-9.0205620750794E-15,0.25171237327157));
#4250=CARTESIAN_POINT('',(9.61058139801025,2.90853614797496E-17,0.25171237327157));
#4251=CARTESIAN_POINT('',(9.63558139801025,2.90853614797496E-17,0.25171237327157));
#4252=CARTESIAN_POINT('',(9.61058139801025,2.75545529808154E-17,0.25171237327157));
#4253=CARTESIAN_POINT('',(9.16058139801025,2.75545529808154E-17,0.25171237327157));
#4254=CARTESIAN_POINT('',(9.61058139801025,2.75545529808154E-17,0.25171237327157));
#4255=CARTESIAN_POINT('',(-1.25097651034594,5.16,2.18652323819697));
#4256=CARTESIAN_POINT('',(-1.25097651034594,-5.2,2.18652323819697));
#4257=CARTESIAN_POINT('',(0.,-9.5489926636219,0.252432370050569));
#4258=CARTESIAN_POINT('',(0.,-9.5489926636219,0.252432370050569));
#4259=CARTESIAN_POINT('',(0.45,-9.5489926636219,0.252432370050569));
#4260=CARTESIAN_POINT('',(3.46944695195362E-16,-9.52112674713135,0.252432370050569));
#4261=CARTESIAN_POINT('',(0.,-9.5489926636219,0.252432370050569));
#4262=CARTESIAN_POINT('',(0.025,-9.5489926636219,0.252432370050569));
#4263=CARTESIAN_POINT('',(3.46944695195362E-16,9.52112674713135,0.252432370050569));
#4264=CARTESIAN_POINT('',(0.,9.5489926636219,0.252432370050569));
#4265=CARTESIAN_POINT('',(0.025,9.5489926636219,0.252432370050569));
#4266=CARTESIAN_POINT('',(0.,9.5489926636219,0.252432370050569));
#4267=CARTESIAN_POINT('',(0.45,9.5489926636219,0.252432370050569));
#4268=CARTESIAN_POINT('',(0.,9.5489926636219,0.252432370050569));
#4269=CARTESIAN_POINT('',(6.29739846277628,-7.84473716095467,2.282226504758));
#4270=CARTESIAN_POINT('',(6.29739846277628,-7.84473716095467,0.60058580711484));
#4271=CARTESIAN_POINT('',(6.99345676109289,-7.14867886263807,0.60058580711484));
#4272=CARTESIAN_POINT('',(-5.15,-0.977539084851742,2.24121080245822));
#4273=CARTESIAN_POINT('',(5.10116284995085,3.55382415177249,2.282226504758));
#4274=CARTESIAN_POINT('',(5.10116284995085,3.55382415177249,0.60058580711484));
#4275=CARTESIAN_POINT('',(4.40510455163425,4.24988245008909,0.60058580711484));
#4276=CARTESIAN_POINT('',(-5.10116284995085,3.55382415177249,2.282226504758));
#4277=CARTESIAN_POINT('',(-5.10116284995085,3.55382415177249,0.60058580711484));
#4278=CARTESIAN_POINT('',(-4.40510455163425,4.24988245008909,0.60058580711484));
#4279=CARTESIAN_POINT('',(5.15,-0.977539084851742,2.24121080245822));
#4280=CARTESIAN_POINT('',(-6.99345676109289,-7.14867886263807,0.60058580711484));
#4281=CARTESIAN_POINT('',(-6.29739846277628,-7.84473716095467,0.60058580711484));
#4282=CARTESIAN_POINT('',(-6.29739846277628,-7.84473716095467,2.282226504758));
#4283=CARTESIAN_POINT('',(0.,-9.5489926636219,-2.24756762994943));
#4284=CARTESIAN_POINT('',(0.,9.5489926636219,-2.24756762994943));
#4285=CARTESIAN_POINT('',(9.61058139801025,2.90853614797496E-17,-2.24828762672843));
#4286=CARTESIAN_POINT('',(-9.61058139801025,2.90853614797496E-17,-2.24828762672843));
#4287=CARTESIAN_POINT('',(0.,2.90853614797496E-16,4.9998));
#4288=MECHANICAL_DESIGN_GEOMETRIC_PRESENTATION_REPRESENTATION('',(#2575),
#4289);
#4289=(
GEOMETRIC_REPRESENTATION_CONTEXT(3)
GLOBAL_UNCERTAINTY_ASSIGNED_CONTEXT((#4290))
GLOBAL_UNIT_ASSIGNED_CONTEXT((#4293,#4292,#4291))
REPRESENTATION_CONTEXT('luanchpad','TOP_LEVEL_ASSEMBLY_PART')
);
#4290=UNCERTAINTY_MEASURE_WITH_UNIT(LENGTH_MEASURE(0.00271999677899891),
#4293,'DISTANCE_ACCURACY_VALUE','Maximum Tolerance applied to model');
#4291=(
NAMED_UNIT(*)
SI_UNIT($,.STERADIAN.)
SOLID_ANGLE_UNIT()
);
#4292=(
NAMED_UNIT(*)
PLANE_ANGLE_UNIT()
SI_UNIT($,.RADIAN.)
);
#4293=(
LENGTH_UNIT()
NAMED_UNIT(*)
SI_UNIT(.CENTI.,.METRE.)
);
#4294=PRODUCT_DEFINITION_SHAPE('','',#4295);
#4295=PRODUCT_DEFINITION('','',#4297,#4296);
#4296=PRODUCT_DEFINITION_CONTEXT('',#4303,'design');
#4297=PRODUCT_DEFINITION_FORMATION_WITH_SPECIFIED_SOURCE('','',#4299,
 .NOT_KNOWN.);
#4298=PRODUCT_RELATED_PRODUCT_CATEGORY('','',(#4299));
#4299=PRODUCT('luanchpad','luanchpad','luanchpad',(#4301));
#4300=PRODUCT_CATEGORY('','');
#4301=PRODUCT_CONTEXT('',#4303,'mechanical');
#4302=APPLICATION_PROTOCOL_DEFINITION('international standard',
'ap242_managed_model_based_3d_engineering',2020,#4303);
#4303=APPLICATION_CONTEXT('managed model based 3d engineering');
ENDSEC;
END-ISO-10303-21;
